split,variant,refresh_min,dist_h,subset,target,n,mae,wape,bias
evaluacion,daily,0,0,all,llegadas,10155,0.6285849882378687,0.6155526090217508,0.015612494637216694
evaluacion,daily,0,1,all,llegadas,10155,1.2646566091085256,0.4211513040433225,-0.024716384346719394
evaluacion,daily,0,2,all,llegadas,10155,1.814301081770568,0.34663933858968066,-0.03503770504547931
evaluacion,daily,0,3,all,llegadas,10155,2.1494173353949453,0.35688902944629936,0.057303319022980144
evaluacion,daily,0,4,all,llegadas,10155,1.8991469647366412,0.43837426528391576,0.0756007612992764
evaluacion,daily,0,5,all,llegadas,10155,1.7695634766384203,0.4594594130874475,0.06890643850723147
evaluacion,daily,0,6,all,llegadas,10155,1.802473805143089,0.45019729183009666,0.03218322147071273
evaluacion,daily,0,7,all,llegadas,10155,1.8911181079236743,0.42301161668681936,0.03448982294896932
evaluacion,daily,0,8,all,llegadas,10155,2.095459932450525,0.3777496913660989,-0.08939133489393927
evaluacion,daily,0,9,all,llegadas,10155,2.1842479434265956,0.3562646621506116,-0.15426018065021407
evaluacion,daily,0,10,all,llegadas,10155,2.178472722508717,0.3658710079728111,-0.3043288818632829
evaluacion,daily,0,11,all,llegadas,10155,2.2236523793481733,0.38738059960681914,-0.2862341168035796
evaluacion,daily,0,12,all,llegadas,10155,2.411784215997075,0.3737246118572084,-0.15161732906038278
evaluacion,daily,0,13,all,llegadas,10155,2.711187500179959,0.42326485563250393,-0.12368613968862745
evaluacion,daily,0,14,all,llegadas,10155,2.3928127474438594,0.4669474893403358,-0.2586640407024455
evaluacion,daily,0,15,all,llegadas,10155,2.129952217240952,0.549590018449077,-0.3292908312961956
evaluacion,daily,0,16,all,llegadas,10155,1.7908019844457688,0.6241837704495206,-0.22518190272990862
evaluacion,daily,0,17,all,llegadas,10155,1.3934185619966544,0.710171417670064,-0.1977248553848103
evaluacion,daily,0,18,all,llegadas,10155,0.8999420387502483,0.8604567746453979,-0.10477035770124478
evaluacion,daily,0,0,all,neto,10155,0.9688499457243142,0.7285206367145806,0.001726470698327965
evaluacion,daily,0,1,all,neto,10155,1.7573137566548902,0.6328872290963723,0.013543568835102701
evaluacion,daily,0,2,all,neto,10155,2.4632007682097083,0.6240190545383457,-0.02753021154560452
evaluacion,daily,0,3,all,neto,10155,2.6349500721276358,0.7258156019762422,-0.024434093192936386
evaluacion,daily,0,4,all,neto,10155,2.1465704820890235,0.877482619982853,-0.031440897089268394
evaluacion,daily,0,5,all,neto,10155,1.9597113886801363,0.9676116668472204,0.012930699882810598
evaluacion,daily,0,6,all,neto,10155,2.0153161090811715,1.0101947325988103,0.009487793009522
evaluacion,daily,0,7,all,neto,10155,2.1165544441277158,1.0260949243384234,0.04742636790564959
evaluacion,daily,0,8,all,neto,10155,2.359114212167543,0.9642505463699498,0.05095451783899269
evaluacion,daily,0,9,all,neto,10155,2.4794609718946963,0.936646312387123,-0.007642635638826261
evaluacion,daily,0,10,all,neto,10155,2.4844954808653013,0.9319955527386183,0.041772425072199616
evaluacion,daily,0,11,all,neto,10155,2.585341634489967,0.8687384367904971,-0.04871703507908126
evaluacion,daily,0,12,all,neto,10155,2.823422837826554,0.8354271246540982,0.01782011857149849
evaluacion,daily,0,13,all,neto,10155,2.7214902634890197,0.8927458612181735,0.10717821140739593
evaluacion,daily,0,14,all,neto,10155,2.252792088131045,0.9194977353284067,0.06114340298473083
evaluacion,daily,0,15,all,neto,10155,1.9598024624173265,0.9476142274949029,-0.048822735897679534
evaluacion,daily,0,16,all,neto,10155,1.7336262204830968,0.9643919073681648,-0.023321470424790026
evaluacion,daily,0,17,all,neto,10155,1.4552871860432304,1.0039020021920388,-0.09696287946190768
evaluacion,daily,0,18,all,neto,10155,1.017849056006173,1.0737852860734145,-0.03505942971658589
evaluacion,daily,0,0,all,salidas,10155,0.7700775408075414,0.5885555375103924,0.01388602393888874
evaluacion,daily,0,1,all,salidas,10155,1.4723977471991156,0.41362690870582913,-0.03825995318182211
evaluacion,daily,0,2,all,salidas,10155,2.2416018381749545,0.3929342447467145,-0.007507493499874753
evaluacion,daily,0,3,all,salidas,10155,2.3845895779165622,0.42144709463856533,0.08173741221591646
evaluacion,daily,0,4,all,salidas,10155,1.964436195116052,0.46720805567950513,0.10704165838854478
evaluacion,daily,0,5,all,salidas,10155,1.8229823985534164,0.46597830893349634,0.05597573862442089
evaluacion,daily,0,6,all,salidas,10155,1.893844374188384,0.46185225186434137,0.02269542846119071
evaluacion,daily,0,7,all,salidas,10155,1.9982525964509175,0.4266126038968815,-0.01293654495668024
evaluacion,daily,0,8,all,salidas,10155,2.1711523289596055,0.37382885265238125,-0.140345852732932
evaluacion,daily,0,9,all,salidas,10155,2.293569468558973,0.37233746767938697,-0.14661754501138782
evaluacion,daily,0,10,all,salidas,10155,2.283683922591642,0.38969602140679094,-0.3461013069354825
evaluacion,daily,0,11,all,salidas,10155,2.429217969427096,0.4089843407253703,-0.23751708172449837
evaluacion,daily,0,12,all,salidas,10155,2.7915171997777146,0.4148183611423028,-0.16943744763188126
evaluacion,daily,0,13,all,salidas,10155,2.8101428443914647,0.46011093780908907,-0.2308643510960233
evaluacion,daily,0,14,all,salidas,10155,2.370920829482207,0.4983173487745635,-0.3198074436871763
evaluacion,daily,0,15,all,salidas,10155,2.0526944926735022,0.581453628259398,-0.280468095398516
evaluacion,daily,0,16,all,salidas,10155,1.65274600418657,0.6362257646897126,-0.20186043230511863
evaluacion,daily,0,17,all,salidas,10155,1.2448896922266277,0.7449531422841134,-0.10076197592290263
evaluacion,daily,0,18,all,salidas,10155,0.8127698307807926,0.937598276903209,-0.06971092798465885
evaluacion,daily,0,0,censurado,llegadas,1017,0.8010160603080957,0.7419247115968427,0.3097017371353654
evaluacion,daily,0,1,censurado,llegadas,1294,1.4081925576434646,0.6234010159393237,0.6742145484783572
evaluacion,daily,0,2,censurado,llegadas,2561,1.7514740906672515,0.4112142598275423,0.5065033075986857
evaluacion,daily,0,3,censurado,llegadas,3515,1.8428774758137638,0.41133568246668656,0.4621504329814579
evaluacion,daily,0,4,censurado,llegadas,3272,1.6000469158838417,0.5264836593696631,0.4745891062211356
evaluacion,daily,0,5,censurado,llegadas,2551,1.547374954438232,0.5558087170898239,0.5027488360257758
evaluacion,daily,0,6,censurado,llegadas,2050,1.7039276850663243,0.5563956282870285,0.5484811011268008
evaluacion,daily,0,7,censurado,llegadas,1765,1.8289675794774947,0.5300702426564496,0.6980178254891242
evaluacion,daily,0,8,censurado,llegadas,2121,2.016420727285761,0.4521916221794353,0.6362753693915759
evaluacion,daily,0,9,censurado,llegadas,2392,2.0430679017778557,0.4235585388327814,0.5989116988401886
evaluacion,daily,0,10,censurado,llegadas,2551,2.0159608317802213,0.43299790198462107,0.3858191146230924
evaluacion,daily,0,11,censurado,llegadas,2748,1.969916611336687,0.449276358864073,0.45516819249725476
evaluacion,daily,0,12,censurado,llegadas,2938,2.125670683402402,0.44195177042221057,0.4386028606801779
evaluacion,daily,0,13,censurado,llegadas,1750,2.0058954887218046,0.5477168209179525,0.6000020885547201
evaluacion,daily,0,14,censurado,llegadas,2588,1.9663277768739211,0.5430430355938222,0.09269113180943085
evaluacion,daily,0,15,censurado,llegadas,2073,1.6351965397494381,0.6653115656330884,0.18509540654982043
evaluacion,daily,0,16,censurado,llegadas,1914,1.475130234590307,0.7276802239705793,0.24235312899105999
evaluacion,daily,0,17,censurado,llegadas,1977,1.1499555561471544,0.8398456352061042,0.08545946513560919
evaluacion,daily,0,18,censurado,llegadas,1864,0.6761601787014031,1.0969212994772979,0.1348731270235675
evaluacion,daily,0,0,censurado,neto,1017,1.0556561840523957,0.8976608187134502,0.048155048387931505
evaluacion,daily,0,1,censurado,neto,1294,1.8291212478646384,0.8581881416739818,-0.17337226696313174
evaluacion,daily,0,2,censurado,neto,2561,2.6964967083855673,0.7655169127785654,-0.4591726778876124
evaluacion,daily,0,3,censurado,neto,3515,2.447508880071207,0.9286478533517155,-0.3068282548476454
evaluacion,daily,0,4,censurado,neto,3272,1.7894077785641773,1.0170127238947348,-0.18358118324539954
evaluacion,daily,0,5,censurado,neto,2551,1.5978106280990598,1.0930584371897831,-0.17739356885615318
evaluacion,daily,0,6,censurado,neto,2050,1.741723434602767,1.099640603922289,-0.02802852660105548
evaluacion,daily,0,7,censurado,neto,1765,1.7123242714908142,1.0954158532733915,-0.02210277819193875
evaluacion,daily,0,8,censurado,neto,2121,1.9581280621796515,1.0204397100449731,0.0501227629028567
evaluacion,daily,0,9,censurado,neto,2392,2.0783707020477618,1.0422353709220642,-0.04952919331494848
evaluacion,daily,0,10,censurado,neto,2551,2.099764110393585,1.0854099788478289,-0.07062165737091981
evaluacion,daily,0,11,censurado,neto,2748,2.3849594495092656,0.9347979699403027,-0.24748881695991554
evaluacion,daily,0,12,censurado,neto,2938,2.8540903327640637,0.9234931054692532,-0.1954002105900104
evaluacion,daily,0,13,censurado,neto,1750,1.8466807852965748,1.274326251683362,-0.5230436925647451
evaluacion,daily,0,14,censurado,neto,2588,1.8567740109547437,1.102393012239247,-0.10419643744859315
evaluacion,daily,0,15,censurado,neto,2073,1.5497987209541784,1.177256412069627,0.04006750676337088
evaluacion,daily,0,16,censurado,neto,1914,1.4968149431398072,1.133717372841152,-0.10093509199679801
evaluacion,daily,0,17,censurado,neto,1977,1.2478989371929232,1.153387657237218,-0.16764857262022026
evaluacion,daily,0,18,censurado,neto,1864,0.8369595976708581,1.2323007030477722,-0.004446671937354102
evaluacion,daily,0,0,censurado,salidas,1017,0.8318103929111536,0.8527733564421807,0.2615466887474339
evaluacion,daily,0,1,censurado,salidas,1294,1.7961022307184762,0.5985465584727551,0.8475868154414888
evaluacion,daily,0,2,censurado,salidas,2561,2.767606654929658,0.44158249599868254,0.9656759854862981
evaluacion,daily,0,3,censurado,salidas,3515,2.682848818347433,0.4718409685025131,0.7689786878291033
evaluacion,daily,0,4,censurado,salidas,3272,1.9586709936516107,0.546217633276065,0.6581702894665352
evaluacion,daily,0,5,censurado,salidas,2551,1.7375497740824029,0.5725990794063054,0.680142404881929
evaluacion,daily,0,6,censurado,salidas,2050,1.8907078876051917,0.5647604793225475,0.5765096277278562
evaluacion,daily,0,7,censurado,salidas,1765,1.9664431853950268,0.5283562524314541,0.7201206036810628
evaluacion,daily,0,8,censurado,salidas,2121,2.1406226650233946,0.4541168906295879,0.586152606488719
evaluacion,daily,0,9,censurado,salidas,2392,2.2785415933227715,0.45275556497990277,0.648440892155137
evaluacion,daily,0,10,censurado,salidas,2551,2.275486164123231,0.4716253822455608,0.4564407719940122
evaluacion,daily,0,11,censurado,salidas,2748,2.655724418396792,0.48190244993095516,0.7026570094571702
evaluacion,daily,0,12,censurado,salidas,2938,3.2326546383544525,0.4803286970861974,0.6340030712701881
evaluacion,daily,0,13,censurado,salidas,1750,2.5768553049289893,0.6088155506447591,1.1230457811194654
evaluacion,daily,0,14,censurado,salidas,2588,2.400885666639551,0.5844142311195596,0.196887569258024
evaluacion,daily,0,15,censurado,salidas,2073,1.9545272269756235,0.6497329925465791,0.14502789978644953
evaluacion,daily,0,16,censurado,salidas,1914,1.7341357464542586,0.7235962107506978,0.34328822098785794
evaluacion,daily,0,17,censurado,salidas,1977,1.3395281852413872,0.819890780873753,0.2531080377558295
evaluacion,daily,0,18,censurado,salidas,1864,0.872296419697312,1.084696815420807,0.13931979896092161
evaluacion,daily,0,0,no_censurado,llegadas,9138,0.6093945307750298,0.6005874916115425,-0.017117726376201695
evaluacion,daily,0,1,no_censurado,llegadas,8861,1.2436955982289166,0.39970935750993547,-0.12678349043809162
evaluacion,daily,0,2,no_censurado,llegadas,7594,1.8354888516172354,0.32996478325832174,-0.21766695621504822
evaluacion,daily,0,3,no_censurado,llegadas,6640,2.3116895652786584,0.3380079871718993,-0.15700957338124433
evaluacion,daily,0,4,no_censurado,llegadas,6883,2.0413313842988017,0.4126426995045126,-0.11406796811875687
evaluacion,daily,0,5,no_censurado,llegadas,7604,1.8441035766032652,0.43808190185545404,-0.07663958412162265
evaluacion,daily,0,6,no_censurado,llegadas,8105,1.8273991038670085,0.43080482073420895,-0.09840415092842124
evaluacion,daily,0,7,no_censurado,llegadas,8390,1.9041926827398252,0.4064254142355983,-0.10509622287741605
evaluacion,daily,0,8,no_censurado,llegadas,8034,2.1163265187281537,0.36272917292021134,-0.28096951261233327
evaluacion,daily,0,9,no_censurado,llegadas,7763,2.2277495097828734,0.3409569702386429,-0.38633375217424376
evaluacion,daily,0,10,no_censurado,llegadas,7604,2.232992427039016,0.3494623037623421,-0.5358606465972049
evaluacion,daily,0,11,no_censurado,llegadas,7407,2.317788452049073,0.3712531424070126,-0.5612946738386402
evaluacion,daily,0,12,no_censurado,llegadas,7217,2.528259421589862,0.354968547470265,-0.3918926397792088
evaluacion,daily,0,13,no_censurado,llegadas,8405,2.858035926123061,0.40966253895194804,-0.2743648308755232
evaluacion,daily,0,14,no_censurado,llegadas,7567,2.5386754544393675,0.45023454106786726,-0.37883150290156475
evaluacion,daily,0,15,no_censurado,llegadas,8082,2.2568550283570015,0.5323809094650268,-0.4612288009886963
evaluacion,daily,0,16,no_censurado,llegadas,8241,1.8641178113142742,0.6082833056044717,-0.3337684881823943
evaluacion,daily,0,17,no_censurado,llegadas,8178,1.4522748058905721,0.6897841423262341,-0.2661835741019623
evaluacion,daily,0,18,no_censurado,llegadas,8291,0.9502531456289177,0.8317724694266635,-0.15864750828947896
evaluacion,daily,0,0,no_censurado,neto,9138,0.959188975667446,0.7120861856892616,-0.003440728197527451
evaluacion,daily,0,1,no_censurado,neto,8861,1.7468274804303765,0.6084609577457276,0.04083948256074487
evaluacion,daily,0,2,no_censurado,neto,7594,2.384524062548611,0.5829280109127656,0.11803686197321062
evaluacion,daily,0,3,no_censurado,neto,6640,2.734175341717748,0.6577394489169569,0.12505618967096457
evaluacion,daily,0,4,no_censurado,neto,6883,2.3163563844474857,0.8353932928557528,0.040882656056578065
evaluacion,daily,0,5,no_censurado,neto,7604,2.081122335582073,0.9398298040008364,0.07678093785665284
evaluacion,daily,0,6,no_censurado,neto,8105,2.08451598356368,0.9931226220775703,0.0189768066062751
evaluacion,daily,0,7,no_censurado,neto,8390,2.2015921383713555,1.0155793952570746,0.06205317873547595
evaluacion,daily,0,8,no_censurado,neto,8034,2.4649757536318595,0.9532426091301257,0.0511741036268374
evaluacion,daily,0,9,no_censurado,neto,7763,2.603048235256009,0.9138686437360889,0.005263798209078477
evaluacion,daily,0,10,no_censurado,neto,7604,2.61356567103802,0.8977933394729447,0.07947854084184684
evaluacion,daily,0,11,no_censurado,neto,7407,2.659683506277056,0.8487839608355948,0.02502737650570784
evaluacion,daily,0,12,no_censurado,neto,7217,2.810938273585678,0.8037457020787574,0.10462091212512363
evaluacion,daily,0,13,no_censurado,neto,8405,2.9036338193292073,0.8586975212505537,0.23839633537542054
evaluacion,daily,0,14,no_censurado,neto,7567,2.388234771325476,0.8806477517966902,0.11769150752304754
evaluacion,daily,0,15,no_censurado,neto,8082,2.0649667479967757,0.9133180789859324,-0.0716227201882459
evaluacion,daily,0,16,no_censurado,neto,8241,1.788626437063009,0.9371865760323154,-0.00529544546558321
evaluacion,daily,0,17,no_censurado,neto,8178,1.5054224963852525,0.9784887279795418,-0.07987488540786221
evaluacion,daily,0,18,no_censurado,neto,8291,1.058517003218455,1.0497804394359103,-0.041941854092473974
evaluacion,daily,0,0,no_censurado,salidas,9138,0.763207075652215,0.5672375971785231,-0.013676998178674236
evaluacion,daily,0,1,no_censurado,salidas,8861,1.425126152382046,0.39137305015363877,-0.16762297299883652
evaluacion,daily,0,2,no_censurado,salidas,7594,2.064212012561471,0.37428967845542876,-0.33570381818825884
evaluacion,daily,0,3,no_censurado,salidas,6640,2.226700838441485,0.3945691067263946,-0.2820657630522088
evaluacion,daily,0,4,no_censurado,salidas,6883,1.9671768226319102,0.4372704043331322,-0.15495062417533495
evaluacion,daily,0,5,no_censurado,salidas,7604,1.8516434486619846,0.44017559582410765,-0.15342052197827552
evaluacion,daily,0,6,no_censurado,salidas,8105,1.8946376866492778,0.44154461010674556,-0.11738095753469627
evaluacion,daily,0,7,no_censurado,salidas,8390,2.0049443259519477,0.4103100932930907,-0.167149401612892
evaluacion,daily,0,8,no_censurado,salidas,8034,2.1792122514401506,0.35744046115984096,-0.3321436162391707
evaluacion,daily,0,9,no_censurado,salidas,7763,2.298199982221861,0.3531737758727593,-0.39159755038332233
evaluacion,daily,0,10,no_censurado,salidas,7604,2.286434117469722,0.368332804314219,-0.6153391874390519
evaluacion,daily,0,11,no_censurado,salidas,7407,2.3451839851191814,0.384538945338538,-0.5863220503443478
evaluacion,daily,0,12,no_censurado,salidas,7217,2.6119326363111144,0.38814615126649465,-0.4965135519043324
evaluacion,daily,0,13,no_censurado,salidas,8405,2.8587155028161315,0.4399433086362645,-0.5127611662509437
evaluacion,daily,0,14,no_censurado,salidas,7567,2.360672514619883,0.47402634853329406,-0.49652301042461233
evaluacion,daily,0,15,no_censurado,salidas,8082,2.077873995493559,0.5670756274592741,-0.38960608080045034
evaluacion,daily,0,16,no_censurado,salidas,8241,1.6338429624804234,0.6178359956775648,-0.3284730427168111
evaluacion,daily,0,17,no_censurado,salidas,8178,1.2220112010686208,0.7273367978412796,-0.1863086886941002
evaluacion,daily,0,18,no_censurado,salidas,8291,0.7993869382780313,0.9074092422320862,-0.116705654197005
evaluacion,ma,15,0,all,llegadas,1320150,1.612583481488155,0.3625253960957249,-0.05672410483115602
evaluacion,ma,15,1,all,llegadas,700695,2.0019197287833244,0.4328887010948108,-0.08021563973375961
evaluacion,ma,15,2,all,llegadas,660075,2.034052817163502,0.4401394718923279,-0.08673474778098837
evaluacion,ma,15,3,all,llegadas,619455,2.038950913458491,0.4488683523287243,-0.09862858998484623
evaluacion,ma,15,4,all,llegadas,578835,2.047138102266555,0.45215458220689597,-0.11554912176999693
evaluacion,ma,15,5,all,llegadas,538215,2.0634069640195607,0.4515634273563916,-0.13561749732915254
evaluacion,ma,15,6,all,llegadas,497595,2.079746212946629,0.4502819580394582,-0.1568774050266237
evaluacion,ma,15,7,all,llegadas,121860,2.0816966206730125,0.4494573925684675,-0.16431878933044916
evaluacion,ma,15,0,all,neto,1320150,1.959123896411451,0.7992832149391381,0.006338543951845838
evaluacion,ma,15,1,all,neto,700695,2.322637230950969,0.9387852627256467,0.010700995737620117
evaluacion,ma,15,2,all,neto,660075,2.306713004398873,0.9605549998634725,0.013221682030317298
evaluacion,ma,15,3,all,neto,619455,2.277904168548291,0.9836962330600675,0.015386346228174674
evaluacion,ma,15,4,all,neto,578835,2.271277700588737,0.9936820627278111,0.016783373586304755
evaluacion,ma,15,5,all,neto,538215,2.284332806074331,0.9942994289749918,0.014772749505407613
evaluacion,ma,15,6,all,neto,497595,2.2995817008934236,0.9905583837281218,0.011656653934357167
evaluacion,ma,15,7,all,neto,121860,2.2981864633272755,0.9870650393549496,0.01075092266305065
evaluacion,ma,15,0,all,salidas,1320150,1.707485826794249,0.3839035044374305,-0.06306264878300188
evaluacion,ma,15,1,all,salidas,700695,2.103327966531263,0.4582119027932881,-0.09091663547137978
evaluacion,ma,15,2,all,salidas,660075,2.112658802509202,0.46384018739240196,-0.09995642981130566
evaluacion,ma,15,3,all,salidas,619455,2.1000510460323545,0.46859463469139306,-0.1140149362130209
evaluacion,ma,15,4,all,salidas,578835,2.1029000782745406,0.46986604879345967,-0.13233249535630165
evaluacion,ma,15,5,all,salidas,538215,2.118282133766056,0.46942215405733484,-0.1503902468345602
evaluacion,ma,15,6,all,salidas,497595,2.134722829821796,0.46916907561464843,-0.1685340589609808
evaluacion,ma,15,7,all,salidas,121860,2.1322435617687576,0.46766173889209206,-0.1750697119934998
evaluacion,ma,15,0,censurado,llegadas,297536,1.436563163287283,0.41458097825475204,0.2321144280035126
evaluacion,ma,15,1,censurado,llegadas,163814,1.727019579980076,0.48958307385513794,0.3795461503534211
evaluacion,ma,15,2,censurado,llegadas,154837,1.7447683713495066,0.4982455207827262,0.389424761291855
evaluacion,ma,15,3,censurado,llegadas,141731,1.7468786585585876,0.5114796908568507,0.39452551154365756
evaluacion,ma,15,4,censurado,llegadas,128400,1.7603372218430045,0.515479153632188,0.392520923074728
evaluacion,ma,15,5,censurado,llegadas,117475,1.7787619075258652,0.5131253961805392,0.3840069884233266
evaluacion,ma,15,6,censurado,llegadas,108774,1.7870411153120922,0.5097998139938145,0.36924132297115353
evaluacion,ma,15,7,censurado,llegadas,26681,1.790492826705013,0.5095477431290021,0.37144655129081516
evaluacion,ma,15,0,censurado,neto,297536,1.7869689578231631,0.9191066908359843,-0.3277109796058452
evaluacion,ma,15,1,censurado,neto,163814,2.084659891113723,1.0686659387862567,-0.2622823473147605
evaluacion,ma,15,2,censurado,neto,154837,2.0367057965328916,1.0884414803207205,-0.20939782736396864
evaluacion,ma,15,3,censurado,neto,141731,1.976140977387831,1.1073874619095154,-0.16599888897692425
evaluacion,ma,15,4,censurado,neto,128400,1.966787196061941,1.115513289194749,-0.14115862905720444
evaluacion,ma,15,5,censurado,neto,117475,1.9855143570799123,1.113670671444286,-0.12937353179997282
evaluacion,ma,15,6,censurado,neto,108774,2.011761651449695,1.1166313478769263,-0.1326519368628649
evaluacion,ma,15,7,censurado,neto,26681,2.014520047582208,1.1155727234706811,-0.12656689222377218
evaluacion,ma,15,0,censurado,salidas,297536,1.8506822557672025,0.4463308316611065,0.5598254076093578
evaluacion,ma,15,1,censurado,salidas,163814,2.2551094198891275,0.5345655815891135,0.6418284976681815
evaluacion,ma,15,2,censurado,salidas,154837,2.2246695015068005,0.5390400587217887,0.5988225886558236
evaluacion,ma,15,3,censurado,salidas,141731,2.168580829935193,0.5459064001640176,0.5605244005205817
evaluacion,ma,15,4,censurado,salidas,128400,2.160715872872279,0.5463132921192609,0.5336795521319325
evaluacion,ma,15,5,censurado,salidas,117475,2.187736153715656,0.5434908118976958,0.5133805202232995
evaluacion,ma,15,6,censurado,salidas,108774,2.216566714762343,0.5423607128865093,0.5018932598340184
evaluacion,ma,15,7,censurado,salidas,26681,2.221622053302432,0.5417159229413201,0.49801344351458743
evaluacion,ma,15,0,no_censurado,llegadas,1022614,1.663797704446392,0.3514397549858566,-0.14076349966194848
evaluacion,ma,15,1,no_censurado,llegadas,536881,2.085797707285181,0.42058418457400953,-0.22049890153915302
evaluacion,ma,15,2,no_censurado,llegadas,505238,2.122707937594866,0.4275785889406246,-0.23266025201129537
evaluacion,ma,15,3,no_censurado,llegadas,477724,2.1256028144708297,0.4358594842663573,-0.24493738745731228
evaluacion,ma,15,4,no_censurado,llegadas,450435,2.128892923819907,0.43943050479231555,-0.26037843955849616
evaluacion,ma,15,5,no_censurado,llegadas,420740,2.1428828351314038,0.43934690463084286,-0.28070207798174684
evaluacion,ma,15,6,no_censurado,llegadas,388821,2.161631461660302,0.43844364915347067,-0.30406091239693084
evaluacion,ma,15,7,no_censurado,llegadas,95179,2.163328161526144,0.4374873283456855,-0.3145069091164939
evaluacion,ma,15,0,no_censurado,neto,1022614,2.0092134627657208,0.7731985227369288,0.10353236199194815
evaluacion,ma,15,1,no_censurado,neto,536881,2.3952492621983006,0.9094337089307954,0.09399411536521483
evaluacion,ma,15,2,no_censurado,neto,505238,2.3894603552401494,0.9319514426174101,0.08144643348623125
evaluacion,ma,15,3,no_censurado,neto,477724,2.367431173359359,0.9572186222410057,0.06919965845626845
evaluacion,ma,15,4,no_censurado,neto,450435,2.3580750870734466,0.9685324850487503,0.06180596983088295
evaluacion,ma,15,5,no_censurado,neto,420740,2.3677660363248876,0.9699571422817659,0.055019895952975156
evaluacion,ma,15,6,no_censurado,neto,388821,2.3801003407256136,0.9648007232945862,0.05202747406849868
evaluacion,ma,15,7,no_censurado,neto,95179,2.3777050928410772,0.9607787567248898,0.049244462403910734
evaluacion,ma,15,0,no_censurado,salidas,1022614,1.6658219216541894,0.36729743597720554,-0.24429586165389658
evaluacion,ma,15,1,no_censurado,salidas,536881,2.057016163728844,0.4373175568059139,-0.3144930169043679
evaluacion,ma,15,2,no_censurado,salidas,505238,2.078331612945688,0.4435418682583201,-0.3141066854975267
evaluacion,ma,15,3,no_censurado,salidas,477724,2.079719652168255,0.4489265831494732,-0.3141370459135807
evaluacion,ma,15,4,no_censurado,salidas,450435,2.0864192363631666,0.45122616024173823,-0.32218440938937914
evaluacion,ma,15,5,no_censurado,salidas,420740,2.098889846382922,0.45151401522477647,-0.33572197393472186
evaluacion,ma,15,6,no_censurado,salidas,388821,2.1118267240545587,0.45128676046109983,-0.3560883864654295
evaluacion,ma,15,7,no_censurado,salidas,95179,2.107188586063928,0.4495008840141704,-0.3637513715204047
evaluacion,ma,60,0,all,llegadas,192945,1.8687495353707628,0.42754407950998746,-0.06767967915830263
evaluacion,ma,60,1,all,llegadas,182790,1.9648245639720885,0.4311672925962194,-0.07611728021200477
evaluacion,ma,60,2,all,llegadas,172635,2.020439349756684,0.43465184982671823,-0.08311765006394807
evaluacion,ma,60,3,all,llegadas,162480,2.0421987496462015,0.442819293636176,-0.08908522498695755
evaluacion,ma,60,4,all,llegadas,152325,2.03878998801198,0.4512838960948794,-0.1035264454652813
evaluacion,ma,60,5,all,llegadas,142170,2.0488715278733776,0.45218918693853677,-0.1218402307450513
evaluacion,ma,60,6,all,llegadas,132015,2.0664981814329666,0.45087736037277687,-0.14281086942151136
evaluacion,ma,60,7,all,llegadas,121860,2.0816966206730125,0.4494573925684675,-0.16431878933044916
evaluacion,ma,60,0,all,neto,192945,2.2499532254974053,0.9275057795217517,0.008974189629836317
evaluacion,ma,60,1,all,neto,182790,2.3039004651304227,0.9264909282976308,0.010427600221493322
evaluacion,ma,60,2,all,neto,172635,2.316224592611752,0.9378801080472899,0.011114576282851101
evaluacion,ma,60,3,all,neto,162480,2.2967962573388743,0.9661432448329506,0.014596145231732477
evaluacion,ma,60,4,all,neto,152325,2.2661888285877465,0.9879855559313341,0.015709705744177026
evaluacion,ma,60,5,all,neto,142170,2.267400607667007,0.9932317507218185,0.016465926354113557
evaluacion,ma,60,6,all,neto,132015,2.2858663539511084,0.9927057388065752,0.013365695981754511
evaluacion,ma,60,7,all,neto,121860,2.2981864633272755,0.9870650393549496,0.01075092266305065
evaluacion,ma,60,0,all,salidas,192945,1.9834042453221137,0.4531543379779173,-0.07665386878813897
evaluacion,ma,60,1,all,salidas,182790,2.0728316773949778,0.4558323967212031,-0.08654488043349812
evaluacion,ma,60,2,all,salidas,172635,2.116049131689998,0.45946623263255293,-0.09423222634679913
evaluacion,ma,60,3,all,salidas,162480,2.112476025698342,0.4656371395214774,-0.10368137021869002
evaluacion,ma,60,4,all,salidas,152325,2.0961277669275424,0.4697746296702496,-0.11923615120945834
evaluacion,ma,60,5,all,salidas,142170,2.103557671096827,0.4695054964564266,-0.13830615709916488
evaluacion,ma,60,6,all,salidas,132015,2.122341655624859,0.4691214904198869,-0.15617656540326583
evaluacion,ma,60,7,all,salidas,121860,2.1322435617687576,0.46766173889209206,-0.1750697119934998
evaluacion,ma,60,0,censurado,llegadas,42941,1.6661880706939671,0.48423256027660416,0.3227478122604491
evaluacion,ma,60,1,censurado,llegadas,41924,1.7126063397741877,0.4895730049618705,0.3784070498931616
evaluacion,ma,60,2,censurado,llegadas,40630,1.7406019612319326,0.4920245570627229,0.3915810865994969
evaluacion,ma,60,3,censurado,llegadas,38069,1.7522118325410438,0.5021980053077334,0.39984943314107063
evaluacion,ma,60,4,censurado,llegadas,34554,1.7475687818811874,0.5157714659382852,0.39806087280430646
evaluacion,ma,60,5,censurado,llegadas,31282,1.7651417374878002,0.5154028023978696,0.3936122310199072
evaluacion,ma,60,6,censurado,llegadas,28731,1.7852324427248425,0.5127510527823841,0.3788468766078093
evaluacion,ma,60,7,censurado,llegadas,26681,1.790492826705013,0.5095477431290021,0.37144655129081516
evaluacion,ma,60,0,censurado,neto,42941,2.085859347016869,1.0771576036974178,-0.34682189428720045
evaluacion,ma,60,1,censurado,neto,41924,2.0860798761050354,1.0671060766722489,-0.27980520128691017
evaluacion,ma,60,2,censurado,neto,40630,2.0728460174864023,1.0633939025804937,-0.23213545817776346
evaluacion,ma,60,3,censurado,neto,38069,2.0148830539912153,1.0930004129840059,-0.182497708319592
evaluacion,ma,60,4,censurado,neto,34554,1.9549992345745066,1.1089904381831353,-0.14733099169805025
evaluacion,ma,60,5,censurado,neto,31282,1.961440031756452,1.1124203106297539,-0.13100944389636338
evaluacion,ma,60,6,censurado,neto,28731,1.9972583231670293,1.1157974038055518,-0.12822671985047882
evaluacion,ma,60,7,censurado,neto,26681,2.014520047582208,1.1155727234706811,-0.12656689222377218
evaluacion,ma,60,0,censurado,salidas,42941,2.1928126962564822,0.5329799625853263,0.6695697065476494
evaluacion,ma,60,1,censurado,salidas,41924,2.2463436875624696,0.5360700415383199,0.6582122511800718
evaluacion,ma,60,2,censurado,salidas,40630,2.253241541589794,0.5328979529951007,0.6237165447772604
evaluacion,ma,60,3,censurado,salidas,38069,2.208088137387232,0.5397299883282471,0.5823471414606627
evaluacion,ma,60,4,censurado,salidas,34554,2.14812915707808,0.5467556600250149,0.5453918645023567
evaluacion,ma,60,5,censurado,salidas,31282,2.159997126930112,0.5448016942118747,0.5246216749162707
evaluacion,ma,60,6,censurado,salidas,28731,2.1990977044471154,0.5433445370512716,0.5070735964582882
evaluacion,ma,60,7,censurado,salidas,26681,2.221622053302432,0.5417159229413201,0.49801344351458743
evaluacion,ma,60,0,no_censurado,llegadas,150004,1.9267359347646875,0.41550244205030024,-0.17944567812508097
evaluacion,ma,60,1,no_censurado,llegadas,140866,2.0398887869305935,0.41868671653652473,-0.2113910724353163
evaluacion,ma,60,2,no_censurado,llegadas,132005,2.1065708833785974,0.4221334683282,-0.2292258252893999
evaluacion,ma,60,3,no_censurado,llegadas,124411,2.1309329608274985,0.4300260674183982,-0.23869621999765514
evaluacion,ma,60,4,no_censurado,llegadas,117771,2.124234261701118,0.43806340734071636,-0.25069211609291747
evaluacion,ma,60,5,no_censurado,llegadas,110888,2.1289129688123576,0.43957869220981105,-0.2672516720996742
evaluacion,ma,60,6,no_censurado,llegadas,103284,2.144739205587948,0.4386219513889187,-0.2879228780692053
evaluacion,ma,60,7,no_censurado,llegadas,95179,2.163328161526144,0.4374873283456855,-0.3145069091164939
evaluacion,ma,60,0,no_censurado,neto,150004,2.296927674417651,0.8951748889264484,0.11082640450064961
evaluacion,ma,60,1,no_censurado,neto,140866,2.3687273955061015,0.8955600943013492,0.0968055762443683
evaluacion,ma,60,2,no_censurado,neto,132005,2.391134418052781,0.9092450715548669,0.08598483801638215
evaluacion,ma,60,3,no_censurado,neto,124411,2.3830599618203263,0.9379779137442653,0.07490565090924788
evaluacion,ma,60,4,no_censurado,neto,117771,2.3574918253486934,0.9624348562405877,0.06354583059170928
evaluacion,ma,60,5,no_censurado,neto,110888,2.3537134524800973,0.9688287031678756,0.05806938689245331
evaluacion,ma,60,6,no_censurado,neto,103284,2.3661498183062593,0.9676407709672379,0.05275312965275773
evaluacion,ma,60,7,no_censurado,neto,95179,2.3777050928410772,0.9607787567248898,0.049244462403910734
evaluacion,ma,60,0,no_censurado,salidas,150004,1.9234577886171411,0.4320369348450883,-0.29027208262573057
evaluacion,ma,60,1,no_censurado,salidas,140866,2.0211916967448427,0.4343293008188131,-0.3081966486796846
evaluacion,ma,60,2,no_censurado,salidas,132005,2.0738224916822054,0.4392257860828658,-0.31521066330578207
evaluacion,ma,60,3,no_censurado,salidas,124411,2.0832193082064454,0.4457888517323638,-0.31360187090690306
evaluacion,ma,60,4,no_censurado,salidas,117771,2.0808705640910055,0.45056057980409003,-0.3142379466846267
evaluacion,ma,60,5,no_censurado,salidas,110888,2.087635848560782,0.4512997665951352,-0.32532105899212754
evaluacion,ma,60,6,no_censurado,salidas,103284,2.1009900615859727,0.45117630399251,-0.34067600772196294
evaluacion,ma,60,7,no_censurado,salidas,95179,2.107188586063928,0.4495008840141704,-0.3637513715204047
evaluacion,ma,180,0,all,llegadas,71085,1.7369730952254971,0.42582824631794314,-0.051044602490654116
evaluacion,ma,180,1,all,llegadas,60930,1.967854406711217,0.4367450625456754,-0.05518959095497981
evaluacion,ma,180,2,all,llegadas,60930,1.9728557406716682,0.4310795458442553,-0.09907152920492426
evaluacion,ma,180,3,all,llegadas,60930,1.9723400003749945,0.4298261956759687,-0.0757568757136792
evaluacion,ma,180,4,all,llegadas,50775,2.1485298422187182,0.44702345000268573,-0.0745323376598926
evaluacion,ma,180,5,all,llegadas,50775,2.0212567588260653,0.45471963388861875,-0.1242375591399227
evaluacion,ma,180,6,all,llegadas,50775,1.9414490610065835,0.4513003130198338,-0.11791208869902056
evaluacion,ma,180,7,all,llegadas,40620,2.19425103625369,0.44554990898405805,-0.13367814876025477
evaluacion,ma,180,8,all,llegadas,40620,2.0584699397540542,0.4481290173099395,-0.19219639299920066
evaluacion,ma,180,9,all,llegadas,40620,1.9385314621061789,0.44294709480597505,-0.17095066274638213
evaluacion,ma,180,0,all,neto,71085,2.1119667922008376,0.9240992208765022,-0.0037333245077914986
evaluacion,ma,180,1,all,neto,60930,2.275282924846412,0.922565456686954,0.04024608134101151
evaluacion,ma,180,2,all,neto,60930,2.2831091100795615,0.8956395423428408,0.00314454320863846
evaluacion,ma,180,3,all,neto,60930,2.2560108077619074,0.9228205734411938,-0.0028670012674206257
evaluacion,ma,180,4,all,neto,50775,2.3563758558516956,0.9801181604370358,0.04415191579287429
evaluacion,ma,180,5,all,neto,50775,2.23481831665694,0.9847171844096023,0.006787069938288048
evaluacion,ma,180,6,all,neto,50775,2.1692644337211786,0.982651300504,-0.005220740482628471
evaluacion,ma,180,7,all,neto,40620,2.3735877114308233,0.9916191796597763,0.0515778423080208
evaluacion,ma,180,8,all,neto,40620,2.257093836133401,0.9684805858825013,-0.0026841113746203585
evaluacion,ma,180,9,all,neto,40620,2.161916540811189,0.9563002274610747,-0.01448974028749005
evaluacion,ma,180,0,all,salidas,71085,1.863788765262927,0.4601360200142227,-0.04731127798286261
evaluacion,ma,180,1,all,salidas,60930,2.0427399798162647,0.4537105512447097,-0.09543567229599126
evaluacion,ma,180,2,all,salidas,60930,2.0890666707043306,0.45098473028824504,-0.10221607241356273
evaluacion,ma,180,3,all,salidas,60930,2.0844916308629013,0.46244620333404907,-0.07288987444625862
evaluacion,ma,180,4,all,salidas,50775,2.1855305454952787,0.4659172773391222,-0.11868425345276686
evaluacion,ma,180,5,all,salidas,50775,2.068462917245588,0.46821900326844434,-0.13102462907821075
evaluacion,ma,180,6,all,salidas,50775,2.0263259517403647,0.4737262079490253,-0.1126913482163921
evaluacion,ma,180,7,all,salidas,40620,2.220298056874274,0.46137420615226776,-0.18525599106827562
evaluacion,ma,180,8,all,salidas,40620,2.0958625240742603,0.4612255568142964,-0.1895122816245804
evaluacion,ma,180,9,all,salidas,40620,2.0213817486176575,0.46773492055512406,-0.1564609224588921
evaluacion,ma,180,0,censurado,llegadas,15849,1.6251030640806898,0.4679807849740148,0.3209663752993955
evaluacion,ma,180,1,censurado,llegadas,12546,1.697937566385826,0.5180148507617774,0.44082558373194747
evaluacion,ma,180,2,censurado,llegadas,14546,1.7410113630543522,0.49083731537917646,0.36302670125790387
evaluacion,ma,180,3,censurado,llegadas,14832,1.7386697078562674,0.47809468301088565,0.40892096838921227
evaluacion,ma,180,4,censurado,llegadas,11252,1.7686658454242048,0.5209693217987736,0.4512242273859343
evaluacion,ma,180,5,censurado,llegadas,11985,1.766041035058087,0.5202153465522446,0.3627518321194866
evaluacion,ma,180,6,censurado,llegadas,11317,1.713424134775634,0.5077327363320114,0.38399004147226007
evaluacion,ma,180,7,censurado,llegadas,7980,1.8380572338104952,0.5191002521874204,0.45115002188575326
evaluacion,ma,180,8,censurado,llegadas,9434,1.82079645819991,0.5114602884221513,0.33477704862731666
evaluacion,ma,180,9,censurado,llegadas,9267,1.698805901102623,0.49330474369435684,0.3649992423211588
evaluacion,ma,180,0,censurado,neto,15849,2.1253435771921954,1.0675890705793325,-0.29759844338054
evaluacion,ma,180,1,censurado,neto,12546,1.9035444713954597,1.1226903412056901,-0.2740584443224369
evaluacion,ma,180,2,censurado,neto,14546,2.074683843522912,0.9950328460511153,-0.2547247241527171
evaluacion,ma,180,3,censurado,neto,14832,2.127591020006112,1.0395450655135938,-0.16312677520647673
evaluacion,ma,180,4,censurado,neto,11252,1.8931711797965463,1.1505866973679777,-0.18676331667215082
evaluacion,ma,180,5,censurado,neto,11985,1.922642803441361,1.0814189036626953,-0.1492202372160976
evaluacion,ma,180,6,censurado,neto,11317,2.0110527721891733,1.0790386982204092,-0.09209520057560205
evaluacion,ma,180,7,censurado,neto,7980,1.8980194567163247,1.1872850407302868,-0.17076547414525373
evaluacion,ma,180,8,censurado,neto,9434,2.012350669952443,1.0799542761437708,-0.12762674507802674
evaluacion,ma,180,9,censurado,neto,9267,2.0660774308664123,1.0729246036334572,-0.0763495004929262
evaluacion,ma,180,0,censurado,salidas,15849,2.2220955223404633,0.5226229381568256,0.6185648186799355
evaluacion,ma,180,1,censurado,salidas,12546,2.0809344403129506,0.5616065456615028,0.7148840280543843
evaluacion,ma,180,2,censurado,salidas,14546,2.247162364044006,0.5205303482289335,0.617751425410621
evaluacion,ma,180,3,censurado,salidas,14832,2.317306461932829,0.5176638217243426,0.5720477435956891
evaluacion,ma,180,4,censurado,salidas,11252,2.103933908878924,0.555662950490697,0.6379875440580851
evaluacion,ma,180,5,censurado,salidas,11985,2.125413160362114,0.5449369285900082,0.5119720693355841
evaluacion,ma,180,6,censurado,salidas,11317,2.196648513305196,0.5356605663788253,0.4760852420478623
evaluacion,ma,180,7,censurado,salidas,7980,2.1578112828683422,0.5577834873275687,0.6219154960310069
evaluacion,ma,180,8,censurado,salidas,9434,2.22320281453373,0.5377319083250746,0.4624037937053434
evaluacion,ma,180,9,censurado,salidas,9267,2.2652621870658574,0.5308295323810069,0.441348742814085
evaluacion,ma,180,0,no_censurado,llegadas,55236,1.7690722357065976,0.41595284397157195,-0.15778661833167262
evaluacion,ma,180,1,no_censurado,llegadas,48384,2.037844004072377,0.4224267249317208,-0.18380662099842782
evaluacion,ma,180,2,no_censurado,llegadas,46384,2.0455620255289784,0.41751233858209813,-0.24398531111921146
evaluacion,ma,180,3,no_censurado,llegadas,46098,2.0475232573197153,0.4182881768930833,-0.231701640860412
evaluacion,ma,180,4,no_censurado,llegadas,39523,2.2566752181246934,0.4333004986685885,-0.22421259649387904
evaluacion,ma,180,5,no_censurado,llegadas,38790,2.1001111143135422,0.44031603593420016,-0.2747033455344579
evaluacion,ma,180,6,no_censurado,llegadas,39458,2.00684918493977,0.4393427309410527,-0.2618632876231521
evaluacion,ma,180,7,no_censurado,llegadas,32640,2.281335182806896,0.4334523567542761,-0.2766600360689295
evaluacion,ma,180,8,no_censurado,llegadas,31186,2.130367958896676,0.43422736412695084,-0.3516098300640556
evaluacion,ma,180,9,no_censurado,llegadas,31353,2.009387098690236,0.43192909340067026,-0.32936127003311394
evaluacion,ma,180,0,no_censurado,neto,55236,2.10812855870587,0.8895146902303711,0.080586109720143
evaluacion,ma,180,1,no_censurado,neto,48384,2.3716749270991326,0.8895642508954816,0.12174543193157085
evaluacion,ma,180,2,no_censurado,neto,46384,2.3484711730179244,0.8715216168434547,0.0840122209216058
evaluacion,ma,180,3,no_censurado,neto,46098,2.297329786719649,0.8929443630064535,0.048696471487668126
evaluacion,ma,180,4,no_censurado,neto,39523,2.488247905417076,0.9496419587651277,0.1098923250658663
evaluacion,ma,180,5,no_censurado,neto,38790,2.3312716171438876,0.9627794862871986,0.05498886360277148
evaluacion,ma,180,6,no_censurado,neto,39458,2.214641324936083,0.9603098717466286,0.019695835747088754
evaluacion,ma,180,7,no_censurado,neto,32640,2.489857156057713,0.962069981813405,0.1059375134261927
evaluacion,ma,180,8,no_censurado,neto,31186,2.3311304881487662,0.9430603388777425,0.035111976817450936
evaluacion,ma,180,9,no_censurado,neto,31353,2.190243687554986,0.9281707148193752,0.0037941367840430224
evaluacion,ma,180,0,no_censurado,salidas,55236,1.7609789348457738,0.44104320428187194,-0.23837272805181559
evaluacion,ma,180,1,no_censurado,salidas,48384,2.0328361334746754,0.43169595713638065,-0.30555205292999865
evaluacion,ma,180,2,no_censurado,salidas,46384,2.039487937621394,0.43108376775439405,-0.32799753204081733
evaluacion,ma,180,3,no_censurado,salidas,46098,2.0095836180547706,0.4448414428164784,-0.2803981123480801
evaluacion,ma,180,4,no_censurado,salidas,39523,2.208760698955472,0.44636680662271244,-0.33410492155974525
evaluacion,ma,180,5,no_censurado,salidas,38790,2.0508669217892455,0.448022571431334,-0.3296922091372293
evaluacion,ma,180,6,no_censurado,salidas,39458,1.977475517627403,0.45689541902329983,-0.2815591233702409
evaluacion,ma,180,7,no_censurado,salidas,32640,2.235575154195576,0.44329325625850424,-0.3825975494951222
evaluacion,ma,180,8,no_censurado,salidas,31186,2.0573411266460995,0.4407275850443423,-0.38672180688150665
evaluacion,ma,180,9,no_censurado,salidas,31353,1.9492980557302317,0.44938817154030514,-0.33315540681715694
evaluacion,model,15,0,all,llegadas,1320150,1.6100050621363948,0.36194574083599523,-0.10050936804048294
evaluacion,model,15,1,all,llegadas,700695,1.9838719581818598,0.4289861090672707,-0.15030304186360768
evaluacion,model,15,2,all,llegadas,660075,2.0126615715619107,0.4355107171900125,-0.16321572599650383
evaluacion,model,15,3,all,llegadas,619455,2.0156440882142936,0.44373743123772497,-0.17568256481086497
evaluacion,model,15,4,all,llegadas,578835,2.024393771190127,0.44713100636506525,-0.19962866332720755
evaluacion,model,15,5,all,llegadas,538215,2.043570770636106,0.4472224032025872,-0.231063802986599
evaluacion,model,15,6,all,llegadas,497595,2.065346155905636,0.4471642286550102,-0.26407761316856776
evaluacion,model,15,7,all,llegadas,121860,2.065958967720449,0.4460594889589972,-0.2450704811020134
evaluacion,model,15,0,all,neto,1320150,1.9470921157432652,0.7943744899975838,-0.011182455030600226
evaluacion,model,15,1,all,neto,700695,2.3048098248197677,0.9315796147985512,-0.010935138200847136
evaluacion,model,15,2,all,neto,660075,2.287368865929803,0.9524997676394884,-0.014848107813813254
evaluacion,model,15,3,all,neto,619455,2.257252130202312,0.9747778015446192,-0.013986823032763879
evaluacion,model,15,4,all,neto,578835,2.251025531627793,0.9848217560279277,-0.014997967656914161
evaluacion,model,15,5,all,neto,538215,2.2638866129210875,0.9853998333806357,-0.01908637129500593
evaluacion,model,15,6,all,neto,497595,2.280435947511392,0.9823112375110533,-0.024105780992028886
evaluacion,model,15,7,all,neto,121860,2.277835665024612,0.9783244250279289,-0.015385763442370777
evaluacion,model,15,0,all,salidas,1320150,1.704888119020901,0.38331944739751644,-0.08932691300988269
evaluacion,model,15,1,all,salidas,700695,2.0848396093787622,0.45418419744007094,-0.13936790366276056
evaluacion,model,15,2,all,salidas,660075,2.0896232513235455,0.4587826672826938,-0.14836761818269062
evaluacion,model,15,3,all,salidas,619455,2.0758715542999013,0.46319934674503627,-0.1616957417781011
evaluacion,model,15,4,all,salidas,578835,2.0790032764848836,0.4645266149555382,-0.18463069567029344
evaluacion,model,15,5,all,salidas,538215,2.0966441281569304,0.46462706135432374,-0.2119774316915931
evaluacion,model,15,6,all,salidas,497595,2.117702027510282,0.4654282461377935,-0.23997183217653884
evaluacion,model,15,7,all,salidas,121860,2.1156899047701296,0.4640310504680267,-0.2296847176596426
evaluacion,model,15,0,censurado,llegadas,297536,1.4334990325713919,0.4136966939140707,0.21793694215756268
evaluacion,model,15,1,censurado,llegadas,163814,1.7095606733342115,0.48463374653950275,0.36080993491764385
evaluacion,model,15,2,censurado,llegadas,154837,1.7235708849459905,0.4921922515775791,0.37243044656344704
evaluacion,model,15,3,censurado,llegadas,141731,1.7246738311686043,0.5049781984988585,0.3866844787640403
evaluacion,model,15,4,censurado,llegadas,128400,1.740583510208343,0.5096946786871721,0.3868723356645338
evaluacion,model,15,5,censurado,llegadas,117475,1.7597461156713639,0.5076398471097254,0.37404194051750045
evaluacion,model,15,6,censurado,llegadas,108774,1.7707233499333686,0.5051447483192818,0.35502461421286474
evaluacion,model,15,7,censurado,llegadas,26681,1.7794629866903908,0.5064088140013899,0.3775444767888093
evaluacion,model,15,0,censurado,neto,297536,1.7669045242980443,0.9087867829159075,-0.34449386761265355
evaluacion,model,15,1,censurado,neto,163814,2.045067813531589,1.0483697240712486,-0.22456359965069264
evaluacion,model,15,2,censurado,neto,154837,1.994549444265001,1.0659125895278065,-0.17347254081377148
evaluacion,model,15,3,censurado,neto,141731,1.9329242376976281,1.083169718223638,-0.12923272016356832
evaluacion,model,15,4,censurado,neto,128400,1.9227702386962542,1.0905479543635799,-0.09965231831207526
evaluacion,model,15,5,censurado,neto,117475,1.9381141443665397,1.0870839955379283,-0.07882794249656734
evaluacion,model,15,6,censurado,neto,108774,1.9623689708421714,1.0892158657882358,-0.07079337218134105
evaluacion,model,15,7,censurado,neto,26681,1.965276663543917,1.0883034113035273,-0.053268694922930446
evaluacion,model,15,0,censurado,salidas,297536,1.8465133177165667,0.44532540483460215,0.5624308097702163
evaluacion,model,15,1,censurado,salidas,163814,2.2209960495722294,0.5264791297821257,0.5853735345683364
evaluacion,model,15,2,censurado,salidas,154837,2.185833938628085,0.5296301557764489,0.5459029873772185
evaluacion,model,15,3,censurado,salidas,141731,2.127490031117568,0.5355624324627702,0.5159171989276086
evaluacion,model,15,4,censurado,salidas,128400,2.117660542067057,0.5354272243068294,0.48652465397660893
evaluacion,model,15,5,censurado,salidas,117475,2.143265471179646,0.5324431326260928,0.45286988301406783
evaluacion,model,15,6,censurado,salidas,108774,2.169772819522363,0.5309109468081564,0.4258179863942058
evaluacion,model,15,7,censurado,salidas,26681,2.1771782474793797,0.5308788333226467,0.4308131717117397
evaluacion,model,15,0,no_censurado,llegadas,1022614,1.6613606058827666,0.35092497285832513,-0.19316333263620103
evaluacion,model,15,1,no_censurado,llegadas,536881,2.067570261560137,0.4169087680317635,-0.30625466089733006
evaluacion,model,15,2,no_censurado,llegadas,505238,2.101257311873505,0.42325777394983266,-0.3273717206379701
evaluacion,model,15,3,no_censurado,llegadas,477724,2.101969048863837,0.43101332918102897,-0.34252543528192125
evaluacion,model,15,4,no_censurado,llegadas,450435,2.105296093412114,0.4345598196669268,-0.3668153345906298
evaluacion,model,15,5,no_censurado,llegadas,420740,2.122817577077097,0.4352330030809067,-0.40001564312099097
evaluacion,model,15,6,no_censurado,llegadas,388821,2.1477678900630695,0.43563170131259205,-0.4372735714146192
evaluacion,model,15,7,no_censurado,llegadas,95179,2.1462707935419316,0.43403783673329976,-0.4196046713276414
evaluacion,model,15,0,no_censurado,neto,1022614,1.9995188331637634,0.7694677726570458,0.08579660496076878
evaluacion,model,15,1,no_censurado,neto,536881,2.384062727860034,0.9051863800310906,0.05424752384892738
evaluacion,model,15,2,no_censurado,neto,505238,2.377107327392149,0.9271334417251208,0.03376448928382098
evaluacion,model,15,3,no_censurado,neto,477724,2.353473623224603,0.9515751944361363,0.02020429201744512
evaluacion,model,15,4,no_censurado,neto,450435,2.344597255877484,0.9629967337010297,0.009133413395008286
evaluacion,model,15,5,no_censurado,neto,420740,2.354845686799125,0.9646643113554713,-0.0024059009881574533
evaluacion,model,15,6,no_censurado,neto,388821,2.369416268327957,0.9604698131221819,-0.011044768227733127
evaluacion,model,15,7,no_censurado,neto,95179,2.365453592492923,0.9558281927092115,-0.004766251839676763
evaluacion,model,15,0,no_censurado,salidas,1022614,1.6636813732506366,0.36682546599650717,-0.27895993759696985
evaluacion,model,15,1,no_censurado,salidas,536881,2.0432953358919885,0.4344005360198004,-0.36050218474625756
evaluacion,model,15,2,no_censurado,salidas,505238,2.0601381884617394,0.43965916473046973,-0.36113620992179113
evaluacion,model,15,3,no_censurado,salidas,477724,2.0605574014881425,0.4447902353901452,-0.36272972729936637
evaluacion,model,15,4,no_censurado,salidas,450435,2.0679837222745068,0.4472391445502953,-0.37594874798563804
evaluacion,model,15,5,no_censurado,salidas,420740,2.0836269625164077,0.4482306576010519,-0.39760974213283357
evaluacion,model,15,6,no_censurado,salidas,388821,2.1031350459678193,0.44942939252363734,-0.426228803186886
evaluacion,model,15,7,no_censurado,salidas,95179,2.0984532194527223,0.447637474616505,-0.4148384194879645
evaluacion,model,60,0,all,llegadas,192945,1.8555298145241963,0.4245195899924005,-0.08994731160239194
evaluacion,model,60,1,all,llegadas,182790,1.9456678583571967,0.4269634847619272,-0.11340622501965503
evaluacion,model,60,2,all,llegadas,172635,1.9975906137748716,0.42973646082387923,-0.1321972843897474
evaluacion,model,60,3,all,llegadas,162480,2.0185069070760604,0.4376820830715006,-0.14471890871101367
evaluacion,model,60,4,all,llegadas,152325,2.015397872931017,0.44610607744082054,-0.16142693878576056
evaluacion,model,60,5,all,llegadas,142170,2.026249263628747,0.4471964174377053,-0.18778300532162678
evaluacion,model,60,6,all,llegadas,132015,2.0462432609730783,0.4464580556990208,-0.21749782730040737
evaluacion,model,60,7,all,llegadas,121860,2.065958967720449,0.4460594889589972,-0.2450704811020134
evaluacion,model,60,0,all,neto,192945,2.2327679040613977,0.9204214167118039,-0.0012193809661555917
evaluacion,model,60,1,all,neto,182790,2.2849616844210714,0.9188748837740932,-0.0026619666349515046
evaluacion,model,60,2,all,neto,172635,2.2967404853475775,0.9299906500541322,-0.005418795808327354
evaluacion,model,60,3,all,neto,162480,2.27563911488986,0.9572435306368089,-0.007525727886369706
evaluacion,model,60,4,all,neto,152325,2.2462880545661097,0.9793094575245286,-0.00698500382015471
evaluacion,model,60,5,all,neto,142170,2.2462988238456356,0.9839881430340622,-0.007448647476733772
evaluacion,model,60,6,all,neto,132015,2.265656392892203,0.9839289595825604,-0.01182190225577605
evaluacion,model,60,7,all,neto,121860,2.277835665024612,0.9783244250279289,-0.015385763442370777
evaluacion,model,60,0,all,salidas,192945,1.9706530377046925,0.45024103119241476,-0.08872793063623637
evaluacion,model,60,1,all,salidas,182790,2.0551705063229426,0.45194856282071666,-0.11074425838470348
evaluacion,model,60,2,all,salidas,172635,2.0942323803234504,0.4547290739302581,-0.12677848858142007
evaluacion,model,60,3,all,salidas,162480,2.088255695890475,0.46029843510409885,-0.137193180824644
evaluacion,model,60,4,all,salidas,152325,2.0720945346982504,0.4643884108774688,-0.15444193496560588
evaluacion,model,60,5,all,salidas,142170,2.0795681398603048,0.46415113088436816,-0.18033435784489302
evaluacion,model,60,6,all,salidas,132015,2.100588250792561,0.46431312713417916,-0.20567592504463136
evaluacion,model,60,7,all,salidas,121860,2.1156899047701296,0.4640310504680267,-0.2296847176596426
evaluacion,model,60,0,censurado,llegadas,42941,1.6568690775816288,0.4815242466274084,0.3325006880599218
evaluacion,model,60,1,censurado,llegadas,41924,1.6986672066320903,0.4855883044849121,0.3826629575991302
evaluacion,model,60,2,censurado,llegadas,40630,1.7232035196146849,0.48710645360140714,0.395997724609046
evaluacion,model,60,3,censurado,llegadas,38069,1.7331034094855677,0.4967213775594091,0.40837933090027273
evaluacion,model,60,4,censurado,llegadas,34554,1.7316348921242048,0.5110687922791624,0.4115526954265728
evaluacion,model,60,5,censurado,llegadas,31282,1.749156440962864,0.5107352641197035,0.4032292256913974
evaluacion,model,60,6,censurado,llegadas,28731,1.769975733715812,0.5083690499579034,0.38476473486038193
evaluacion,model,60,7,censurado,llegadas,26681,1.7794629866903908,0.5064088140013899,0.3775444767888093
evaluacion,model,60,0,censurado,neto,42941,2.0542996217459253,1.0608598614288334,-0.3299556002052171
evaluacion,model,60,1,censurado,neto,41924,2.0474591265574067,1.047350152174832,-0.2531958813316117
evaluacion,model,60,2,censurado,neto,40630,2.0318442197675517,1.0423595076851428,-0.19876792158845355
evaluacion,model,60,3,censurado,neto,38069,1.9719735453376286,1.0697235728783692,-0.14991208280563192
evaluacion,model,60,4,censurado,neto,34554,1.9132534952279554,1.0853098019192102,-0.10990920021914205
evaluacion,model,60,5,censurado,neto,31282,1.915695906437143,1.086476772579486,-0.08267596741736429
evaluacion,model,60,6,censurado,neto,28731,1.9493885131352002,1.0890542383699042,-0.06857640808545468
evaluacion,model,60,7,censurado,neto,26681,1.965276663543917,1.0883034113035273,-0.053268694922930446
evaluacion,model,60,0,censurado,salidas,42941,2.1711521020414777,0.5277151888479261,0.6624562882651388
evaluacion,model,60,1,censurado,salidas,41924,2.217064360936563,0.5290827893527047,0.6358588389307419
evaluacion,model,60,2,censurado,salidas,40630,2.218599192782282,0.5247049402063163,0.5947656461974996
evaluacion,model,60,3,censurado,salidas,38069,2.1721095651645497,0.5309356317819579,0.5582914137059046
evaluacion,model,60,4,censurado,salidas,34554,2.1118462825331594,0.5375207092521309,0.521461895645715
evaluacion,model,60,5,censurado,salidas,31282,2.120606410208471,0.5348664359938834,0.4859051931087618
evaluacion,model,60,6,censurado,salidas,28731,2.1552484956078106,0.5325104444920024,0.4533411429458367
evaluacion,model,60,7,censurado,salidas,26681,2.1771782474793797,0.5308788333226467,0.4308131717117397
evaluacion,model,60,0,no_censurado,llegadas,150004,1.9123995693644058,0.41241079117772234,-0.21087968376246377
evaluacion,model,60,1,no_censurado,llegadas,140866,2.0191792473575476,0.41443608817855987,-0.2610444373072897
evaluacion,model,60,2,no_censurado,llegadas,132005,2.082044593819025,0.41721867160396203,-0.2947711506495177
evaluacion,model,60,3,no_censurado,llegadas,124411,2.105838620106038,0.4249619847591687,-0.3139635645996575
evaluacion,model,60,4,no_censurado,llegadas,117771,2.0986539040320404,0.4327881800065444,-0.32953910800036335
evaluacion,model,60,5,no_censurado,llegadas,110888,2.104418386334847,0.4345210422779324,-0.35451019501347286
evaluacion,model,60,6,no_censurado,llegadas,103284,2.1230939089498073,0.43419525828559075,-0.3850320598382801
evaluacion,model,60,7,no_censurado,llegadas,95179,2.1462707935419316,0.43403783673329976,-0.4196046713276414
evaluacion,model,60,0,no_censurado,neto,150004,2.283857251751517,0.8900809914177492,0.09288652281204057
evaluacion,model,60,1,no_censurado,neto,140866,2.3556462870638404,0.8906144349855736,0.07190097857356424
evaluacion,model,60,2,no_censurado,neto,132005,2.378273270246001,0.9043545329178226,0.05409239680139598
evaluacion,model,60,3,no_censurado,neto,124411,2.368558909500335,0.9322702660055942,0.036043620044451476
evaluacion,model,60,4,no_censurado,neto,117771,2.3440003620388374,0.95692703033363,0.023212945440449405
evaluacion,model,60,5,no_censurado,neto,110888,2.339563383242256,0.9630042927176621,0.0137733154262206
evaluacion,model,60,6,no_censurado,neto,103284,2.353634128585035,0.9625224595410826,0.003965767731758292
evaluacion,model,60,7,no_censurado,neto,95179,2.365453592492923,0.9558281927092115,-0.004766251839676763
evaluacion,model,60,0,no_censurado,salidas,150004,1.913257032786918,0.4297456949187049,-0.30376620657450437
evaluacion,model,60,1,no_censurado,salidas,140866,2.0069882766804357,0.43127716008632094,-0.33294541588085397
evaluacion,model,60,2,no_censurado,salidas,132005,2.0559533485428183,0.43544118616001604,-0.34886354745091364
evaluacion,model,60,3,no_censurado,salidas,124411,2.0625969281818737,0.44137586118694827,-0.350007184644109
evaluacion,model,60,4,no_censurado,salidas,117771,2.060431375731379,0.4461349837497476,-0.3527520534408127
evaluacion,model,60,5,no_censurado,salidas,110888,2.067991060527723,0.4470530066727846,-0.3682835104396934
evaluacion,model,60,6,no_censurado,salidas,103284,2.0853831513213277,0.44782480404080155,-0.3889978275700384
evaluacion,model,60,7,no_censurado,salidas,95179,2.0984532194527223,0.447637474616505,-0.4148384194879645
evaluacion,model,180,0,all,llegadas,71085,1.725374278278146,0.42298473429485556,-0.07666287624018242
evaluacion,model,180,1,all,llegadas,60930,1.9503603510930507,0.43286243668215807,-0.08937260393500857
evaluacion,model,180,2,all,llegadas,60930,1.9538833147723356,0.42693396916997517,-0.1204963512223153
evaluacion,model,180,3,all,llegadas,60930,1.9448099796986182,0.4238266600725952,-0.1324247858636511
evaluacion,model,180,4,all,llegadas,50775,2.121975000520078,0.4414984455474798,-0.14430265275243276
evaluacion,model,180,5,all,llegadas,50775,2.0007273859985366,0.4501011662667622,-0.16088309628867298
evaluacion,model,180,6,all,llegadas,50775,1.9138071421991614,0.4448747997983895,-0.17855590348391567
evaluacion,model,180,7,all,llegadas,40620,2.1693002898877896,0.4404835776533498,-0.22582286274233654
evaluacion,model,180,8,all,llegadas,40620,2.0451876721897215,0.4452374669422119,-0.2389184830480435
evaluacion,model,180,9,all,llegadas,40620,1.9252376091266934,0.43990949976501387,-0.23403904908179246
evaluacion,model,180,0,all,neto,71085,2.0914651973982026,0.9151286689465175,-0.015561230466636454
evaluacion,model,180,1,all,neto,60930,2.264421747888305,0.9181615442894704,0.012421581073009273
evaluacion,model,180,2,all,neto,60930,2.2649849227464904,0.88852961545557,0.002049930325910425
evaluacion,model,180,3,all,neto,60930,2.2348291459893206,0.914156220772242,-0.02062159803275828
evaluacion,model,180,4,all,neto,50775,2.3409011588317945,0.9736815677607016,0.006802501628525844
evaluacion,model,180,5,all,neto,50775,2.2114116501732304,0.9744036181816631,-0.008854343884298755
evaluacion,model,180,6,all,neto,50775,2.144647656678196,0.9715001897406115,-0.02437656445897682
evaluacion,model,180,7,all,neto,40620,2.3608382697434065,0.9862928161778995,0.005757150857205663
evaluacion,model,180,8,all,neto,40620,2.2360996217754474,0.9594723254832062,-0.019935196729993315
evaluacion,model,180,9,all,neto,40620,2.1394012791541512,0.9463408467738389,-0.02746458685632414
evaluacion,model,180,0,all,salidas,71085,1.8504240220027124,0.45683650459333247,-0.061101645773545966
evaluacion,model,180,1,all,salidas,60930,2.0300652194086655,0.45089537526135054,-0.10179418500801787
evaluacion,model,180,2,all,salidas,60930,2.069639275382866,0.44679077192295275,-0.12254628154822571
evaluacion,model,180,3,all,salidas,60930,2.058143974037753,0.4566009537369114,-0.11180318783089281
evaluacion,model,180,4,all,salidas,50775,2.161087922226639,0.460706533198381,-0.15110515438095865
evaluacion,model,180,5,all,salidas,50775,2.044453505598101,0.4627842126821969,-0.15202875240437427
evaluacion,model,180,6,all,salidas,50775,2.000232315645189,0.46762588669105964,-0.1541793390249388
evaluacion,model,180,7,all,salidas,40620,2.195324241149073,0.4561846892001931,-0.23158001359954217
evaluacion,model,180,8,all,salidas,40620,2.080754722624613,0.457900861584617,-0.21898328631805014
evaluacion,model,180,9,all,salidas,40620,2.0115813535645457,0.4654671712768341,-0.20657446222546838
evaluacion,model,180,0,censurado,llegadas,15849,1.61752993772227,0.4657999524494478,0.3216398162728112
evaluacion,model,180,1,censurado,llegadas,12546,1.681862778484875,0.5131106781818263,0.45482430281469177
evaluacion,model,180,2,censurado,llegadas,14546,1.7261422319428141,0.48664531264347655,0.3830155499164478
evaluacion,model,180,3,censurado,llegadas,14832,1.7199328602410395,0.4729424754462467,0.4106225384914369
evaluacion,model,180,4,censurado,llegadas,11252,1.74912452418626,0.5152133284330838,0.4732526478571369
evaluacion,model,180,5,censurado,llegadas,11985,1.7530761836345787,0.5163963443080204,0.39052754494535935
evaluacion,model,180,6,censurado,llegadas,11317,1.6985343571283849,0.5033205027263473,0.39414266532724807
evaluacion,model,180,7,censurado,llegadas,7980,1.8216425377907492,0.5144644483143467,0.4589056756626514
evaluacion,model,180,8,censurado,llegadas,9434,1.8162334628801102,0.5101785466372177,0.3607099654738861
evaluacion,model,180,9,censurado,llegadas,9267,1.6949507440225429,0.49218527073157975,0.3761819386745721
evaluacion,model,180,0,censurado,neto,15849,2.0919767520028594,1.0508284591307466,-0.27632236668025795
evaluacion,model,180,1,censurado,neto,12546,1.871060133543149,1.103531423252743,-0.27975136335476963
evaluacion,model,180,2,censurado,neto,14546,2.033328921097622,0.9751987367300609,-0.21043304366683585
evaluacion,model,180,3,censurado,neto,14832,2.0833115453647637,1.0179100290173335,-0.11284882772243443
evaluacion,model,180,4,censurado,neto,11252,1.848084939574622,1.1231852511663414,-0.16600929605488673
evaluacion,model,180,5,censurado,neto,11985,1.8800680505177403,1.0574721036913421,-0.10772509638114407
evaluacion,model,180,6,censurado,neto,11317,1.9683263360445422,1.056113651859287,-0.024303607181834865
evaluacion,model,180,7,censurado,neto,7980,1.8472719067142136,1.1555404731190269,-0.1203151328962369
evaluacion,model,180,8,censurado,neto,9434,1.961204815479529,1.0525061851774207,-0.05332884796576654
evaluacion,model,180,9,censurado,neto,9267,2.021588628492053,1.0498213404447103,0.024487789992135436
evaluacion,model,180,0,censurado,salidas,15849,2.1974844128341045,0.5168345594700421,0.5979621829530692
evaluacion,model,180,1,censurado,salidas,12546,2.0663242151372265,0.5576635102956018,0.7345756661694615
evaluacion,model,180,2,censurado,salidas,14546,2.2145272359839394,0.5129707811743166,0.5934485935832836
evaluacion,model,180,3,censurado,salidas,14832,2.2813375037104815,0.509628704797558,0.5234713662138712
evaluacion,model,180,4,censurado,salidas,11252,2.0700042608300584,0.5467019045831334,0.6392619439120235
evaluacion,model,180,5,censurado,salidas,11985,2.0935580717234394,0.5367695687154866,0.4982526413265035
evaluacion,model,180,6,censurado,salidas,11317,2.157496794069781,0.5261132801501371,0.418446272509083
evaluacion,model,180,7,censurado,salidas,7980,2.1099015601660374,0.5453990622307336,0.5792208085588884
evaluacion,model,180,8,censurado,salidas,9434,2.182985624411728,0.5280044708414584,0.4140388134396529
evaluacion,model,180,9,censurado,salidas,9267,2.226853677386473,0.5218290858327124,0.3516941486824367
evaluacion,model,180,0,no_censurado,llegadas,55236,1.7563183175545247,0.41295408087978874,-0.19094883781666216
evaluacion,model,180,1,no_censurado,llegadas,48384,2.019981931490334,0.4187240780135826,-0.2304831857819361
evaluacion,model,180,2,no_censurado,llegadas,46384,2.0253028083657783,0.4133773023279601,-0.27839744026087276
evaluacion,model,180,3,no_censurado,llegadas,46098,2.017164039219526,0.4120860974072312,-0.30714989139609644
evaluacion,model,180,4,no_censurado,llegadas,39523,2.228123662304561,0.4278183613741895,-0.3201175514812459
evaluacion,model,180,5,no_censurado,llegadas,38790,2.07724452083566,0.435521752561822,-0.33125320547119114
evaluacion,model,180,6,no_censurado,llegadas,39458,1.975549808037419,0.4324906197668665,-0.3428123205155934
evaluacion,model,180,7,no_censurado,llegadas,32640,2.254297497661514,0.4283152123154539,-0.39322892084502664
evaluacion,model,180,8,no_censurado,llegadas,31186,2.114448045774884,0.430982449612002,-0.42031060718566565
evaluacion,model,180,9,no_censurado,llegadas,31353,1.9933034522332596,0.4284718228542102,-0.4144019455681967
evaluacion,model,180,0,no_censurado,neto,55236,2.091318415789664,0.8824217314034121,0.05925959739652685
evaluacion,model,180,1,no_censurado,neto,48384,2.366420648631822,0.8875934840608859,0.08818219947559924
evaluacion,model,180,2,no_censurado,neto,46384,2.3376321329910668,0.8674992307917244,0.06868448835666428
evaluacion,model,180,3,no_censurado,neto,46098,2.2835798304542316,0.887599920946038,0.009052450098554933
evaluacion,model,180,4,no_censurado,neto,39523,2.4812034663257023,0.9469534425113534,0.056001154249373374
evaluacion,model,180,5,no_censurado,neto,38790,2.313787340863383,0.9555587478663057,0.0216938893890885
evaluacion,model,180,6,no_censurado,neto,39458,2.1952186026362037,0.9518878163326189,-0.024397489429969155
evaluacion,model,180,7,no_censurado,neto,32640,2.4863976930575284,0.9607332603482501,0.03657997023074952
evaluacion,model,180,8,no_censurado,neto,31186,2.319257372131238,0.9382570621534454,-0.00983336559556489
evaluacion,model,180,9,no_censurado,neto,31353,2.1742231409755295,0.9213816062581034,-0.04282014059136304
evaluacion,model,180,0,no_censurado,salidas,55236,1.7508411388416087,0.4385041585581793,-0.25020843521318903
evaluacion,model,180,1,no_censurado,salidas,48384,2.020663240233514,0.42911090430682475,-0.31866538525753535
evaluacion,model,180,2,no_censurado,salidas,46384,2.0242024809084094,0.42785290173644386,-0.347081928617537
evaluacion,model,180,3,no_censurado,salidas,46098,1.9863316083796796,0.4396943778029497,-0.31620234149465143
evaluacion,model,180,4,no_censurado,salidas,39523,2.18701898409022,0.4419730396385872,-0.3761187057306191
evaluacion,model,180,5,no_censurado,salidas,38790,2.0292815998231024,0.4433071453109461,-0.35294709486027964
evaluacion,model,180,6,no_censurado,salidas,39458,1.9551270872420485,0.45173181756557823,-0.31841483108562424
evaluacion,model,180,7,no_censurado,salidas,32640,2.2162088304335286,0.43945309874641036,-0.42980889107577613
evaluacion,model,180,8,no_censurado,salidas,31186,2.049829104479944,0.4391183451641837,-0.4104772415901008
evaluacion,model,180,9,no_censurado,salidas,31353,1.947953355450879,0.44907816640895454,-0.3715818049768337
evaluacion,oracle,15,0,all,llegadas,1320150,0.0,0.0,0.0
evaluacion,oracle,15,1,all,llegadas,700695,0.0,0.0,0.0
evaluacion,oracle,15,2,all,llegadas,660075,0.0,0.0,0.0
evaluacion,oracle,15,3,all,llegadas,619455,0.0,0.0,0.0
evaluacion,oracle,15,4,all,llegadas,578835,0.0,0.0,0.0
evaluacion,oracle,15,5,all,llegadas,538215,0.0,0.0,0.0
evaluacion,oracle,15,6,all,llegadas,497595,0.0,0.0,0.0
evaluacion,oracle,15,7,all,llegadas,121860,0.0,0.0,0.0
evaluacion,oracle,15,0,all,neto,1320150,0.0,0.0,0.0
evaluacion,oracle,15,1,all,neto,700695,0.0,0.0,0.0
evaluacion,oracle,15,2,all,neto,660075,0.0,0.0,0.0
evaluacion,oracle,15,3,all,neto,619455,0.0,0.0,0.0
evaluacion,oracle,15,4,all,neto,578835,0.0,0.0,0.0
evaluacion,oracle,15,5,all,neto,538215,0.0,0.0,0.0
evaluacion,oracle,15,6,all,neto,497595,0.0,0.0,0.0
evaluacion,oracle,15,7,all,neto,121860,0.0,0.0,0.0
evaluacion,oracle,15,0,all,salidas,1320150,0.0,0.0,0.0
evaluacion,oracle,15,1,all,salidas,700695,0.0,0.0,0.0
evaluacion,oracle,15,2,all,salidas,660075,0.0,0.0,0.0
evaluacion,oracle,15,3,all,salidas,619455,0.0,0.0,0.0
evaluacion,oracle,15,4,all,salidas,578835,0.0,0.0,0.0
evaluacion,oracle,15,5,all,salidas,538215,0.0,0.0,0.0
evaluacion,oracle,15,6,all,salidas,497595,0.0,0.0,0.0
evaluacion,oracle,15,7,all,salidas,121860,0.0,0.0,0.0
evaluacion,oracle,15,0,censurado,llegadas,297536,0.0,0.0,0.0
evaluacion,oracle,15,1,censurado,llegadas,163814,0.0,0.0,0.0
evaluacion,oracle,15,2,censurado,llegadas,154837,0.0,0.0,0.0
evaluacion,oracle,15,3,censurado,llegadas,141731,0.0,0.0,0.0
evaluacion,oracle,15,4,censurado,llegadas,128400,0.0,0.0,0.0
evaluacion,oracle,15,5,censurado,llegadas,117475,0.0,0.0,0.0
evaluacion,oracle,15,6,censurado,llegadas,108774,0.0,0.0,0.0
evaluacion,oracle,15,7,censurado,llegadas,26681,0.0,0.0,0.0
evaluacion,oracle,15,0,censurado,neto,297536,0.0,0.0,0.0
evaluacion,oracle,15,1,censurado,neto,163814,0.0,0.0,0.0
evaluacion,oracle,15,2,censurado,neto,154837,0.0,0.0,0.0
evaluacion,oracle,15,3,censurado,neto,141731,0.0,0.0,0.0
evaluacion,oracle,15,4,censurado,neto,128400,0.0,0.0,0.0
evaluacion,oracle,15,5,censurado,neto,117475,0.0,0.0,0.0
evaluacion,oracle,15,6,censurado,neto,108774,0.0,0.0,0.0
evaluacion,oracle,15,7,censurado,neto,26681,0.0,0.0,0.0
evaluacion,oracle,15,0,censurado,salidas,297536,0.0,0.0,0.0
evaluacion,oracle,15,1,censurado,salidas,163814,0.0,0.0,0.0
evaluacion,oracle,15,2,censurado,salidas,154837,0.0,0.0,0.0
evaluacion,oracle,15,3,censurado,salidas,141731,0.0,0.0,0.0
evaluacion,oracle,15,4,censurado,salidas,128400,0.0,0.0,0.0
evaluacion,oracle,15,5,censurado,salidas,117475,0.0,0.0,0.0
evaluacion,oracle,15,6,censurado,salidas,108774,0.0,0.0,0.0
evaluacion,oracle,15,7,censurado,salidas,26681,0.0,0.0,0.0
evaluacion,oracle,15,0,no_censurado,llegadas,1022614,0.0,0.0,0.0
evaluacion,oracle,15,1,no_censurado,llegadas,536881,0.0,0.0,0.0
evaluacion,oracle,15,2,no_censurado,llegadas,505238,0.0,0.0,0.0
evaluacion,oracle,15,3,no_censurado,llegadas,477724,0.0,0.0,0.0
evaluacion,oracle,15,4,no_censurado,llegadas,450435,0.0,0.0,0.0
evaluacion,oracle,15,5,no_censurado,llegadas,420740,0.0,0.0,0.0
evaluacion,oracle,15,6,no_censurado,llegadas,388821,0.0,0.0,0.0
evaluacion,oracle,15,7,no_censurado,llegadas,95179,0.0,0.0,0.0
evaluacion,oracle,15,0,no_censurado,neto,1022614,0.0,0.0,0.0
evaluacion,oracle,15,1,no_censurado,neto,536881,0.0,0.0,0.0
evaluacion,oracle,15,2,no_censurado,neto,505238,0.0,0.0,0.0
evaluacion,oracle,15,3,no_censurado,neto,477724,0.0,0.0,0.0
evaluacion,oracle,15,4,no_censurado,neto,450435,0.0,0.0,0.0
evaluacion,oracle,15,5,no_censurado,neto,420740,0.0,0.0,0.0
evaluacion,oracle,15,6,no_censurado,neto,388821,0.0,0.0,0.0
evaluacion,oracle,15,7,no_censurado,neto,95179,0.0,0.0,0.0
evaluacion,oracle,15,0,no_censurado,salidas,1022614,0.0,0.0,0.0
evaluacion,oracle,15,1,no_censurado,salidas,536881,0.0,0.0,0.0
evaluacion,oracle,15,2,no_censurado,salidas,505238,0.0,0.0,0.0
evaluacion,oracle,15,3,no_censurado,salidas,477724,0.0,0.0,0.0
evaluacion,oracle,15,4,no_censurado,salidas,450435,0.0,0.0,0.0
evaluacion,oracle,15,5,no_censurado,salidas,420740,0.0,0.0,0.0
evaluacion,oracle,15,6,no_censurado,salidas,388821,0.0,0.0,0.0
evaluacion,oracle,15,7,no_censurado,salidas,95179,0.0,0.0,0.0
evaluacion,oracle,60,0,all,llegadas,192945,0.0,0.0,0.0
evaluacion,oracle,60,1,all,llegadas,182790,0.0,0.0,0.0
evaluacion,oracle,60,2,all,llegadas,172635,0.0,0.0,0.0
evaluacion,oracle,60,3,all,llegadas,162480,0.0,0.0,0.0
evaluacion,oracle,60,4,all,llegadas,152325,0.0,0.0,0.0
evaluacion,oracle,60,5,all,llegadas,142170,0.0,0.0,0.0
evaluacion,oracle,60,6,all,llegadas,132015,0.0,0.0,0.0
evaluacion,oracle,60,7,all,llegadas,121860,0.0,0.0,0.0
evaluacion,oracle,60,0,all,neto,192945,0.0,0.0,0.0
evaluacion,oracle,60,1,all,neto,182790,0.0,0.0,0.0
evaluacion,oracle,60,2,all,neto,172635,0.0,0.0,0.0
evaluacion,oracle,60,3,all,neto,162480,0.0,0.0,0.0
evaluacion,oracle,60,4,all,neto,152325,0.0,0.0,0.0
evaluacion,oracle,60,5,all,neto,142170,0.0,0.0,0.0
evaluacion,oracle,60,6,all,neto,132015,0.0,0.0,0.0
evaluacion,oracle,60,7,all,neto,121860,0.0,0.0,0.0
evaluacion,oracle,60,0,all,salidas,192945,0.0,0.0,0.0
evaluacion,oracle,60,1,all,salidas,182790,0.0,0.0,0.0
evaluacion,oracle,60,2,all,salidas,172635,0.0,0.0,0.0
evaluacion,oracle,60,3,all,salidas,162480,0.0,0.0,0.0
evaluacion,oracle,60,4,all,salidas,152325,0.0,0.0,0.0
evaluacion,oracle,60,5,all,salidas,142170,0.0,0.0,0.0
evaluacion,oracle,60,6,all,salidas,132015,0.0,0.0,0.0
evaluacion,oracle,60,7,all,salidas,121860,0.0,0.0,0.0
evaluacion,oracle,60,0,censurado,llegadas,42941,0.0,0.0,0.0
evaluacion,oracle,60,1,censurado,llegadas,41924,0.0,0.0,0.0
evaluacion,oracle,60,2,censurado,llegadas,40630,0.0,0.0,0.0
evaluacion,oracle,60,3,censurado,llegadas,38069,0.0,0.0,0.0
evaluacion,oracle,60,4,censurado,llegadas,34554,0.0,0.0,0.0
evaluacion,oracle,60,5,censurado,llegadas,31282,0.0,0.0,0.0
evaluacion,oracle,60,6,censurado,llegadas,28731,0.0,0.0,0.0
evaluacion,oracle,60,7,censurado,llegadas,26681,0.0,0.0,0.0
evaluacion,oracle,60,0,censurado,neto,42941,0.0,0.0,0.0
evaluacion,oracle,60,1,censurado,neto,41924,0.0,0.0,0.0
evaluacion,oracle,60,2,censurado,neto,40630,0.0,0.0,0.0
evaluacion,oracle,60,3,censurado,neto,38069,0.0,0.0,0.0
evaluacion,oracle,60,4,censurado,neto,34554,0.0,0.0,0.0
evaluacion,oracle,60,5,censurado,neto,31282,0.0,0.0,0.0
evaluacion,oracle,60,6,censurado,neto,28731,0.0,0.0,0.0
evaluacion,oracle,60,7,censurado,neto,26681,0.0,0.0,0.0
evaluacion,oracle,60,0,censurado,salidas,42941,0.0,0.0,0.0
evaluacion,oracle,60,1,censurado,salidas,41924,0.0,0.0,0.0
evaluacion,oracle,60,2,censurado,salidas,40630,0.0,0.0,0.0
evaluacion,oracle,60,3,censurado,salidas,38069,0.0,0.0,0.0
evaluacion,oracle,60,4,censurado,salidas,34554,0.0,0.0,0.0
evaluacion,oracle,60,5,censurado,salidas,31282,0.0,0.0,0.0
evaluacion,oracle,60,6,censurado,salidas,28731,0.0,0.0,0.0
evaluacion,oracle,60,7,censurado,salidas,26681,0.0,0.0,0.0
evaluacion,oracle,60,0,no_censurado,llegadas,150004,0.0,0.0,0.0
evaluacion,oracle,60,1,no_censurado,llegadas,140866,0.0,0.0,0.0
evaluacion,oracle,60,2,no_censurado,llegadas,132005,0.0,0.0,0.0
evaluacion,oracle,60,3,no_censurado,llegadas,124411,0.0,0.0,0.0
evaluacion,oracle,60,4,no_censurado,llegadas,117771,0.0,0.0,0.0
evaluacion,oracle,60,5,no_censurado,llegadas,110888,0.0,0.0,0.0
evaluacion,oracle,60,6,no_censurado,llegadas,103284,0.0,0.0,0.0
evaluacion,oracle,60,7,no_censurado,llegadas,95179,0.0,0.0,0.0
evaluacion,oracle,60,0,no_censurado,neto,150004,0.0,0.0,0.0
evaluacion,oracle,60,1,no_censurado,neto,140866,0.0,0.0,0.0
evaluacion,oracle,60,2,no_censurado,neto,132005,0.0,0.0,0.0
evaluacion,oracle,60,3,no_censurado,neto,124411,0.0,0.0,0.0
evaluacion,oracle,60,4,no_censurado,neto,117771,0.0,0.0,0.0
evaluacion,oracle,60,5,no_censurado,neto,110888,0.0,0.0,0.0
evaluacion,oracle,60,6,no_censurado,neto,103284,0.0,0.0,0.0
evaluacion,oracle,60,7,no_censurado,neto,95179,0.0,0.0,0.0
evaluacion,oracle,60,0,no_censurado,salidas,150004,0.0,0.0,0.0
evaluacion,oracle,60,1,no_censurado,salidas,140866,0.0,0.0,0.0
evaluacion,oracle,60,2,no_censurado,salidas,132005,0.0,0.0,0.0
evaluacion,oracle,60,3,no_censurado,salidas,124411,0.0,0.0,0.0
evaluacion,oracle,60,4,no_censurado,salidas,117771,0.0,0.0,0.0
evaluacion,oracle,60,5,no_censurado,salidas,110888,0.0,0.0,0.0
evaluacion,oracle,60,6,no_censurado,salidas,103284,0.0,0.0,0.0
evaluacion,oracle,60,7,no_censurado,salidas,95179,0.0,0.0,0.0
evaluacion,oracle,180,0,all,llegadas,71085,0.0,0.0,0.0
evaluacion,oracle,180,1,all,llegadas,60930,0.0,0.0,0.0
evaluacion,oracle,180,2,all,llegadas,60930,0.0,0.0,0.0
evaluacion,oracle,180,3,all,llegadas,60930,0.0,0.0,0.0
evaluacion,oracle,180,4,all,llegadas,50775,0.0,0.0,0.0
evaluacion,oracle,180,5,all,llegadas,50775,0.0,0.0,0.0
evaluacion,oracle,180,6,all,llegadas,50775,0.0,0.0,0.0
evaluacion,oracle,180,7,all,llegadas,40620,0.0,0.0,0.0
evaluacion,oracle,180,8,all,llegadas,40620,0.0,0.0,0.0
evaluacion,oracle,180,9,all,llegadas,40620,0.0,0.0,0.0
evaluacion,oracle,180,0,all,neto,71085,0.0,0.0,0.0
evaluacion,oracle,180,1,all,neto,60930,0.0,0.0,0.0
evaluacion,oracle,180,2,all,neto,60930,0.0,0.0,0.0
evaluacion,oracle,180,3,all,neto,60930,0.0,0.0,0.0
evaluacion,oracle,180,4,all,neto,50775,0.0,0.0,0.0
evaluacion,oracle,180,5,all,neto,50775,0.0,0.0,0.0
evaluacion,oracle,180,6,all,neto,50775,0.0,0.0,0.0
evaluacion,oracle,180,7,all,neto,40620,0.0,0.0,0.0
evaluacion,oracle,180,8,all,neto,40620,0.0,0.0,0.0
evaluacion,oracle,180,9,all,neto,40620,0.0,0.0,0.0
evaluacion,oracle,180,0,all,salidas,71085,0.0,0.0,0.0
evaluacion,oracle,180,1,all,salidas,60930,0.0,0.0,0.0
evaluacion,oracle,180,2,all,salidas,60930,0.0,0.0,0.0
evaluacion,oracle,180,3,all,salidas,60930,0.0,0.0,0.0
evaluacion,oracle,180,4,all,salidas,50775,0.0,0.0,0.0
evaluacion,oracle,180,5,all,salidas,50775,0.0,0.0,0.0
evaluacion,oracle,180,6,all,salidas,50775,0.0,0.0,0.0
evaluacion,oracle,180,7,all,salidas,40620,0.0,0.0,0.0
evaluacion,oracle,180,8,all,salidas,40620,0.0,0.0,0.0
evaluacion,oracle,180,9,all,salidas,40620,0.0,0.0,0.0
evaluacion,oracle,180,0,censurado,llegadas,15849,0.0,0.0,0.0
evaluacion,oracle,180,1,censurado,llegadas,12546,0.0,0.0,0.0
evaluacion,oracle,180,2,censurado,llegadas,14546,0.0,0.0,0.0
evaluacion,oracle,180,3,censurado,llegadas,14832,0.0,0.0,0.0
evaluacion,oracle,180,4,censurado,llegadas,11252,0.0,0.0,0.0
evaluacion,oracle,180,5,censurado,llegadas,11985,0.0,0.0,0.0
evaluacion,oracle,180,6,censurado,llegadas,11317,0.0,0.0,0.0
evaluacion,oracle,180,7,censurado,llegadas,7980,0.0,0.0,0.0
evaluacion,oracle,180,8,censurado,llegadas,9434,0.0,0.0,0.0
evaluacion,oracle,180,9,censurado,llegadas,9267,0.0,0.0,0.0
evaluacion,oracle,180,0,censurado,neto,15849,0.0,0.0,0.0
evaluacion,oracle,180,1,censurado,neto,12546,0.0,0.0,0.0
evaluacion,oracle,180,2,censurado,neto,14546,0.0,0.0,0.0
evaluacion,oracle,180,3,censurado,neto,14832,0.0,0.0,0.0
evaluacion,oracle,180,4,censurado,neto,11252,0.0,0.0,0.0
evaluacion,oracle,180,5,censurado,neto,11985,0.0,0.0,0.0
evaluacion,oracle,180,6,censurado,neto,11317,0.0,0.0,0.0
evaluacion,oracle,180,7,censurado,neto,7980,0.0,0.0,0.0
evaluacion,oracle,180,8,censurado,neto,9434,0.0,0.0,0.0
evaluacion,oracle,180,9,censurado,neto,9267,0.0,0.0,0.0
evaluacion,oracle,180,0,censurado,salidas,15849,0.0,0.0,0.0
evaluacion,oracle,180,1,censurado,salidas,12546,0.0,0.0,0.0
evaluacion,oracle,180,2,censurado,salidas,14546,0.0,0.0,0.0
evaluacion,oracle,180,3,censurado,salidas,14832,0.0,0.0,0.0
evaluacion,oracle,180,4,censurado,salidas,11252,0.0,0.0,0.0
evaluacion,oracle,180,5,censurado,salidas,11985,0.0,0.0,0.0
evaluacion,oracle,180,6,censurado,salidas,11317,0.0,0.0,0.0
evaluacion,oracle,180,7,censurado,salidas,7980,0.0,0.0,0.0
evaluacion,oracle,180,8,censurado,salidas,9434,0.0,0.0,0.0
evaluacion,oracle,180,9,censurado,salidas,9267,0.0,0.0,0.0
evaluacion,oracle,180,0,no_censurado,llegadas,55236,0.0,0.0,0.0
evaluacion,oracle,180,1,no_censurado,llegadas,48384,0.0,0.0,0.0
evaluacion,oracle,180,2,no_censurado,llegadas,46384,0.0,0.0,0.0
evaluacion,oracle,180,3,no_censurado,llegadas,46098,0.0,0.0,0.0
evaluacion,oracle,180,4,no_censurado,llegadas,39523,0.0,0.0,0.0
evaluacion,oracle,180,5,no_censurado,llegadas,38790,0.0,0.0,0.0
evaluacion,oracle,180,6,no_censurado,llegadas,39458,0.0,0.0,0.0
evaluacion,oracle,180,7,no_censurado,llegadas,32640,0.0,0.0,0.0
evaluacion,oracle,180,8,no_censurado,llegadas,31186,0.0,0.0,0.0
evaluacion,oracle,180,9,no_censurado,llegadas,31353,0.0,0.0,0.0
evaluacion,oracle,180,0,no_censurado,neto,55236,0.0,0.0,0.0
evaluacion,oracle,180,1,no_censurado,neto,48384,0.0,0.0,0.0
evaluacion,oracle,180,2,no_censurado,neto,46384,0.0,0.0,0.0
evaluacion,oracle,180,3,no_censurado,neto,46098,0.0,0.0,0.0
evaluacion,oracle,180,4,no_censurado,neto,39523,0.0,0.0,0.0
evaluacion,oracle,180,5,no_censurado,neto,38790,0.0,0.0,0.0
evaluacion,oracle,180,6,no_censurado,neto,39458,0.0,0.0,0.0
evaluacion,oracle,180,7,no_censurado,neto,32640,0.0,0.0,0.0
evaluacion,oracle,180,8,no_censurado,neto,31186,0.0,0.0,0.0
evaluacion,oracle,180,9,no_censurado,neto,31353,0.0,0.0,0.0
evaluacion,oracle,180,0,no_censurado,salidas,55236,0.0,0.0,0.0
evaluacion,oracle,180,1,no_censurado,salidas,48384,0.0,0.0,0.0
evaluacion,oracle,180,2,no_censurado,salidas,46384,0.0,0.0,0.0
evaluacion,oracle,180,3,no_censurado,salidas,46098,0.0,0.0,0.0
evaluacion,oracle,180,4,no_censurado,salidas,39523,0.0,0.0,0.0
evaluacion,oracle,180,5,no_censurado,salidas,38790,0.0,0.0,0.0
evaluacion,oracle,180,6,no_censurado,salidas,39458,0.0,0.0,0.0
evaluacion,oracle,180,7,no_censurado,salidas,32640,0.0,0.0,0.0
evaluacion,oracle,180,8,no_censurado,salidas,31186,0.0,0.0,0.0
evaluacion,oracle,180,9,no_censurado,salidas,31353,0.0,0.0,0.0
seleccion,daily,0,0,all,llegadas,10155,0.624575800242441,0.6243298800533505,0.03143895353022306
seleccion,daily,0,1,all,llegadas,10155,1.2315976775189246,0.434281551970717,0.10972097690475985
seleccion,daily,0,2,all,llegadas,10155,1.7236070872240505,0.33850139186896094,0.07579326002516548
seleccion,daily,0,3,all,llegadas,10155,2.039280955136898,0.3394567435894043,0.09225019507574123
seleccion,daily,0,4,all,llegadas,10155,1.8385822816519388,0.4219009144975695,0.09224498345815299
seleccion,daily,0,5,all,llegadas,10155,1.7685776746971642,0.4582660888099233,0.10571635267390532
seleccion,daily,0,6,all,llegadas,10155,1.7821924641737286,0.44592136386153386,0.07837131191675228
seleccion,daily,0,7,all,llegadas,10155,1.9306809511058132,0.42745470727275675,0.007659508610686392
seleccion,daily,0,8,all,llegadas,10155,2.04889050132306,0.3711003449611299,-0.05967434588440578
seleccion,daily,0,9,all,llegadas,10155,2.1743643266215757,0.3680909153123527,0.07576363154727454
seleccion,daily,0,10,all,llegadas,10155,2.2530119118574383,0.4027626652978961,0.08240765215187978
seleccion,daily,0,11,all,llegadas,10155,2.2178236313745137,0.4248311573661332,0.26049177802540163
seleccion,daily,0,12,all,llegadas,10155,2.3124570041548975,0.368314578204978,-0.02081943328697586
seleccion,daily,0,13,all,llegadas,10155,2.620461516091229,0.42704346849674923,0.08732017759810654
seleccion,daily,0,14,all,llegadas,10155,2.092403002006905,0.4179044642615816,-0.22055477813193736
seleccion,daily,0,15,all,llegadas,10155,1.7112630398415207,0.47424818299786164,-0.10949054278565283
seleccion,daily,0,16,all,llegadas,10155,1.4501876038364416,0.5447859987037239,-0.05945239144142978
seleccion,daily,0,17,all,llegadas,10155,1.142578008701386,0.6299750069694089,-0.06057971327465226
seleccion,daily,0,18,all,llegadas,10155,0.8515789905586222,0.8215641885923246,-0.09521307165830217
seleccion,daily,0,0,all,neto,10155,0.9649796286218583,0.7555993622218344,-0.02507885091030547
seleccion,daily,0,1,all,neto,10155,1.7230401582488966,0.6503669642810566,0.02172228124883027
seleccion,daily,0,2,all,neto,10155,2.418078381576788,0.6245856788735159,-0.06370186092179404
seleccion,daily,0,3,all,neto,10155,2.6002803475947376,0.6984010931213351,0.013153302178801694
seleccion,daily,0,4,all,neto,10155,2.1723447672192133,0.8802937394697172,-0.00466552068666661
seleccion,daily,0,5,all,neto,10155,1.963376653104944,0.961891639920914,0.0023496477119271065
seleccion,daily,0,6,all,neto,10155,2.0278953271081854,1.0029356181163798,0.029081013299702557
seleccion,daily,0,7,all,neto,10155,2.156665414150838,1.0171343712010847,0.03759806335138683
seleccion,daily,0,8,all,neto,10155,2.3980460753064348,0.9735411327551309,-0.030063518388947916
seleccion,daily,0,9,all,neto,10155,2.449212829793176,0.942004934535837,0.04571007569802563
seleccion,daily,0,10,all,neto,10155,2.402848408153158,0.934722297827823,-0.11182865871391097
seleccion,daily,0,11,all,neto,10155,2.4199855024891956,0.8711124305334011,0.07538845266785872
seleccion,daily,0,12,all,neto,10155,2.6940458132858818,0.808357027358413,0.0261762707276973
seleccion,daily,0,13,all,neto,10155,2.5140116498368847,0.859241663438798,0.05144701570107774
seleccion,daily,0,14,all,neto,10155,2.2780453842632182,0.8986346143492593,0.0012679779211692366
seleccion,daily,0,15,all,neto,10155,1.9459652721990437,0.9215294412973927,-0.06612268608498104
seleccion,daily,0,16,all,neto,10155,1.6759100607254227,0.9464390316242169,0.0068921483093915565
seleccion,daily,0,17,all,neto,10155,1.4165070788739451,0.9828251835176901,0.009513088070578546
seleccion,daily,0,18,all,neto,10155,1.022389065968713,1.0542608615873559,0.01534655817288173
seleccion,daily,0,0,all,salidas,10155,0.7489544228205505,0.5961461172395901,0.056517804440528535
seleccion,daily,0,1,all,salidas,10155,1.4547227764964683,0.42848014024774883,0.08799869565592956
seleccion,daily,0,2,all,salidas,10155,2.1252445141246357,0.38398466401451253,0.13949512094695954
seleccion,daily,0,3,all,salidas,10155,2.2777104298576742,0.4000579313213186,0.07909689289693954
seleccion,daily,0,4,all,salidas,10155,1.9405471766565603,0.4554253889287583,0.09691050414481962
seleccion,daily,0,5,all,salidas,10155,1.8218139020619002,0.46601980340659954,0.10336670496197826
seleccion,daily,0,6,all,salidas,10155,1.853983288271557,0.4518491922240061,0.049290298617049755
seleccion,daily,0,7,all,salidas,10155,1.9606437643427455,0.4155518841838453,-0.029938554740700427
seleccion,daily,0,8,all,salidas,10155,2.169114946400961,0.38053662055285065,-0.029610827495457844
seleccion,daily,0,9,all,salidas,10155,2.253770792482602,0.3766050549210298,0.030053555849248924
seleccion,daily,0,10,all,salidas,10155,2.3092904569811203,0.4307887023649958,0.19423631086579082
seleccion,daily,0,11,all,salidas,10155,2.4174411245576604,0.4371358930871818,0.1851033253575429
seleccion,daily,0,12,all,salidas,10155,2.665436422584444,0.40754497216551777,-0.04699570401467323
seleccion,daily,0,13,all,salidas,10155,2.594776044411044,0.44886124848381975,0.035873161897028806
seleccion,daily,0,14,all,salidas,10155,2.062898566373261,0.4493315375041926,-0.22182275605310675
seleccion,daily,0,15,all,salidas,10155,1.6900947017140748,0.5200724734373634,-0.043367856700671746
seleccion,daily,0,16,all,salidas,10155,1.3737560070371235,0.5657592769673935,-0.06634453975082136
seleccion,daily,0,17,all,salidas,10155,1.1047305075424487,0.6757341467349456,-0.0700928013452308
seleccion,daily,0,18,all,salidas,10155,0.8006246454804334,0.882198706038824,-0.1105596298311839
seleccion,daily,0,0,censurado,llegadas,818,0.7783745478202434,0.661861101992681,0.2509695949327271
seleccion,daily,0,1,censurado,llegadas,1219,1.4319965555123795,0.582061954374655,0.6714673613209945
seleccion,daily,0,2,censurado,llegadas,2298,1.7101613276736956,0.38810495072033896,0.46336739549773764
seleccion,daily,0,3,censurado,llegadas,3301,1.707206260374758,0.38601875919563505,0.47734963355070487
seleccion,daily,0,4,censurado,llegadas,3098,1.5096989568821988,0.48401607869409624,0.4050220100498717
seleccion,daily,0,5,censurado,llegadas,2355,1.5198046336648414,0.5505522092417631,0.5524092698128902
seleccion,daily,0,6,censurado,llegadas,2012,1.72734724692779,0.552004869888614,0.5851619086649693
seleccion,daily,0,7,censurado,llegadas,1717,1.8443385205393605,0.4908135833487418,0.5741050111203071
seleccion,daily,0,8,censurado,llegadas,2131,2.001224886869136,0.4337921100516864,0.5756766584065357
seleccion,daily,0,9,censurado,llegadas,2318,2.0321603999212874,0.43839439804723535,0.738319419846712
seleccion,daily,0,10,censurado,llegadas,2294,2.0293042618169954,0.4475746540340532,0.5449987763654995
seleccion,daily,0,11,censurado,llegadas,2362,1.8924832013706296,0.4351679635550455,0.5797739303098277
seleccion,daily,0,12,censurado,llegadas,2579,2.0135758567285476,0.4059895343994155,0.35620741300064174
seleccion,daily,0,13,censurado,llegadas,1652,1.861758917066678,0.4712880372347766,0.3750173456239469
seleccion,daily,0,14,censurado,llegadas,2285,1.6597493825738672,0.48238709478266173,0.18619262415703736
seleccion,daily,0,15,censurado,llegadas,1753,1.310949817022114,0.6381824574395352,0.43365041716289193
seleccion,daily,0,16,censurado,llegadas,1561,1.247280102348547,0.6529189268162582,0.29737038785304065
seleccion,daily,0,17,censurado,llegadas,1699,0.9612140268269261,0.767435447170558,0.20443071087567846
seleccion,daily,0,18,censurado,llegadas,1673,0.690546362419298,1.0512138892879759,0.07168138267565703
seleccion,daily,0,0,censurado,neto,818,1.0704642617137792,0.770809653241084,0.04039520153276426
seleccion,daily,0,1,censurado,neto,1219,1.9282828173797906,0.8033413377942463,0.06247007661346419
seleccion,daily,0,2,censurado,neto,2298,2.7415662106382865,0.7588676405741728,-0.5515428493630362
seleccion,daily,0,3,censurado,neto,3301,2.4805368212007344,0.8723899474519097,-0.19718143181846368
seleccion,daily,0,4,censurado,neto,3098,1.7942984815708307,1.016594128731974,-0.2041862982720412
seleccion,daily,0,5,censurado,neto,2355,1.59002470791274,1.0604667763054383,-0.11446592418768083
seleccion,daily,0,6,censurado,neto,2012,1.704945400695244,1.0616992095941908,-0.05211167207282621
seleccion,daily,0,7,censurado,neto,1717,1.8286694458919575,1.0734445943919628,0.008467611467029077
seleccion,daily,0,8,censurado,neto,2131,2.081250874723176,1.036733430115729,-0.13642237535023233
seleccion,daily,0,9,censurado,neto,2318,2.011912555691789,1.0127281876424685,-0.04165916120470864
seleccion,daily,0,10,censurado,neto,2294,2.099446241657617,1.0312911516836345,-0.2568859394198953
seleccion,daily,0,11,censurado,neto,2362,2.3564859173759967,0.9639798643647565,-0.2648766903852915
seleccion,daily,0,12,censurado,neto,2579,2.655543424283859,0.8918669737241922,-0.2525535760041179
seleccion,daily,0,13,censurado,neto,1652,1.7784376194724099,1.1575961179544605,-0.5123538011695906
seleccion,daily,0,14,censurado,neto,2285,1.7819897756791685,1.0587224746299793,-0.1580149589875491
seleccion,daily,0,15,censurado,neto,1753,1.4586732685488204,1.0694497029552832,0.16837543325894125
seleccion,daily,0,16,censurado,neto,1561,1.3832988674975928,1.1228962725760492,-0.034788203693089194
seleccion,daily,0,17,censurado,neto,1699,1.2024704074292065,1.1091190131499578,-0.041331071941183156
seleccion,daily,0,18,censurado,neto,1673,0.8517474823739964,1.2273673884682998,-0.00508515011377817
seleccion,daily,0,0,censurado,salidas,818,0.8561526830523741,0.7059807406621391,0.21057439339996284
seleccion,daily,0,1,censurado,salidas,1219,1.801385350853206,0.5388684031141248,0.6089972847075303
seleccion,daily,0,2,censurado,salidas,2298,2.7951861267616387,0.44433714162273424,1.0149102448607739
seleccion,daily,0,3,censurado,salidas,3301,2.5459369480451612,0.43524459399746634,0.6745310653691686
seleccion,daily,0,4,censurado,salidas,3098,1.8919144684931612,0.5144519462294227,0.609208308321913
seleccion,daily,0,5,censurado,salidas,2355,1.7452378912603517,0.562864315792677,0.6668751940005712
seleccion,daily,0,6,censurado,salidas,2012,1.8664443165567994,0.5508707591187151,0.6372735807377955
seleccion,daily,0,7,censurado,salidas,1717,1.948584843004424,0.48271824779088096,0.5656373996532781
seleccion,daily,0,8,censurado,salidas,2131,2.1272795628991137,0.46008654709611396,0.7120990337567681
seleccion,daily,0,9,censurado,salidas,2318,2.150072531775225,0.45013259832505165,0.7799785810514206
seleccion,daily,0,10,censurado,salidas,2294,2.1642215007877144,0.48299680151834,0.8018847157853947
seleccion,daily,0,11,censurado,salidas,2362,2.6034204460487937,0.483738128820583,0.8446506206951191
seleccion,daily,0,12,censurado,salidas,2579,2.9564504919400743,0.44594021632433334,0.6087609890047596
seleccion,daily,0,13,censurado,salidas,1652,2.340764163232941,0.5268313893270871,0.8873711467935377
seleccion,daily,0,14,censurado,salidas,2285,1.9999619947022915,0.5133580271730775,0.3442075831445865
seleccion,daily,0,15,censurado,salidas,1753,1.6543023154959084,0.595725546233428,0.26527498390395077
seleccion,daily,0,16,censurado,salidas,1561,1.4580394371579173,0.6264793728058103,0.3321585915461299
seleccion,daily,0,17,censurado,salidas,1699,1.257836825239477,0.7605212690682817,0.2457617828168617
seleccion,daily,0,18,censurado,salidas,1673,0.8641518370542813,1.009585211865791,0.07676653278943522
seleccion,daily,0,0,no_censurado,llegadas,9337,0.611101731963696,0.620404139539527,0.01220621660538121
seleccion,daily,0,1,no_censurado,llegadas,8936,1.2042603641489578,0.4171035121719026,0.033090622987639165
seleccion,daily,0,2,no_censurado,llegadas,7857,1.727539676691623,0.32642199124058685,-0.037563665431875504
seleccion,daily,0,3,no_censurado,llegadas,6854,2.19921363202774,0.3248089778248568,-0.09322007723325432
seleccion,daily,0,4,no_censurado,llegadas,7057,1.98296098933745,0.40454903592710195,-0.04506311182045618
seleccion,daily,0,5,no_censurado,llegadas,7800,1.8436879967011546,0.4399133182706946,-0.02915054730844207
seleccion,daily,0,6,no_censurado,llegadas,8143,1.7957438060746034,0.4264433307922279,-0.04684822396159873
seleccion,daily,0,7,no_censurado,llegadas,8438,1.948250274794199,0.4170832378209679,-0.10760322281963107
seleccion,daily,0,8,no_censurado,llegadas,8024,2.0615494525196345,0.35777041281723215,-0.2284097633998589
seleccion,daily,0,9,no_censurado,llegadas,7837,2.2164248985357355,0.3527501305760237,-0.12020476417533561
seleccion,daily,0,10,no_censurado,llegadas,7861,2.318294363096819,0.3927187154036008,-0.052585865078249194
seleccion,daily,0,11,no_censurado,llegadas,7793,2.3164318818132634,0.42234695744164436,0.16371974624100347
seleccion,daily,0,12,no_censurado,llegadas,7576,2.41420125959478,0.35885943341162035,-0.14916582143055632
seleccion,daily,0,13,no_censurado,llegadas,8503,2.7678655727287174,0.42186780248283295,0.03142511449347423
seleccion,daily,0,14,no_censurado,llegadas,7870,2.218020984269229,0.4061099771118543,-0.33865106964785957
seleccion,daily,0,15,no_censurado,llegadas,8402,1.794784710824908,0.4563822147675951,-0.2228119070786543
seleccion,daily,0,16,no_censurado,llegadas,8594,1.4870433880838936,0.531378414852099,-0.12426509314944334
seleccion,daily,0,17,no_censurado,llegadas,8456,1.179018099193901,0.612018234916122,-0.11382624953664518
seleccion,daily,0,18,no_censurado,llegadas,8482,0.8833412620602833,0.7947916182025376,-0.12813153689064288
seleccion,daily,0,0,no_censurado,neto,9337,0.9557382845210558,0.7541391331507731,-0.03081493047530826
seleccion,daily,0,1,no_censurado,neto,8936,1.6950420828817794,0.63169972694268,0.016163690990382555
seleccion,daily,0,2,no_censurado,neto,7857,2.3234652937336766,0.5886391775341145,0.07898091767537721
seleccion,daily,0,3,no_censurado,neto,6854,2.6579508145668123,0.6409455329501085,0.11445399621512688
seleccion,daily,0,4,no_censurado,neto,7057,2.3383058544997417,0.8422531857495241,0.08292345040012529
seleccion,daily,0,5,no_censurado,neto,7800,2.07610022117259,0.9416515511511426,0.037618964612385654
seleccion,daily,0,6,no_censurado,neto,8143,2.1076908879509757,0.991962021765391,0.04914237679835512
seleccion,daily,0,7,no_censurado,neto,8438,2.2234074238095833,1.0082824658518441,0.04352565115482869
seleccion,daily,0,8,no_censurado,neto,8024,2.482179995102412,0.9605040644628546,-0.001816917668048474
seleccion,daily,0,9,no_censurado,neto,7837,2.5785559502942634,0.9270640876436436,0.07155183799744354
seleccion,daily,0,10,no_censurado,neto,7861,2.491387343395592,0.9136830373889782,-0.06949798806901493
seleccion,daily,0,11,no_censurado,neto,7793,2.439231751691989,0.847213666752938,0.17852027197897644
seleccion,daily,0,12,no_censurado,neto,7576,2.707152685149163,0.7838482225373613,0.12106067868986084
seleccion,daily,0,13,no_censurado,neto,8503,2.6569221870781066,0.8313759239245286,0.16098470233759948
seleccion,daily,0,14,no_censurado,neto,7870,2.42207169501475,0.8705167027339856,0.04751467561321773
seleccion,daily,0,15,no_censurado,neto,8402,2.0476342655814337,0.9029666246478353,-0.1150485612587368
seleccion,daily,0,16,no_censurado,neto,8594,1.729059475739228,0.9253089939910907,0.014462898772025078
seleccion,daily,0,17,no_censurado,neto,8456,1.4595118452865055,0.9646421888184062,0.019728819842099725
seleccion,daily,0,18,no_censurado,neto,8482,1.056046619535556,1.0311255239899375,0.019376533174483013
seleccion,daily,0,0,no_censurado,salidas,9337,0.7395629505200652,0.5868858804186511,0.043021147080689465
seleccion,daily,0,1,no_censurado,salidas,8936,1.407432973660651,0.41368400278375034,0.01692693199725663
seleccion,daily,0,2,no_censurado,salidas,7857,1.9293013009593265,0.36308702775245943,-0.11654458310725269
seleccion,daily,0,3,no_censurado,salidas,6854,2.1485280930416693,0.3824143437651294,-0.2076740734483812
seleccion,daily,0,4,no_censurado,salidas,7057,1.9618967770377718,0.4343290007075809,-0.12798656222058147
seleccion,daily,0,5,no_censurado,salidas,7800,1.8449339668615983,0.44419189867952175,-0.06676951192082771
seleccion,daily,0,6,no_censurado,salidas,8143,1.8509043752284642,0.43247960767533383,-0.09599060075995386
seleccion,daily,0,7,no_censurado,salidas,8438,1.9630975647620277,0.4041925052818796,-0.1511288739744598
seleccion,daily,0,8,no_censurado,salidas,8024,2.180225514975541,0.3642182197735622,-0.22659284573181043
seleccion,daily,0,9,no_censurado,salidas,7837,2.284442295394392,0.3602248343864356,-0.19175660217277918
seleccion,daily,0,10,no_censurado,salidas,7861,2.3516245347711817,0.41863581837574754,0.01691212299076574
seleccion,daily,0,11,no_censurado,salidas,7793,2.3610721835385338,0.4235007141187146,-0.01480052573797298
seleccion,daily,0,12,no_censurado,salidas,7576,2.566370255099205,0.3942337696709432,-0.27022650012041716
seleccion,daily,0,13,no_censurado,salidas,8503,2.6441265827747067,0.4377191872387924,-0.1295595878441251
seleccion,daily,0,14,no_censurado,salidas,7870,2.0811717641201692,0.43422115014914453,-0.3861657452610773
seleccion,daily,0,15,no_censurado,salidas,8402,1.6975624538017264,0.5069818269236166,-0.10776334581991755
seleccion,daily,0,16,no_censurado,salidas,8594,1.358446903660517,0.5552671909659206,-0.13872799192146842
seleccion,daily,0,17,no_censurado,salidas,8456,1.0739680153750821,0.6584595082665091,-0.1335550693787449
seleccion,daily,0,18,no_censurado,salidas,8482,0.7880944649212436,0.8587637784509234,-0.1475080700651259
seleccion,ma,15,0,all,llegadas,1320150,1.5639800279815796,0.3629657556356318,-0.018891267726297394
seleccion,ma,15,1,all,llegadas,700695,1.9334685859020615,0.43133413293717504,-0.023855379552218243
seleccion,ma,15,2,all,llegadas,660075,1.9620323784767777,0.43797913069724864,-0.023232398151649694
seleccion,ma,15,3,all,llegadas,619455,1.9659296040868406,0.44735431762381317,-0.024669516607955203
seleccion,ma,15,4,all,llegadas,578835,1.9728291237191433,0.45163381247472595,-0.02902444507074107
seleccion,ma,15,5,all,llegadas,538215,1.9848384674879453,0.4513861346130466,-0.03658657128495376
seleccion,ma,15,6,all,llegadas,497595,1.9973500825426753,0.45059351583801854,-0.045019211474493184
seleccion,ma,15,7,all,llegadas,121860,1.9960245787103605,0.449373528085702,-0.04527764058447175
seleccion,ma,15,0,all,neto,1320150,1.928166365765393,0.7935651159296341,0.006551372012454824
seleccion,ma,15,1,all,neto,700695,2.2803967154627416,0.9275984723735129,0.009025661902687061
seleccion,ma,15,2,all,neto,660075,2.2652704530846717,0.9477207422050177,0.015450184118297218
seleccion,ma,15,3,all,neto,619455,2.2324892774145675,0.9704823302782273,0.0191798746404966
seleccion,ma,15,4,all,neto,578835,2.2242877872991094,0.9813228821351219,0.021372751753672755
seleccion,ma,15,5,all,neto,538215,2.236816430447969,0.9829616308175291,0.02300085908307041
seleccion,ma,15,6,all,neto,497595,2.2515088205131684,0.9806644715279899,0.02201906568764568
seleccion,ma,15,7,all,neto,121860,2.249958362149283,0.9775591534741601,0.021327552159663487
seleccion,ma,15,0,all,salidas,1320150,1.6487271289802858,0.38254702895409864,-0.02544263973875222
seleccion,ma,15,1,all,salidas,700695,2.026192520987644,0.45524294926855735,-0.0328810414549053
seleccion,ma,15,2,all,salidas,660075,2.033917626096514,0.460473994178696,-0.038682582269946905
seleccion,ma,15,3,all,salidas,619455,2.0238842867351647,0.46677269223233897,-0.04384939124845182
seleccion,ma,15,4,all,salidas,578835,2.0256033463486696,0.4693200637655166,-0.05039719682441382
seleccion,ma,15,5,all,salidas,538215,2.03834229507093,0.4696532860005131,-0.05958743036802421
seleccion,ma,15,6,all,salidas,497595,2.0476699957646587,0.4692829156973588,-0.06703827716213884
seleccion,ma,15,7,all,salidas,121860,2.041204609233426,0.4672205146297986,-0.06660519274413525
seleccion,ma,15,0,censurado,llegadas,271421,1.421230662293442,0.40692582602155386,0.22634937441626493
seleccion,ma,15,1,censurado,llegadas,149571,1.7036811147940512,0.48034263593496124,0.38231419239528086
seleccion,ma,15,2,censurado,llegadas,141458,1.7123150834621665,0.48724592167796066,0.39670732650605595
seleccion,ma,15,3,censurado,llegadas,129257,1.7142710139389805,0.499959450379425,0.40591094019790613
seleccion,ma,15,4,censurado,llegadas,116662,1.731716084374832,0.5055553071245202,0.4168645772045456
seleccion,ma,15,5,censurado,llegadas,106499,1.7532494076029228,0.5040405692081245,0.4120539641106753
seleccion,ma,15,6,censurado,llegadas,98108,1.7548127214859814,0.49893688699673866,0.4028007792066919
seleccion,ma,15,7,censurado,llegadas,24024,1.7505836272798683,0.49658780330347807,0.3992713266814158
seleccion,ma,15,0,censurado,neto,271421,1.7897497433748581,0.8997911837098655,-0.30150995843154593
seleccion,ma,15,1,censurado,neto,149571,2.0838185246850016,1.0489786170030908,-0.23180174767153786
seleccion,ma,15,2,censurado,neto,141458,2.023474967514734,1.0629153340018689,-0.18067354860483964
seleccion,ma,15,3,censurado,neto,129257,1.9495485577789693,1.0822852243780385,-0.14633757593702004
seleccion,ma,15,4,censurado,neto,116662,1.9410472996698322,1.0937117717687157,-0.12007109167003636
seleccion,ma,15,5,censurado,neto,106499,1.9633329440752334,1.0948251687902497,-0.10756604826393516
seleccion,ma,15,6,censurado,neto,98108,1.9842262325522724,1.0951258007934246,-0.10484240207088867
seleccion,ma,15,7,censurado,neto,24024,1.982421166632228,1.0915311264020133,-0.10457940102788969
seleccion,ma,15,0,censurado,salidas,271421,1.789307664277394,0.4313327645170307,0.5278593328478108
seleccion,ma,15,1,censurado,salidas,149571,2.1753116486596342,0.517350908807352,0.6141159400668188
seleccion,ma,15,2,censurado,salidas,141458,2.131623062971713,0.5185827662123836,0.5773808751108956
seleccion,ma,15,3,censurado,salidas,129257,2.075615147011077,0.5270082660525045,0.5522485161349262
seleccion,ma,15,4,censurado,salidas,116662,2.066613337161399,0.5291946143122928,0.536935668874582
seleccion,ma,15,5,censurado,salidas,106499,2.08365901543239,0.5254862807183076,0.5196200123746105
seleccion,ma,15,6,censurado,salidas,98108,2.097511348476622,0.5215800884995436,0.5076431812775806
seleccion,ma,15,7,censurado,salidas,24024,2.093099796048209,0.5187726142604165,0.5038507277093054
seleccion,ma,15,0,no_censurado,llegadas,1048729,1.6009249161122978,0.35417483026272456,-0.08236186912186899
seleccion,ma,15,1,no_censurado,llegadas,551124,1.9958312154393274,0.4213743254940583,-0.1340868139404129
seleccion,ma,15,2,no_censurado,llegadas,518617,2.030145280904151,0.42802255394723243,-0.13777517937677292
seleccion,ma,15,3,no_censurado,llegadas,490198,2.0322877581118304,0.4371243293558833,-0.1382063692784174
seleccion,ma,15,4,no_censurado,llegadas,462173,2.033691029100864,0.4415121358402006,-0.14157603314853764
seleccion,ma,15,5,no_censurado,llegadas,431716,2.0419686254823097,0.4416147732432959,-0.14726064493313712
seleccion,ma,15,6,no_censurado,llegadas,399487,2.0569136113147013,0.4416282199134254,-0.15499706718882109
seleccion,ma,15,7,no_censurado,llegadas,97836,2.056293533054019,0.44061599235167226,-0.154438321617994
seleccion,ma,15,0,no_censurado,neto,1048729,1.9639898988858284,0.7720680985547941,0.08628056265221125
seleccion,ma,15,1,no_censurado,neto,551124,2.33374659057763,0.9022976230629018,0.07438444953927412
seleccion,ma,15,2,no_censurado,neto,518617,2.3312226023542713,0.9240121399541323,0.06894490369661704
seleccion,ma,15,3,no_censurado,neto,490198,2.30709600489599,0.9486466503164473,0.06282405333828416
seleccion,ma,15,4,no_censurado,neto,462173,2.295783529732801,0.9602637220732751,0.05707609587264282
seleccion,ma,15,5,no_censurado,neto,431716,2.3042814255262383,0.9622955522174458,0.05521010095862923
seleccion,ma,15,6,no_censurado,neto,399487,2.317149404911828,0.9595727702945168,0.053174334517055125
seleccion,ma,15,7,no_censurado,neto,97836,2.315653132838004,0.9565627714017739,0.05224448093207627
seleccion,ma,15,0,no_censurado,salidas,1048729,1.6123435547004898,0.37051084174074495,-0.16864243177408023
seleccion,ma,15,1,no_censurado,salidas,551124,1.985722686531102,0.4395546493063015,-0.20847126347968692
seleccion,ma,15,2,no_censurado,salidas,518617,2.007267486032667,0.44599819193624074,-0.20672008307338996
seleccion,ma,15,3,no_censurado,salidas,490198,2.0102437255605294,0.4526858642601885,-0.20103042261670154
seleccion,ma,15,4,no_censurado,salidas,462173,2.0152515786162524,0.4559659799938851,-0.19865212902118048
seleccion,ma,15,5,no_censurado,salidas,431716,2.0271632203973593,0.4573322649501266,-0.20247074589176633
seleccion,ma,15,6,no_censurado,salidas,399487,2.035429709017242,0.4576695211638464,-0.2081714017058762
seleccion,ma,15,7,no_censurado,salidas,97836,2.0284615497457286,0.4557452875289596,-0.2066828025500703
seleccion,ma,60,0,all,llegadas,192945,1.8090832491777145,0.42724860769247,-0.021220596618113166
seleccion,ma,60,1,all,llegadas,182790,1.9001482715051505,0.4304896656735837,-0.01940158726339811
seleccion,ma,60,2,all,llegadas,172635,1.949911929786804,0.43266520226773136,-0.0199500275370172
seleccion,ma,60,3,all,llegadas,162480,1.9672213363848874,0.44007705033334965,-0.019931552678081367
seleccion,ma,60,4,all,llegadas,152325,1.9652508595974532,0.44995225848506565,-0.023414692853705073
seleccion,ma,60,5,all,llegadas,142170,1.9738507431221597,0.4518485673543322,-0.02907680545935324
seleccion,ma,60,6,all,llegadas,132015,1.9857719265469371,0.4505384959742996,-0.03770936586833003
seleccion,ma,60,7,all,llegadas,121860,1.9960245787103605,0.449373528085702,-0.04527764058447175
seleccion,ma,60,0,all,neto,192945,2.2142866941216353,0.9211792057588292,0.008312036751117894
seleccion,ma,60,1,all,neto,182790,2.262177082446456,0.9172188395454264,0.009616143293164885
seleccion,ma,60,2,all,neto,172635,2.27677729055744,0.9271852583993254,0.011630142390936812
seleccion,ma,60,3,all,neto,162480,2.249759640975434,0.9504345936747629,0.019172945369418354
seleccion,ma,60,4,all,neto,152325,2.222146298167731,0.9760476214143791,0.02036926443644487
seleccion,ma,60,5,all,neto,142170,2.220355602715361,0.9811427293830104,0.022457636933362564
seleccion,ma,60,6,all,neto,132015,2.2404633296481102,0.9826175685731404,0.023297118617110688
seleccion,ma,60,7,all,neto,121860,2.249958362149283,0.9775591534741601,0.021327552159663487
seleccion,ma,60,0,all,salidas,192945,1.9122375224310055,0.45089403450349436,-0.029532633369231055
seleccion,ma,60,1,all,salidas,182790,1.9975293903332663,0.45328284494366095,-0.029017730556563
seleccion,ma,60,2,all,salidas,172635,2.0363963574911166,0.45594510964431156,-0.03158016992795403
seleccion,ma,60,3,all,salidas,162480,2.0327057841664877,0.4620264113146908,-0.0391044980474997
seleccion,ma,60,4,all,salidas,152325,2.0206570463888656,0.4684729781714495,-0.043783957290149944
seleccion,ma,60,5,all,salidas,142170,2.026599395331711,0.4694438559518589,-0.0515344423927158
seleccion,ma,60,6,all,salidas,132015,2.0401026930858217,0.46916334587759434,-0.0610064844854407
seleccion,ma,60,7,all,salidas,121860,2.041204609233426,0.4672205146297986,-0.06660519274413525
seleccion,ma,60,0,censurado,llegadas,39125,1.643099832906566,0.4732639430082555,0.31360716661684673
seleccion,ma,60,1,censurado,llegadas,38307,1.692163686404866,0.4806094157147501,0.3800202350726861
seleccion,ma,60,2,censurado,llegadas,37088,1.7136380368406614,0.48193673941494936,0.396215341828694
seleccion,ma,60,3,censurado,llegadas,34790,1.713915403481616,0.48975446933548056,0.4079331326614441
seleccion,ma,60,4,censurado,llegadas,31489,1.7150866270843899,0.5040257844168021,0.4140159559546757
seleccion,ma,60,5,censurado,llegadas,28391,1.7399087116495924,0.5067111330992191,0.4203582541354581
seleccion,ma,60,6,censurado,llegadas,26036,1.7561292995121704,0.5025232721748277,0.4145158585418523
seleccion,ma,60,7,censurado,llegadas,24024,1.7505836272798683,0.49658780330347807,0.3992713266814158
seleccion,ma,60,0,censurado,neto,39125,2.0860465645653123,1.0515973282304005,-0.3145179922171934
seleccion,ma,60,1,censurado,neto,38307,2.0828264303368647,1.0432924324875028,-0.24224053966348527
seleccion,ma,60,2,censurado,neto,37088,2.066592838140216,1.0420910289727303,-0.20836116757178402
seleccion,ma,60,3,censurado,neto,34790,1.9882692356597116,1.060138038079349,-0.15541095366865354
seleccion,ma,60,4,censurado,neto,31489,1.9304054089771752,1.0881553815345364,-0.1304328782901729
seleccion,ma,60,5,censurado,neto,28391,1.9390871604407354,1.092444012621997,-0.10967331447802432
seleccion,ma,60,6,censurado,neto,26036,1.9709604096317417,1.0950200632732012,-0.0993645071659317
seleccion,ma,60,7,censurado,neto,24024,1.982421166632228,1.0915311264020133,-0.10457940102788969
seleccion,ma,60,0,censurado,salidas,39125,2.115355956675057,0.5131844054522837,0.6281251588340402
seleccion,ma,60,1,censurado,salidas,38307,2.1650249512680135,0.5174355873287318,0.6222607747361716
seleccion,ma,60,2,censurado,salidas,37088,2.166642045080715,0.5144226581904368,0.604576509400478
seleccion,ma,60,3,censurado,salidas,34790,2.1098128751969525,0.5178121489661589,0.5633440863300978
seleccion,ma,60,4,censurado,salidas,31489,2.055288925877616,0.5285685711353968,0.5444488342448485
seleccion,ma,60,5,censurado,salidas,28391,2.0644226829457444,0.5277942565130045,0.5300315686134824
seleccion,ma,60,6,censurado,salidas,26036,2.085714416778549,0.5234239115853595,0.513880365707784
seleccion,ma,60,7,censurado,salidas,24024,2.093099796048209,0.5187726142604165,0.5038507277093054
seleccion,ma,60,0,no_censurado,llegadas,153820,1.8513020839300787,0.4180720766095344,-0.10638596026762435
seleccion,ma,60,1,no_censurado,llegadas,144483,1.9552915444260937,0.420429569911489,-0.12530090931670804
seleccion,ma,60,2,no_censurado,llegadas,135547,2.0145605471784576,0.4226091562576293,-0.1338200594745407
seleccion,ma,60,3,no_censurado,llegadas,127690,2.0362362428435365,0.43007287198016947,-0.13650616621839068
seleccion,ma,60,4,no_censurado,llegadas,120836,2.0304418748379764,0.43957172411382034,-0.1374060009103033
seleccion,ma,60,5,no_censurado,llegadas,113779,2.0322257351289243,0.441633280778265,-0.14122325407426717
seleccion,ma,60,6,no_censurado,llegadas,105979,2.0421885320770627,0.44090291140345755,-0.14880813017770744
seleccion,ma,60,7,no_censurado,llegadas,97836,2.056293533054019,0.44061599235167226,-0.154438321617994
seleccion,ma,60,0,no_censurado,neto,153820,2.246905307233657,0.8949686010634448,0.09042570781720281
seleccion,ma,60,1,no_censurado,neto,144483,2.3097285966755505,0.8914630458731433,0.07639129299257864
seleccion,ma,60,2,no_censurado,neto,135547,2.334287386474354,0.9030640621014967,0.07182356388973345
seleccion,ma,60,3,no_censurado,neto,127690,2.321004462033731,0.9280209539106425,0.06673950381200996
seleccion,ma,60,4,no_censurado,neto,120836,2.2981718936833166,0.9545218278611132,0.05966722756265284
seleccion,ma,60,5,no_censurado,neto,113779,2.2905398400932504,0.9604716296688298,0.05542795519526225
seleccion,ma,60,6,no_censurado,neto,105979,2.306672465661341,0.9618910587632337,0.05343156118485798
seleccion,ma,60,7,no_censurado,neto,97836,2.315653132838004,0.9565627714017739,0.05224448093207627
seleccion,ma,60,0,no_censurado,salidas,153820,1.8605731826845577,0.4356036903284282,-0.19681166808482717
seleccion,ma,60,1,no_censurado,salidas,144483,1.953121034660091,0.43734681846201545,-0.20169220230928667
seleccion,ma,60,2,no_censurado,salidas,135547,2.0007588881164864,0.4410881357102144,-0.20564362336427416
seleccion,ma,60,3,no_censurado,salidas,127690,2.0116974381961703,0.44822801055209593,-0.20324567003040056
seleccion,ma,60,4,no_censurado,salidas,120836,2.011632225530667,0.45470845582079295,-0.1970732284729562
seleccion,ma,60,5,no_censurado,salidas,113779,2.0171614414153467,0.45655400544019464,-0.19665120926952936
seleccion,ma,60,6,no_censurado,salidas,105979,2.028897201072651,0.4571937284793453,-0.2022396913625654
seleccion,ma,60,7,no_censurado,salidas,97836,2.0284615497457286,0.4557452875289596,-0.2066828025500703
seleccion,ma,180,0,all,llegadas,71085,1.6785766535548254,0.42213086663698995,-0.0329862942860413
seleccion,ma,180,1,all,llegadas,60930,1.9360920699525397,0.4450341409964396,0.013736961600261431
seleccion,ma,180,2,all,llegadas,60930,1.8883069479725367,0.42732603016593435,-0.016035420599450297
seleccion,ma,180,3,all,llegadas,60930,1.8841198562147974,0.4212730099123234,-0.02520793710990019
seleccion,ma,180,4,all,llegadas,50775,2.1059178189524523,0.4525611358780342,0.009121540228120594
seleccion,ma,180,5,all,llegadas,50775,1.9308338470413817,0.4506773097824541,-0.02541797005071416
seleccion,ma,180,6,all,llegadas,50775,1.8461926334668302,0.44321716767980285,-0.04217558717111868
seleccion,ma,180,7,all,llegadas,40620,2.157809510457499,0.45646640340166134,-0.00474780333287652
seleccion,ma,180,8,all,llegadas,40620,1.9379032792755142,0.4413808774288531,-0.048524090644261234
seleccion,ma,180,9,all,llegadas,40620,1.814772327824355,0.43130493672973136,-0.06383261199915248
seleccion,ma,180,0,all,neto,71085,2.1006394277741984,0.9169416869716235,0.01328472721590193
seleccion,ma,180,1,all,neto,60930,2.216780163841969,0.9169925345931034,0.007408996616668045
seleccion,ma,180,2,all,neto,60930,2.243989969383718,0.8898729479557033,0.011033222024689709
seleccion,ma,180,3,all,neto,60930,2.2251937602502827,0.9045913478829852,0.024679900189817867
seleccion,ma,180,4,all,neto,50775,2.294101477753016,0.9675391227991246,0.009922109980728885
seleccion,ma,180,5,all,neto,50775,2.1955909348730214,0.9750649837156496,0.02928545069216821
seleccion,ma,180,6,all,neto,50775,2.143003097851298,0.9709024760279076,0.02834834372766002
seleccion,ma,180,7,all,neto,40620,2.309757998750137,0.9841748215085393,0.012594575664994044
seleccion,ma,180,8,all,neto,40620,2.218167713746047,0.9625867754835736,0.0318999901138164
seleccion,ma,180,9,all,neto,40620,2.11910878371755,0.9403445394269861,0.02256837557695189
seleccion,ma,180,0,all,salidas,71085,1.7950924662322703,0.45306411203428737,-0.04627102150194321
seleccion,ma,180,1,all,salidas,60930,1.989157088847829,0.46003112979058686,0.006327964983593389
seleccion,ma,180,2,all,salidas,60930,2.0050967916483793,0.4472293921600155,-0.02706864262414003
seleccion,ma,180,3,all,salidas,60930,1.9968604737827655,0.4524867460832682,-0.049887837299718046
seleccion,ma,180,4,all,salidas,50775,2.1188490234584045,0.4698384989479544,-0.0008005697526082769
seleccion,ma,180,5,all,salidas,50775,1.9873008778780745,0.46507165640055503,-0.054703420742882335
seleccion,ma,180,6,all,salidas,50775,1.939922188719628,0.4666632671895804,-0.07052393089877868
seleccion,ma,180,7,all,salidas,40620,2.145368415033534,0.46924735622179586,-0.017342378997870556
seleccion,ma,180,8,all,salidas,40620,1.9940995046412606,0.45693707763684366,-0.08042408075807758
seleccion,ma,180,9,all,salidas,40620,1.9040070296370173,0.45654358220746516,-0.08640098757610437
seleccion,ma,180,0,censurado,llegadas,14454,1.6122006919059595,0.4651897231311508,0.3194177786048196
seleccion,ma,180,1,censurado,llegadas,11541,1.6994347765259035,0.5026055596926288,0.3988653679687526
seleccion,ma,180,2,censurado,llegadas,13130,1.6930748555784423,0.47581491553392435,0.39255386034218026
seleccion,ma,180,3,censurado,llegadas,13636,1.6958740767806937,0.4706791824099151,0.43477675094666446
seleccion,ma,180,4,censurado,llegadas,10322,1.7476230052966601,0.5007485193391107,0.41179138724054876
seleccion,ma,180,5,censurado,llegadas,10832,1.7072343355779225,0.50534957432858,0.4113085978597124
seleccion,ma,180,6,censurado,llegadas,10335,1.6894792369063911,0.5056402152620049,0.44365559219551415
seleccion,ma,180,7,censurado,llegadas,7224,1.842153852354052,0.5048260471683802,0.4304910124628113
seleccion,ma,180,8,censurado,llegadas,8477,1.7215393395957368,0.48494629919758947,0.3752689236146571
seleccion,ma,180,9,censurado,llegadas,8323,1.6370357044072412,0.48254172573245036,0.40567197866733506
seleccion,ma,180,0,censurado,neto,14454,2.095192679467516,1.0234855854886435,-0.22774517903003164
seleccion,ma,180,1,censurado,neto,11541,1.9292435002686226,1.0887725788068545,-0.24721225691015833
seleccion,ma,180,2,censurado,neto,13130,2.086051831653404,0.9933580150730494,-0.25720009034339675
seleccion,ma,180,3,censurado,neto,13636,2.0692512706522352,0.9916813807547141,-0.10126752899683805
seleccion,ma,180,4,censurado,neto,10322,1.883893323057588,1.1096522985962352,-0.19034242405016236
seleccion,ma,180,5,censurado,neto,10832,1.929128059795744,1.0843399483009444,-0.1299857764409358
seleccion,ma,180,6,censurado,neto,10335,1.9361027392697443,1.0494373425474803,-0.0316221415444923
seleccion,ma,180,7,censurado,neto,7224,1.9069718202618104,1.142664600992976,-0.16902084138479345
seleccion,ma,180,8,censurado,neto,8477,1.9941816231362937,1.0739947661579645,-0.12236981976689165
seleccion,ma,180,9,censurado,neto,8323,1.944241265147183,1.0218439031207378,-0.0285603398304359
seleccion,ma,180,0,censurado,salidas,14454,2.1273517967329427,0.4992651631807812,0.5471629576348512
seleccion,ma,180,1,censurado,salidas,11541,2.027004642540071,0.5359249634499774,0.646077624878911
seleccion,ma,180,2,censurado,salidas,13130,2.1891155513832325,0.5129488210879244,0.6497539506855771
seleccion,ma,180,3,censurado,salidas,13636,2.196815097168634,0.49435227845058244,0.5360442799435023
seleccion,ma,180,4,censurado,salidas,10322,2.0211622808398153,0.5271487028206128,0.6021338112907112
seleccion,ma,180,5,censurado,salidas,10832,2.042347096837346,0.5320643534703127,0.5412943743006483
seleccion,ma,180,6,censurado,salidas,10335,2.0699415595614887,0.5181496843574972,0.47527773374000637
seleccion,ma,180,7,censurado,salidas,7224,2.047624218197165,0.5248567346363525,0.5995118538476046
seleccion,ma,180,8,censurado,salidas,8477,2.094218779759967,0.5179185050040914,0.4976387433815488
seleccion,ma,180,9,censurado,salidas,8323,2.0786775794671937,0.5019098779781099,0.434232318497771
seleccion,ma,180,0,no_censurado,llegadas,56631,1.6955178721395705,0.41285654600354305,-0.1229308205978582
seleccion,ma,180,1,no_censurado,llegadas,49389,1.9913930848229926,0.43509554594943034,-0.07625811701843417
seleccion,ma,180,2,no_censurado,llegadas,47800,1.941934508079952,0.4171455062452946,-0.12826925446479776
seleccion,ma,180,3,no_censurado,llegadas,47294,1.9383956512070473,0.4104061955374867,-0.1578326084495905
seleccion,ma,180,4,no_censurado,llegadas,40453,2.197340434495307,0.44389241692412273,-0.09362382255986258
seleccion,ma,180,5,no_censurado,llegadas,39943,1.9914710026924891,0.43962024229194097,-0.14385229355184675
seleccion,ma,180,6,no_censurado,llegadas,40440,1.8862429043237077,0.43103647580834237,-0.1663364486635556
seleccion,ma,180,7,no_censurado,llegadas,33396,2.2260900372912307,0.4487709792788633,-0.09889576133108131
seleccion,ma,180,8,no_censurado,llegadas,32143,1.9949644470776942,0.432537670723424,-0.16029005467602092
seleccion,ma,180,9,no_censurado,llegadas,32297,1.8605754029304216,0.4211651676393265,-0.1848248623046661
seleccion,ma,180,0,no_censurado,neto,56631,2.102029608064583,0.8932848975642191,0.07480308756409858
seleccion,ma,180,1,no_censurado,neto,49389,2.283970441723683,0.8892980893712089,0.06690774911121346
seleccion,ma,180,2,no_censurado,neto,47800,2.287373395082442,0.8672402579829365,0.08471320929232518
seleccion,ma,180,3,no_censurado,neto,47294,2.27015573826354,0.884184417806732,0.060993579396255035
seleccion,ma,180,4,no_censurado,neto,40453,2.3987703174624624,0.9433293053390203,0.06102167046491696
seleccion,ma,180,5,no_censurado,neto,39943,2.267852053538045,0.9529124938141839,0.0724776478808066
seleccion,ma,180,6,no_censurado,neto,40440,2.195879339343394,0.9548020050862519,0.043674628724882925
seleccion,ma,180,7,no_censurado,neto,33396,2.3968860186746688,0.961229726564506,0.051880411476697995
seleccion,ma,180,8,no_censurado,neto,32143,2.277239054009833,0.9400659472033039,0.07258521483953463
seleccion,ma,180,9,no_censurado,neto,32297,2.1641724848991197,0.923296021885353,0.035744345429745916
seleccion,ma,180,0,no_censurado,salidas,56631,1.7102895073748121,0.4401338054437355,-0.19773390816195674
seleccion,ma,180,1,no_censurado,salidas,49389,1.9803130422552242,0.4449596049458767,-0.14316586612964763
seleccion,ma,180,2,no_censurado,salidas,47800,1.954549379194014,0.43026964693015873,-0.21298246375712293
seleccion,ma,180,3,no_censurado,salidas,47294,1.9392087368924689,0.4403073459146127,-0.21882618784584557
seleccion,ma,180,4,no_censurado,salidas,40453,2.1437748029385197,0.4578636479481745,-0.15464549302477953
seleccion,ma,180,5,no_censurado,salidas,39943,1.9723730896857299,0.44918978676601085,-0.21632994143265333
seleccion,ma,180,6,no_censurado,salidas,40440,1.9066939444651623,0.45414319942380754,-0.21001107738843852
seleccion,ma,180,7,no_censurado,salidas,33396,2.1665117878310527,0.459298463561667,-0.15077617280777936
seleccion,ma,180,8,no_censurado,salidas,32143,1.9676952768099667,0.4423189521193835,-0.23287526951555548
seleccion,ma,180,9,no_censurado,salidas,32297,1.8589940876846203,0.4449544747467312,-0.2205692077344121
seleccion,model,15,0,all,llegadas,1320150,1.5547359704231964,0.3608204108890317,-0.0530399463801617
seleccion,model,15,1,all,llegadas,700695,1.9046651830413357,0.4249084320547504,-0.08067409564521454
seleccion,model,15,2,all,llegadas,660075,1.9271281151301045,0.43018754729327235,-0.08577963958791822
seleccion,model,15,3,all,llegadas,619455,1.926496612225542,0.438381199192052,-0.08743660231394812
seleccion,model,15,4,all,llegadas,578835,1.9339097438319548,0.44272411639092796,-0.09680498046341127
seleccion,model,15,5,all,llegadas,538215,1.9520025423072167,0.4439186849507419,-0.11224532345856068
seleccion,model,15,6,all,llegadas,497595,1.9710577619728888,0.4446620823509062,-0.1286371657180923
seleccion,model,15,7,all,llegadas,121860,1.97012529505297,0.44354271187424354,-0.10087033130768337
seleccion,model,15,0,all,neto,1320150,1.9117192266860934,0.7867960548870231,-0.010655269341679542
seleccion,model,15,1,all,neto,700695,2.2540452653676466,0.9168794756799585,-0.012173389310112467
seleccion,model,15,2,all,neto,660075,2.2383965670543384,0.9364775199310861,-0.012722195879036625
seleccion,model,15,3,all,neto,619455,2.2053667598370925,0.958691938123653,-0.011774509055731675
seleccion,model,15,4,all,neto,578835,2.1971931941419847,0.9693691482707133,-0.012031631621920958
seleccion,model,15,5,all,neto,538215,2.210096457265394,0.9712196263966816,-0.012580261481501402
seleccion,model,15,6,all,neto,497595,2.225746023020192,0.9694432584648431,-0.015580863473818388
seleccion,model,15,7,all,neto,121860,2.224549977971008,0.9665197498361596,-0.006348049565672148
seleccion,model,15,0,all,salidas,1320150,1.6401554827488016,0.380558186930781,-0.04238467703848216
seleccion,model,15,1,all,salidas,700695,1.9993118504144636,0.44920342655623074,-0.06850070633510207
seleccion,model,15,2,all,salidas,660075,2.0026996254485177,0.4534063149058414,-0.07305744370888159
seleccion,model,15,3,all,salidas,619455,1.9906012305058023,0.45909655093131574,-0.07566209325821643
seleccion,model,15,4,all,salidas,578835,1.9920133415696029,0.46153746249108024,-0.08477334884149032
seleccion,model,15,5,all,salidas,538215,2.0081408476984097,0.46269458773144634,-0.0996650619770593
seleccion,model,15,6,all,salidas,497595,2.022955582473274,0.46361889173201304,-0.11305630224427389
seleccion,model,15,7,all,salidas,121860,2.0188406871621605,0.4621015358013108,-0.09452228174201126
seleccion,model,15,0,censurado,llegadas,271421,1.4147720316659453,0.40507659515932276,0.2155808492767032
seleccion,model,15,1,censurado,llegadas,149571,1.6776589799869095,0.4730058516521653,0.36708771757720415
seleccion,model,15,2,censurado,llegadas,141458,1.6815396966742449,0.47848866558338865,0.3808293940901887
seleccion,model,15,3,censurado,llegadas,129257,1.6832876794823974,0.4909232998875364,0.39705416443919717
seleccion,model,15,4,censurado,llegadas,116662,1.7001829030979998,0.49634954453510755,0.40733558068580045
seleccion,model,15,5,censurado,llegadas,106499,1.7259946820720993,0.4962051253114403,0.3994561493909932
seleccion,model,15,6,censurado,llegadas,98108,1.733305010263263,0.49282170994536595,0.3913256823874751
seleccion,model,15,7,censurado,llegadas,24024,1.7374677925785187,0.4928672363786319,0.4136210672504486
seleccion,model,15,0,censurado,neto,271421,1.773577141802558,0.8916604579666296,-0.3219636497532156
seleccion,model,15,1,censurado,neto,149571,2.0401011731348095,1.0269716301062397,-0.19649938706520348
seleccion,model,15,2,censurado,neto,141458,1.9846276009514212,1.0425091207950647,-0.14924091047114882
seleccion,model,15,3,censurado,neto,129257,1.9109600502646253,1.0608629462065449,-0.11377579875440015
seleccion,model,15,4,censurado,neto,116662,1.9009474384168872,1.0711169126397815,-0.08609683345256128
seleccion,model,15,5,censurado,neto,106499,1.9224566167703916,1.0720310563214,-0.06664721018191427
seleccion,model,15,6,censurado,neto,98108,1.9440536978222975,1.0729539443063358,-0.051434723223360075
seleccion,model,15,7,censurado,neto,24024,1.9420485205005367,1.069301743135884,-0.039756763654656274
seleccion,model,15,0,censurado,salidas,271421,1.7866397278675192,0.43068962839784813,0.537544499029919
seleccion,model,15,1,censurado,salidas,149571,2.136731833238022,0.5081755326803087,0.5635871046424077
seleccion,model,15,2,censurado,salidas,141458,2.094074206205731,0.5094478537843536,0.5300703045613374
seleccion,model,15,3,censurado,salidas,129257,2.034673752103494,0.5166130569160291,0.5108299631935974
seleccion,model,15,4,censurado,salidas,116662,2.0238161666553425,0.5182356062906383,0.49343241413836175
seleccion,model,15,5,censurado,salidas,106499,2.0429323686614365,0.5152152651733982,0.46610335957290755
seleccion,model,15,6,censurado,salidas,98108,2.058540446209341,0.5118893439568558,0.44276040561083513
seleccion,model,15,7,censurado,salidas,24024,2.0580931346007887,0.5100962495166548,0.4533778309051048
seleccion,model,15,0,no_censurado,llegadas,1048729,1.5909599636773468,0.3519702700727342,-0.12256155298966895
seleccion,model,15,1,no_censurado,llegadas,551124,1.9662729968855042,0.41513378054738476,-0.20219335839822544
seleccion,model,15,2,no_censurado,llegadas,518617,1.9941148249717195,0.42042612825635073,-0.21305194397832122
seleccion,model,15,3,no_censurado,llegadas,490198,1.9906267331554126,0.4281634686108122,-0.21518870052367417
seleccion,model,15,4,no_censurado,llegadas,462173,1.9929072203044123,0.43265801480029964,-0.22406045870378738
seleccion,model,15,5,no_censurado,llegadas,431716,2.0077558873469643,0.43421561421356103,-0.2384757507695815
seleccion,model,15,6,no_censurado,llegadas,399487,2.0294462626368106,0.4357308617377435,-0.2563322223831177
seleccion,model,15,7,no_censurado,llegadas,97836,2.0272552251343945,0.4343937567347485,-0.22720564099900928
seleccion,model,15,0,no_censurado,neto,1048729,1.9474717068989742,0.7655745982134285,0.06991428858956823
seleccion,model,15,1,no_censurado,neto,551124,2.312108118408628,0.8939315296388637,0.03785133073515269
seleccion,model,15,2,no_censurado,neto,518617,2.307614603499319,0.9146547849250719,0.024514655841541378
seleccion,model,15,3,no_censurado,neto,490198,2.282996876767819,0.9387374150155235,0.015121522145090834
seleccion,model,15,4,no_censurado,neto,462173,2.2719717345465553,0.9503038966896284,0.006663953312651509
seleccion,model,15,5,no_censurado,neto,431716,2.281053649894061,0.9525953546065378,0.0007573863463420757
seleccion,model,15,6,no_censurado,neto,399487,2.294925422200929,0.9503694238846264,-0.006775694664049773
seleccion,model,15,7,no_censurado,neto,97836,2.293919279805411,0.9475848314869922,0.001855586593550997
seleccion,model,15,0,no_censurado,salidas,1048729,1.60224397244026,0.3681899934863152,-0.19247584157923717
seleccion,model,15,1,no_censurado,salidas,551124,1.9620170778208144,0.43430723455200587,-0.24004468913337815
seleccion,model,15,2,no_censurado,salidas,518617,1.9777762900299831,0.43944549271366173,-0.2375665998198626
seleccion,model,15,3,no_censurado,salidas,490198,1.9789800449355786,0.44564561033291195,-0.230310222668765
seleccion,model,15,4,no_censurado,salidas,462173,1.983985652413913,0.4488918266561391,-0.2307244120164389
seleccion,model,15,5,no_censurado,salidas,431716,1.9995582095959505,0.45110451674181684,-0.2392331371159235
seleccion,model,15,6,no_censurado,salidas,399487,2.0142164750394445,0.4528996926632873,-0.24955652771906797
seleccion,model,15,7,no_censurado,salidas,97836,2.009202100166928,0.4514181641545775,-0.2290612275925603
seleccion,model,60,0,all,llegadas,192945,1.7898280362809806,0.4227011315579743,-0.03244424021150995
seleccion,model,60,1,all,llegadas,182790,1.8717882653309517,0.4240645409822558,-0.04578702248154214
seleccion,model,60,2,all,llegadas,172635,1.915681466775426,0.4250698180986857,-0.05672545374062803
seleccion,model,60,3,all,llegadas,162480,1.927582792744913,0.43120971393253255,-0.06198543111963234
seleccion,model,60,4,all,llegadas,152325,1.9249163765368877,0.4407175128752118,-0.06655509951646316
seleccion,model,60,5,all,llegadas,142170,1.9365414417643574,0.44330782311302835,-0.0772310654111911
seleccion,model,60,6,all,llegadas,132015,1.9547873387615524,0.4435086103199659,-0.09081376958381013
seleccion,model,60,7,all,llegadas,121860,1.97012529505297,0.44354271187424354,-0.10087033130768337
seleccion,model,60,0,all,neto,192945,2.1927024840563343,0.9121998240294129,-0.0020383719677153907
seleccion,model,60,1,all,neto,182790,2.2355576397704113,0.9064257612713492,-0.0034698807911372185
seleccion,model,60,2,all,neto,172635,2.248947480018561,0.9158519627877125,-0.005210047822232806
seleccion,model,60,3,all,neto,162480,2.2217335917615273,0.938594694775439,-0.0038177887755750433
seleccion,model,60,4,all,neto,152325,2.194290979740902,0.963812550610686,-0.0040925703151554055
seleccion,model,60,5,all,neto,142170,2.193263815285695,0.9691712639879628,-0.0028729027452766578
seleccion,model,60,6,all,neto,132015,2.2137420022670637,0.9708981865182086,-0.0033672760383605224
seleccion,model,60,7,all,neto,121860,2.224549977971008,0.9665197498361596,-0.006348049565672148
seleccion,model,60,0,all,salidas,192945,1.8947176424428436,0.4467629528364864,-0.030405868243794553
seleccion,model,60,1,all,salidas,182790,1.9725401984255475,0.4476122540349164,-0.04231714169040493
seleccion,model,60,2,all,salidas,172635,2.0061650820694275,0.44917638697589574,-0.05151540591839524
seleccion,model,60,3,all,salidas,162480,2.000094354435572,0.45461395548178984,-0.05816764234405731
seleccion,model,60,4,all,salidas,152325,1.986454447919803,0.46054338260022737,-0.06246252920130775
seleccion,model,60,5,all,salidas,142170,1.9929516714394628,0.46164965780674644,-0.07435816266591443
seleccion,model,60,6,all,salidas,132015,2.0104547020825865,0.4623451838778241,-0.08744649354544959
seleccion,model,60,7,all,salidas,121860,2.0188406871621605,0.4621015358013108,-0.09452228174201126
seleccion,model,60,0,censurado,llegadas,39125,1.6313839184732062,0.4698893946395962,0.3292429021817285
seleccion,model,60,1,censurado,llegadas,38307,1.6714415976688315,0.47472391477897835,0.3886959463592419
seleccion,model,60,2,censurado,llegadas,37088,1.6876498052340698,0.4746279126181701,0.40292156319413786
seleccion,model,60,3,censurado,llegadas,34790,1.6853680414977215,0.4815970083015526,0.417379574142115
seleccion,model,60,4,censurado,llegadas,31489,1.6879795665198825,0.4960596226798374,0.4261893435519427
seleccion,model,60,5,censurado,llegadas,28391,1.7140023338458041,0.4991664556321994,0.4279212493462294
seleccion,model,60,6,censurado,llegadas,26036,1.7320699313114543,0.4956385898009037,0.42089862026928376
seleccion,model,60,7,censurado,llegadas,24024,1.7374677925785187,0.4928672363786319,0.4136210672504486
seleccion,model,60,0,censurado,neto,39125,2.057292357109815,1.0371020392712662,-0.2990053221425184
seleccion,model,60,1,censurado,neto,38307,2.0428504969112438,1.0232683977349626,-0.21766081246048166
seleccion,model,60,2,censurado,neto,37088,2.0273513868494017,1.022303307076419,-0.17742107912404906
seleccion,model,60,3,censurado,neto,34790,1.949119015348851,1.039263280774683,-0.12625579906261175
seleccion,model,60,4,censurado,neto,31489,1.8915136451907695,1.0662323793171053,-0.09825556061841027
seleccion,model,60,5,censurado,neto,28391,1.900932041918591,1.0709481605371816,-0.06901582839371331
seleccion,model,60,6,censurado,neto,26036,1.930016672913303,1.0722726691840205,-0.048282757553645354
seleccion,model,60,7,censurado,neto,24024,1.9420485205005367,1.069301743135884,-0.039756763654656274
seleccion,model,60,0,censurado,salidas,39125,2.094947261120014,0.5082332650726127,0.628248224324247
seleccion,model,60,1,censurado,salidas,38307,2.133781852560984,0.5099685643182242,0.6063567588197235
seleccion,model,60,2,censurado,salidas,37088,2.131275218605334,0.5060255642041306,0.5803426423181868
seleccion,model,60,3,censurado,salidas,34790,2.0751207992962017,0.5092976600342493,0.5436353732047269
seleccion,model,60,4,censurado,salidas,31489,2.018341173304526,0.5190665393099281,0.5244449041703532
seleccion,model,60,5,censurado,salidas,28391,2.0260098293235305,0.5179735527949315,0.49693707773994256
seleccion,model,60,6,censurado,salidas,26036,2.046662190416996,0.5136234955198407,0.46918137782292907
seleccion,model,60,7,censurado,salidas,24024,2.0580931346007887,0.5100962495166548,0.4533778309051048
seleccion,model,60,0,no_censurado,llegadas,153820,1.8301292071900248,0.4132906913222015,-0.1244414411355475
seleccion,model,60,1,no_censurado,llegadas,144483,1.9249064854546536,0.41389613129896363,-0.16098216023050854
seleccion,model,60,2,no_censurado,llegadas,135547,1.9780748673172732,0.4149552873266524,-0.18249281535008158
seleccion,model,60,3,no_censurado,llegadas,127690,1.993575832105002,0.42106257888148957,-0.19259165347891027
seleccion,model,60,4,no_censurado,llegadas,120836,1.986660419790765,0.430093447528902,-0.1949607879518718
seleccion,model,60,5,no_censurado,llegadas,113779,1.9920710897039215,0.4329070711397443,-0.2032805065934648
seleccion,model,60,6,no_censurado,llegadas,105979,2.009502616508754,0.4338461117448592,-0.2165268238890512
seleccion,model,60,7,no_censurado,llegadas,97836,2.0272552251343945,0.4343937567347485,-0.22720564099900928
seleccion,model,60,0,no_censurado,neto,153820,2.2271448271637495,0.8870977712836707,0.07349687654086065
seleccion,model,60,1,no_censurado,neto,144483,2.2866503809337737,0.8825557757600686,0.05331889034081312
seleccion,model,60,2,no_censurado,neto,135547,2.309579997916101,0.89350553267422,0.04190986430361107
seleccion,model,60,3,no_censurado,neto,127690,2.2960092681136066,0.9180269775592957,0.029541271275219893
seleccion,model,60,4,no_censurado,neto,120836,2.273192594223747,0.9441469352587045,0.02044563354511134
seleccion,model,60,5,no_censurado,neto,113779,2.2662086590412684,0.950269052657197,0.013631582283461207
seleccion,model,60,6,no_censurado,neto,105979,2.2834451762454417,0.9522051920695184,0.007667169245440571
seleccion,model,60,7,no_censurado,neto,97836,2.293919279805411,0.9475848314869922,0.001855586593550997
seleccion,model,60,0,no_censurado,salidas,153820,1.8437880895190093,0.4316739075101735,-0.19793831767640818
seleccion,model,60,1,no_censurado,salidas,144483,1.9297899506803726,0.4321224748761733,-0.21430105057132165
seleccion,model,60,2,no_censurado,salidas,135547,1.971932788150391,0.4347331217355865,-0.22440267965369262
seleccion,model,60,3,no_censurado,salidas,127690,1.9796528945193577,0.44108813862672996,-0.22213292475413016
seleccion,model,60,4,no_censurado,salidas,120836,1.9781449946472718,0.44713901700814607,-0.2154064214969831
seleccion,model,60,5,no_censurado,salidas,113779,1.9847027488747846,0.44920747095540525,-0.216912088876926
seleccion,model,60,6,no_censurado,salidas,105979,2.001559560910517,0.45103343724973305,-0.22419399313449187
seleccion,model,60,7,no_censurado,salidas,97836,2.009202100166928,0.4514181641545775,-0.2290612275925603
seleccion,model,180,0,all,llegadas,71085,1.6638229112207565,0.4184205743340261,-0.0459931006076419
seleccion,model,180,1,all,llegadas,60930,1.900282743165042,0.4368029348292012,-0.013503984225487042
seleccion,model,180,2,all,llegadas,60930,1.85860220480863,0.42060381268590014,-0.031207656183041187
seleccion,model,180,3,all,llegadas,60930,1.8475212875666618,0.41308988444818356,-0.06993540127083725
seleccion,model,180,4,all,llegadas,50775,2.053630917286016,0.44132469569183724,-0.04486956165546654
seleccion,model,180,5,all,llegadas,50775,1.8955127843834605,0.4424329952746464,-0.04728772694327924
seleccion,model,180,6,all,llegadas,50775,1.8185410452060093,0.43657882539165543,-0.08293859850384766
seleccion,model,180,7,all,llegadas,40620,2.1142137355595225,0.4472440849000766,-0.07110723496583285
seleccion,model,180,8,all,llegadas,40620,1.9205432122299182,0.4374269124881088,-0.07217754897689259
seleccion,model,180,9,all,llegadas,40620,1.8098374605063707,0.4301320994521735,-0.09994119343619488
seleccion,model,180,0,all,neto,71085,2.0770979784936077,0.9066657034155242,0.0032457341102512323
seleccion,model,180,1,all,neto,60930,2.1935684165048444,0.9073907710216923,-0.022048009062430356
seleccion,model,180,2,all,neto,60930,2.216976693901146,0.8791606081433209,0.009844812728714769
seleccion,model,180,3,all,neto,60930,2.196213075704351,0.8928100473219828,0.00667432150359134
seleccion,model,180,4,all,neto,50775,2.2658329304720293,0.9556168405006793,-0.03032765922383245
seleccion,model,180,5,all,neto,50775,2.1716516258319962,0.964433503320327,0.013533809791447976
seleccion,model,180,6,all,neto,50775,2.1162972979636074,0.9588032274261382,0.006714729240658553
seleccion,model,180,7,all,neto,40620,2.2858133460779535,0.9739721404127354,-0.035240316903519996
seleccion,model,180,8,all,neto,40620,2.1939965639158157,0.9520975644872061,0.015835118952703967
seleccion,model,180,9,all,neto,40620,2.0984819026068386,0.9311914581095465,0.0055287683946095185
seleccion,model,180,0,all,salidas,71085,1.7803678246130996,0.4493477537933022,-0.049238834717893136
seleccion,model,180,1,all,salidas,60930,1.9632597954663795,0.45404187876582885,0.00854402483694334
seleccion,model,180,2,all,salidas,60930,1.9774159573979153,0.4410552848910393,-0.04105246891175595
seleccion,model,180,3,all,salidas,60930,1.964679504286084,0.4451945680044595,-0.07660972277442858
seleccion,model,180,4,all,salidas,50775,2.07786681211788,0.46075100831194304,-0.014541902431634052
seleccion,model,180,5,all,salidas,50775,1.9590623306599113,0.45846322177684623,-0.06082153673472724
seleccion,model,180,6,all,salidas,50775,1.9109154459513644,0.459685471157617,-0.08965332774450618
seleccion,model,180,7,all,salidas,40620,2.1096632971053637,0.4614377268481298,-0.035866918062312875
seleccion,model,180,8,all,salidas,40620,1.9769320538940496,0.4530032494820063,-0.08801266792959657
seleccion,model,180,9,all,salidas,40620,1.896263393092903,0.4546868098783018,-0.1054699618308044
seleccion,model,180,0,censurado,llegadas,14454,1.5980904174342014,0.4611182978379004,0.3233646278854999
seleccion,model,180,1,censurado,llegadas,11541,1.6801280340920681,0.496895616468661,0.4222046403403858
seleccion,model,180,2,censurado,llegadas,13130,1.6711859305239822,0.469663340491864,0.41397957769966776
seleccion,model,180,3,censurado,llegadas,13636,1.6621901224256652,0.4613304127617262,0.4298223767273995
seleccion,model,180,4,censurado,llegadas,10322,1.7201097477376697,0.4928651125957203,0.4414745993374145
seleccion,model,180,5,censurado,llegadas,10832,1.688210544023169,0.499718440532846,0.4423192688333728
seleccion,model,180,6,censurado,llegadas,10335,1.6659885750244825,0.49860975103897914,0.44513522621627855
seleccion,model,180,7,censurado,llegadas,7224,1.818062980374931,0.4982241557690718,0.45063826309455873
seleccion,model,180,8,censurado,llegadas,8477,1.7151118523039646,0.4831357183391722,0.41493658919530696
seleccion,model,180,9,censurado,llegadas,8323,1.6362020718826438,0.48229599958490027,0.43131361727551754
seleccion,model,180,0,censurado,neto,14454,2.0664754306182966,1.0094574292526568,-0.21168051292013756
seleccion,model,180,1,censurado,neto,11541,1.9033647206939432,1.0741678357715794,-0.2588006955067388
seleccion,model,180,2,censurado,neto,13130,2.0426023745649227,0.9726677974118679,-0.20517622004257194
seleccion,model,180,3,censurado,neto,13636,2.0224574952148346,0.96925562874739,-0.05595527375580039
seleccion,model,180,4,censurado,neto,10322,1.853082193113395,1.0915039030653084,-0.1832469352121272
seleccion,model,180,5,censurado,neto,10832,1.8921429697376435,1.0635510688702274,-0.08491018603324854
seleccion,model,180,6,censurado,neto,10335,1.89387200286134,1.026546764020137,0.02802112124224808
seleccion,model,180,7,censurado,neto,7224,1.8761975684562593,1.1242245549542151,-0.1397042746796704
seleccion,model,180,8,censurado,neto,8477,1.9450715776170608,1.0475458553659356,-0.04045401889553446
seleccion,model,180,9,censurado,neto,8323,1.9016054817317707,0.9994356165984798,0.06916851842176144
seleccion,model,180,0,censurado,salidas,14454,2.1053795871581054,0.4941085366107562,0.5350451408056376
seleccion,model,180,1,censurado,salidas,11541,2.0112497690274065,0.5317594919783121,0.6810053358471245
seleccion,model,180,2,censurado,salidas,13130,2.1539810131956854,0.5047161720935013,0.6191557977422398
seleccion,model,180,3,censurado,salidas,13636,2.151672383879462,0.48419375250149094,0.4857776504831999
seleccion,model,180,4,censurado,salidas,10322,1.9905028975672752,0.5191522869590007,0.6247215345495417
seleccion,model,180,5,censurado,salidas,10832,2.017468404422659,0.5255830529042604,0.5272294548666213
seleccion,model,180,6,censurado,salidas,10335,2.028641500131647,0.5078114153089489,0.4171141049740305
seleccion,model,180,7,censurado,salidas,7224,2.0119369946489147,0.5157092165256985,0.5903425377742292
seleccion,model,180,8,censurado,salidas,8477,2.0666782318392123,0.5111074881495173,0.4553906080908413
seleccion,model,180,9,censurado,salidas,8323,2.0524673703915983,0.495581256854345,0.3621450988537561
seleccion,model,180,0,no_censurado,llegadas,56631,1.6805998967091087,0.4092240370746845,-0.14026472935585177
seleccion,model,180,1,no_censurado,llegadas,49389,1.951727508141276,0.42642909236311366,-0.1153184213696839
seleccion,model,180,2,no_censurado,llegadas,47800,1.9100828675985342,0.4103034790615349,-0.15349444239391924
seleccion,model,180,3,no_censurado,llegadas,47294,1.900956729015104,0.4024794517830569,-0.21402761298445752
seleccion,model,180,4,no_censurado,llegadas,40453,2.138732282131096,0.4320527793349741,-0.16896528829548133
seleccion,model,180,5,no_censurado,llegadas,39943,1.9517303410913358,0.430847431009065,-0.18006250545898148
seleccion,model,180,6,no_censurado,llegadas,40440,1.8575279339133801,0.42447464879219454,-0.21789515088966624
seleccion,model,180,7,no_censurado,llegadas,33396,2.1782750918732576,0.43913167470450754,-0.18396774155309692
seleccion,model,180,8,no_censurado,llegadas,32143,1.9747211557352635,0.42814862705006085,-0.20064304844134007
seleccion,model,180,9,no_censurado,llegadas,32297,1.8545836393934279,0.41980885491448955,-0.2368465960913512
seleccion,model,180,0,no_censurado,neto,56631,2.079809184493674,0.8838420387589861,0.05810162531078166
seleccion,model,180,1,no_censurado,neto,49389,2.261381914517633,0.8805029080855482,0.03327529682053474
seleccion,model,180,2,no_censurado,neto,47800,2.26487491174392,0.8587101288240191,0.06890812152132972
seleccion,model,180,3,no_censurado,neto,47294,2.246310997122608,0.8748973243231926,0.02473194320945394
seleccion,model,180,4,no_censurado,neto,40453,2.371150536360735,0.932467678141686,0.008691270565087493
seleccion,model,180,5,no_censurado,neto,39943,2.2474505834169056,0.9443401463630874,0.04023048662526399
seleccion,model,180,6,no_censurado,neto,40440,2.1731411512000554,0.9449150922480537,0.0012695867743769476
seleccion,model,180,7,no_censurado,neto,33396,2.3744186993399943,0.9522195963153222,-0.012643370234011374
seleccion,model,180,8,no_censurado,neto,32143,2.25964498219832,0.9328029469690821,0.030680124756129818
seleccion,model,180,9,no_censurado,neto,32297,2.1492173409120428,0.9169157425655027,-0.01087131952302946
seleccion,model,180,0,no_censurado,salidas,56631,1.6974146714668457,0.43682053567379175,-0.1983663546666334
seleccion,model,180,1,no_censurado,salidas,49389,1.9520457136897125,0.43860817510473327,-0.1485937181902186
seleccion,model,180,2,no_censurado,salidas,47800,1.9289159744978168,0.424626772871485,-0.2224025639152489
seleccion,model,180,3,no_censurado,salidas,47294,1.9107649505131885,0.433849037507601,-0.23875955619391143
seleccion,model,180,4,no_censurado,salidas,40453,2.1001586155933043,0.44854817944835923,-0.17765655886056883
seleccion,model,180,5,no_censurado,salidas,39943,1.9432233954022176,0.4425512126402649,-0.22029299208424546
seleccion,model,180,6,no_censurado,salidas,40440,1.880828928395646,0.4479825771671227,-0.21916473766404318
seleccion,model,180,7,no_censurado,salidas,33396,2.1308027991099565,0.45172819150173055,-0.17132437131908554
seleccion,model,180,8,no_censurado,salidas,32143,1.953263499296123,0.43907482749176724,-0.23132317319746984
seleccion,model,180,9,no_censurado,salidas,32297,1.8560093229607837,0.4442400645026452,-0.2259752765683217
seleccion,oracle,15,0,all,llegadas,1320150,0.0,0.0,0.0
seleccion,oracle,15,1,all,llegadas,700695,0.0,0.0,0.0
seleccion,oracle,15,2,all,llegadas,660075,0.0,0.0,0.0
seleccion,oracle,15,3,all,llegadas,619455,0.0,0.0,0.0
seleccion,oracle,15,4,all,llegadas,578835,0.0,0.0,0.0
seleccion,oracle,15,5,all,llegadas,538215,0.0,0.0,0.0
seleccion,oracle,15,6,all,llegadas,497595,0.0,0.0,0.0
seleccion,oracle,15,7,all,llegadas,121860,0.0,0.0,0.0
seleccion,oracle,15,0,all,neto,1320150,0.0,0.0,0.0
seleccion,oracle,15,1,all,neto,700695,0.0,0.0,0.0
seleccion,oracle,15,2,all,neto,660075,0.0,0.0,0.0
seleccion,oracle,15,3,all,neto,619455,0.0,0.0,0.0
seleccion,oracle,15,4,all,neto,578835,0.0,0.0,0.0
seleccion,oracle,15,5,all,neto,538215,0.0,0.0,0.0
seleccion,oracle,15,6,all,neto,497595,0.0,0.0,0.0
seleccion,oracle,15,7,all,neto,121860,0.0,0.0,0.0
seleccion,oracle,15,0,all,salidas,1320150,0.0,0.0,0.0
seleccion,oracle,15,1,all,salidas,700695,0.0,0.0,0.0
seleccion,oracle,15,2,all,salidas,660075,0.0,0.0,0.0
seleccion,oracle,15,3,all,salidas,619455,0.0,0.0,0.0
seleccion,oracle,15,4,all,salidas,578835,0.0,0.0,0.0
seleccion,oracle,15,5,all,salidas,538215,0.0,0.0,0.0
seleccion,oracle,15,6,all,salidas,497595,0.0,0.0,0.0
seleccion,oracle,15,7,all,salidas,121860,0.0,0.0,0.0
seleccion,oracle,15,0,censurado,llegadas,271421,0.0,0.0,0.0
seleccion,oracle,15,1,censurado,llegadas,149571,0.0,0.0,0.0
seleccion,oracle,15,2,censurado,llegadas,141458,0.0,0.0,0.0
seleccion,oracle,15,3,censurado,llegadas,129257,0.0,0.0,0.0
seleccion,oracle,15,4,censurado,llegadas,116662,0.0,0.0,0.0
seleccion,oracle,15,5,censurado,llegadas,106499,0.0,0.0,0.0
seleccion,oracle,15,6,censurado,llegadas,98108,0.0,0.0,0.0
seleccion,oracle,15,7,censurado,llegadas,24024,0.0,0.0,0.0
seleccion,oracle,15,0,censurado,neto,271421,0.0,0.0,0.0
seleccion,oracle,15,1,censurado,neto,149571,0.0,0.0,0.0
seleccion,oracle,15,2,censurado,neto,141458,0.0,0.0,0.0
seleccion,oracle,15,3,censurado,neto,129257,0.0,0.0,0.0
seleccion,oracle,15,4,censurado,neto,116662,0.0,0.0,0.0
seleccion,oracle,15,5,censurado,neto,106499,0.0,0.0,0.0
seleccion,oracle,15,6,censurado,neto,98108,0.0,0.0,0.0
seleccion,oracle,15,7,censurado,neto,24024,0.0,0.0,0.0
seleccion,oracle,15,0,censurado,salidas,271421,0.0,0.0,0.0
seleccion,oracle,15,1,censurado,salidas,149571,0.0,0.0,0.0
seleccion,oracle,15,2,censurado,salidas,141458,0.0,0.0,0.0
seleccion,oracle,15,3,censurado,salidas,129257,0.0,0.0,0.0
seleccion,oracle,15,4,censurado,salidas,116662,0.0,0.0,0.0
seleccion,oracle,15,5,censurado,salidas,106499,0.0,0.0,0.0
seleccion,oracle,15,6,censurado,salidas,98108,0.0,0.0,0.0
seleccion,oracle,15,7,censurado,salidas,24024,0.0,0.0,0.0
seleccion,oracle,15,0,no_censurado,llegadas,1048729,0.0,0.0,0.0
seleccion,oracle,15,1,no_censurado,llegadas,551124,0.0,0.0,0.0
seleccion,oracle,15,2,no_censurado,llegadas,518617,0.0,0.0,0.0
seleccion,oracle,15,3,no_censurado,llegadas,490198,0.0,0.0,0.0
seleccion,oracle,15,4,no_censurado,llegadas,462173,0.0,0.0,0.0
seleccion,oracle,15,5,no_censurado,llegadas,431716,0.0,0.0,0.0
seleccion,oracle,15,6,no_censurado,llegadas,399487,0.0,0.0,0.0
seleccion,oracle,15,7,no_censurado,llegadas,97836,0.0,0.0,0.0
seleccion,oracle,15,0,no_censurado,neto,1048729,0.0,0.0,0.0
seleccion,oracle,15,1,no_censurado,neto,551124,0.0,0.0,0.0
seleccion,oracle,15,2,no_censurado,neto,518617,0.0,0.0,0.0
seleccion,oracle,15,3,no_censurado,neto,490198,0.0,0.0,0.0
seleccion,oracle,15,4,no_censurado,neto,462173,0.0,0.0,0.0
seleccion,oracle,15,5,no_censurado,neto,431716,0.0,0.0,0.0
seleccion,oracle,15,6,no_censurado,neto,399487,0.0,0.0,0.0
seleccion,oracle,15,7,no_censurado,neto,97836,0.0,0.0,0.0
seleccion,oracle,15,0,no_censurado,salidas,1048729,0.0,0.0,0.0
seleccion,oracle,15,1,no_censurado,salidas,551124,0.0,0.0,0.0
seleccion,oracle,15,2,no_censurado,salidas,518617,0.0,0.0,0.0
seleccion,oracle,15,3,no_censurado,salidas,490198,0.0,0.0,0.0
seleccion,oracle,15,4,no_censurado,salidas,462173,0.0,0.0,0.0
seleccion,oracle,15,5,no_censurado,salidas,431716,0.0,0.0,0.0
seleccion,oracle,15,6,no_censurado,salidas,399487,0.0,0.0,0.0
seleccion,oracle,15,7,no_censurado,salidas,97836,0.0,0.0,0.0
seleccion,oracle,60,0,all,llegadas,192945,0.0,0.0,0.0
seleccion,oracle,60,1,all,llegadas,182790,0.0,0.0,0.0
seleccion,oracle,60,2,all,llegadas,172635,0.0,0.0,0.0
seleccion,oracle,60,3,all,llegadas,162480,0.0,0.0,0.0
seleccion,oracle,60,4,all,llegadas,152325,0.0,0.0,0.0
seleccion,oracle,60,5,all,llegadas,142170,0.0,0.0,0.0
seleccion,oracle,60,6,all,llegadas,132015,0.0,0.0,0.0
seleccion,oracle,60,7,all,llegadas,121860,0.0,0.0,0.0
seleccion,oracle,60,0,all,neto,192945,0.0,0.0,0.0
seleccion,oracle,60,1,all,neto,182790,0.0,0.0,0.0
seleccion,oracle,60,2,all,neto,172635,0.0,0.0,0.0
seleccion,oracle,60,3,all,neto,162480,0.0,0.0,0.0
seleccion,oracle,60,4,all,neto,152325,0.0,0.0,0.0
seleccion,oracle,60,5,all,neto,142170,0.0,0.0,0.0
seleccion,oracle,60,6,all,neto,132015,0.0,0.0,0.0
seleccion,oracle,60,7,all,neto,121860,0.0,0.0,0.0
seleccion,oracle,60,0,all,salidas,192945,0.0,0.0,0.0
seleccion,oracle,60,1,all,salidas,182790,0.0,0.0,0.0
seleccion,oracle,60,2,all,salidas,172635,0.0,0.0,0.0
seleccion,oracle,60,3,all,salidas,162480,0.0,0.0,0.0
seleccion,oracle,60,4,all,salidas,152325,0.0,0.0,0.0
seleccion,oracle,60,5,all,salidas,142170,0.0,0.0,0.0
seleccion,oracle,60,6,all,salidas,132015,0.0,0.0,0.0
seleccion,oracle,60,7,all,salidas,121860,0.0,0.0,0.0
seleccion,oracle,60,0,censurado,llegadas,39125,0.0,0.0,0.0
seleccion,oracle,60,1,censurado,llegadas,38307,0.0,0.0,0.0
seleccion,oracle,60,2,censurado,llegadas,37088,0.0,0.0,0.0
seleccion,oracle,60,3,censurado,llegadas,34790,0.0,0.0,0.0
seleccion,oracle,60,4,censurado,llegadas,31489,0.0,0.0,0.0
seleccion,oracle,60,5,censurado,llegadas,28391,0.0,0.0,0.0
seleccion,oracle,60,6,censurado,llegadas,26036,0.0,0.0,0.0
seleccion,oracle,60,7,censurado,llegadas,24024,0.0,0.0,0.0
seleccion,oracle,60,0,censurado,neto,39125,0.0,0.0,0.0
seleccion,oracle,60,1,censurado,neto,38307,0.0,0.0,0.0
seleccion,oracle,60,2,censurado,neto,37088,0.0,0.0,0.0
seleccion,oracle,60,3,censurado,neto,34790,0.0,0.0,0.0
seleccion,oracle,60,4,censurado,neto,31489,0.0,0.0,0.0
seleccion,oracle,60,5,censurado,neto,28391,0.0,0.0,0.0
seleccion,oracle,60,6,censurado,neto,26036,0.0,0.0,0.0
seleccion,oracle,60,7,censurado,neto,24024,0.0,0.0,0.0
seleccion,oracle,60,0,censurado,salidas,39125,0.0,0.0,0.0
seleccion,oracle,60,1,censurado,salidas,38307,0.0,0.0,0.0
seleccion,oracle,60,2,censurado,salidas,37088,0.0,0.0,0.0
seleccion,oracle,60,3,censurado,salidas,34790,0.0,0.0,0.0
seleccion,oracle,60,4,censurado,salidas,31489,0.0,0.0,0.0
seleccion,oracle,60,5,censurado,salidas,28391,0.0,0.0,0.0
seleccion,oracle,60,6,censurado,salidas,26036,0.0,0.0,0.0
seleccion,oracle,60,7,censurado,salidas,24024,0.0,0.0,0.0
seleccion,oracle,60,0,no_censurado,llegadas,153820,0.0,0.0,0.0
seleccion,oracle,60,1,no_censurado,llegadas,144483,0.0,0.0,0.0
seleccion,oracle,60,2,no_censurado,llegadas,135547,0.0,0.0,0.0
seleccion,oracle,60,3,no_censurado,llegadas,127690,0.0,0.0,0.0
seleccion,oracle,60,4,no_censurado,llegadas,120836,0.0,0.0,0.0
seleccion,oracle,60,5,no_censurado,llegadas,113779,0.0,0.0,0.0
seleccion,oracle,60,6,no_censurado,llegadas,105979,0.0,0.0,0.0
seleccion,oracle,60,7,no_censurado,llegadas,97836,0.0,0.0,0.0
seleccion,oracle,60,0,no_censurado,neto,153820,0.0,0.0,0.0
seleccion,oracle,60,1,no_censurado,neto,144483,0.0,0.0,0.0
seleccion,oracle,60,2,no_censurado,neto,135547,0.0,0.0,0.0
seleccion,oracle,60,3,no_censurado,neto,127690,0.0,0.0,0.0
seleccion,oracle,60,4,no_censurado,neto,120836,0.0,0.0,0.0
seleccion,oracle,60,5,no_censurado,neto,113779,0.0,0.0,0.0
seleccion,oracle,60,6,no_censurado,neto,105979,0.0,0.0,0.0
seleccion,oracle,60,7,no_censurado,neto,97836,0.0,0.0,0.0
seleccion,oracle,60,0,no_censurado,salidas,153820,0.0,0.0,0.0
seleccion,oracle,60,1,no_censurado,salidas,144483,0.0,0.0,0.0
seleccion,oracle,60,2,no_censurado,salidas,135547,0.0,0.0,0.0
seleccion,oracle,60,3,no_censurado,salidas,127690,0.0,0.0,0.0
seleccion,oracle,60,4,no_censurado,salidas,120836,0.0,0.0,0.0
seleccion,oracle,60,5,no_censurado,salidas,113779,0.0,0.0,0.0
seleccion,oracle,60,6,no_censurado,salidas,105979,0.0,0.0,0.0
seleccion,oracle,60,7,no_censurado,salidas,97836,0.0,0.0,0.0
seleccion,oracle,180,0,all,llegadas,71085,0.0,0.0,0.0
seleccion,oracle,180,1,all,llegadas,60930,0.0,0.0,0.0
seleccion,oracle,180,2,all,llegadas,60930,0.0,0.0,0.0
seleccion,oracle,180,3,all,llegadas,60930,0.0,0.0,0.0
seleccion,oracle,180,4,all,llegadas,50775,0.0,0.0,0.0
seleccion,oracle,180,5,all,llegadas,50775,0.0,0.0,0.0
seleccion,oracle,180,6,all,llegadas,50775,0.0,0.0,0.0
seleccion,oracle,180,7,all,llegadas,40620,0.0,0.0,0.0
seleccion,oracle,180,8,all,llegadas,40620,0.0,0.0,0.0
seleccion,oracle,180,9,all,llegadas,40620,0.0,0.0,0.0
seleccion,oracle,180,0,all,neto,71085,0.0,0.0,0.0
seleccion,oracle,180,1,all,neto,60930,0.0,0.0,0.0
seleccion,oracle,180,2,all,neto,60930,0.0,0.0,0.0
seleccion,oracle,180,3,all,neto,60930,0.0,0.0,0.0
seleccion,oracle,180,4,all,neto,50775,0.0,0.0,0.0
seleccion,oracle,180,5,all,neto,50775,0.0,0.0,0.0
seleccion,oracle,180,6,all,neto,50775,0.0,0.0,0.0
seleccion,oracle,180,7,all,neto,40620,0.0,0.0,0.0
seleccion,oracle,180,8,all,neto,40620,0.0,0.0,0.0
seleccion,oracle,180,9,all,neto,40620,0.0,0.0,0.0
seleccion,oracle,180,0,all,salidas,71085,0.0,0.0,0.0
seleccion,oracle,180,1,all,salidas,60930,0.0,0.0,0.0
seleccion,oracle,180,2,all,salidas,60930,0.0,0.0,0.0
seleccion,oracle,180,3,all,salidas,60930,0.0,0.0,0.0
seleccion,oracle,180,4,all,salidas,50775,0.0,0.0,0.0
seleccion,oracle,180,5,all,salidas,50775,0.0,0.0,0.0
seleccion,oracle,180,6,all,salidas,50775,0.0,0.0,0.0
seleccion,oracle,180,7,all,salidas,40620,0.0,0.0,0.0
seleccion,oracle,180,8,all,salidas,40620,0.0,0.0,0.0
seleccion,oracle,180,9,all,salidas,40620,0.0,0.0,0.0
seleccion,oracle,180,0,censurado,llegadas,14454,0.0,0.0,0.0
seleccion,oracle,180,1,censurado,llegadas,11541,0.0,0.0,0.0
seleccion,oracle,180,2,censurado,llegadas,13130,0.0,0.0,0.0
seleccion,oracle,180,3,censurado,llegadas,13636,0.0,0.0,0.0
seleccion,oracle,180,4,censurado,llegadas,10322,0.0,0.0,0.0
seleccion,oracle,180,5,censurado,llegadas,10832,0.0,0.0,0.0
seleccion,oracle,180,6,censurado,llegadas,10335,0.0,0.0,0.0
seleccion,oracle,180,7,censurado,llegadas,7224,0.0,0.0,0.0
seleccion,oracle,180,8,censurado,llegadas,8477,0.0,0.0,0.0
seleccion,oracle,180,9,censurado,llegadas,8323,0.0,0.0,0.0
seleccion,oracle,180,0,censurado,neto,14454,0.0,0.0,0.0
seleccion,oracle,180,1,censurado,neto,11541,0.0,0.0,0.0
seleccion,oracle,180,2,censurado,neto,13130,0.0,0.0,0.0
seleccion,oracle,180,3,censurado,neto,13636,0.0,0.0,0.0
seleccion,oracle,180,4,censurado,neto,10322,0.0,0.0,0.0
seleccion,oracle,180,5,censurado,neto,10832,0.0,0.0,0.0
seleccion,oracle,180,6,censurado,neto,10335,0.0,0.0,0.0
seleccion,oracle,180,7,censurado,neto,7224,0.0,0.0,0.0
seleccion,oracle,180,8,censurado,neto,8477,0.0,0.0,0.0
seleccion,oracle,180,9,censurado,neto,8323,0.0,0.0,0.0
seleccion,oracle,180,0,censurado,salidas,14454,0.0,0.0,0.0
seleccion,oracle,180,1,censurado,salidas,11541,0.0,0.0,0.0
seleccion,oracle,180,2,censurado,salidas,13130,0.0,0.0,0.0
seleccion,oracle,180,3,censurado,salidas,13636,0.0,0.0,0.0
seleccion,oracle,180,4,censurado,salidas,10322,0.0,0.0,0.0
seleccion,oracle,180,5,censurado,salidas,10832,0.0,0.0,0.0
seleccion,oracle,180,6,censurado,salidas,10335,0.0,0.0,0.0
seleccion,oracle,180,7,censurado,salidas,7224,0.0,0.0,0.0
seleccion,oracle,180,8,censurado,salidas,8477,0.0,0.0,0.0
seleccion,oracle,180,9,censurado,salidas,8323,0.0,0.0,0.0
seleccion,oracle,180,0,no_censurado,llegadas,56631,0.0,0.0,0.0
seleccion,oracle,180,1,no_censurado,llegadas,49389,0.0,0.0,0.0
seleccion,oracle,180,2,no_censurado,llegadas,47800,0.0,0.0,0.0
seleccion,oracle,180,3,no_censurado,llegadas,47294,0.0,0.0,0.0
seleccion,oracle,180,4,no_censurado,llegadas,40453,0.0,0.0,0.0
seleccion,oracle,180,5,no_censurado,llegadas,39943,0.0,0.0,0.0
seleccion,oracle,180,6,no_censurado,llegadas,40440,0.0,0.0,0.0
seleccion,oracle,180,7,no_censurado,llegadas,33396,0.0,0.0,0.0
seleccion,oracle,180,8,no_censurado,llegadas,32143,0.0,0.0,0.0
seleccion,oracle,180,9,no_censurado,llegadas,32297,0.0,0.0,0.0
seleccion,oracle,180,0,no_censurado,neto,56631,0.0,0.0,0.0
seleccion,oracle,180,1,no_censurado,neto,49389,0.0,0.0,0.0
seleccion,oracle,180,2,no_censurado,neto,47800,0.0,0.0,0.0
seleccion,oracle,180,3,no_censurado,neto,47294,0.0,0.0,0.0
seleccion,oracle,180,4,no_censurado,neto,40453,0.0,0.0,0.0
seleccion,oracle,180,5,no_censurado,neto,39943,0.0,0.0,0.0
seleccion,oracle,180,6,no_censurado,neto,40440,0.0,0.0,0.0
seleccion,oracle,180,7,no_censurado,neto,33396,0.0,0.0,0.0
seleccion,oracle,180,8,no_censurado,neto,32143,0.0,0.0,0.0
seleccion,oracle,180,9,no_censurado,neto,32297,0.0,0.0,0.0
seleccion,oracle,180,0,no_censurado,salidas,56631,0.0,0.0,0.0
seleccion,oracle,180,1,no_censurado,salidas,49389,0.0,0.0,0.0
seleccion,oracle,180,2,no_censurado,salidas,47800,0.0,0.0,0.0
seleccion,oracle,180,3,no_censurado,salidas,47294,0.0,0.0,0.0
seleccion,oracle,180,4,no_censurado,salidas,40453,0.0,0.0,0.0
seleccion,oracle,180,5,no_censurado,salidas,39943,0.0,0.0,0.0
seleccion,oracle,180,6,no_censurado,salidas,40440,0.0,0.0,0.0
seleccion,oracle,180,7,no_censurado,salidas,33396,0.0,0.0,0.0
seleccion,oracle,180,8,no_censurado,salidas,32143,0.0,0.0,0.0
seleccion,oracle,180,9,no_censurado,salidas,32297,0.0,0.0,0.0
