{"type":"FeatureCollection","metadata":{"fuente":"Marco Geoestadístico 2024 (INEGI), corte de actualización cartográfica agosto 2024","url":"https://www.inegi.org.mx/contenidos/productos/prod_serv/contenidos/espanol/bvinegi/productos/geografia/marcogeo/794551132173/09_ciudaddemexico.zip","archivo":"09_ciudaddemexico.zip","capa":"09a (AGEB urbanas)","proyeccion_origen":"MEXICO_ITRF_2008_LCC","crs":"EPSG:4326","simplificacion_m":4.0,"zonas":243,"estaciones":677,"cercanas":[],"generado":"2026-10-05T15:12:21"},"features":[{"type":"Feature","properties":{"cvegeo":"0900200010504","alcaldia":"Azcapotzalco","estaciones":["520"]},"geometry":{"type":"Polygon","coordinates":[[[-99.180138,19.476174],[-99.175315,19.475124],[-99.175757,19.471106],[-99.17615,19.468192],[-99.178637,19.470601],[-99.181141,19.473515],[-99.180449,19.475267],[-99.180398,19.475246],[-99.180138,19.476174]]]}},{"type":"Feature","properties":{"cvegeo":"0900200010519","alcaldia":"Azcapotzalco","estaciones":["522"]},"geometry":{"type":"Polygon","coordinates":[[[-99.17346,19.474642],[-99.173831,19.471334],[-99.169355,19.471926],[-99.169318,19.470467],[-99.175949,19.468383],[-99.17615,19.468192],[-99.175757,19.471106],[-99.175315,19.475124],[-99.17346,19.474642]]]}},{"type":"Feature","properties":{"cvegeo":"0900200010542","alcaldia":"Azcapotzalco","estaciones":["526","528"]},"geometry":{"type":"Polygon","coordinates":[[[-99.157957,19.473604],[-99.158378,19.471089],[-99.158592,19.468965],[-99.159305,19.469043],[-99.159315,19.464943],[-99.158643,19.463922],[-99.159296,19.463551],[-99.159722,19.463065],[-99.161994,19.464189],[-99.162312,19.463671],[-99.1624,19.46398],[-99.162528,19.464047],[-99.162608,19.464025],[-99.162708,19.464226],[-99.161374,19.464974],[-99.16102,19.465287],[-99.160746,19.465835],[-99.160744,19.466453],[-99.160647,19.466566],[-99.160992,19.467036],[-99.162521,19.466193],[-99.163434,19.467846],[-99.161968,19.468594],[-99.162436,19.469418],[-99.163587,19.472293],[-99.159458,19.473602],[-99.158981,19.473642],[-99.157957,19.473604]]]}},{"type":"Feature","properties":{"cvegeo":"0900200010684","alcaldia":"Azcapotzalco","estaciones":["512","513","514","515"]},"geometry":{"type":"Polygon","coordinates":[[[-99.183945,19.4703],[-99.184401,19.465369],[-99.188963,19.465737],[-99.190653,19.465943],[-99.190437,19.470456],[-99.190439,19.471402],[-99.186666,19.470957],[-99.183945,19.4703]]]}},{"type":"Feature","properties":{"cvegeo":"0900200010699","alcaldia":"Azcapotzalco","estaciones":["518"]},"geometry":{"type":"Polygon","coordinates":[[[-99.178637,19.470601],[-99.17615,19.468192],[-99.176562,19.467813],[-99.177181,19.46678],[-99.184221,19.46737],[-99.183945,19.4703],[-99.181784,19.46984],[-99.178637,19.470601]]]}},{"type":"Feature","properties":{"cvegeo":"0900200010701","alcaldia":"Azcapotzalco","estaciones":["516","517"]},"geometry":{"type":"Polygon","coordinates":[[[-99.177181,19.46678],[-99.177304,19.466283],[-99.177715,19.462034],[-99.179501,19.462575],[-99.179299,19.464961],[-99.181858,19.465181],[-99.181951,19.464997],[-99.182265,19.464902],[-99.182424,19.464976],[-99.182556,19.46524],[-99.184401,19.465369],[-99.184221,19.46737],[-99.177181,19.46678]]]}},{"type":"Feature","properties":{"cvegeo":"0900200010716","alcaldia":"Azcapotzalco","estaciones":["519","521"]},"geometry":{"type":"Polygon","coordinates":[[[-99.173004,19.465034],[-99.171519,19.462559],[-99.171827,19.46265],[-99.173887,19.46296],[-99.173897,19.462859],[-99.17759,19.463362],[-99.177274,19.466485],[-99.177181,19.46678],[-99.176562,19.467813],[-99.175949,19.468383],[-99.17037,19.470132],[-99.170529,19.468866],[-99.172755,19.468065],[-99.173047,19.4659],[-99.173259,19.46531],[-99.173004,19.465034]]]}},{"type":"Feature","properties":{"cvegeo":"0900200010720","alcaldia":"Azcapotzalco","estaciones":["524"]},"geometry":{"type":"Polygon","coordinates":[[[-99.165109,19.467639],[-99.163933,19.465971],[-99.172836,19.467435],[-99.172755,19.468065],[-99.170529,19.468866],[-99.17037,19.470132],[-99.166627,19.471301],[-99.166993,19.467995],[-99.166403,19.467835],[-99.165109,19.467639]]]}},{"type":"Feature","properties":{"cvegeo":"090020001074A","alcaldia":"Azcapotzalco","estaciones":["523","525"]},"geometry":{"type":"Polygon","coordinates":[[[-99.162241,19.469014],[-99.165062,19.467574],[-99.165109,19.467639],[-99.166403,19.467835],[-99.166993,19.467995],[-99.166627,19.471301],[-99.163587,19.472293],[-99.162241,19.469014]]]}},{"type":"Feature","properties":{"cvegeo":"0900200010805","alcaldia":"Azcapotzalco","estaciones":["510","511"]},"geometry":{"type":"Polygon","coordinates":[[[-99.182265,19.464902],[-99.181951,19.464997],[-99.181858,19.465181],[-99.179299,19.464961],[-99.179501,19.462575],[-99.177715,19.462034],[-99.177836,19.460635],[-99.177909,19.460382],[-99.178414,19.459599],[-99.178989,19.46034],[-99.179632,19.46142],[-99.179775,19.461562],[-99.183306,19.463736],[-99.183406,19.463751],[-99.183277,19.465298],[-99.182556,19.46524],[-99.182424,19.464976],[-99.182265,19.464902]]]}},{"type":"Feature","properties":{"cvegeo":"090020001081A","alcaldia":"Azcapotzalco","estaciones":["508","509"]},"geometry":{"type":"Polygon","coordinates":[[[-99.178768,19.458939],[-99.181074,19.459298],[-99.185265,19.460017],[-99.182914,19.463486],[-99.180375,19.461943],[-99.179632,19.46142],[-99.178989,19.46034],[-99.178414,19.459599],[-99.178768,19.458939]]]}},{"type":"Feature","properties":{"cvegeo":"0900200010824","alcaldia":"Azcapotzalco","estaciones":["531","532"]},"geometry":{"type":"Polygon","coordinates":[[[-99.17759,19.463362],[-99.173897,19.462859],[-99.173887,19.46296],[-99.171827,19.46265],[-99.171519,19.462559],[-99.168734,19.457814],[-99.168298,19.457174],[-99.177447,19.458658],[-99.178776,19.458926],[-99.177909,19.460382],[-99.177836,19.460635],[-99.17759,19.463362]]]}},{"type":"Feature","properties":{"cvegeo":"0900200010839","alcaldia":"Azcapotzalco","estaciones":["530"]},"geometry":{"type":"Polygon","coordinates":[[[-99.168291,19.465065],[-99.167788,19.465023],[-99.167744,19.464855],[-99.167558,19.464661],[-99.167283,19.464504],[-99.166856,19.464365],[-99.166989,19.463327],[-99.165195,19.463016],[-99.165384,19.46157],[-99.171519,19.462559],[-99.173004,19.465034],[-99.173259,19.46531],[-99.173047,19.4659],[-99.168336,19.465117],[-99.168291,19.465065]]]}},{"type":"Feature","properties":{"cvegeo":"0900200010843","alcaldia":"Azcapotzalco","estaciones":["533"]},"geometry":{"type":"Polygon","coordinates":[[[-99.171519,19.462559],[-99.16438,19.461432],[-99.165594,19.458511],[-99.16616,19.457442],[-99.164967,19.457264],[-99.165052,19.456656],[-99.168298,19.457174],[-99.168734,19.457814],[-99.171519,19.462559]]]}},{"type":"Feature","properties":{"cvegeo":"0900200010858","alcaldia":"Azcapotzalco","estaciones":["534","535"]},"geometry":{"type":"Polygon","coordinates":[[[-99.159722,19.463065],[-99.160709,19.461403],[-99.161046,19.460966],[-99.162563,19.459769],[-99.162927,19.459338],[-99.163146,19.458881],[-99.163705,19.456432],[-99.165052,19.456656],[-99.164967,19.457264],[-99.16616,19.457442],[-99.165594,19.458511],[-99.163824,19.462788],[-99.163573,19.463158],[-99.162608,19.464025],[-99.162528,19.464047],[-99.1624,19.46398],[-99.162312,19.463671],[-99.161994,19.464189],[-99.159722,19.463065]]]}},{"type":"Feature","properties":{"cvegeo":"0900200011057","alcaldia":"Azcapotzalco","estaciones":["527","529"]},"geometry":{"type":"Polygon","coordinates":[[[-99.163933,19.465971],[-99.162708,19.464226],[-99.165031,19.464564],[-99.165195,19.463016],[-99.166989,19.463327],[-99.166856,19.464365],[-99.167283,19.464504],[-99.167558,19.464661],[-99.167744,19.464855],[-99.167788,19.465023],[-99.168291,19.465065],[-99.168336,19.465117],[-99.173047,19.4659],[-99.172836,19.467435],[-99.163933,19.465971]]]}},{"type":"Feature","properties":{"cvegeo":"0900300010018","alcaldia":"Coyoacán","estaciones":["659","660","661","689"]},"geometry":{"type":"Polygon","coordinates":[[[-99.167761,19.35851],[-99.166809,19.353914],[-99.163933,19.350709],[-99.167918,19.351636],[-99.169307,19.352034],[-99.169765,19.351058],[-99.174534,19.351102],[-99.177591,19.351819],[-99.177218,19.352441],[-99.175776,19.353617],[-99.17542,19.353982],[-99.174934,19.354634],[-99.172986,19.356748],[-99.17272,19.357179],[-99.171698,19.359565],[-99.17055,19.358886],[-99.170152,19.358747],[-99.169192,19.358594],[-99.167761,19.35851]]]}},{"type":"Feature","properties":{"cvegeo":"0900300010022","alcaldia":"Coyoacán","estaciones":["657","658","693","694","696"]},"geometry":{"type":"Polygon","coordinates":[[[-99.163493,19.35827],[-99.163481,19.354235],[-99.163563,19.352852],[-99.163933,19.350709],[-99.166809,19.353914],[-99.167761,19.35851],[-99.163493,19.35827]]]}},{"type":"Feature","properties":{"cvegeo":"0900300010037","alcaldia":"Coyoacán","estaciones":["656","695"]},"geometry":{"type":"Polygon","coordinates":[[[-99.160461,19.358103],[-99.160116,19.356295],[-99.159094,19.35188],[-99.162682,19.351109],[-99.163781,19.351387],[-99.163563,19.352852],[-99.163454,19.354722],[-99.163521,19.356526],[-99.163493,19.35827],[-99.160461,19.358103]]]}},{"type":"Feature","properties":{"cvegeo":"0900300010041","alcaldia":"Coyoacán","estaciones":["650","652","653","654","655"]},"geometry":{"type":"Polygon","coordinates":[[[-99.160461,19.358103],[-99.148891,19.357468],[-99.148951,19.356155],[-99.14942,19.355775],[-99.150087,19.355504],[-99.156236,19.354318],[-99.156932,19.352306],[-99.159094,19.35188],[-99.160116,19.356295],[-99.160461,19.358103]]]}},{"type":"Feature","properties":{"cvegeo":"0900300010056","alcaldia":"Coyoacán","estaciones":["703","707"]},"geometry":{"type":"Polygon","coordinates":[[[-99.151408,19.351587],[-99.149285,19.35119],[-99.149562,19.349791],[-99.147552,19.349428],[-99.147634,19.348518],[-99.148113,19.347665],[-99.148325,19.347175],[-99.148415,19.346726],[-99.148474,19.346788],[-99.150129,19.347133],[-99.153237,19.347707],[-99.154217,19.348025],[-99.153254,19.351207],[-99.157353,19.350361],[-99.157763,19.352149],[-99.156932,19.352306],[-99.156236,19.354318],[-99.152391,19.35505],[-99.151408,19.351587]]]}},{"type":"Feature","properties":{"cvegeo":"0900300010060","alcaldia":"Coyoacán","estaciones":["648","649","651"]},"geometry":{"type":"Polygon","coordinates":[[[-99.143849,19.35726],[-99.145484,19.351522],[-99.145574,19.350879],[-99.145582,19.350244],[-99.145476,19.349005],[-99.149562,19.349791],[-99.149285,19.35119],[-99.151408,19.351587],[-99.152391,19.35505],[-99.150087,19.355504],[-99.14942,19.355775],[-99.148951,19.356155],[-99.148891,19.357468],[-99.143849,19.35726]]]}},{"type":"Feature","properties":{"cvegeo":"0900300010111","alcaldia":"Coyoacán","estaciones":["687","688"]},"geometry":{"type":"Polygon","coordinates":[[[-99.174341,19.351087],[-99.173815,19.351084],[-99.173192,19.350798],[-99.17351,19.349538],[-99.17336,19.349529],[-99.173906,19.345815],[-99.178639,19.346391],[-99.180815,19.347059],[-99.180724,19.347196],[-99.180547,19.347233],[-99.18012,19.349265],[-99.179924,19.34964],[-99.179599,19.350007],[-99.178316,19.351112],[-99.177591,19.351819],[-99.174341,19.351087]]]}},{"type":"Feature","properties":{"cvegeo":"0900300010126","alcaldia":"Coyoacán","estaciones":["690","691","692"]},"geometry":{"type":"Polygon","coordinates":[[[-99.167918,19.351636],[-99.16847,19.349356],[-99.167479,19.349336],[-99.167834,19.34803],[-99.167991,19.348032],[-99.168326,19.347578],[-99.167505,19.346598],[-99.167527,19.346061],[-99.167802,19.34508],[-99.173906,19.345815],[-99.17336,19.349529],[-99.17351,19.349538],[-99.173192,19.350798],[-99.173815,19.351084],[-99.169765,19.351058],[-99.169307,19.352034],[-99.167918,19.351636]]]}},{"type":"Feature","properties":{"cvegeo":"0900300010130","alcaldia":"Coyoacán","estaciones":["697","698","699"]},"geometry":{"type":"Polygon","coordinates":[[[-99.163933,19.350709],[-99.163781,19.351387],[-99.162682,19.351109],[-99.161769,19.351336],[-99.161593,19.350589],[-99.161836,19.349681],[-99.161772,19.349487],[-99.161839,19.349176],[-99.162325,19.347272],[-99.162462,19.347301],[-99.162923,19.345785],[-99.163441,19.345942],[-99.163596,19.344572],[-99.167802,19.34508],[-99.167527,19.346061],[-99.167505,19.346598],[-99.168326,19.347578],[-99.167991,19.348032],[-99.167834,19.34803],[-99.167479,19.349336],[-99.16847,19.349356],[-99.167918,19.351636],[-99.163933,19.350709]]]}},{"type":"Feature","properties":{"cvegeo":"0900300010145","alcaldia":"Coyoacán","estaciones":["700","701","704"]},"geometry":{"type":"Polygon","coordinates":[[[-99.157353,19.350361],[-99.157952,19.350235],[-99.158884,19.346152],[-99.156505,19.34376],[-99.15627,19.343667],[-99.163596,19.344572],[-99.163441,19.345942],[-99.162923,19.345785],[-99.162462,19.347301],[-99.162325,19.347272],[-99.161839,19.349176],[-99.161772,19.349487],[-99.161836,19.349681],[-99.161593,19.350589],[-99.161769,19.351336],[-99.157763,19.352149],[-99.157353,19.350361]]]}},{"type":"Feature","properties":{"cvegeo":"090030001015A","alcaldia":"Coyoacán","estaciones":["702","705","706","709"]},"geometry":{"type":"Polygon","coordinates":[[[-99.153254,19.351207],[-99.154217,19.348025],[-99.153237,19.347707],[-99.150129,19.347133],[-99.14887,19.342649],[-99.15627,19.343667],[-99.156505,19.34376],[-99.158774,19.345991],[-99.158883,19.346243],[-99.157952,19.350235],[-99.153254,19.351207]]]}},{"type":"Feature","properties":{"cvegeo":"0900300010164","alcaldia":"Coyoacán","estaciones":["708"]},"geometry":{"type":"Polygon","coordinates":[[[-99.145476,19.349005],[-99.144644,19.345652],[-99.137229,19.345282],[-99.137458,19.341145],[-99.141711,19.341748],[-99.142309,19.341697],[-99.14353,19.341849],[-99.143723,19.341928],[-99.14887,19.342649],[-99.150129,19.347133],[-99.148474,19.346788],[-99.148415,19.346726],[-99.148325,19.347175],[-99.148113,19.347665],[-99.147634,19.348518],[-99.147552,19.349428],[-99.145476,19.349005]]]}},{"type":"Feature","properties":{"cvegeo":"0901000010987","alcaldia":"Álvaro Obregón","estaciones":["674","675","677"]},"geometry":{"type":"Polygon","coordinates":[[[-99.189126,19.363011],[-99.188438,19.363025],[-99.187997,19.362942],[-99.187837,19.36288],[-99.186997,19.36226],[-99.185677,19.361722],[-99.184825,19.361777],[-99.183704,19.361715],[-99.183528,19.361778],[-99.182669,19.362344],[-99.184245,19.357448],[-99.189531,19.358877],[-99.189458,19.359406],[-99.190611,19.359424],[-99.190731,19.359125],[-99.191901,19.358959],[-99.193378,19.358299],[-99.194508,19.357661],[-99.195487,19.356991],[-99.195773,19.356867],[-99.198542,19.355839],[-99.1989,19.356041],[-99.19823,19.356554],[-99.197724,19.356791],[-99.195852,19.357467],[-99.195418,19.357688],[-99.192526,19.360102],[-99.19202,19.360636],[-99.191707,19.361106],[-99.191359,19.361811],[-99.191175,19.362544],[-99.191085,19.363487],[-99.189126,19.363011]]]}},{"type":"Feature","properties":{"cvegeo":"0901000010991","alcaldia":"Álvaro Obregón","estaciones":["678","679","684"]},"geometry":{"type":"Polygon","coordinates":[[[-99.179154,19.360498],[-99.180484,19.35483],[-99.182538,19.354419],[-99.183193,19.351599],[-99.184368,19.351662],[-99.183715,19.351093],[-99.184987,19.350888],[-99.186508,19.350422],[-99.182669,19.362344],[-99.182319,19.362552],[-99.181535,19.362819],[-99.18119,19.362907],[-99.179993,19.362962],[-99.179459,19.363248],[-99.178831,19.360418],[-99.179154,19.360498]]]}},{"type":"Feature","properties":{"cvegeo":"0901000011006","alcaldia":"Álvaro Obregón","estaciones":["662","665","666"]},"geometry":{"type":"Polygon","coordinates":[[[-99.174501,19.362013],[-99.173075,19.360425],[-99.171698,19.359565],[-99.172767,19.357078],[-99.172986,19.356748],[-99.173555,19.356122],[-99.175005,19.356616],[-99.17492,19.356847],[-99.175502,19.357046],[-99.175531,19.356969],[-99.176047,19.357134],[-99.176022,19.357211],[-99.176713,19.357478],[-99.178459,19.357896],[-99.179718,19.358102],[-99.179154,19.360498],[-99.178831,19.360418],[-99.179459,19.363248],[-99.179196,19.363804],[-99.177734,19.365139],[-99.174501,19.362013]]]}},{"type":"Feature","properties":{"cvegeo":"0901000011059","alcaldia":"Álvaro Obregón","estaciones":["676","681","682","683"]},"geometry":{"type":"Polygon","coordinates":[[[-99.184245,19.357448],[-99.186508,19.350422],[-99.186727,19.350238],[-99.189551,19.349271],[-99.190586,19.348773],[-99.190597,19.349681],[-99.189531,19.358877],[-99.184245,19.357448]]]}},{"type":"Feature","properties":{"cvegeo":"0901000011063","alcaldia":"Álvaro Obregón","estaciones":["663","664","686"]},"geometry":{"type":"Polygon","coordinates":[[[-99.173555,19.356122],[-99.174934,19.354634],[-99.17542,19.353982],[-99.175776,19.353617],[-99.177218,19.352441],[-99.177481,19.352009],[-99.183715,19.351093],[-99.184368,19.351662],[-99.183193,19.351599],[-99.182538,19.354419],[-99.180484,19.35483],[-99.179718,19.358102],[-99.178459,19.357896],[-99.176713,19.357478],[-99.176022,19.357211],[-99.176047,19.357134],[-99.175531,19.356969],[-99.175502,19.357046],[-99.17492,19.356847],[-99.175005,19.356616],[-99.173555,19.356122]]]}},{"type":"Feature","properties":{"cvegeo":"0901000011129","alcaldia":"Álvaro Obregón","estaciones":["685"]},"geometry":{"type":"Polygon","coordinates":[[[-99.185136,19.348337],[-99.189502,19.346535],[-99.190439,19.346055],[-99.191029,19.345861],[-99.192015,19.345382],[-99.194788,19.344831],[-99.195736,19.344479],[-99.19769,19.343502],[-99.197935,19.344611],[-99.197616,19.34472],[-99.197539,19.344978],[-99.197699,19.345153],[-99.1981,19.345287],[-99.197836,19.347141],[-99.1974,19.348453],[-99.199229,19.349025],[-99.198958,19.350199],[-99.198515,19.350083],[-99.198333,19.3507],[-99.19732,19.350468],[-99.197628,19.349464],[-99.195978,19.34904],[-99.191915,19.348176],[-99.191315,19.348194],[-99.190777,19.348408],[-99.190639,19.348521],[-99.190586,19.348773],[-99.189551,19.349271],[-99.186727,19.350238],[-99.186508,19.350422],[-99.186071,19.350558],[-99.185136,19.348337]]]}},{"type":"Feature","properties":{"cvegeo":"0901400010011","alcaldia":"Benito Juárez","estaciones":["276","277"]},"geometry":{"type":"Polygon","coordinates":[[[-99.155593,19.401721],[-99.158515,19.401542],[-99.158527,19.400848],[-99.158605,19.400291],[-99.158571,19.400172],[-99.158904,19.39604],[-99.16026,19.396143],[-99.159869,19.401479],[-99.162128,19.401183],[-99.162092,19.401588],[-99.162278,19.402403],[-99.157166,19.40393],[-99.156322,19.40406],[-99.155387,19.404057],[-99.155593,19.401721]]]}},{"type":"Feature","properties":{"cvegeo":"0901400010026","alcaldia":"Benito Juárez","estaciones":["594"]},"geometry":{"type":"Polygon","coordinates":[[[-99.144967,19.403872],[-99.145136,19.402225],[-99.155593,19.401721],[-99.155387,19.404057],[-99.147616,19.404012],[-99.144967,19.403872]]]}},{"type":"Feature","properties":{"cvegeo":"0901400010030","alcaldia":"Benito Juárez","estaciones":["588","591"]},"geometry":{"type":"Polygon","coordinates":[[[-99.13658,19.402809],[-99.13705,19.399852],[-99.145291,19.401052],[-99.144967,19.403872],[-99.137398,19.403461],[-99.137227,19.403308],[-99.137027,19.402955],[-99.13658,19.402809]]]}},{"type":"Feature","properties":{"cvegeo":"0901400010045","alcaldia":"Benito Juárez","estaciones":["279","283"]},"geometry":{"type":"Polygon","coordinates":[[[-99.165315,19.400761],[-99.166775,19.394965],[-99.167096,19.393656],[-99.169129,19.396057],[-99.169362,19.396449],[-99.169626,19.397273],[-99.170238,19.399832],[-99.167535,19.400481],[-99.165258,19.401327],[-99.165315,19.400761]]]}},{"type":"Feature","properties":{"cvegeo":"090140001005A","alcaldia":"Benito Juárez","estaciones":["278","282","293","294"]},"geometry":{"type":"Polygon","coordinates":[[[-99.165315,19.400761],[-99.165258,19.401327],[-99.163799,19.401904],[-99.162278,19.402403],[-99.162092,19.401588],[-99.162128,19.401183],[-99.159869,19.401479],[-99.16026,19.396143],[-99.160933,19.396195],[-99.161752,19.39635],[-99.166179,19.397295],[-99.165315,19.400761]]]}},{"type":"Feature","properties":{"cvegeo":"0901400010064","alcaldia":"Benito Juárez","estaciones":["280","281","295","297"]},"geometry":{"type":"Polygon","coordinates":[[[-99.155593,19.401721],[-99.156065,19.395828],[-99.156906,19.395407],[-99.160471,19.393285],[-99.16026,19.396143],[-99.158904,19.39604],[-99.158571,19.400172],[-99.158605,19.400291],[-99.158527,19.400848],[-99.158515,19.401542],[-99.155593,19.401721]]]}},{"type":"Feature","properties":{"cvegeo":"0901400010079","alcaldia":"Benito Juárez","estaciones":["593","595","597"]},"geometry":{"type":"Polygon","coordinates":[[[-99.145136,19.402225],[-99.152237,19.398029],[-99.156065,19.395828],[-99.155593,19.401721],[-99.145136,19.402225]]]}},{"type":"Feature","properties":{"cvegeo":"0901400010083","alcaldia":"Benito Juárez","estaciones":["596","598"]},"geometry":{"type":"Polygon","coordinates":[[[-99.150515,19.392754],[-99.15092,19.392304],[-99.151087,19.392438],[-99.151326,19.392486],[-99.15154,19.392422],[-99.151654,19.392321],[-99.155288,19.395108],[-99.155982,19.395822],[-99.156065,19.395828],[-99.152237,19.398029],[-99.150008,19.399378],[-99.150515,19.392754]]]}},{"type":"Feature","properties":{"cvegeo":"0901400010098","alcaldia":"Benito Juárez","estaciones":["599"]},"geometry":{"type":"Polygon","coordinates":[[[-99.145651,19.398178],[-99.150515,19.392754],[-99.150008,19.399378],[-99.145136,19.402225],[-99.145651,19.398178]]]}},{"type":"Feature","properties":{"cvegeo":"0901400010100","alcaldia":"Benito Juárez","estaciones":["600"]},"geometry":{"type":"Polygon","coordinates":[[[-99.146428,19.392471],[-99.150884,19.392258],[-99.15092,19.392304],[-99.145651,19.398178],[-99.146428,19.392471]]]}},{"type":"Feature","properties":{"cvegeo":"0901400010115","alcaldia":"Benito Juárez","estaciones":["589","590","592"]},"geometry":{"type":"Polygon","coordinates":[[[-99.13705,19.399852],[-99.137511,19.397002],[-99.145528,19.398085],[-99.145651,19.398178],[-99.145291,19.401052],[-99.13705,19.399852]]]}},{"type":"Feature","properties":{"cvegeo":"090140001012A","alcaldia":"Benito Juárez","estaciones":["601","602","603"]},"geometry":{"type":"Polygon","coordinates":[[[-99.146428,19.392471],[-99.145651,19.398178],[-99.145528,19.398085],[-99.141893,19.397626],[-99.142755,19.392313],[-99.144847,19.392517],[-99.146428,19.392471]]]}},{"type":"Feature","properties":{"cvegeo":"0901400010134","alcaldia":"Benito Juárez","estaciones":["605","606"]},"geometry":{"type":"Polygon","coordinates":[[[-99.138254,19.392317],[-99.142699,19.392655],[-99.141893,19.397626],[-99.137511,19.397002],[-99.138254,19.392317]]]}},{"type":"Feature","properties":{"cvegeo":"0901400010187","alcaldia":"Benito Juárez","estaciones":["288","310","312","328"]},"geometry":{"type":"Polygon","coordinates":[[[-99.178895,19.397366],[-99.179593,19.396883],[-99.17993,19.396428],[-99.180929,19.393852],[-99.181226,19.392438],[-99.182881,19.392401],[-99.182923,19.392015],[-99.18382,19.392008],[-99.183779,19.392392],[-99.188639,19.392256],[-99.188705,19.392349],[-99.188406,19.393227],[-99.188365,19.393814],[-99.189047,19.395587],[-99.18759,19.395689],[-99.186368,19.395646],[-99.185201,19.395961],[-99.184089,19.396154],[-99.182456,19.396758],[-99.182094,19.396958],[-99.18095,19.397093],[-99.179504,19.397397],[-99.178895,19.397366]]]}},{"type":"Feature","properties":{"cvegeo":"0901400010191","alcaldia":"Benito Juárez","estaciones":["313","333"]},"geometry":{"type":"Polygon","coordinates":[[[-99.17936,19.388124],[-99.181261,19.387443],[-99.18129,19.387566],[-99.181521,19.387527],[-99.181216,19.38916],[-99.181263,19.391941],[-99.181226,19.392438],[-99.180929,19.393852],[-99.180559,19.394877],[-99.17993,19.396428],[-99.179452,19.39701],[-99.179312,19.396883],[-99.178176,19.393931],[-99.177689,19.393782],[-99.179583,19.393168],[-99.178284,19.389793],[-99.17936,19.388124]]]}},{"type":"Feature","properties":{"cvegeo":"0901400010204","alcaldia":"Benito Juárez","estaciones":["305","306","307"]},"geometry":{"type":"Polygon","coordinates":[[[-99.173713,19.396525],[-99.175802,19.393296],[-99.178176,19.393931],[-99.179312,19.396883],[-99.179452,19.39701],[-99.178895,19.397366],[-99.175525,19.398091],[-99.174511,19.398537],[-99.173099,19.398971],[-99.172391,19.398699],[-99.173713,19.396525]]]}},{"type":"Feature","properties":{"cvegeo":"0901400010219","alcaldia":"Benito Juárez","estaciones":["284","290","303","304","308","309","314"]},"geometry":{"type":"Polygon","coordinates":[[[-99.170952,19.398371],[-99.172832,19.392666],[-99.173382,19.392788],[-99.178706,19.390916],[-99.179583,19.393168],[-99.177689,19.393782],[-99.175802,19.393296],[-99.173713,19.396525],[-99.172391,19.398699],[-99.173099,19.398971],[-99.170428,19.399787],[-99.170952,19.398371]]]}},{"type":"Feature","properties":{"cvegeo":"0901400010223","alcaldia":"Benito Juárez","estaciones":["291","302","335","346"]},"geometry":{"type":"Polygon","coordinates":[[[-99.16979,19.398108],[-99.17363,19.386211],[-99.173435,19.386236],[-99.172977,19.385896],[-99.174978,19.384142],[-99.175507,19.38429],[-99.170952,19.398371],[-99.170428,19.399787],[-99.170238,19.399832],[-99.16979,19.398108]]]}},{"type":"Feature","properties":{"cvegeo":"0901400010238","alcaldia":"Benito Juárez","estaciones":["300","301","316","317","323"]},"geometry":{"type":"Polygon","coordinates":[[[-99.169129,19.396057],[-99.162792,19.388749],[-99.17213,19.390855],[-99.16979,19.398108],[-99.16948,19.396723],[-99.169129,19.396057]]]}},{"type":"Feature","properties":{"cvegeo":"0901400010242","alcaldia":"Benito Juárez","estaciones":["292","299","318"]},"geometry":{"type":"Polygon","coordinates":[[[-99.162901,19.391835],[-99.164612,19.390841],[-99.167096,19.393656],[-99.166179,19.397295],[-99.161752,19.39635],[-99.162901,19.391835]]]}},{"type":"Feature","properties":{"cvegeo":"0901400010257","alcaldia":"Benito Juárez","estaciones":["296","298","319","320","321","322"]},"geometry":{"type":"Polygon","coordinates":[[[-99.16026,19.396143],[-99.160471,19.393285],[-99.156906,19.395407],[-99.157384,19.389377],[-99.157699,19.387622],[-99.162792,19.388749],[-99.164612,19.390841],[-99.162901,19.391835],[-99.161752,19.39635],[-99.160933,19.396195],[-99.16026,19.396143]]]}},{"type":"Feature","properties":{"cvegeo":"0901400010261","alcaldia":"Benito Juárez","estaciones":["614"]},"geometry":{"type":"Polygon","coordinates":[[[-99.15171,19.391383],[-99.15443,19.386871],[-99.157699,19.387622],[-99.157384,19.389377],[-99.156906,19.395407],[-99.156065,19.395828],[-99.155982,19.395822],[-99.155288,19.395108],[-99.151654,19.392321],[-99.151743,19.392119],[-99.151787,19.391623],[-99.15171,19.391383]]]}},{"type":"Feature","properties":{"cvegeo":"0901400010276","alcaldia":"Benito Juárez","estaciones":["612","613"]},"geometry":{"type":"Polygon","coordinates":[[[-99.151087,19.392438],[-99.150884,19.392258],[-99.146428,19.392471],[-99.147028,19.387772],[-99.153302,19.388741],[-99.15171,19.391383],[-99.151787,19.391623],[-99.151688,19.392275],[-99.15154,19.392422],[-99.151326,19.392486],[-99.151087,19.392438]]]}},{"type":"Feature","properties":{"cvegeo":"0901400010280","alcaldia":"Benito Juárez","estaciones":["604"]},"geometry":{"type":"Polygon","coordinates":[[[-99.141781,19.392573],[-99.141993,19.391214],[-99.141987,19.390698],[-99.142147,19.390166],[-99.142364,19.388689],[-99.145949,19.389164],[-99.146267,19.387647],[-99.147028,19.387772],[-99.146428,19.392471],[-99.144847,19.392517],[-99.142755,19.392313],[-99.142699,19.392655],[-99.141781,19.392573]]]}},{"type":"Feature","properties":{"cvegeo":"0901400010308","alcaldia":"Benito Juárez","estaciones":["607","608"]},"geometry":{"type":"Polygon","coordinates":[[[-99.138254,19.392317],[-99.139135,19.386371],[-99.14104,19.386741],[-99.140886,19.387604],[-99.141314,19.38776],[-99.141175,19.388539],[-99.142364,19.388689],[-99.142147,19.390166],[-99.141987,19.390698],[-99.141993,19.391214],[-99.141781,19.392573],[-99.138254,19.392317]]]}},{"type":"Feature","properties":{"cvegeo":"0901400010350","alcaldia":"Benito Juárez","estaciones":["329","330","331"]},"geometry":{"type":"Polygon","coordinates":[[[-99.181226,19.392438],[-99.181263,19.391941],[-99.181216,19.38916],[-99.181462,19.387868],[-99.183894,19.388135],[-99.183969,19.387481],[-99.184301,19.387514],[-99.18463,19.387547],[-99.184562,19.38819],[-99.186122,19.388344],[-99.185693,19.392338],[-99.183779,19.392392],[-99.18382,19.392008],[-99.182923,19.392015],[-99.182881,19.392401],[-99.181226,19.392438]]]}},{"type":"Feature","properties":{"cvegeo":"0901400010365","alcaldia":"Benito Juárez","estaciones":["332","351"]},"geometry":{"type":"Polygon","coordinates":[[[-99.18463,19.387547],[-99.183969,19.387481],[-99.183894,19.388135],[-99.181462,19.387868],[-99.181635,19.386982],[-99.181979,19.386113],[-99.182412,19.385575],[-99.183021,19.38517],[-99.186466,19.385103],[-99.186122,19.388344],[-99.184562,19.38819],[-99.18463,19.387547]]]}},{"type":"Feature","properties":{"cvegeo":"090140001037A","alcaldia":"Benito Juárez","estaciones":["349"]},"geometry":{"type":"Polygon","coordinates":[[[-99.178284,19.389793],[-99.176684,19.385707],[-99.180087,19.385239],[-99.183021,19.38517],[-99.182412,19.385575],[-99.181979,19.386113],[-99.181751,19.386602],[-99.181521,19.387527],[-99.18129,19.387566],[-99.181261,19.387443],[-99.17936,19.388124],[-99.178284,19.389793]]]}},{"type":"Feature","properties":{"cvegeo":"0901400010384","alcaldia":"Benito Juárez","estaciones":["315","326","327","334"]},"geometry":{"type":"Polygon","coordinates":[[[-99.174935,19.386],[-99.176684,19.385707],[-99.178706,19.390916],[-99.173382,19.392788],[-99.172832,19.392666],[-99.174935,19.386]]]}},{"type":"Feature","properties":{"cvegeo":"0901400010399","alcaldia":"Benito Juárez","estaciones":["325","336"]},"geometry":{"type":"Polygon","coordinates":[[[-99.172433,19.386333],[-99.172315,19.386428],[-99.17363,19.386211],[-99.17213,19.390855],[-99.168046,19.389908],[-99.169175,19.385473],[-99.169068,19.385311],[-99.16915,19.385188],[-99.169247,19.385165],[-99.169685,19.383488],[-99.172044,19.384021],[-99.171819,19.385024],[-99.172433,19.386333]]]}},{"type":"Feature","properties":{"cvegeo":"0901400010401","alcaldia":"Benito Juárez","estaciones":["324","337"]},"geometry":{"type":"Polygon","coordinates":[[[-99.168046,19.389908],[-99.163578,19.388925],[-99.165136,19.382459],[-99.169685,19.383488],[-99.169247,19.385165],[-99.16915,19.385188],[-99.169068,19.385311],[-99.169175,19.385473],[-99.168046,19.389908]]]}},{"type":"Feature","properties":{"cvegeo":"0901400010416","alcaldia":"Benito Juárez","estaciones":["338","343"]},"geometry":{"type":"Polygon","coordinates":[[[-99.161493,19.387035],[-99.159871,19.381317],[-99.165136,19.382459],[-99.163578,19.388925],[-99.162792,19.388749],[-99.161798,19.387627],[-99.161493,19.387035]]]}},{"type":"Feature","properties":{"cvegeo":"0901400010420","alcaldia":"Benito Juárez","estaciones":["339","340","341","342"]},"geometry":{"type":"Polygon","coordinates":[[[-99.15443,19.386871],[-99.157885,19.380897],[-99.159871,19.381317],[-99.161493,19.387035],[-99.161798,19.387627],[-99.162792,19.388749],[-99.15443,19.386871]]]}},{"type":"Feature","properties":{"cvegeo":"0901400010435","alcaldia":"Benito Juárez","estaciones":["615","617"]},"geometry":{"type":"Polygon","coordinates":[[[-99.147028,19.387772],[-99.147463,19.383896],[-99.149106,19.384157],[-99.152359,19.384443],[-99.151983,19.386339],[-99.15443,19.386871],[-99.153302,19.388741],[-99.15163,19.388498],[-99.147028,19.387772]]]}},{"type":"Feature","properties":{"cvegeo":"090140001044A","alcaldia":"Benito Juárez","estaciones":["616","626","627"]},"geometry":{"type":"Polygon","coordinates":[[[-99.151983,19.386339],[-99.153132,19.380134],[-99.157885,19.380897],[-99.15443,19.386871],[-99.151983,19.386339]]]}},{"type":"Feature","properties":{"cvegeo":"0901400010469","alcaldia":"Benito Juárez","estaciones":["618","619","624","625"]},"geometry":{"type":"Polygon","coordinates":[[[-99.147625,19.382452],[-99.147714,19.381649],[-99.145136,19.381148],[-99.145186,19.378679],[-99.147476,19.379119],[-99.147857,19.377445],[-99.150406,19.377917],[-99.150054,19.379578],[-99.152167,19.379973],[-99.151418,19.383138],[-99.147625,19.382452]]]}},{"type":"Feature","properties":{"cvegeo":"0901400010473","alcaldia":"Benito Juárez","estaciones":["611"]},"geometry":{"type":"Polygon","coordinates":[[[-99.146267,19.387647],[-99.146544,19.385863],[-99.143668,19.38142],[-99.143773,19.380883],[-99.147714,19.381649],[-99.147028,19.387772],[-99.146267,19.387647]]]}},{"type":"Feature","properties":{"cvegeo":"0901400010488","alcaldia":"Benito Juárez","estaciones":["610","620"]},"geometry":{"type":"Polygon","coordinates":[[[-99.146267,19.387647],[-99.14152,19.386827],[-99.1419,19.384957],[-99.142431,19.381445],[-99.143628,19.381635],[-99.143668,19.38142],[-99.146544,19.385863],[-99.146267,19.387647]]]}},{"type":"Feature","properties":{"cvegeo":"0901400010492","alcaldia":"Benito Juárez","estaciones":["609"]},"geometry":{"type":"Polygon","coordinates":[[[-99.14152,19.386827],[-99.139135,19.386371],[-99.139947,19.381049],[-99.142431,19.381445],[-99.1419,19.384957],[-99.14152,19.386827]]]}},{"type":"Feature","properties":{"cvegeo":"0901400010505","alcaldia":"Benito Juárez","estaciones":["621"]},"geometry":{"type":"Polygon","coordinates":[[[-99.143628,19.381635],[-99.139947,19.381049],[-99.140527,19.377133],[-99.140812,19.37726],[-99.141364,19.377975],[-99.145186,19.378679],[-99.145136,19.381148],[-99.143773,19.380883],[-99.143628,19.381635]]]}},{"type":"Feature","properties":{"cvegeo":"0901400010558","alcaldia":"Benito Juárez","estaciones":["352","365"]},"geometry":{"type":"Polygon","coordinates":[[[-99.186946,19.385128],[-99.183021,19.38517],[-99.184711,19.380844],[-99.188074,19.381166],[-99.187814,19.38325],[-99.189992,19.383463],[-99.189836,19.384559],[-99.18953,19.385069],[-99.188611,19.385212],[-99.186946,19.385128]]]}},{"type":"Feature","properties":{"cvegeo":"0901400010562","alcaldia":"Benito Juárez","estaciones":["362","363"]},"geometry":{"type":"Polygon","coordinates":[[[-99.18207,19.378225],[-99.182299,19.377363],[-99.18573,19.378331],[-99.183021,19.38517],[-99.180554,19.385211],[-99.181116,19.381818],[-99.181979,19.378288],[-99.18207,19.378225]]]}},{"type":"Feature","properties":{"cvegeo":"0901400010577","alcaldia":"Benito Juárez","estaciones":["347","348","353","354","366","367","369"]},"geometry":{"type":"Polygon","coordinates":[[[-99.174947,19.385981],[-99.178042,19.376615],[-99.179482,19.37665],[-99.182299,19.377363],[-99.18207,19.378225],[-99.181979,19.378288],[-99.181116,19.381818],[-99.180554,19.385211],[-99.1773,19.385612],[-99.174947,19.385981]]]}},{"type":"Feature","properties":{"cvegeo":"0901400010581","alcaldia":"Benito Juárez","estaciones":["345","355","361"]},"geometry":{"type":"Polygon","coordinates":[[[-99.172433,19.386333],[-99.171819,19.385024],[-99.172702,19.381432],[-99.175129,19.380603],[-99.174867,19.381146],[-99.175431,19.383044],[-99.17561,19.383165],[-99.175945,19.382924],[-99.175507,19.38429],[-99.174978,19.384142],[-99.172977,19.385896],[-99.173435,19.386236],[-99.172315,19.386428],[-99.172433,19.386333]]]}},{"type":"Feature","properties":{"cvegeo":"0901400010609","alcaldia":"Benito Juárez","estaciones":["356","357","373"]},"geometry":{"type":"Polygon","coordinates":[[[-99.165136,19.382459],[-99.166526,19.376879],[-99.169491,19.377493],[-99.169252,19.378514],[-99.170931,19.37889],[-99.169685,19.383488],[-99.165136,19.382459]]]}},{"type":"Feature","properties":{"cvegeo":"0901400010613","alcaldia":"Benito Juárez","estaciones":["358","359","360","374","377"]},"geometry":{"type":"Polygon","coordinates":[[[-99.165136,19.382459],[-99.159871,19.381317],[-99.159424,19.379705],[-99.159095,19.379339],[-99.159296,19.378704],[-99.159921,19.378285],[-99.160097,19.37805],[-99.162338,19.374572],[-99.163916,19.374887],[-99.163335,19.3772],[-99.166295,19.377859],[-99.165136,19.382459]]]}},{"type":"Feature","properties":{"cvegeo":"0901400010628","alcaldia":"Benito Juárez","estaciones":["628","629"]},"geometry":{"type":"Polygon","coordinates":[[[-99.15406,19.375012],[-99.154344,19.373553],[-99.157734,19.373939],[-99.159026,19.378425],[-99.159095,19.379339],[-99.159424,19.379705],[-99.159871,19.381317],[-99.157731,19.380869],[-99.153132,19.380134],[-99.15401,19.375441],[-99.153871,19.37534],[-99.153848,19.375175],[-99.153954,19.375043],[-99.15406,19.375012]]]}},{"type":"Feature","properties":{"cvegeo":"0901400010632","alcaldia":"Benito Juárez","estaciones":["630"]},"geometry":{"type":"Polygon","coordinates":[[[-99.14823,19.375608],[-99.148661,19.372818],[-99.149392,19.372991],[-99.154344,19.373553],[-99.15406,19.375012],[-99.153954,19.375043],[-99.153848,19.375175],[-99.153871,19.37534],[-99.15401,19.375441],[-99.153132,19.380134],[-99.150054,19.379578],[-99.150406,19.377917],[-99.147857,19.377445],[-99.14823,19.375608]]]}},{"type":"Feature","properties":{"cvegeo":"0901400010647","alcaldia":"Benito Juárez","estaciones":["633"]},"geometry":{"type":"Polygon","coordinates":[[[-99.145186,19.378679],[-99.145073,19.377255],[-99.145088,19.375812],[-99.145358,19.373853],[-99.1452,19.373832],[-99.14558,19.371813],[-99.14711,19.372329],[-99.147692,19.372608],[-99.148661,19.372818],[-99.148138,19.376102],[-99.147476,19.379119],[-99.145186,19.378679]]]}},{"type":"Feature","properties":{"cvegeo":"0901400010651","alcaldia":"Benito Juárez","estaciones":["622","623"]},"geometry":{"type":"Polygon","coordinates":[[[-99.140812,19.37726],[-99.140527,19.377133],[-99.141551,19.370131],[-99.142779,19.370935],[-99.14558,19.371813],[-99.1452,19.373832],[-99.145358,19.373853],[-99.145088,19.375812],[-99.145073,19.377255],[-99.145186,19.378679],[-99.141364,19.377975],[-99.140812,19.37726]]]}},{"type":"Feature","properties":{"cvegeo":"0901400010702","alcaldia":"Benito Juárez","estaciones":["384","385","387"]},"geometry":{"type":"Polygon","coordinates":[[[-99.182299,19.377363],[-99.179482,19.37665],[-99.178042,19.376615],[-99.178951,19.37375],[-99.182995,19.374732],[-99.183118,19.374677],[-99.183341,19.374399],[-99.186809,19.3753],[-99.186264,19.377021],[-99.18573,19.378331],[-99.182299,19.377363]]]}},{"type":"Feature","properties":{"cvegeo":"0901400010717","alcaldia":"Benito Juárez","estaciones":["370","381","390-391","420","667"]},"geometry":{"type":"Polygon","coordinates":[[[-99.175129,19.380603],[-99.176358,19.380201],[-99.175647,19.380005],[-99.176512,19.376614],[-99.175787,19.376467],[-99.176135,19.375195],[-99.176935,19.375369],[-99.177426,19.373406],[-99.177674,19.373449],[-99.178315,19.371339],[-99.178904,19.371485],[-99.180248,19.367484],[-99.180769,19.367731],[-99.179826,19.364585],[-99.180444,19.364585],[-99.180683,19.363998],[-99.180965,19.362924],[-99.181535,19.362819],[-99.182319,19.362552],[-99.182669,19.362344],[-99.176196,19.382191],[-99.175945,19.382924],[-99.17561,19.383165],[-99.175431,19.383044],[-99.174867,19.381146],[-99.175129,19.380603]]]}},{"type":"Feature","properties":{"cvegeo":"0901400010721","alcaldia":"Benito Juárez","estaciones":["371","380"]},"geometry":{"type":"Polygon","coordinates":[[[-99.174201,19.378856],[-99.174208,19.378362],[-99.173265,19.378247],[-99.171199,19.377839],[-99.172131,19.374301],[-99.176135,19.375195],[-99.175787,19.376467],[-99.176512,19.376614],[-99.175647,19.380005],[-99.17452,19.379719],[-99.174201,19.378856]]]}},{"type":"Feature","properties":{"cvegeo":"0901400010736","alcaldia":"Benito Juárez","estaciones":["392","393","394","395","413"]},"geometry":{"type":"Polygon","coordinates":[[[-99.176935,19.375369],[-99.16967,19.373741],[-99.17075,19.369435],[-99.171503,19.369594],[-99.172064,19.367302],[-99.173826,19.367688],[-99.172633,19.372348],[-99.177426,19.373406],[-99.176935,19.375369]]]}},{"type":"Feature","properties":{"cvegeo":"0901400010740","alcaldia":"Benito Juárez","estaciones":["372","378"]},"geometry":{"type":"Polygon","coordinates":[[[-99.169252,19.378514],[-99.169491,19.377493],[-99.166526,19.376879],[-99.167959,19.371296],[-99.170164,19.371814],[-99.16967,19.373741],[-99.172131,19.374301],[-99.171199,19.377839],[-99.170981,19.377797],[-99.170733,19.378846],[-99.169252,19.378514]]]}},{"type":"Feature","properties":{"cvegeo":"0901400010755","alcaldia":"Benito Juárez","estaciones":["397","398","399"]},"geometry":{"type":"Polygon","coordinates":[[[-99.162338,19.374572],[-99.164857,19.370603],[-99.167959,19.371296],[-99.166295,19.377859],[-99.163335,19.3772],[-99.163916,19.374887],[-99.162338,19.374572]]]}},{"type":"Feature","properties":{"cvegeo":"090140001076A","alcaldia":"Benito Juárez","estaciones":["375","402"]},"geometry":{"type":"Polygon","coordinates":[[[-99.159026,19.378425],[-99.156739,19.370333],[-99.161115,19.371056],[-99.160876,19.372104],[-99.16159,19.372198],[-99.16106,19.37437],[-99.162338,19.374572],[-99.160097,19.37805],[-99.159921,19.378285],[-99.159296,19.378704],[-99.159095,19.379339],[-99.159026,19.378425]]]}},{"type":"Feature","properties":{"cvegeo":"0901400010774","alcaldia":"Benito Juárez","estaciones":["404","405","631","632"]},"geometry":{"type":"Polygon","coordinates":[[[-99.14168,19.369285],[-99.141887,19.368028],[-99.156739,19.370333],[-99.157734,19.373939],[-99.149392,19.372991],[-99.148661,19.372818],[-99.149025,19.370434],[-99.14168,19.369285]]]}},{"type":"Feature","properties":{"cvegeo":"0901400010789","alcaldia":"Benito Juárez","estaciones":["634","635"]},"geometry":{"type":"Polygon","coordinates":[[[-99.147461,19.372525],[-99.147245,19.372384],[-99.146358,19.372057],[-99.142779,19.370935],[-99.142434,19.370751],[-99.141551,19.370131],[-99.14168,19.369285],[-99.149025,19.370434],[-99.148661,19.372818],[-99.147461,19.372525]]]}},{"type":"Feature","properties":{"cvegeo":"0901400010793","alcaldia":"Benito Juárez","estaciones":["386","389","417","419"]},"geometry":{"type":"Polygon","coordinates":[[[-99.186809,19.3753],[-99.183341,19.374399],[-99.183118,19.374677],[-99.182995,19.374732],[-99.178951,19.37375],[-99.180859,19.367833],[-99.182569,19.369104],[-99.186967,19.371923],[-99.187552,19.372244],[-99.18715,19.372549],[-99.187018,19.374663],[-99.186809,19.3753]]]}},{"type":"Feature","properties":{"cvegeo":"0901400010806","alcaldia":"Benito Juárez","estaciones":["414","415","416"]},"geometry":{"type":"Polygon","coordinates":[[[-99.177674,19.373449],[-99.172633,19.372348],[-99.173826,19.367688],[-99.178484,19.36884],[-99.17891,19.369062],[-99.179514,19.369672],[-99.178904,19.371485],[-99.178315,19.371339],[-99.177674,19.373449]]]}},{"type":"Feature","properties":{"cvegeo":"0901400010810","alcaldia":"Benito Juárez","estaciones":["396","424","425"]},"geometry":{"type":"Polygon","coordinates":[[[-99.164857,19.370603],[-99.168986,19.364181],[-99.174387,19.365432],[-99.173826,19.367688],[-99.172064,19.367302],[-99.171503,19.369594],[-99.17075,19.369435],[-99.170164,19.371814],[-99.164857,19.370603]]]}},{"type":"Feature","properties":{"cvegeo":"0901400010825","alcaldia":"Benito Juárez","estaciones":["412"]},"geometry":{"type":"Polygon","coordinates":[[[-99.16106,19.37437],[-99.16159,19.372198],[-99.163062,19.372401],[-99.163389,19.37053],[-99.163864,19.370428],[-99.163361,19.370265],[-99.163464,19.367835],[-99.163378,19.366369],[-99.163772,19.365045],[-99.167604,19.366331],[-99.162338,19.374572],[-99.16106,19.37437]]]}},{"type":"Feature","properties":{"cvegeo":"090140001083A","alcaldia":"Benito Juárez","estaciones":["401","427"]},"geometry":{"type":"Polygon","coordinates":[[[-99.159402,19.367459],[-99.160121,19.368043],[-99.1599,19.368946],[-99.160401,19.369066],[-99.160665,19.369214],[-99.160626,19.369393],[-99.161452,19.369744],[-99.162706,19.364667],[-99.163772,19.365045],[-99.163378,19.366369],[-99.163464,19.367835],[-99.163361,19.370265],[-99.163864,19.370428],[-99.163389,19.37053],[-99.163062,19.372401],[-99.160876,19.372104],[-99.161115,19.371056],[-99.158694,19.370627],[-99.159402,19.367459]]]}},{"type":"Feature","properties":{"cvegeo":"0901400010844","alcaldia":"Benito Juárez","estaciones":["407","409","429"]},"geometry":{"type":"Polygon","coordinates":[[[-99.156739,19.370333],[-99.154744,19.363391],[-99.15649,19.363611],[-99.158592,19.362927],[-99.162706,19.364667],[-99.161452,19.369744],[-99.160626,19.369393],[-99.160665,19.369214],[-99.160401,19.369066],[-99.1599,19.368946],[-99.160121,19.368043],[-99.159402,19.367459],[-99.158694,19.370627],[-99.156739,19.370333]]]}},{"type":"Feature","properties":{"cvegeo":"0901400010859","alcaldia":"Benito Juárez","estaciones":["641"]},"geometry":{"type":"Polygon","coordinates":[[[-99.14927,19.369176],[-99.1499,19.365471],[-99.154239,19.366114],[-99.154744,19.363391],[-99.156739,19.370333],[-99.14927,19.369176]]]}},{"type":"Feature","properties":{"cvegeo":"0901400010863","alcaldia":"Benito Juárez","estaciones":["636","637","640"]},"geometry":{"type":"Polygon","coordinates":[[[-99.142502,19.364313],[-99.1499,19.365471],[-99.14927,19.369176],[-99.141887,19.368028],[-99.142502,19.364313]]]}},{"type":"Feature","properties":{"cvegeo":"0901400010897","alcaldia":"Benito Juárez","estaciones":["669"]},"geometry":{"type":"Polygon","coordinates":[[[-99.182482,19.369046],[-99.183,19.367718],[-99.183753,19.36793],[-99.183808,19.368048],[-99.183956,19.368042],[-99.185325,19.368416],[-99.18515,19.36778],[-99.186064,19.367923],[-99.186699,19.368101],[-99.187389,19.368335],[-99.187831,19.368673],[-99.188467,19.368735],[-99.187981,19.372543],[-99.187716,19.372457],[-99.18749,19.372475],[-99.187301,19.372601],[-99.187135,19.372857],[-99.18715,19.372549],[-99.187552,19.372244],[-99.186967,19.371923],[-99.182482,19.369046]]]}},{"type":"Feature","properties":{"cvegeo":"090140001090A","alcaldia":"Benito Juárez","estaciones":["670","671","680"]},"geometry":{"type":"Polygon","coordinates":[[[-99.186064,19.367923],[-99.18515,19.36778],[-99.185325,19.368416],[-99.183956,19.368042],[-99.183808,19.368048],[-99.183753,19.36793],[-99.183,19.367718],[-99.183321,19.366273],[-99.183729,19.364881],[-99.184886,19.36527],[-99.184902,19.364161],[-99.188966,19.364613],[-99.188467,19.368735],[-99.187831,19.368673],[-99.187389,19.368335],[-99.186064,19.367923]]]}},{"type":"Feature","properties":{"cvegeo":"0901400010914","alcaldia":"Benito Juárez","estaciones":["668","672","673"]},"geometry":{"type":"Polygon","coordinates":[[[-99.180859,19.367833],[-99.182669,19.362344],[-99.183528,19.361778],[-99.183874,19.361702],[-99.184825,19.361777],[-99.185677,19.361722],[-99.186997,19.36226],[-99.187837,19.36288],[-99.187997,19.362942],[-99.188438,19.363025],[-99.189126,19.363011],[-99.188966,19.364613],[-99.184902,19.364161],[-99.184886,19.36527],[-99.183729,19.364881],[-99.183321,19.366273],[-99.183,19.367718],[-99.182482,19.369046],[-99.180859,19.367833]]]}},{"type":"Feature","properties":{"cvegeo":"0901400010929","alcaldia":"Benito Juárez","estaciones":["421","422","423"]},"geometry":{"type":"Polygon","coordinates":[[[-99.173826,19.367688],[-99.174387,19.365432],[-99.178811,19.366456],[-99.179,19.366415],[-99.177734,19.365139],[-99.179196,19.363804],[-99.179459,19.363248],[-99.179593,19.363147],[-99.17979,19.363033],[-99.180192,19.362922],[-99.180965,19.362924],[-99.180683,19.363998],[-99.180444,19.364585],[-99.179826,19.364585],[-99.180769,19.367731],[-99.180248,19.367484],[-99.179514,19.369672],[-99.17891,19.369062],[-99.178484,19.36884],[-99.173826,19.367688]]]}},{"type":"Feature","properties":{"cvegeo":"0901400010933","alcaldia":"Benito Juárez","estaciones":["436","437","438","439"]},"geometry":{"type":"Polygon","coordinates":[[[-99.178811,19.366456],[-99.172631,19.365025],[-99.173018,19.363363],[-99.172968,19.362769],[-99.17278,19.362407],[-99.17128,19.360342],[-99.171698,19.359565],[-99.172852,19.360263],[-99.173269,19.360602],[-99.174501,19.362013],[-99.176714,19.364112],[-99.179,19.366415],[-99.178811,19.366456]]]}},{"type":"Feature","properties":{"cvegeo":"0901400010948","alcaldia":"Benito Juárez","estaciones":["433","434","440"]},"geometry":{"type":"Polygon","coordinates":[[[-99.170202,19.362624],[-99.17128,19.360342],[-99.17278,19.362407],[-99.172968,19.362769],[-99.173018,19.363363],[-99.172631,19.365025],[-99.168986,19.364181],[-99.170202,19.362624]]]}},{"type":"Feature","properties":{"cvegeo":"0901400010952","alcaldia":"Benito Juárez","estaciones":["442"]},"geometry":{"type":"Polygon","coordinates":[[[-99.164682,19.363002],[-99.164934,19.3621],[-99.162982,19.362132],[-99.163379,19.359398],[-99.164918,19.359742],[-99.166637,19.360406],[-99.167098,19.360673],[-99.168002,19.360839],[-99.167591,19.361327],[-99.167201,19.361615],[-99.166438,19.362046],[-99.166471,19.362183],[-99.169802,19.36312],[-99.168986,19.364181],[-99.167604,19.366331],[-99.163772,19.365045],[-99.164144,19.363848],[-99.164324,19.363482],[-99.164682,19.363002]]]}},{"type":"Feature","properties":{"cvegeo":"0901400010967","alcaldia":"Benito Juárez","estaciones":["441"]},"geometry":{"type":"Polygon","coordinates":[[[-99.163379,19.359398],[-99.163493,19.35827],[-99.169774,19.358657],[-99.17055,19.358886],[-99.171698,19.359565],[-99.170202,19.362624],[-99.169802,19.36312],[-99.166471,19.362183],[-99.166438,19.362046],[-99.167201,19.361615],[-99.167591,19.361327],[-99.168002,19.360839],[-99.167098,19.360673],[-99.166637,19.360406],[-99.164918,19.359742],[-99.163379,19.359398]]]}},{"type":"Feature","properties":{"cvegeo":"0901400010971","alcaldia":"Benito Juárez","estaciones":["428","432","443"]},"geometry":{"type":"Polygon","coordinates":[[[-99.162706,19.364667],[-99.158592,19.362927],[-99.160322,19.362099],[-99.160454,19.361258],[-99.158771,19.358009],[-99.163493,19.35827],[-99.163438,19.358989],[-99.162982,19.362132],[-99.164934,19.3621],[-99.164682,19.363002],[-99.164324,19.363482],[-99.164144,19.363848],[-99.163772,19.365045],[-99.162706,19.364667]]]}},{"type":"Feature","properties":{"cvegeo":"0901400010986","alcaldia":"Benito Juárez","estaciones":["430","444","445-446"]},"geometry":{"type":"Polygon","coordinates":[[[-99.154744,19.363391],[-99.153153,19.357695],[-99.158771,19.358009],[-99.160454,19.361258],[-99.160322,19.362099],[-99.158592,19.362927],[-99.15649,19.363611],[-99.154744,19.363391]]]}},{"type":"Feature","properties":{"cvegeo":"0901400010990","alcaldia":"Benito Juárez","estaciones":["642","645"]},"geometry":{"type":"Polygon","coordinates":[[[-99.1499,19.365471],[-99.151257,19.357593],[-99.153153,19.357695],[-99.154744,19.363391],[-99.154239,19.366114],[-99.1499,19.365471]]]}},{"type":"Feature","properties":{"cvegeo":"0901400011005","alcaldia":"Benito Juárez","estaciones":["638","639","643","644"]},"geometry":{"type":"Polygon","coordinates":[[[-99.142507,19.36428],[-99.143268,19.359987],[-99.145064,19.36035],[-99.150648,19.361203],[-99.1499,19.365471],[-99.142507,19.36428]]]}},{"type":"Feature","properties":{"cvegeo":"090140001101A","alcaldia":"Benito Juárez","estaciones":["646","647"]},"geometry":{"type":"Polygon","coordinates":[[[-99.143268,19.359987],[-99.143849,19.35726],[-99.151257,19.357593],[-99.150648,19.361203],[-99.145064,19.36035],[-99.143268,19.359987]]]}},{"type":"Feature","properties":{"cvegeo":"090150001017A","alcaldia":"Cuauhtémoc","estaciones":["536","537","539"]},"geometry":{"type":"Polygon","coordinates":[[[-99.155952,19.458458],[-99.156656,19.454703],[-99.162026,19.455492],[-99.163815,19.455814],[-99.163146,19.458881],[-99.162818,19.459487],[-99.162692,19.459634],[-99.155952,19.458458]]]}},{"type":"Feature","properties":{"cvegeo":"0901500010466","alcaldia":"Cuauhtémoc","estaciones":["538","544"]},"geometry":{"type":"Polygon","coordinates":[[[-99.161036,19.455344],[-99.161426,19.453225],[-99.157039,19.452482],[-99.157716,19.448848],[-99.164323,19.449982],[-99.164192,19.452679],[-99.163815,19.455814],[-99.161036,19.455344]]]}},{"type":"Feature","properties":{"cvegeo":"0901500010470","alcaldia":"Cuauhtémoc","estaciones":["540","541"]},"geometry":{"type":"Polygon","coordinates":[[[-99.151865,19.454037],[-99.152264,19.451697],[-99.161426,19.453225],[-99.161036,19.455344],[-99.151865,19.454037]]]}},{"type":"Feature","properties":{"cvegeo":"0901500010485","alcaldia":"Cuauhtémoc","estaciones":["542","543","546","547","548","549"]},"geometry":{"type":"Polygon","coordinates":[[[-99.153371,19.445667],[-99.153949,19.444429],[-99.157694,19.445047],[-99.158454,19.445219],[-99.158035,19.447101],[-99.157039,19.452482],[-99.152264,19.451697],[-99.153371,19.445667]]]}},{"type":"Feature","properties":{"cvegeo":"090150001049A","alcaldia":"Cuauhtémoc","estaciones":["176","264-275","265","266-267","268-269","271-272","273-274"]},"geometry":{"type":"Polygon","coordinates":[[[-99.144004,19.451921],[-99.14515,19.451547],[-99.147343,19.451931],[-99.147559,19.451043],[-99.14945,19.451335],[-99.149754,19.449625],[-99.149472,19.449446],[-99.149906,19.448917],[-99.150862,19.443876],[-99.150522,19.443831],[-99.151034,19.442106],[-99.152206,19.438565],[-99.153385,19.438871],[-99.155678,19.439808],[-99.154929,19.441469],[-99.154316,19.443651],[-99.153371,19.445667],[-99.151865,19.454037],[-99.150945,19.453942],[-99.149471,19.453609],[-99.144004,19.451921]]]}},{"type":"Feature","properties":{"cvegeo":"0901500010555","alcaldia":"Cuauhtémoc","estaciones":["545","550"]},"geometry":{"type":"Polygon","coordinates":[[[-99.157716,19.448848],[-99.158454,19.445219],[-99.161621,19.446004],[-99.165031,19.446695],[-99.164323,19.449982],[-99.157716,19.448848]]]}},{"type":"Feature","properties":{"cvegeo":"0901500010593","alcaldia":"Cuauhtémoc","estaciones":["551","552"]},"geometry":{"type":"Polygon","coordinates":[[[-99.158454,19.445219],[-99.159507,19.441367],[-99.162069,19.442405],[-99.1648,19.443056],[-99.165049,19.443164],[-99.165773,19.443646],[-99.165031,19.446695],[-99.161621,19.446004],[-99.158454,19.445219]]]}},{"type":"Feature","properties":{"cvegeo":"0901500010606","alcaldia":"Cuauhtémoc","estaciones":["553","554","555"]},"geometry":{"type":"Polygon","coordinates":[[[-99.154721,19.4421],[-99.155678,19.439808],[-99.159507,19.441367],[-99.158454,19.445219],[-99.157694,19.445047],[-99.153949,19.444429],[-99.154316,19.443651],[-99.154721,19.4421]]]}},{"type":"Feature","properties":{"cvegeo":"0901500010644","alcaldia":"Cuauhtémoc","estaciones":["091","262"]},"geometry":{"type":"Polygon","coordinates":[[[-99.130898,19.44228],[-99.131577,19.436552],[-99.140301,19.437738],[-99.139876,19.440885],[-99.135341,19.440754],[-99.135322,19.441866],[-99.134115,19.441724],[-99.134036,19.442482],[-99.130898,19.44228]]]}},{"type":"Feature","properties":{"cvegeo":"0901500010678","alcaldia":"Cuauhtémoc","estaciones":["103","111","160","183"]},"geometry":{"type":"Polygon","coordinates":[[[-99.162608,19.442543],[-99.164822,19.43435],[-99.169671,19.436323],[-99.168479,19.438149],[-99.166407,19.442521],[-99.165773,19.443646],[-99.165049,19.443164],[-99.1648,19.443056],[-99.162608,19.442543]]]}},{"type":"Feature","properties":{"cvegeo":"0901500010682","alcaldia":"Cuauhtémoc","estaciones":["174","255"]},"geometry":{"type":"Polygon","coordinates":[[[-99.162581,19.433762],[-99.162768,19.433438],[-99.164822,19.43435],[-99.162608,19.442543],[-99.162069,19.442405],[-99.160465,19.441756],[-99.160795,19.440814],[-99.161442,19.43846],[-99.162581,19.433762]]]}},{"type":"Feature","properties":{"cvegeo":"0901500010697","alcaldia":"Cuauhtémoc","estaciones":["085","086","254","256","263"]},"geometry":{"type":"Polygon","coordinates":[[[-99.155678,19.439808],[-99.15903,19.432212],[-99.16091,19.432988],[-99.162581,19.433762],[-99.161442,19.43846],[-99.160795,19.440814],[-99.160465,19.441756],[-99.155678,19.439808]]]}},{"type":"Feature","properties":{"cvegeo":"090150001070A","alcaldia":"Cuauhtémoc","estaciones":["259"]},"geometry":{"type":"Polygon","coordinates":[[[-99.155678,19.439808],[-99.153385,19.438871],[-99.154217,19.436698],[-99.15306,19.4365],[-99.152992,19.435892],[-99.153233,19.435319],[-99.154385,19.435465],[-99.154632,19.433873],[-99.155455,19.433973],[-99.158994,19.432287],[-99.155678,19.439808]]]}},{"type":"Feature","properties":{"cvegeo":"0901500010714","alcaldia":"Cuauhtémoc","estaciones":["270","450"]},"geometry":{"type":"Polygon","coordinates":[[[-99.148895,19.439106],[-99.14966,19.435841],[-99.150243,19.435583],[-99.152992,19.435892],[-99.15306,19.4365],[-99.154217,19.436698],[-99.153385,19.438871],[-99.152206,19.438565],[-99.151806,19.439771],[-99.150256,19.439379],[-99.148895,19.439106]]]}},{"type":"Feature","properties":{"cvegeo":"0901500010729","alcaldia":"Cuauhtémoc","estaciones":["003","010","041"]},"geometry":{"type":"Polygon","coordinates":[[[-99.149346,19.4357],[-99.154431,19.433263],[-99.154285,19.433096],[-99.154556,19.432783],[-99.154838,19.432692],[-99.154988,19.432709],[-99.155231,19.432876],[-99.159677,19.430867],[-99.159892,19.430703],[-99.159258,19.431743],[-99.158994,19.432287],[-99.155455,19.433973],[-99.154632,19.433873],[-99.154385,19.435465],[-99.153233,19.435319],[-99.152992,19.435892],[-99.150243,19.435583],[-99.14966,19.435841],[-99.149166,19.437887],[-99.146705,19.437392],[-99.149346,19.4357]]]}},{"type":"Feature","properties":{"cvegeo":"0901500010733","alcaldia":"Cuauhtémoc","estaciones":["043","052","260"]},"geometry":{"type":"Polygon","coordinates":[[[-99.141728,19.436342],[-99.142086,19.434329],[-99.146312,19.435058],[-99.146189,19.435829],[-99.147191,19.43594],[-99.147796,19.432904],[-99.150552,19.433296],[-99.149737,19.435526],[-99.149346,19.4357],[-99.146705,19.437392],[-99.143988,19.436774],[-99.141728,19.436342]]]}},{"type":"Feature","properties":{"cvegeo":"0901500010748","alcaldia":"Cuauhtémoc","estaciones":["048","082","096"]},"geometry":{"type":"Polygon","coordinates":[[[-99.146312,19.435058],[-99.140875,19.434116],[-99.141438,19.430291],[-99.148112,19.431253],[-99.147191,19.43594],[-99.146189,19.435829],[-99.146312,19.435058]]]}},{"type":"Feature","properties":{"cvegeo":"0901500010752","alcaldia":"Cuauhtémoc","estaciones":["065","092","093"]},"geometry":{"type":"Polygon","coordinates":[[[-99.132051,19.434854],[-99.140612,19.436058],[-99.140301,19.437738],[-99.127462,19.435993],[-99.127675,19.434315],[-99.130753,19.434681],[-99.130792,19.434376],[-99.131097,19.434409],[-99.131121,19.434276],[-99.132107,19.434382],[-99.132051,19.434854]]]}},{"type":"Feature","properties":{"cvegeo":"0901500010767","alcaldia":"Cuauhtémoc","estaciones":["055"]},"geometry":{"type":"Polygon","coordinates":[[[-99.135937,19.435388],[-99.13643,19.432184],[-99.141079,19.432802],[-99.140612,19.436058],[-99.135937,19.435388]]]}},{"type":"Feature","properties":{"cvegeo":"0901500010771","alcaldia":"Cuauhtémoc","estaciones":["088","089","094"]},"geometry":{"type":"Polygon","coordinates":[[[-99.132107,19.434382],[-99.131121,19.434276],[-99.131097,19.434409],[-99.130792,19.434376],[-99.130753,19.434681],[-99.127675,19.434315],[-99.128264,19.430166],[-99.132323,19.430769],[-99.132325,19.431728],[-99.13643,19.432184],[-99.135937,19.435388],[-99.132051,19.434854],[-99.132107,19.434382]]]}},{"type":"Feature","properties":{"cvegeo":"0901500010790","alcaldia":"Cuauhtémoc","estaciones":["011","012","257"]},"geometry":{"type":"Polygon","coordinates":[[[-99.164822,19.43435],[-99.162768,19.433438],[-99.162581,19.433762],[-99.16091,19.432988],[-99.15903,19.432212],[-99.159258,19.431743],[-99.16064,19.43211],[-99.1608,19.431595],[-99.161709,19.43184],[-99.165899,19.429864],[-99.166408,19.430836],[-99.166272,19.430988],[-99.166277,19.431189],[-99.166397,19.431302],[-99.166603,19.4313],[-99.168201,19.434173],[-99.170574,19.434889],[-99.169671,19.436323],[-99.164822,19.43435]]]}},{"type":"Feature","properties":{"cvegeo":"0901500010803","alcaldia":"Cuauhtémoc","estaciones":["008","026","027","029","031","115"]},"geometry":{"type":"Polygon","coordinates":[[[-99.149737,19.435526],[-99.150552,19.433296],[-99.152117,19.433523],[-99.152922,19.431485],[-99.154131,19.431877],[-99.15475,19.4319],[-99.157212,19.431108],[-99.157497,19.431189],[-99.158029,19.429469],[-99.158133,19.429496],[-99.158052,19.429348],[-99.164127,19.426475],[-99.16505,19.428278],[-99.164056,19.428689],[-99.163855,19.428528],[-99.163577,19.428547],[-99.163418,19.428747],[-99.163449,19.429008],[-99.159841,19.430724],[-99.159677,19.430867],[-99.155231,19.432876],[-99.154988,19.432709],[-99.154838,19.432692],[-99.154556,19.432783],[-99.154285,19.433096],[-99.154431,19.433263],[-99.149737,19.435526]]]}},{"type":"Feature","properties":{"cvegeo":"0901500010818","alcaldia":"Cuauhtémoc","estaciones":["087","090","095","097"]},"geometry":{"type":"Polygon","coordinates":[[[-99.141079,19.432802],[-99.137456,19.432305],[-99.132325,19.431728],[-99.132323,19.430769],[-99.132532,19.429057],[-99.141438,19.430291],[-99.141079,19.432802]]]}},{"type":"Feature","properties":{"cvegeo":"0901500010822","alcaldia":"Cuauhtémoc","estaciones":["001","005","006"]},"geometry":{"type":"Polygon","coordinates":[[[-99.168201,19.434173],[-99.166603,19.4313],[-99.166397,19.431302],[-99.166277,19.431189],[-99.166272,19.430988],[-99.166408,19.430836],[-99.165899,19.429864],[-99.169865,19.428],[-99.171677,19.431545],[-99.172043,19.432232],[-99.172201,19.4324],[-99.170574,19.434889],[-99.168201,19.434173]]]}},{"type":"Feature","properties":{"cvegeo":"0901500010837","alcaldia":"Cuauhtémoc","estaciones":["018","019","020"]},"geometry":{"type":"Polygon","coordinates":[[[-99.159258,19.431743],[-99.159892,19.430703],[-99.163449,19.429008],[-99.163418,19.428747],[-99.163479,19.428631],[-99.163635,19.428528],[-99.163855,19.428528],[-99.164056,19.428689],[-99.16505,19.428278],[-99.165899,19.429864],[-99.161709,19.43184],[-99.1608,19.431595],[-99.16064,19.43211],[-99.159258,19.431743]]]}},{"type":"Feature","properties":{"cvegeo":"0901500010841","alcaldia":"Cuauhtémoc","estaciones":["116","117","118","120"]},"geometry":{"type":"Polygon","coordinates":[[[-99.158133,19.429496],[-99.155291,19.42874],[-99.156582,19.425201],[-99.160073,19.42443],[-99.161252,19.426723],[-99.161761,19.427587],[-99.158052,19.429348],[-99.158133,19.429496]]]}},{"type":"Feature","properties":{"cvegeo":"0901500010856","alcaldia":"Cuauhtémoc","estaciones":["112","113","114","119"]},"geometry":{"type":"Polygon","coordinates":[[[-99.150552,19.433296],[-99.151457,19.4312],[-99.151462,19.43091],[-99.151704,19.430556],[-99.152097,19.429662],[-99.15365,19.425848],[-99.156582,19.425201],[-99.155291,19.42874],[-99.158029,19.429469],[-99.157497,19.431189],[-99.157212,19.431108],[-99.15475,19.4319],[-99.154131,19.431877],[-99.152922,19.431485],[-99.152117,19.433523],[-99.150552,19.433296]]]}},{"type":"Feature","properties":{"cvegeo":"0901500010860","alcaldia":"Cuauhtémoc","estaciones":["098","107-108"]},"geometry":{"type":"Polygon","coordinates":[[[-99.147796,19.432904],[-99.148955,19.42713],[-99.148284,19.427296],[-99.147398,19.427231],[-99.147386,19.426932],[-99.147264,19.426607],[-99.147401,19.42537],[-99.152738,19.425739],[-99.15365,19.425848],[-99.152097,19.429662],[-99.151704,19.430556],[-99.151462,19.43091],[-99.151457,19.4312],[-99.150552,19.433296],[-99.147796,19.432904]]]}},{"type":"Feature","properties":{"cvegeo":"0901500010875","alcaldia":"Cuauhtémoc","estaciones":["099","110","122","448"]},"geometry":{"type":"Polygon","coordinates":[[[-99.141438,19.430291],[-99.142003,19.426909],[-99.142495,19.424711],[-99.147401,19.42537],[-99.147264,19.426607],[-99.147386,19.426932],[-99.147398,19.427231],[-99.148284,19.427296],[-99.148955,19.42713],[-99.148112,19.431253],[-99.141438,19.430291]]]}},{"type":"Feature","properties":{"cvegeo":"090150001088A","alcaldia":"Cuauhtémoc","estaciones":["102"]},"geometry":{"type":"Polygon","coordinates":[[[-99.136801,19.429658],[-99.137331,19.42629],[-99.141414,19.426684],[-99.142003,19.426909],[-99.141438,19.430291],[-99.136801,19.429658]]]}},{"type":"Feature","properties":{"cvegeo":"0901500010894","alcaldia":"Cuauhtémoc","estaciones":["100","104","105","106"]},"geometry":{"type":"Polygon","coordinates":[[[-99.132532,19.429057],[-99.13302,19.425902],[-99.137331,19.42629],[-99.136801,19.429658],[-99.132532,19.429057]]]}},{"type":"Feature","properties":{"cvegeo":"0901500010926","alcaldia":"Cuauhtémoc","estaciones":["002","004","009"]},"geometry":{"type":"Polygon","coordinates":[[[-99.169865,19.428],[-99.174491,19.425815],[-99.176505,19.424831],[-99.176648,19.425176],[-99.173775,19.429542],[-99.172201,19.4324],[-99.172043,19.432232],[-99.171677,19.431545],[-99.169865,19.428]]]}},{"type":"Feature","properties":{"cvegeo":"0901500010930","alcaldia":"Cuauhtémoc","estaciones":["007","013","014","015","016","017","261"]},"geometry":{"type":"Polygon","coordinates":[[[-99.16505,19.428278],[-99.167336,19.4272],[-99.167266,19.426894],[-99.167353,19.426717],[-99.167504,19.426605],[-99.167833,19.426595],[-99.168081,19.42684],[-99.171516,19.425235],[-99.171466,19.42508],[-99.171578,19.424934],[-99.171763,19.424938],[-99.171865,19.425073],[-99.17567,19.423336],[-99.176212,19.423355],[-99.177629,19.423593],[-99.176648,19.425176],[-99.176505,19.424831],[-99.165899,19.429864],[-99.16505,19.428278]]]}},{"type":"Feature","properties":{"cvegeo":"0901500010945","alcaldia":"Cuauhtémoc","estaciones":["021","022","023","024","025","028","030"]},"geometry":{"type":"Polygon","coordinates":[[[-99.16505,19.428278],[-99.164127,19.426475],[-99.174429,19.421584],[-99.175254,19.422747],[-99.175047,19.42304],[-99.175088,19.423156],[-99.17567,19.423336],[-99.171865,19.425073],[-99.171763,19.424938],[-99.171578,19.424934],[-99.171466,19.42508],[-99.171516,19.425235],[-99.168081,19.42684],[-99.167833,19.426595],[-99.167504,19.426605],[-99.167353,19.426717],[-99.167266,19.426894],[-99.167336,19.4272],[-99.16505,19.428278]]]}},{"type":"Feature","properties":{"cvegeo":"090150001095A","alcaldia":"Cuauhtémoc","estaciones":["033","034","035","121"]},"geometry":{"type":"Polygon","coordinates":[[[-99.160073,19.42443],[-99.162387,19.423885],[-99.162324,19.423604],[-99.162377,19.423377],[-99.162549,19.423151],[-99.162836,19.423015],[-99.163112,19.423015],[-99.163442,19.423178],[-99.1636,19.423436],[-99.163624,19.423702],[-99.167128,19.42278],[-99.16807,19.424592],[-99.161761,19.427587],[-99.161252,19.426723],[-99.160073,19.42443]]]}},{"type":"Feature","properties":{"cvegeo":"0901500010964","alcaldia":"Cuauhtémoc","estaciones":["109"]},"geometry":{"type":"Polygon","coordinates":[[[-99.141414,19.426684],[-99.13302,19.425902],[-99.133334,19.423734],[-99.134249,19.423806],[-99.13448,19.424111],[-99.135574,19.424013],[-99.13698,19.424028],[-99.142495,19.424711],[-99.142003,19.426909],[-99.141414,19.426684]]]}},{"type":"Feature","properties":{"cvegeo":"0901500010983","alcaldia":"Cuauhtémoc","estaciones":["032"]},"geometry":{"type":"Polygon","coordinates":[[[-99.167128,19.42278],[-99.171489,19.421764],[-99.175452,19.420923],[-99.176069,19.420808],[-99.176408,19.420835],[-99.176266,19.421455],[-99.175654,19.422593],[-99.1755,19.422719],[-99.175283,19.422691],[-99.175254,19.422747],[-99.174429,19.421584],[-99.16807,19.424592],[-99.167128,19.42278]]]}},{"type":"Feature","properties":{"cvegeo":"0901500010998","alcaldia":"Cuauhtémoc","estaciones":["039","040","042","046"]},"geometry":{"type":"Polygon","coordinates":[[[-99.163112,19.423015],[-99.163922,19.420284],[-99.165854,19.419889],[-99.165954,19.419686],[-99.16627,19.419534],[-99.166642,19.419663],[-99.166752,19.419884],[-99.170899,19.41892],[-99.171603,19.42174],[-99.167233,19.422751],[-99.163624,19.423702],[-99.1636,19.423436],[-99.163507,19.423259],[-99.163365,19.423122],[-99.163112,19.423015]]]}},{"type":"Feature","properties":{"cvegeo":"0901500011002","alcaldia":"Cuauhtémoc","estaciones":["126","128","129","131","134","136"]},"geometry":{"type":"Polygon","coordinates":[[[-99.159994,19.42445],[-99.158532,19.418487],[-99.164824,19.417263],[-99.164556,19.418098],[-99.164394,19.418849],[-99.163709,19.420946],[-99.163112,19.423015],[-99.162777,19.42303],[-99.162481,19.423218],[-99.16233,19.423535],[-99.162387,19.423885],[-99.159994,19.42445]]]}},{"type":"Feature","properties":{"cvegeo":"0901500011017","alcaldia":"Cuauhtémoc","estaciones":["125","127","130","132","133","135","137"]},"geometry":{"type":"Polygon","coordinates":[[[-99.153974,19.422554],[-99.154202,19.419343],[-99.15734,19.418714],[-99.15736,19.418639],[-99.158455,19.418424],[-99.158532,19.418487],[-99.15876,19.419353],[-99.159994,19.42445],[-99.15365,19.425848],[-99.153974,19.422554]]]}},{"type":"Feature","properties":{"cvegeo":"0901500011036","alcaldia":"Cuauhtémoc","estaciones":["560","562"]},"geometry":{"type":"Polygon","coordinates":[[[-99.142495,19.424711],[-99.143128,19.422324],[-99.143486,19.418852],[-99.148884,19.419306],[-99.147932,19.423769],[-99.147401,19.42537],[-99.142495,19.424711]]]}},{"type":"Feature","properties":{"cvegeo":"0901500011040","alcaldia":"Cuauhtémoc","estaciones":["558","559"]},"geometry":{"type":"Polygon","coordinates":[[[-99.137573,19.424088],[-99.138248,19.41835],[-99.143486,19.418852],[-99.143128,19.422324],[-99.142495,19.424711],[-99.137573,19.424088]]]}},{"type":"Feature","properties":{"cvegeo":"0901500011055","alcaldia":"Cuauhtémoc","estaciones":["556","557"]},"geometry":{"type":"Polygon","coordinates":[[[-99.13448,19.424111],[-99.134249,19.423806],[-99.133334,19.423734],[-99.134291,19.417954],[-99.138248,19.41835],[-99.137573,19.424088],[-99.13698,19.424028],[-99.135574,19.424013],[-99.13448,19.424111]]]}},{"type":"Feature","properties":{"cvegeo":"0901500011089","alcaldia":"Cuauhtémoc","estaciones":["036","037","038","044","045","449"]},"geometry":{"type":"Polygon","coordinates":[[[-99.171603,19.42174],[-99.170899,19.41892],[-99.174693,19.418106],[-99.174984,19.418001],[-99.176737,19.420223],[-99.176465,19.42056],[-99.176408,19.420835],[-99.175863,19.420837],[-99.171603,19.42174]]]}},{"type":"Feature","properties":{"cvegeo":"0901500011093","alcaldia":"Cuauhtémoc","estaciones":["047","051"]},"geometry":{"type":"Polygon","coordinates":[[[-99.164824,19.417263],[-99.170332,19.416274],[-99.170899,19.41892],[-99.166752,19.419884],[-99.166642,19.419663],[-99.16627,19.419534],[-99.165954,19.419686],[-99.165854,19.419889],[-99.163922,19.420284],[-99.164394,19.418849],[-99.164556,19.418098],[-99.164824,19.417263]]]}},{"type":"Feature","properties":{"cvegeo":"0901500011106","alcaldia":"Cuauhtémoc","estaciones":["139","141"]},"geometry":{"type":"Polygon","coordinates":[[[-99.159732,19.418251],[-99.159367,19.416799],[-99.159106,19.416848],[-99.158896,19.415941],[-99.165326,19.414688],[-99.165454,19.415325],[-99.164824,19.417263],[-99.159732,19.418251]]]}},{"type":"Feature","properties":{"cvegeo":"0901500011110","alcaldia":"Cuauhtémoc","estaciones":["138","140","143","144","148","149"]},"geometry":{"type":"Polygon","coordinates":[[[-99.154202,19.419343],[-99.154822,19.411769],[-99.158101,19.411682],[-99.159138,19.415891],[-99.158896,19.415941],[-99.159106,19.416848],[-99.159367,19.416799],[-99.159732,19.418251],[-99.158532,19.418487],[-99.158455,19.418424],[-99.15736,19.418639],[-99.15734,19.418714],[-99.154202,19.419343]]]}},{"type":"Feature","properties":{"cvegeo":"0901500011125","alcaldia":"Cuauhtémoc","estaciones":["564","565","566"]},"geometry":{"type":"Polygon","coordinates":[[[-99.154171,19.419721],[-99.148884,19.419306],[-99.149829,19.414681],[-99.151265,19.414785],[-99.154729,19.412966],[-99.154171,19.419721]]]}},{"type":"Feature","properties":{"cvegeo":"090150001113A","alcaldia":"Cuauhtémoc","estaciones":["567","568"]},"geometry":{"type":"Polygon","coordinates":[[[-99.149829,19.414681],[-99.148884,19.419306],[-99.143486,19.418852],[-99.143933,19.414238],[-99.149829,19.414681]]]}},{"type":"Feature","properties":{"cvegeo":"0901500011144","alcaldia":"Cuauhtémoc","estaciones":["569","570"]},"geometry":{"type":"Polygon","coordinates":[[[-99.143933,19.414238],[-99.143486,19.418852],[-99.138248,19.41835],[-99.138835,19.413864],[-99.143933,19.414238]]]}},{"type":"Feature","properties":{"cvegeo":"0901500011159","alcaldia":"Cuauhtémoc","estaciones":["571","572"]},"geometry":{"type":"Polygon","coordinates":[[[-99.134291,19.417954],[-99.135025,19.413193],[-99.135852,19.413651],[-99.138835,19.413864],[-99.138248,19.41835],[-99.134291,19.417954]]]}},{"type":"Feature","properties":{"cvegeo":"0901500011178","alcaldia":"Cuauhtémoc","estaciones":["049","053","258","447"]},"geometry":{"type":"Polygon","coordinates":[[[-99.174984,19.418001],[-99.177136,19.414143],[-99.179742,19.415544],[-99.178093,19.418521],[-99.177758,19.419283],[-99.177486,19.419466],[-99.177141,19.420024],[-99.176978,19.420128],[-99.176737,19.420223],[-99.174984,19.418001]]]}},{"type":"Feature","properties":{"cvegeo":"0901500011182","alcaldia":"Cuauhtémoc","estaciones":["050","054","057"]},"geometry":{"type":"Polygon","coordinates":[[[-99.170332,19.416274],[-99.171443,19.415927],[-99.171679,19.415737],[-99.17196,19.415362],[-99.172075,19.415132],[-99.172134,19.41464],[-99.172044,19.414119],[-99.171917,19.413768],[-99.172174,19.413413],[-99.176354,19.41553],[-99.174984,19.418001],[-99.174693,19.418106],[-99.170899,19.41892],[-99.170332,19.416274]]]}},{"type":"Feature","properties":{"cvegeo":"0901500011197","alcaldia":"Cuauhtémoc","estaciones":["058","061","063","070","071"]},"geometry":{"type":"Polygon","coordinates":[[[-99.170332,19.416274],[-99.167992,19.413151],[-99.168322,19.411975],[-99.168862,19.411015],[-99.169384,19.410527],[-99.169832,19.410354],[-99.170345,19.410303],[-99.17092,19.410413],[-99.17101,19.410479],[-99.17279,19.410217],[-99.172885,19.410251],[-99.171542,19.413303],[-99.171815,19.413436],[-99.172174,19.413413],[-99.171917,19.413768],[-99.172044,19.414119],[-99.172134,19.41464],[-99.172075,19.415132],[-99.171679,19.415737],[-99.171443,19.415927],[-99.170332,19.416274]]]}},{"type":"Feature","properties":{"cvegeo":"090150001120A","alcaldia":"Cuauhtémoc","estaciones":["056","059","064"]},"geometry":{"type":"Polygon","coordinates":[[[-99.164824,19.417263],[-99.166652,19.411504],[-99.168322,19.411975],[-99.167992,19.413151],[-99.170332,19.416274],[-99.164824,19.417263]]]}},{"type":"Feature","properties":{"cvegeo":"0901500011214","alcaldia":"Cuauhtémoc","estaciones":["142","145","147"]},"geometry":{"type":"Polygon","coordinates":[[[-99.159138,19.415891],[-99.158101,19.411682],[-99.15891,19.411657],[-99.160628,19.412699],[-99.166652,19.411504],[-99.165454,19.415325],[-99.165326,19.414688],[-99.159138,19.415891]]]}},{"type":"Feature","properties":{"cvegeo":"0901500011229","alcaldia":"Cuauhtémoc","estaciones":["577","578"]},"geometry":{"type":"Polygon","coordinates":[[[-99.149829,19.414681],[-99.151471,19.406717],[-99.151008,19.406743],[-99.151214,19.404671],[-99.150058,19.404649],[-99.150197,19.404047],[-99.155387,19.404057],[-99.154729,19.412966],[-99.151265,19.414785],[-99.149829,19.414681]]]}},{"type":"Feature","properties":{"cvegeo":"0901500011233","alcaldia":"Cuauhtémoc","estaciones":["576","579"]},"geometry":{"type":"Polygon","coordinates":[[[-99.150777,19.410048],[-99.149829,19.414681],[-99.143933,19.414238],[-99.144249,19.411147],[-99.144052,19.411065],[-99.143948,19.410952],[-99.143894,19.410656],[-99.144045,19.410397],[-99.144352,19.410283],[-99.144387,19.40982],[-99.148598,19.409855],[-99.150777,19.410048]]]}},{"type":"Feature","properties":{"cvegeo":"0901500011248","alcaldia":"Cuauhtémoc","estaciones":["575"]},"geometry":{"type":"Polygon","coordinates":[[[-99.144249,19.411147],[-99.143933,19.414238],[-99.141258,19.41405],[-99.142209,19.407325],[-99.144635,19.407178],[-99.144352,19.410283],[-99.144045,19.410397],[-99.143894,19.410656],[-99.143948,19.410952],[-99.144052,19.411065],[-99.144249,19.411147]]]}},{"type":"Feature","properties":{"cvegeo":"0901500011252","alcaldia":"Cuauhtémoc","estaciones":["574","580"]},"geometry":{"type":"Polygon","coordinates":[[[-99.138835,19.413864],[-99.139528,19.40753],[-99.142209,19.407325],[-99.141258,19.41405],[-99.138835,19.413864]]]}},{"type":"Feature","properties":{"cvegeo":"0901500011267","alcaldia":"Cuauhtémoc","estaciones":["573","581"]},"geometry":{"type":"Polygon","coordinates":[[[-99.139214,19.410511],[-99.138835,19.413864],[-99.135852,19.413651],[-99.135025,19.413193],[-99.135483,19.410269],[-99.139214,19.410511]]]}},{"type":"Feature","properties":{"cvegeo":"0901500011303","alcaldia":"Cuauhtémoc","estaciones":["066"]},"geometry":{"type":"Polygon","coordinates":[[[-99.177136,19.414143],[-99.177897,19.412772],[-99.177815,19.412677],[-99.17838,19.411661],[-99.178492,19.411675],[-99.179467,19.40997],[-99.18033,19.410392],[-99.181208,19.410967],[-99.182142,19.411484],[-99.180494,19.414142],[-99.179742,19.415544],[-99.177136,19.414143]]]}},{"type":"Feature","properties":{"cvegeo":"0901500011318","alcaldia":"Cuauhtémoc","estaciones":["060","067","068","073","075"]},"geometry":{"type":"Polygon","coordinates":[[[-99.173227,19.412167],[-99.176629,19.408524],[-99.17723,19.408872],[-99.179467,19.40997],[-99.178492,19.411675],[-99.17838,19.411661],[-99.177815,19.412677],[-99.177897,19.412772],[-99.177136,19.414143],[-99.173715,19.412361],[-99.173227,19.412167]]]}},{"type":"Feature","properties":{"cvegeo":"0901500011322","alcaldia":"Cuauhtémoc","estaciones":["062","074"]},"geometry":{"type":"Polygon","coordinates":[[[-99.176354,19.41553],[-99.172174,19.413413],[-99.171815,19.413436],[-99.171542,19.413303],[-99.172885,19.410251],[-99.174325,19.41095],[-99.173227,19.412167],[-99.173715,19.412361],[-99.177136,19.414143],[-99.176354,19.41553]]]}},{"type":"Feature","properties":{"cvegeo":"0901500011337","alcaldia":"Cuauhtémoc","estaciones":["079","083"]},"geometry":{"type":"Polygon","coordinates":[[[-99.172885,19.410251],[-99.172156,19.407269],[-99.172059,19.407217],[-99.171806,19.406227],[-99.176486,19.408543],[-99.176629,19.408524],[-99.175314,19.409968],[-99.175158,19.410047],[-99.174325,19.41095],[-99.172885,19.410251]]]}},{"type":"Feature","properties":{"cvegeo":"0901500011341","alcaldia":"Cuauhtémoc","estaciones":["069","076","080","081","084"]},"geometry":{"type":"Polygon","coordinates":[[[-99.166652,19.411504],[-99.168469,19.405898],[-99.171729,19.405795],[-99.172059,19.407217],[-99.172156,19.407269],[-99.172885,19.410251],[-99.17279,19.410217],[-99.17101,19.410479],[-99.17092,19.410413],[-99.170345,19.410303],[-99.169832,19.410354],[-99.169384,19.410527],[-99.168862,19.411015],[-99.168322,19.411975],[-99.166652,19.411504]]]}},{"type":"Feature","properties":{"cvegeo":"0901500011356","alcaldia":"Cuauhtémoc","estaciones":["146","150","152","153","154","157"]},"geometry":{"type":"Polygon","coordinates":[[[-99.163183,19.406126],[-99.168469,19.405898],[-99.166652,19.411504],[-99.164626,19.411917],[-99.163183,19.406126]]]}},{"type":"Feature","properties":{"cvegeo":"0901500011360","alcaldia":"Cuauhtémoc","estaciones":["156"]},"geometry":{"type":"Polygon","coordinates":[[[-99.163183,19.406126],[-99.164626,19.411917],[-99.162783,19.412278],[-99.161179,19.406218],[-99.163183,19.406126]]]}},{"type":"Feature","properties":{"cvegeo":"0901500011375","alcaldia":"Cuauhtémoc","estaciones":["151"]},"geometry":{"type":"Polygon","coordinates":[[[-99.161179,19.406218],[-99.162783,19.412278],[-99.160628,19.412699],[-99.159388,19.411921],[-99.159659,19.411856],[-99.159696,19.411731],[-99.159992,19.40805],[-99.160102,19.408031],[-99.159683,19.406302],[-99.161179,19.406218]]]}},{"type":"Feature","properties":{"cvegeo":"090150001138A","alcaldia":"Cuauhtémoc","estaciones":["155","158-159"]},"geometry":{"type":"Polygon","coordinates":[[[-99.15891,19.411657],[-99.154822,19.411769],[-99.155169,19.407439],[-99.159897,19.407185],[-99.160102,19.408031],[-99.159992,19.40805],[-99.159685,19.411791],[-99.159659,19.411856],[-99.159388,19.411921],[-99.15891,19.411657]]]}},{"type":"Feature","properties":{"cvegeo":"0901500011407","alcaldia":"Cuauhtémoc","estaciones":["582","583"]},"geometry":{"type":"Polygon","coordinates":[[[-99.136859,19.407709],[-99.139528,19.40753],[-99.139214,19.410511],[-99.135483,19.410269],[-99.135833,19.408021],[-99.136268,19.407824],[-99.136859,19.407709]]]}},{"type":"Feature","properties":{"cvegeo":"0901500011411","alcaldia":"Cuauhtémoc","estaciones":["072","077","078","177","178"]},"geometry":{"type":"Polygon","coordinates":[[[-99.18033,19.410392],[-99.17723,19.408872],[-99.176629,19.408524],[-99.176486,19.408543],[-99.175581,19.408098],[-99.176905,19.405972],[-99.177121,19.405444],[-99.184296,19.407824],[-99.18354,19.409317],[-99.182931,19.410374],[-99.182142,19.411484],[-99.181208,19.410967],[-99.18033,19.410392]]]}},{"type":"Feature","properties":{"cvegeo":"0901500011426","alcaldia":"Cuauhtémoc","estaciones":["181"]},"geometry":{"type":"Polygon","coordinates":[[[-99.171806,19.406227],[-99.171372,19.404221],[-99.171071,19.403494],[-99.172607,19.403928],[-99.177121,19.405444],[-99.176905,19.405972],[-99.175581,19.408098],[-99.171806,19.406227]]]}},{"type":"Feature","properties":{"cvegeo":"0901500011430","alcaldia":"Cuauhtémoc","estaciones":["179","180"]},"geometry":{"type":"Polygon","coordinates":[[[-99.168469,19.405898],[-99.170351,19.400198],[-99.170759,19.401795],[-99.171071,19.403494],[-99.171372,19.404221],[-99.171729,19.405795],[-99.168469,19.405898]]]}},{"type":"Feature","properties":{"cvegeo":"090150001145A","alcaldia":"Cuauhtémoc","estaciones":["161","164"]},"geometry":{"type":"Polygon","coordinates":[[[-99.162278,19.402403],[-99.164324,19.401713],[-99.16647,19.400876],[-99.16775,19.405913],[-99.163183,19.406126],[-99.162278,19.402403]]]}},{"type":"Feature","properties":{"cvegeo":"0901500011464","alcaldia":"Cuauhtémoc","estaciones":["162","165"]},"geometry":{"type":"Polygon","coordinates":[[[-99.158981,19.40341],[-99.162278,19.402403],[-99.163183,19.406126],[-99.159683,19.406302],[-99.158981,19.40341]]]}},{"type":"Feature","properties":{"cvegeo":"0901500011479","alcaldia":"Cuauhtémoc","estaciones":["163"]},"geometry":{"type":"Polygon","coordinates":[[[-99.155169,19.407439],[-99.155387,19.404057],[-99.156322,19.40406],[-99.156949,19.40398],[-99.158981,19.40341],[-99.159897,19.407185],[-99.155169,19.407439]]]}},{"type":"Feature","properties":{"cvegeo":"0901500011498","alcaldia":"Cuauhtémoc","estaciones":["584","585","586","587"]},"geometry":{"type":"Polygon","coordinates":[[[-99.136471,19.403885],[-99.13658,19.402809],[-99.136885,19.402881],[-99.137027,19.402955],[-99.137227,19.403308],[-99.137398,19.403461],[-99.144967,19.403872],[-99.144635,19.407178],[-99.136859,19.407709],[-99.136268,19.407824],[-99.135833,19.408021],[-99.136471,19.403885]]]}},{"type":"Feature","properties":{"cvegeo":"0901500011534","alcaldia":"Cuauhtémoc","estaciones":["123","124","561","563"]},"geometry":{"type":"Polygon","coordinates":[[[-99.147401,19.42537],[-99.147932,19.423769],[-99.148884,19.419306],[-99.150408,19.419429],[-99.149943,19.42215],[-99.153974,19.422554],[-99.15365,19.425848],[-99.152738,19.425739],[-99.147401,19.42537]]]}},{"type":"Feature","properties":{"cvegeo":"0901600010054","alcaldia":"Miguel Hidalgo","estaciones":["506","507"]},"geometry":{"type":"Polygon","coordinates":[[[-99.185265,19.460017],[-99.177755,19.458713],[-99.177819,19.458329],[-99.177729,19.458276],[-99.179283,19.455793],[-99.180475,19.456405],[-99.182274,19.457824],[-99.18281,19.458068],[-99.186211,19.458824],[-99.187036,19.459124],[-99.188352,19.459402],[-99.189643,19.459537],[-99.191835,19.459652],[-99.191484,19.459862],[-99.191283,19.460064],[-99.190335,19.462461],[-99.190552,19.463034],[-99.190723,19.464669],[-99.187993,19.463812],[-99.188476,19.460774],[-99.185265,19.460017]]]}},{"type":"Feature","properties":{"cvegeo":"0901600010069","alcaldia":"Miguel Hidalgo","estaciones":["502","503"]},"geometry":{"type":"Polygon","coordinates":[[[-99.171172,19.45764],[-99.17122,19.457182],[-99.174014,19.455947],[-99.173379,19.454708],[-99.174398,19.45426],[-99.1746,19.454709],[-99.175389,19.454372],[-99.174964,19.453979],[-99.174181,19.452818],[-99.174747,19.452359],[-99.177479,19.454276],[-99.178961,19.455614],[-99.179283,19.455793],[-99.177729,19.458276],[-99.177819,19.458329],[-99.177755,19.458713],[-99.171172,19.45764]]]}},{"type":"Feature","properties":{"cvegeo":"0901600010073","alcaldia":"Miguel Hidalgo","estaciones":["498","499","500"]},"geometry":{"type":"Polygon","coordinates":[[[-99.171172,19.45764],[-99.163705,19.456432],[-99.163815,19.455814],[-99.165875,19.45616],[-99.166388,19.452321],[-99.166473,19.452335],[-99.166525,19.452513],[-99.167364,19.456423],[-99.168295,19.456606],[-99.17001,19.454644],[-99.171437,19.454973],[-99.171485,19.455237],[-99.170997,19.457087],[-99.17122,19.457182],[-99.171172,19.45764]]]}},{"type":"Feature","properties":{"cvegeo":"0901600010088","alcaldia":"Miguel Hidalgo","estaciones":["497","501"]},"geometry":{"type":"Polygon","coordinates":[[[-99.163815,19.455814],[-99.164265,19.451846],[-99.166415,19.452136],[-99.166841,19.448483],[-99.167179,19.444425],[-99.169415,19.445771],[-99.171204,19.448401],[-99.167201,19.450386],[-99.168721,19.45066],[-99.168747,19.450824],[-99.168899,19.45093],[-99.169066,19.450909],[-99.169185,19.450752],[-99.169252,19.450863],[-99.169891,19.450985],[-99.169986,19.450887],[-99.171765,19.451246],[-99.171465,19.452833],[-99.17368,19.453158],[-99.174147,19.452778],[-99.174964,19.453979],[-99.175389,19.454372],[-99.1746,19.454709],[-99.174398,19.45426],[-99.173379,19.454708],[-99.174014,19.455947],[-99.17122,19.457182],[-99.170997,19.457087],[-99.171485,19.455237],[-99.171437,19.454973],[-99.17001,19.454644],[-99.168295,19.456606],[-99.167364,19.456423],[-99.166525,19.452513],[-99.166473,19.452335],[-99.166388,19.452321],[-99.165875,19.45616],[-99.163815,19.455814]]]}},{"type":"Feature","properties":{"cvegeo":"0901600010177","alcaldia":"Miguel Hidalgo","estaciones":["481","505"]},"geometry":{"type":"Polygon","coordinates":[[[-99.180027,19.454018],[-99.180543,19.450853],[-99.180873,19.450924],[-99.181404,19.447271],[-99.181251,19.44709],[-99.181411,19.446958],[-99.181704,19.447295],[-99.18355,19.44752],[-99.183312,19.449377],[-99.183413,19.449511],[-99.185454,19.44977],[-99.185185,19.451617],[-99.185371,19.451869],[-99.18408,19.451631],[-99.18338,19.455856],[-99.183255,19.456344],[-99.183259,19.45682],[-99.182951,19.458096],[-99.182274,19.457824],[-99.180475,19.456405],[-99.179434,19.455869],[-99.17978,19.45501],[-99.180027,19.454018]]]}},{"type":"Feature","properties":{"cvegeo":"0901600010181","alcaldia":"Miguel Hidalgo","estaciones":["490","504"]},"geometry":{"type":"Polygon","coordinates":[[[-99.179434,19.455869],[-99.178961,19.455614],[-99.177479,19.454276],[-99.174747,19.452359],[-99.177574,19.450088],[-99.1776,19.449564],[-99.177736,19.449582],[-99.178395,19.444892],[-99.178981,19.44497],[-99.179054,19.444276],[-99.181338,19.447018],[-99.181251,19.44709],[-99.181404,19.447271],[-99.180873,19.450924],[-99.180543,19.450853],[-99.180027,19.454018],[-99.179816,19.454871],[-99.179434,19.455869]]]}},{"type":"Feature","properties":{"cvegeo":"0901600010209","alcaldia":"Miguel Hidalgo","estaciones":["496"]},"geometry":{"type":"Polygon","coordinates":[[[-99.171465,19.452833],[-99.171765,19.451246],[-99.169986,19.450887],[-99.169891,19.450985],[-99.169252,19.450863],[-99.169185,19.450752],[-99.169066,19.450909],[-99.168899,19.45093],[-99.168747,19.450824],[-99.168721,19.45066],[-99.167201,19.450386],[-99.171204,19.448401],[-99.173201,19.451295],[-99.174747,19.452359],[-99.17368,19.453158],[-99.171465,19.452833]]]}},{"type":"Feature","properties":{"cvegeo":"0901600010213","alcaldia":"Miguel Hidalgo","estaciones":["487","494","495"]},"geometry":{"type":"Polygon","coordinates":[[[-99.164265,19.451846],[-99.164323,19.449982],[-99.165713,19.443818],[-99.165894,19.443382],[-99.166407,19.442521],[-99.167411,19.440356],[-99.169795,19.44162],[-99.170424,19.442018],[-99.169702,19.442969],[-99.168979,19.443785],[-99.168499,19.445196],[-99.167179,19.444425],[-99.166841,19.448483],[-99.166415,19.452136],[-99.164265,19.451846]]]}},{"type":"Feature","properties":{"cvegeo":"0901600010285","alcaldia":"Miguel Hidalgo","estaciones":["482","483","489"]},"geometry":{"type":"Polygon","coordinates":[[[-99.173514,19.448133],[-99.174048,19.444287],[-99.175147,19.444446],[-99.175753,19.440604],[-99.176031,19.440569],[-99.176036,19.440728],[-99.176706,19.441574],[-99.176896,19.441796],[-99.177014,19.441805],[-99.179054,19.444276],[-99.178981,19.44497],[-99.178395,19.444892],[-99.177848,19.448745],[-99.173514,19.448133]]]}},{"type":"Feature","properties":{"cvegeo":"090160001029A","alcaldia":"Miguel Hidalgo","estaciones":["488","491","492","493"]},"geometry":{"type":"Polygon","coordinates":[[[-99.171431,19.448745],[-99.169415,19.445771],[-99.168499,19.445196],[-99.168979,19.443785],[-99.169073,19.44369],[-99.169232,19.443775],[-99.17071,19.443848],[-99.170777,19.443915],[-99.170851,19.443874],[-99.174048,19.444287],[-99.173514,19.448133],[-99.177848,19.448745],[-99.177736,19.449582],[-99.1776,19.449564],[-99.177574,19.450088],[-99.177471,19.450171],[-99.171431,19.448745]]]}},{"type":"Feature","properties":{"cvegeo":"0901600010444","alcaldia":"Miguel Hidalgo","estaciones":["197","240","241","462","463"]},"geometry":{"type":"Polygon","coordinates":[[[-99.20499,19.446858],[-99.203274,19.446053],[-99.199181,19.4443],[-99.200624,19.441377],[-99.200778,19.440522],[-99.20088,19.438302],[-99.201278,19.436011],[-99.202432,19.436063],[-99.202342,19.438369],[-99.207802,19.438634],[-99.207431,19.446459],[-99.20764,19.446536],[-99.207674,19.446747],[-99.207497,19.446878],[-99.207288,19.446804],[-99.205889,19.447903],[-99.205528,19.447559],[-99.205202,19.44707],[-99.20499,19.446858]]]}},{"type":"Feature","properties":{"cvegeo":"0901600010459","alcaldia":"Miguel Hidalgo","estaciones":["243","464"]},"geometry":{"type":"Polygon","coordinates":[[[-99.198325,19.445479],[-99.198414,19.443981],[-99.196031,19.4432],[-99.194139,19.442972],[-99.194164,19.442094],[-99.193509,19.442135],[-99.193584,19.440732],[-99.198949,19.440963],[-99.199847,19.440842],[-99.200778,19.440522],[-99.200624,19.441377],[-99.199181,19.4443],[-99.20217,19.445571],[-99.202152,19.445685],[-99.198325,19.445479]]]}},{"type":"Feature","properties":{"cvegeo":"0901600010463","alcaldia":"Miguel Hidalgo","estaciones":["466"]},"geometry":{"type":"Polygon","coordinates":[[[-99.198325,19.445479],[-99.195986,19.445335],[-99.19388,19.445005],[-99.186276,19.444042],[-99.186405,19.443017],[-99.186656,19.442851],[-99.187287,19.442668],[-99.192019,19.442262],[-99.192347,19.44257],[-99.192821,19.442801],[-99.196031,19.4432],[-99.198414,19.443981],[-99.198325,19.445479]]]}},{"type":"Feature","properties":{"cvegeo":"0901600010478","alcaldia":"Miguel Hidalgo","estaciones":["467","476"]},"geometry":{"type":"Polygon","coordinates":[[[-99.18265,19.445973],[-99.182919,19.443612],[-99.183012,19.44353],[-99.183571,19.43953],[-99.184357,19.439316],[-99.184846,19.438988],[-99.186396,19.439098],[-99.18672,19.439002],[-99.188212,19.439154],[-99.188895,19.43928],[-99.189615,19.439606],[-99.190169,19.439969],[-99.190697,19.440508],[-99.192019,19.442262],[-99.189834,19.442416],[-99.186984,19.442739],[-99.186656,19.442851],[-99.186405,19.443017],[-99.186276,19.444042],[-99.185227,19.443881],[-99.18265,19.445973]]]}},{"type":"Feature","properties":{"cvegeo":"0901600010482","alcaldia":"Miguel Hidalgo","estaciones":["468","474","475","477","478","479","480"]},"geometry":{"type":"Polygon","coordinates":[[[-99.182919,19.443612],[-99.18265,19.445973],[-99.181338,19.447018],[-99.177227,19.442052],[-99.177014,19.441805],[-99.176896,19.441796],[-99.176036,19.440728],[-99.176031,19.440569],[-99.176208,19.440498],[-99.178025,19.438254],[-99.179368,19.436061],[-99.179739,19.436243],[-99.179369,19.43862],[-99.183553,19.439677],[-99.183012,19.44353],[-99.182919,19.443612]]]}},{"type":"Feature","properties":{"cvegeo":"0901600010497","alcaldia":"Miguel Hidalgo","estaciones":["484"]},"geometry":{"type":"Polygon","coordinates":[[[-99.175147,19.444446],[-99.170851,19.443874],[-99.170777,19.443915],[-99.17071,19.443848],[-99.169232,19.443775],[-99.169073,19.44369],[-99.170537,19.441878],[-99.171061,19.441918],[-99.171209,19.440829],[-99.171748,19.439986],[-99.172013,19.440114],[-99.172461,19.44017],[-99.172746,19.4382],[-99.175384,19.439984],[-99.176031,19.440569],[-99.175753,19.440604],[-99.175147,19.444446]]]}},{"type":"Feature","properties":{"cvegeo":"090160001050A","alcaldia":"Miguel Hidalgo","estaciones":["485","486"]},"geometry":{"type":"Polygon","coordinates":[[[-99.167411,19.440356],[-99.168479,19.438149],[-99.169671,19.436323],[-99.170175,19.436523],[-99.171533,19.437351],[-99.172746,19.4382],[-99.172461,19.44017],[-99.172013,19.440114],[-99.171748,19.439986],[-99.171209,19.440829],[-99.171061,19.441918],[-99.170537,19.441878],[-99.170424,19.442018],[-99.169795,19.44162],[-99.167411,19.440356]]]}},{"type":"Feature","properties":{"cvegeo":"0901600010533","alcaldia":"Miguel Hidalgo","estaciones":["461"]},"geometry":{"type":"Polygon","coordinates":[[[-99.211621,19.441821],[-99.209824,19.441134],[-99.209935,19.438697],[-99.214152,19.438891],[-99.2154,19.441306],[-99.21589,19.44208],[-99.213706,19.441888],[-99.213702,19.441997],[-99.211621,19.441821]]]}},{"type":"Feature","properties":{"cvegeo":"0901600010552","alcaldia":"Miguel Hidalgo","estaciones":["242","244"]},"geometry":{"type":"Polygon","coordinates":[[[-99.193791,19.438122],[-99.193738,19.437989],[-99.20088,19.438302],[-99.200778,19.440522],[-99.199847,19.440842],[-99.198949,19.440963],[-99.193584,19.440732],[-99.193791,19.438122]]]}},{"type":"Feature","properties":{"cvegeo":"0901600010571","alcaldia":"Miguel Hidalgo","estaciones":["196","245"]},"geometry":{"type":"Polygon","coordinates":[[[-99.192019,19.442262],[-99.190771,19.440598],[-99.190169,19.439969],[-99.189615,19.439606],[-99.188895,19.43928],[-99.188212,19.439154],[-99.18672,19.439002],[-99.186396,19.439098],[-99.184846,19.438988],[-99.184357,19.439316],[-99.183571,19.43953],[-99.183603,19.439152],[-99.183446,19.437411],[-99.183713,19.43751],[-99.184539,19.437594],[-99.193738,19.437989],[-99.193791,19.438122],[-99.193509,19.442135],[-99.194164,19.442094],[-99.194139,19.442972],[-99.192821,19.442801],[-99.192347,19.44257],[-99.192019,19.442262]]]}},{"type":"Feature","properties":{"cvegeo":"0901600010590","alcaldia":"Miguel Hidalgo","estaciones":["473"]},"geometry":{"type":"Polygon","coordinates":[[[-99.173349,19.43861],[-99.173411,19.438517],[-99.17238,19.436474],[-99.172718,19.436667],[-99.173453,19.435545],[-99.178025,19.438254],[-99.176208,19.440498],[-99.176031,19.440569],[-99.175384,19.439984],[-99.173349,19.43861]]]}},{"type":"Feature","properties":{"cvegeo":"0901600010603","alcaldia":"Miguel Hidalgo","estaciones":["469","470","471","472"]},"geometry":{"type":"Polygon","coordinates":[[[-99.172201,19.4324],[-99.172674,19.432412],[-99.175938,19.434375],[-99.179368,19.436061],[-99.178025,19.438254],[-99.173453,19.435545],[-99.172718,19.436667],[-99.17238,19.436474],[-99.173411,19.438517],[-99.173349,19.43861],[-99.171533,19.437351],[-99.170175,19.436523],[-99.169671,19.436323],[-99.172201,19.4324]]]}},{"type":"Feature","properties":{"cvegeo":"0901600010622","alcaldia":"Miguel Hidalgo","estaciones":["460"]},"geometry":{"type":"Polygon","coordinates":[[[-99.214152,19.438891],[-99.205968,19.43853],[-99.20723,19.435346],[-99.207668,19.434479],[-99.207975,19.433707],[-99.208443,19.433879],[-99.208234,19.434355],[-99.208101,19.435416],[-99.210885,19.435569],[-99.210933,19.435461],[-99.211355,19.435478],[-99.211827,19.435007],[-99.2124,19.43553],[-99.213151,19.436628],[-99.213892,19.438181],[-99.214152,19.438891]]]}},{"type":"Feature","properties":{"cvegeo":"0901600010637","alcaldia":"Miguel Hidalgo","estaciones":["198","209","213","214","219","220"]},"geometry":{"type":"Polygon","coordinates":[[[-99.201278,19.436011],[-99.201518,19.434398],[-99.201648,19.434327],[-99.201563,19.434211],[-99.201907,19.432094],[-99.20433,19.43231],[-99.204912,19.430541],[-99.206008,19.431032],[-99.206414,19.431336],[-99.208189,19.43221],[-99.208355,19.432325],[-99.208514,19.432548],[-99.208353,19.43283],[-99.209233,19.433038],[-99.20956,19.432884],[-99.210254,19.433661],[-99.211827,19.435007],[-99.211355,19.435478],[-99.210933,19.435461],[-99.210885,19.435569],[-99.208101,19.435416],[-99.208234,19.434355],[-99.208443,19.433879],[-99.207975,19.433707],[-99.207668,19.434479],[-99.20723,19.435346],[-99.205968,19.43853],[-99.202342,19.438369],[-99.202432,19.436063],[-99.201278,19.436011]]]}},{"type":"Feature","properties":{"cvegeo":"0901600010641","alcaldia":"Miguel Hidalgo","estaciones":["199","202","206","215"]},"geometry":{"type":"Polygon","coordinates":[[[-99.201518,19.434398],[-99.20088,19.438302],[-99.196333,19.438102],[-99.19647,19.43598],[-99.196223,19.435793],[-99.196296,19.434416],[-99.195879,19.434242],[-99.195647,19.43406],[-99.195539,19.433861],[-99.195565,19.433746],[-99.195921,19.433454],[-99.196511,19.43333],[-99.196649,19.431665],[-99.201907,19.432094],[-99.201563,19.434211],[-99.201648,19.434327],[-99.201518,19.434398]]]}},{"type":"Feature","properties":{"cvegeo":"0901600010656","alcaldia":"Miguel Hidalgo","estaciones":["203","204","210","216"]},"geometry":{"type":"Polygon","coordinates":[[[-99.196333,19.438102],[-99.190429,19.437842],[-99.191151,19.431498],[-99.194243,19.431468],[-99.196649,19.431665],[-99.196511,19.43333],[-99.195921,19.433454],[-99.195565,19.433746],[-99.195539,19.433861],[-99.195647,19.43406],[-99.195879,19.434242],[-99.196296,19.434416],[-99.196223,19.435793],[-99.19647,19.43598],[-99.196333,19.438102]]]}},{"type":"Feature","properties":{"cvegeo":"0901600010660","alcaldia":"Miguel Hidalgo","estaciones":["200","201","208","211"]},"geometry":{"type":"Polygon","coordinates":[[[-99.184539,19.437594],[-99.184234,19.437504],[-99.18407,19.437353],[-99.184029,19.43722],[-99.191151,19.431498],[-99.190429,19.437842],[-99.184539,19.437594]]]}},{"type":"Feature","properties":{"cvegeo":"0901600010675","alcaldia":"Miguel Hidalgo","estaciones":["205","212","218"]},"geometry":{"type":"Polygon","coordinates":[[[-99.183973,19.436263],[-99.184047,19.435284],[-99.184801,19.435311],[-99.184833,19.433116],[-99.184793,19.433188],[-99.184172,19.43314],[-99.184109,19.433065],[-99.184143,19.431369],[-99.191151,19.431498],[-99.184029,19.43722],[-99.183881,19.437209],[-99.183748,19.437023],[-99.183973,19.436263]]]}},{"type":"Feature","properties":{"cvegeo":"090160001068A","alcaldia":"Miguel Hidalgo","estaciones":["207","217","226","239","247","250","253"]},"geometry":{"type":"Polygon","coordinates":[[[-99.183713,19.43751],[-99.183265,19.437316],[-99.18208,19.436312],[-99.18223,19.436252],[-99.180646,19.432456],[-99.179428,19.429171],[-99.178534,19.429516],[-99.176831,19.425376],[-99.176648,19.425176],[-99.177629,19.423593],[-99.17805,19.423659],[-99.179889,19.428358],[-99.180499,19.428077],[-99.180783,19.428029],[-99.181232,19.428176],[-99.181503,19.428456],[-99.181902,19.429086],[-99.182347,19.429506],[-99.182663,19.42965],[-99.18239,19.429784],[-99.182492,19.429904],[-99.182635,19.429953],[-99.182549,19.431332],[-99.184143,19.431369],[-99.184109,19.433065],[-99.184172,19.43314],[-99.184793,19.433188],[-99.184833,19.433116],[-99.184801,19.435311],[-99.184047,19.435284],[-99.183973,19.436263],[-99.183748,19.437023],[-99.183881,19.437209],[-99.184029,19.43722],[-99.18407,19.437353],[-99.184234,19.437504],[-99.184539,19.437594],[-99.183713,19.43751]]]}},{"type":"Feature","properties":{"cvegeo":"0901600010694","alcaldia":"Miguel Hidalgo","estaciones":["246","248","249"]},"geometry":{"type":"Polygon","coordinates":[[[-99.177273,19.432225],[-99.17769,19.432135],[-99.177586,19.431972],[-99.177356,19.431873],[-99.177409,19.43081],[-99.177597,19.429596],[-99.178003,19.429709],[-99.179428,19.429171],[-99.180646,19.432456],[-99.18223,19.436252],[-99.18208,19.436312],[-99.177273,19.432225]]]}},{"type":"Feature","properties":{"cvegeo":"0901600010707","alcaldia":"Miguel Hidalgo","estaciones":["452"]},"geometry":{"type":"Polygon","coordinates":[[[-99.181099,19.436856],[-99.175938,19.434375],[-99.173795,19.433126],[-99.173951,19.433036],[-99.177273,19.432225],[-99.183028,19.437122],[-99.182953,19.437221],[-99.181449,19.436843],[-99.181099,19.436856]]]}},{"type":"Feature","properties":{"cvegeo":"0901600010711","alcaldia":"Miguel Hidalgo","estaciones":["251","252"]},"geometry":{"type":"Polygon","coordinates":[[[-99.172674,19.432412],[-99.172201,19.4324],[-99.173775,19.429542],[-99.176648,19.425176],[-99.176831,19.425376],[-99.178534,19.429516],[-99.178003,19.429709],[-99.177597,19.429596],[-99.177409,19.43081],[-99.177356,19.431873],[-99.177586,19.431972],[-99.17769,19.432135],[-99.173951,19.433036],[-99.173795,19.433126],[-99.172674,19.432412]]]}},{"type":"Feature","properties":{"cvegeo":"0901600010745","alcaldia":"Miguel Hidalgo","estaciones":["229","235-236"]},"geometry":{"type":"Polygon","coordinates":[[[-99.201907,19.432094],[-99.201378,19.431476],[-99.200071,19.430336],[-99.20036,19.428387],[-99.201782,19.429151],[-99.202222,19.429306],[-99.202538,19.429326],[-99.20264,19.429503],[-99.202827,19.4296],[-99.204928,19.430513],[-99.20433,19.43231],[-99.201907,19.432094]]]}},{"type":"Feature","properties":{"cvegeo":"090160001075A","alcaldia":"Miguel Hidalgo","estaciones":["221","228","230","233"]},"geometry":{"type":"Polygon","coordinates":[[[-99.193856,19.429421],[-99.193903,19.428736],[-99.194021,19.428707],[-99.196146,19.428999],[-99.196502,19.42709],[-99.197405,19.426827],[-99.199642,19.427954],[-99.20036,19.428387],[-99.200071,19.430336],[-99.201378,19.431476],[-99.201907,19.432094],[-99.197543,19.431742],[-99.197909,19.430012],[-99.193856,19.429421]]]}},{"type":"Feature","properties":{"cvegeo":"0901600010779","alcaldia":"Miguel Hidalgo","estaciones":["222","223","231","237-238"]},"geometry":{"type":"Polygon","coordinates":[[[-99.194243,19.431468],[-99.191151,19.431498],[-99.191891,19.426743],[-99.191943,19.426694],[-99.192016,19.425841],[-99.191971,19.425728],[-99.197334,19.426524],[-99.197405,19.426827],[-99.196502,19.42709],[-99.196146,19.428999],[-99.194021,19.428707],[-99.193903,19.428736],[-99.193856,19.429421],[-99.196023,19.429741],[-99.195792,19.43159],[-99.194243,19.431468]]]}},{"type":"Feature","properties":{"cvegeo":"0901600010783","alcaldia":"Miguel Hidalgo","estaciones":["224","225","232","234"]},"geometry":{"type":"Polygon","coordinates":[[[-99.188767,19.4271],[-99.191809,19.425703],[-99.191971,19.425728],[-99.192016,19.425841],[-99.191943,19.426694],[-99.191891,19.426743],[-99.191151,19.431498],[-99.182549,19.431332],[-99.182635,19.429953],[-99.182492,19.429904],[-99.18239,19.429784],[-99.188767,19.4271]]]}},{"type":"Feature","properties":{"cvegeo":"0901600010798","alcaldia":"Miguel Hidalgo","estaciones":["192-193","194","195","451","710","711"]},"geometry":{"type":"Polygon","coordinates":[[[-99.17805,19.423659],[-99.176212,19.423355],[-99.17567,19.423336],[-99.175088,19.423156],[-99.175047,19.42304],[-99.175283,19.422691],[-99.1755,19.422719],[-99.175654,19.422593],[-99.176266,19.421455],[-99.176465,19.42056],[-99.176737,19.420223],[-99.177141,19.420024],[-99.177486,19.419466],[-99.177758,19.419283],[-99.178322,19.418109],[-99.178568,19.418232],[-99.178998,19.419682],[-99.17928,19.419362],[-99.180161,19.417158],[-99.18043,19.416627],[-99.182708,19.416196],[-99.185788,19.414981],[-99.189823,19.412846],[-99.191526,19.412057],[-99.193818,19.410842],[-99.193366,19.413677],[-99.193398,19.414463],[-99.193554,19.414959],[-99.195175,19.417926],[-99.195348,19.418347],[-99.195399,19.418689],[-99.195364,19.420093],[-99.195414,19.420409],[-99.195539,19.420683],[-99.196333,19.421803],[-99.197042,19.422375],[-99.197523,19.422573],[-99.198767,19.422836],[-99.199024,19.422989],[-99.199272,19.42323],[-99.202133,19.426898],[-99.201084,19.427109],[-99.201898,19.427662],[-99.202279,19.427829],[-99.202666,19.427883],[-99.203074,19.42781],[-99.203165,19.427888],[-99.202919,19.428165],[-99.20264,19.429503],[-99.202538,19.429326],[-99.202222,19.429306],[-99.201782,19.429151],[-99.200909,19.428717],[-99.199642,19.427954],[-99.197405,19.426827],[-99.197334,19.426524],[-99.191809,19.425703],[-99.188767,19.4271],[-99.182663,19.42965],[-99.182347,19.429506],[-99.182094,19.429284],[-99.181797,19.428954],[-99.181503,19.428456],[-99.181092,19.428096],[-99.180783,19.428029],[-99.180595,19.428055],[-99.179889,19.428358],[-99.17805,19.423659]]]}},{"type":"Feature","properties":{"cvegeo":"0901600010849","alcaldia":"Miguel Hidalgo","estaciones":["227","458","459"]},"geometry":{"type":"Polygon","coordinates":[[[-99.206008,19.431032],[-99.20264,19.429503],[-99.202919,19.428165],[-99.203165,19.427888],[-99.203074,19.42781],[-99.203567,19.427557],[-99.204848,19.427264],[-99.205259,19.427063],[-99.205829,19.42674],[-99.207303,19.425659],[-99.208091,19.425167],[-99.208941,19.424799],[-99.209006,19.425059],[-99.209403,19.425824],[-99.209698,19.426287],[-99.210122,19.426674],[-99.209265,19.426964],[-99.208014,19.427776],[-99.207691,19.427843],[-99.208438,19.428094],[-99.209237,19.428178],[-99.210747,19.427931],[-99.211339,19.428809],[-99.211376,19.429339],[-99.211221,19.429803],[-99.210479,19.430148],[-99.208905,19.431187],[-99.208637,19.431642],[-99.208592,19.43232],[-99.208514,19.432548],[-99.208355,19.432325],[-99.208189,19.43221],[-99.206414,19.431336],[-99.206008,19.431032]]]}},{"type":"Feature","properties":{"cvegeo":"0901600010872","alcaldia":"Miguel Hidalgo","estaciones":["457"]},"geometry":{"type":"Polygon","coordinates":[[[-99.211221,19.429803],[-99.211376,19.429339],[-99.211339,19.428809],[-99.210747,19.427931],[-99.212123,19.4276],[-99.211946,19.427166],[-99.213633,19.42677],[-99.214701,19.426709],[-99.213758,19.425778],[-99.210122,19.426674],[-99.209698,19.426287],[-99.209403,19.425824],[-99.209006,19.425059],[-99.208941,19.424799],[-99.216538,19.422901],[-99.217091,19.422609],[-99.217421,19.422297],[-99.217647,19.421952],[-99.217817,19.421473],[-99.218308,19.421679],[-99.218888,19.42174],[-99.219048,19.421863],[-99.219199,19.422007],[-99.219143,19.422391],[-99.218706,19.423545],[-99.218171,19.424269],[-99.217731,19.424677],[-99.217329,19.424908],[-99.217214,19.426109],[-99.217131,19.426579],[-99.216977,19.426983],[-99.216674,19.427299],[-99.2163,19.427524],[-99.216938,19.42854],[-99.215828,19.429091],[-99.214708,19.429555],[-99.21376,19.429686],[-99.212844,19.429728],[-99.212782,19.429804],[-99.211964,19.429845],[-99.211892,19.429771],[-99.211221,19.429803]]]}},{"type":"Feature","properties":{"cvegeo":"0901600010887","alcaldia":"Miguel Hidalgo","estaciones":["456"]},"geometry":{"type":"Polygon","coordinates":[[[-99.207691,19.427843],[-99.208014,19.427776],[-99.209029,19.427088],[-99.209495,19.42686],[-99.213758,19.425778],[-99.214701,19.426709],[-99.213633,19.42677],[-99.211946,19.427166],[-99.212123,19.4276],[-99.2099,19.428105],[-99.209237,19.428178],[-99.208726,19.428136],[-99.207894,19.427941],[-99.207691,19.427843]]]}},{"type":"Feature","properties":{"cvegeo":"0901600010891","alcaldia":"Miguel Hidalgo","estaciones":["184","185"]},"geometry":{"type":"Polygon","coordinates":[[[-99.178322,19.418109],[-99.180494,19.414142],[-99.181616,19.412355],[-99.182038,19.412494],[-99.182156,19.412474],[-99.187145,19.414233],[-99.185788,19.414981],[-99.182708,19.416196],[-99.18043,19.416627],[-99.180161,19.417158],[-99.17928,19.419362],[-99.178998,19.419682],[-99.178568,19.418232],[-99.178322,19.418109]]]}},{"type":"Feature","properties":{"cvegeo":"0901600010995","alcaldia":"Miguel Hidalgo","estaciones":["453","454","455"]},"geometry":{"type":"Polygon","coordinates":[[[-99.204792,19.418012],[-99.206521,19.419104],[-99.207169,19.419384],[-99.207757,19.418275],[-99.208575,19.4202],[-99.208165,19.420496],[-99.208044,19.420452],[-99.207935,19.420519],[-99.207924,19.420593],[-99.20802,19.420692],[-99.207522,19.422321],[-99.207517,19.422494],[-99.207297,19.422608],[-99.206962,19.422208],[-99.205765,19.421973],[-99.205432,19.421835],[-99.20439,19.422428],[-99.204394,19.422542],[-99.204635,19.42297],[-99.20493,19.423421],[-99.20555,19.423264],[-99.206234,19.42346],[-99.207205,19.42267],[-99.207311,19.422805],[-99.20703,19.423081],[-99.20871,19.422686],[-99.208637,19.423692],[-99.208941,19.424799],[-99.208091,19.425167],[-99.207303,19.425659],[-99.205829,19.42674],[-99.205259,19.427063],[-99.204848,19.427264],[-99.20397,19.427467],[-99.203438,19.427258],[-99.203234,19.427104],[-99.203189,19.426997],[-99.203343,19.425829],[-99.202722,19.423893],[-99.202541,19.423544],[-99.202725,19.422952],[-99.203049,19.422234],[-99.202711,19.422176],[-99.202481,19.422255],[-99.203231,19.421142],[-99.203825,19.421805],[-99.204489,19.421116],[-99.204875,19.420264],[-99.2033,19.41981],[-99.202549,19.419427],[-99.202498,19.419342],[-99.203105,19.419237],[-99.203745,19.41894],[-99.204792,19.418012]]]}},{"type":"Feature","properties":{"cvegeo":"0901600011029","alcaldia":"Miguel Hidalgo","estaciones":["186","187","190"]},"geometry":{"type":"Polygon","coordinates":[[[-99.184998,19.409298],[-99.184728,19.409861],[-99.185847,19.410293],[-99.185504,19.411295],[-99.186455,19.411622],[-99.186829,19.410671],[-99.187851,19.410977],[-99.187445,19.411974],[-99.189823,19.412846],[-99.187773,19.413957],[-99.187145,19.414233],[-99.182156,19.412474],[-99.182038,19.412494],[-99.181616,19.412355],[-99.182513,19.410912],[-99.182931,19.410374],[-99.18354,19.409317],[-99.184998,19.409298]]]}},{"type":"Feature","properties":{"cvegeo":"0901600011160","alcaldia":"Miguel Hidalgo","estaciones":["188","189","191"]},"geometry":{"type":"Polygon","coordinates":[[[-99.187745,19.403859],[-99.190773,19.410162],[-99.191526,19.412057],[-99.189823,19.412846],[-99.187445,19.411974],[-99.187851,19.410977],[-99.186829,19.410671],[-99.186455,19.411622],[-99.185504,19.411295],[-99.185847,19.410293],[-99.184728,19.409861],[-99.184998,19.409298],[-99.18354,19.409317],[-99.184296,19.407824],[-99.18602,19.407766],[-99.186063,19.407136],[-99.185995,19.405712],[-99.185387,19.405711],[-99.186329,19.403905],[-99.187745,19.403859]]]}},{"type":"Feature","properties":{"cvegeo":"0901600011175","alcaldia":"Miguel Hidalgo","estaciones":["170"]},"geometry":{"type":"Polygon","coordinates":[[[-99.187988,19.402185],[-99.189419,19.402311],[-99.189326,19.403875],[-99.186329,19.403905],[-99.185387,19.405711],[-99.185995,19.405712],[-99.186063,19.407136],[-99.18602,19.407766],[-99.184296,19.407824],[-99.184414,19.406271],[-99.182978,19.405831],[-99.183223,19.403256],[-99.186862,19.403146],[-99.187045,19.402856],[-99.187014,19.402392],[-99.187198,19.402279],[-99.187988,19.402185]]]}},{"type":"Feature","properties":{"cvegeo":"090160001118A","alcaldia":"Miguel Hidalgo","estaciones":["166","167","168","169","171","172"]},"geometry":{"type":"Polygon","coordinates":[[[-99.184296,19.407824],[-99.173459,19.404207],[-99.174598,19.401151],[-99.179093,19.402601],[-99.181616,19.403347],[-99.183223,19.403256],[-99.182978,19.405831],[-99.184414,19.406271],[-99.184296,19.407824]]]}},{"type":"Feature","properties":{"cvegeo":"0901600011207","alcaldia":"Miguel Hidalgo","estaciones":["173","285"]},"geometry":{"type":"Polygon","coordinates":[[[-99.181616,19.403347],[-99.174598,19.401151],[-99.175417,19.399033],[-99.175597,19.398331],[-99.17735,19.399273],[-99.178226,19.399534],[-99.18495,19.399826],[-99.184817,19.401366],[-99.183406,19.401398],[-99.183316,19.403253],[-99.181616,19.403347]]]}},{"type":"Feature","properties":{"cvegeo":"0901600011211","alcaldia":"Miguel Hidalgo","estaciones":["286","287"]},"geometry":{"type":"Polygon","coordinates":[[[-99.17735,19.399273],[-99.175597,19.398331],[-99.175525,19.398091],[-99.178895,19.397366],[-99.179504,19.397397],[-99.18095,19.397093],[-99.182094,19.396958],[-99.182456,19.396758],[-99.184089,19.396154],[-99.185304,19.39593],[-99.18495,19.399826],[-99.178226,19.399534],[-99.17735,19.399273]]]}},{"type":"Feature","properties":{"cvegeo":"0901600011226","alcaldia":"Miguel Hidalgo","estaciones":["175","182"]},"geometry":{"type":"Polygon","coordinates":[[[-99.171071,19.403494],[-99.170759,19.401795],[-99.170367,19.400329],[-99.170428,19.399787],[-99.174511,19.398537],[-99.175525,19.398091],[-99.175597,19.398331],[-99.175417,19.399033],[-99.173459,19.404207],[-99.171669,19.403632],[-99.171071,19.403494]]]}},{"type":"Feature","properties":{"cvegeo":"0901600011349","alcaldia":"Miguel Hidalgo","estaciones":["465"]},"geometry":{"type":"Polygon","coordinates":[[[-99.190564,19.451052],[-99.191043,19.449124],[-99.191788,19.444767],[-99.19388,19.445005],[-99.195986,19.445335],[-99.195891,19.445412],[-99.195503,19.446653],[-99.194516,19.450166],[-99.193965,19.451907],[-99.191831,19.451216],[-99.190564,19.451052]]]}}]}