day,arm,tag,block,H,L,lam,mu,tope_hora,tope_bodega,E,F,E_all,F_all,EF,trips_served,detours_dep,detours_arr,walk_m_dep,walk_m_arr,moves,stations_touched,A,R,rebalanced,warehouse,clipped,arrivals_unknown,detours_dep_far,dep_failed,arr_failed,n_orders,seconds,fallbacks,n_decisions,non_optimal,decision_s_mean,decision_s_max,moves_sin_undo
2025-09-03,baseline,arms,,,,,,,,52307,29199,53081,29199,81506,23299,4079,4263,2384843.3015912375,1655494.038390909,0,0,0,0,0,0,0,0,1792,0,0,0,0.35,,,,,,
2025-09-15,baseline,arms,,,,,,,,49135,19727,49135,19727,68862,14542,2097,1596,887461.5434024243,432140.92819212127,0,0,0,0,0,0,0,1,608,0,0,0,0.31,,,,,,
2025-09-26,baseline,arms,,,,,,,,63733,26672,64149,26672,90405,20981,3671,2809,1833294.393135716,908843.6736545236,0,0,0,0,0,0,0,1,1285,0,0,0,0.33,,,,,,
2025-09-28,baseline,arms,,,,,,,,39123,4395,39123,4395,43518,13168,1086,267,376159.44058832695,59346.85193251935,0,0,0,0,0,0,0,0,196,0,0,0,0.29,,,,,,
2025-10-07,baseline,arms,,,,,,,,68550,26368,68947,26368,94918,23492,4798,4011,2736697.3644229276,1402414.0580521408,0,0,0,0,0,0,0,0,2030,0,0,0,0.34,,,,,,
2025-10-11,baseline,arms,,,,,,,,11598,3933,11598,3933,15531,12498,192,124,47161.0184321368,29469.429121625868,0,0,0,0,0,0,0,0,0,0,0,0,0.29,,,,,,
2025-10-13,baseline,arms,,,,,,,,66439,26258,66439,26258,92697,21865,4249,3565,2206890.637849681,1253012.9018471858,0,0,0,0,0,0,0,0,1640,0,0,0,0.33,,,,,,
2025-10-15,baseline,arms,,,,,,,,66077,27070,66077,27070,93147,23288,4391,3885,2321445.631170107,1438544.590444354,0,0,0,0,0,0,0,0,1668,0,0,0,0.34,,,,,,
2025-10-22,baseline,arms,,,,,,,,65399,26703,65399,26703,92102,24533,4658,4136,2651197.8299173955,1471207.3803366744,0,0,0,0,0,0,0,0,1897,0,0,0,0.34,,,,,,
2025-10-25,baseline,arms,,,,,,,,25710,5071,26130,5491,30781,13467,216,61,55261.628576564966,13515.917519860115,0,0,0,0,0,0,0,0,8,0,0,0,0.29,,,,,,
2025-11-07,baseline,arms,,,,,,,,58848,17894,58848,17894,76742,21292,3703,2368,1819887.983497291,671458.2591432856,0,0,0,0,0,0,0,0,1351,0,0,0,0.32,,,,,,
2025-11-12,baseline,arms,,,,,,,,61932,24545,61932,24545,86477,22632,4220,3767,2346174.7611612757,1320789.358817902,0,0,0,0,0,0,0,0,1725,0,0,0,0.33,,,,,,
2025-11-15,baseline,arms,,,,,,,,17723,7815,17723,7815,25538,11983,438,319,113991.18843269456,78411.02888131245,0,0,0,0,0,0,0,0,4,0,0,0,0.28,,,,,,
2025-11-19,baseline,arms,,,,,,,,74780,23509,74780,23509,98289,22404,4839,3336,2732798.909811356,1100220.238802975,0,0,0,0,0,0,0,8,2020,0,0,0,0.33,,,,,,
2025-11-24,baseline,arms,,,,,,,,75511,21127,75511,21127,96638,19449,4184,2500,2366279.37873748,756000.3279402957,0,0,0,0,0,0,0,0,1732,0,0,0,0.32,,,,,,
2025-09-03,daily,arms,30.0,1.0,60.0,60.0,1.0,512.0,180.0,39365,19791,40122,19791,59156,23299,2598,2972,900210.0253409606,866094.8689410272,145,116,1397,1365,1365,32,40,0,476,0,0,146,5.65,0.0,24.0,0.0,0.221,0.302,
2025-09-15,daily,arms,30.0,1.0,60.0,60.0,1.0,512.0,180.0,39898,10873,39898,10873,50771,14542,1350,809,413794.7925499141,157743.56016250694,131,106,974,1000,974,-26,56,1,157,0,0,131,6.3,0.0,24.0,0.0,0.249,0.607,
2025-09-26,daily,arms,30.0,1.0,60.0,60.0,1.0,512.0,180.0,53995,19865,54411,19865,73860,20981,2765,1883,1066402.7538969852,507382.213481087,122,99,997,975,975,22,28,1,509,0,0,122,6.19,0.0,24.0,0.0,0.243,0.697,
2025-09-28,daily,arms,30.0,1.0,60.0,60.0,1.0,512.0,180.0,36861,3977,36861,3977,40838,13168,969,243,290626.21237345005,54771.63061193386,33,30,175,165,165,10,16,0,103,0,0,33,6.05,0.0,24.0,0.0,0.239,0.566,
2025-10-07,daily,arms,30.0,1.0,60.0,60.0,1.0,512.0,180.0,55338,15673,55735,15673,71011,23492,3375,2467,1422619.3732887022,647839.5656983005,179,139,1765,1717,1717,48,60,0,903,0,0,181,6.97,0.0,24.0,0.0,0.275,0.762,
2025-10-11,daily,arms,30.0,1.0,60.0,60.0,1.0,512.0,180.0,11490,3743,11490,3743,15233,12498,203,120,49169.35060957314,28651.84900347264,15,14,66,68,66,-2,2,0,0,0,0,15,5.21,0.0,24.0,0.0,0.204,0.342,
2025-10-13,daily,arms,30.0,1.0,60.0,60.0,1.0,512.0,180.0,50321,16972,50321,16972,67293,21865,2792,2383,1039475.8136311916,633819.5624973486,177,140,1548,1476,1476,72,78,0,589,0,0,179,6.97,0.0,24.0,0.0,0.276,0.71,
2025-10-15,daily,arms,30.0,1.0,60.0,60.0,1.0,512.0,180.0,46699,14750,46699,14750,61449,23288,2594,2156,976631.6594881688,565234.4022210666,207,167,1795,1760,1760,35,61,0,528,0,0,208,7.03,0.0,24.0,0.0,0.278,0.728,
2025-10-22,daily,arms,30.0,1.0,60.0,60.0,1.0,512.0,180.0,52092,18225,52092,18225,70317,24533,3270,2906,1339508.955877,811261.0899431915,145,113,1304,1279,1279,25,77,0,855,0,0,146,6.24,0.0,24.0,0.0,0.244,0.727,
2025-10-25,daily,arms,30.0,1.0,60.0,60.0,1.0,512.0,180.0,25009,4645,25429,5065,29654,13467,225,56,58897.70895173635,12325.044185546349,19,19,71,67,67,4,4,0,8,0,0,19,5.91,0.0,24.0,0.0,0.233,0.499,
2025-11-07,daily,arms,30.0,1.0,60.0,60.0,1.0,512.0,180.0,46032,10873,46032,10873,56905,21292,2457,1436,874524.66556663,306579.03430668375,133,109,1065,1043,1043,22,28,0,404,0,0,133,5.65,0.0,24.0,0.0,0.221,0.635,
2025-11-12,daily,arms,30.0,1.0,60.0,60.0,1.0,512.0,180.0,45411,14437,45411,14437,59848,22632,2781,2442,1001507.326329392,676151.7508321332,228,184,1938,1903,1903,35,75,0,496,0,0,230,5.9,0.0,24.0,0.0,0.231,0.659,
2025-11-15,daily,arms,30.0,1.0,60.0,60.0,1.0,512.0,180.0,16398,6683,16398,6683,23081,11983,406,218,101942.20871324973,51499.510366449416,26,25,86,88,86,-2,4,0,2,0,0,26,5.77,0.0,24.0,0.0,0.227,0.411,
2025-11-19,daily,arms,30.0,1.0,60.0,60.0,1.0,512.0,180.0,55809,13698,55809,13698,69507,22404,3095,2011,1148456.094749545,518659.8315355701,218,178,1678,1604,1604,74,98,8,662,0,0,220,6.28,0.0,24.0,0.0,0.247,0.39,
2025-11-24,daily,arms,30.0,1.0,60.0,60.0,1.0,512.0,180.0,57041,10276,57041,10276,67317,19449,2756,1262,1066024.1192582482,284587.3017587465,222,192,1680,1665,1665,15,29,0,660,0,0,223,6.37,0.0,24.0,0.0,0.251,0.7,
2025-09-03,daily,arms,30.0,2.0,60.0,60.0,1.0,512.0,180.0,14298,6701,14438,6701,20999,23299,1064,1052,266730.5259241969,226935.09500404852,652,430,3616,3502,3502,114,252,0,37,0,0,652,7.1,0.0,24.0,0.0,0.281,0.55,
2025-09-15,daily,arms,30.0,2.0,60.0,60.0,1.0,512.0,180.0,15891,4935,15891,4935,20826,14542,449,140,92580.86510646992,24574.60091549594,570,377,2144,1940,1940,204,186,1,0,0,0,570,6.41,0.0,24.0,0.0,0.253,0.45,
2025-09-26,daily,arms,30.0,2.0,60.0,60.0,1.0,512.0,180.0,26186,11011,26346,11011,37197,20981,1054,596,273435.84692869947,132558.2568064914,641,422,2690,2436,2436,254,162,1,41,0,0,642,8.17,0.0,24.0,0.0,0.326,0.605,
2025-09-28,daily,arms,30.0,2.0,60.0,60.0,1.0,512.0,180.0,17251,2559,17251,2559,19810,13168,511,81,111124.65950722776,19609.803322007076,338,248,798,661,661,137,32,0,9,0,0,338,6.95,0.0,24.0,0.0,0.276,0.545,
2025-10-07,daily,arms,30.0,2.0,60.0,60.0,1.0,512.0,180.0,19218,5553,19337,5553,24771,23492,1229,760,312692.81323956477,139960.34595554165,749,484,3335,3101,3101,234,219,0,81,0,0,749,8.36,0.0,24.0,0.0,0.334,0.523,
2025-10-11,daily,arms,30.0,2.0,60.0,60.0,1.0,512.0,180.0,6752,2501,6752,2501,9253,12498,209,65,45724.33755714728,13851.294279312076,160,134,526,481,481,45,38,0,0,0,0,160,6.24,0.0,24.0,0.0,0.247,0.516,
2025-10-13,daily,arms,30.0,2.0,60.0,60.0,1.0,512.0,180.0,19391,6794,19391,6794,26185,21865,1394,892,371609.5337480859,188187.17103602577,734,475,3165,2949,2949,216,130,0,125,0,0,734,7.67,0.0,24.0,0.0,0.304,0.516,
2025-10-15,daily,arms,30.0,2.0,60.0,60.0,1.0,512.0,180.0,18006,7395,18006,7395,25401,23288,1075,983,301115.52448802243,187850.48049282975,754,485,3614,3327,3327,287,256,0,100,0,0,754,7.79,0.0,24.0,0.0,0.31,0.682,
2025-10-22,daily,arms,30.0,2.0,60.0,60.0,1.0,512.0,180.0,19507,6805,19507,6805,26312,24533,1433,1028,448412.1781326893,209576.34531817544,760,467,3445,3222,3222,223,186,0,194,0,0,760,7.49,0.0,24.0,0.0,0.297,0.462,
2025-10-25,daily,arms,30.0,2.0,60.0,60.0,1.0,512.0,180.0,12461,3359,12881,3779,15820,13467,193,32,44759.84644899912,6544.9518172390235,280,232,658,586,586,72,41,0,0,0,0,280,5.79,0.0,24.0,0.0,0.228,0.459,
2025-11-07,daily,arms,30.0,2.0,60.0,60.0,1.0,512.0,180.0,18798,3687,18798,3687,22485,21292,1033,311,281414.54197426455,57279.40646533735,646,420,2636,2355,2355,281,199,0,82,0,0,647,8.28,0.0,24.0,0.0,0.33,0.546,
2025-11-12,daily,arms,30.0,2.0,60.0,60.0,1.0,512.0,180.0,20303,6553,20303,6553,26856,22632,1345,982,417364.0666949706,205692.280223798,711,438,3102,2826,2826,276,189,0,183,0,0,711,7.94,0.0,24.0,0.0,0.316,0.536,
2025-11-15,daily,arms,30.0,2.0,60.0,60.0,1.0,512.0,180.0,9073,4751,9073,4751,13824,11983,312,95,68564.20326110571,19772.715093658804,195,159,604,555,555,49,32,0,0,0,0,196,5.94,0.0,24.0,0.0,0.234,0.404,
2025-11-19,daily,arms,30.0,2.0,60.0,60.0,1.0,512.0,180.0,23500,6120,23500,6120,29620,22404,1470,790,413948.4433044495,156456.74830668105,748,464,3141,2798,2798,343,263,8,132,0,0,751,8.75,0.0,24.0,0.0,0.35,0.64,
2025-11-24,daily,arms,30.0,2.0,60.0,60.0,1.0,512.0,180.0,25554,4625,25554,4625,30179,19449,1399,485,437053.5703565676,87540.28895116414,773,486,3064,2682,2682,382,270,0,171,0,0,774,8.66,0.0,24.0,0.0,0.346,0.523,
2025-09-03,daily,arms,30.0,3.0,60.0,60.0,1.0,512.0,180.0,11186,5581,11306,5581,16767,23299,858,711,192540.54874131148,131898.85552163338,759,443,3468,3210,3210,258,330,0,30,0,0,759,9.12,0.0,24.0,0.0,0.365,0.603,
2025-09-15,daily,arms,30.0,3.0,60.0,60.0,1.0,512.0,180.0,14023,4000,14023,4000,18023,14542,482,84,94967.99822769492,15621.777122519645,661,386,2257,1961,1961,296,331,1,0,0,0,662,9.64,0.0,24.0,0.0,0.388,0.726,
2025-09-26,daily,arms,30.0,3.0,60.0,60.0,1.0,512.0,180.0,23296,9810,23456,9810,33106,20981,911,402,221286.21486172435,83928.30913619252,782,441,2832,2545,2545,287,204,1,37,0,0,782,9.95,0.0,24.0,0.0,0.399,0.718,
2025-09-28,daily,arms,30.0,3.0,60.0,60.0,1.0,512.0,180.0,16567,2266,16567,2266,18833,13168,574,76,117199.07472610558,18529.78831587307,377,262,814,674,674,140,40,0,3,0,0,377,7.27,0.0,24.0,0.0,0.29,0.732,
2025-10-07,daily,arms,30.0,3.0,60.0,60.0,1.0,512.0,180.0,16118,3489,16288,3489,19607,23492,1064,459,268843.03099421004,86148.5318934496,882,499,3423,3127,3127,296,286,0,85,0,0,882,10.56,0.0,24.0,0.0,0.425,1.194,
2025-10-11,daily,arms,30.0,3.0,60.0,60.0,1.0,512.0,180.0,5949,2415,5949,2415,8364,12498,176,50,35871.12231998635,10914.612657221702,188,140,583,510,510,73,25,0,0,0,0,188,7.34,0.0,24.0,0.0,0.292,0.677,
2025-10-13,daily,arms,30.0,3.0,60.0,60.0,1.0,512.0,180.0,15357,4908,15357,4908,20265,21865,1021,545,270368.2879604608,90842.0450638876,879,484,3273,2945,2945,328,232,0,86,0,0,882,9.63,0.0,24.0,0.0,0.386,0.754,
2025-10-15,daily,arms,30.0,3.0,60.0,60.0,1.0,512.0,180.0,14818,4885,14818,4885,19703,23288,871,549,236052.75318121543,95995.97893731018,911,504,3670,3332,3332,338,380,0,68,0,0,911,8.99,0.0,24.0,0.0,0.358,0.651,
2025-10-22,daily,arms,30.0,3.0,60.0,60.0,1.0,512.0,180.0,15334,4535,15334,4535,19869,24533,958,668,221871.6156506625,110828.28441178266,873,480,3562,3258,3258,304,272,0,17,0,0,873,9.71,0.0,24.0,0.0,0.389,0.666,
2025-10-25,daily,arms,30.0,3.0,60.0,60.0,1.0,512.0,180.0,11840,3103,12260,3523,14943,13467,209,27,46205.52289895802,6324.3878208084125,323,247,747,629,629,118,31,0,0,0,0,323,6.92,0.0,24.0,0.0,0.275,0.911,
2025-11-07,daily,arms,30.0,3.0,60.0,60.0,1.0,512.0,180.0,16450,2736,16450,2736,19186,21292,989,181,273908.5610818962,32402.322005966045,796,439,2917,2508,2508,409,273,0,91,0,0,796,10.66,0.0,24.0,0.0,0.43,0.71,
2025-11-12,daily,arms,30.0,3.0,60.0,60.0,1.0,512.0,180.0,17423,4629,17423,4629,22052,22632,1063,646,290420.84558555204,124338.86501758917,823,454,3319,2905,2905,414,344,0,71,0,0,825,10.1,0.0,24.0,0.0,0.406,0.703,
2025-11-15,daily,arms,30.0,3.0,60.0,60.0,1.0,512.0,180.0,8087,4814,8087,4814,12901,11983,258,110,55739.22991568193,23685.742824082976,224,177,616,549,549,67,27,0,0,0,0,225,7.57,0.0,24.0,0.0,0.302,0.678,
2025-11-19,daily,arms,30.0,3.0,60.0,60.0,1.0,512.0,180.0,21064,4026,21064,4026,25090,22404,1266,408,348389.7791411025,68524.49673034225,895,493,3366,2996,2996,370,298,8,134,0,0,901,9.9,0.0,24.0,0.0,0.398,0.72,
2025-11-24,daily,arms,30.0,3.0,60.0,60.0,1.0,512.0,180.0,22677,3319,22677,3319,25996,19449,1272,300,387478.2457516342,53989.23491337272,925,497,3297,2814,2814,483,379,0,177,0,0,926,11.68,0.0,24.0,0.0,0.471,0.78,
2025-09-03,daily,arms,60.0,1.0,60.0,60.0,1.0,512.0,180.0,39365,19791,40122,19791,59156,23299,2598,2972,900210.0253409606,866094.8689410272,145,116,1397,1365,1365,32,40,0,476,0,0,146,5.79,0.0,24.0,0.0,0.226,0.311,
2025-09-15,daily,arms,60.0,1.0,60.0,60.0,1.0,512.0,180.0,39898,10873,39898,10873,50771,14542,1350,809,413794.7925499141,157743.56016250694,131,106,974,1000,974,-26,56,1,157,0,0,131,6.36,0.0,24.0,0.0,0.251,0.604,
2025-09-26,daily,arms,60.0,1.0,60.0,60.0,1.0,512.0,180.0,53995,19865,54411,19865,73860,20981,2765,1883,1066402.7538969852,507382.213481087,122,99,997,975,975,22,28,1,509,0,0,122,6.27,0.0,24.0,0.0,0.246,0.719,
2025-09-28,daily,arms,60.0,1.0,60.0,60.0,1.0,512.0,180.0,36861,3977,36861,3977,40838,13168,969,243,290626.21237345005,54771.63061193386,33,30,175,165,165,10,16,0,103,0,0,33,6.07,0.0,24.0,0.0,0.24,0.57,
2025-10-07,daily,arms,60.0,1.0,60.0,60.0,1.0,512.0,180.0,55338,15673,55735,15673,71011,23492,3375,2467,1422619.3732887022,647839.5656983005,179,139,1765,1717,1717,48,60,0,903,0,0,181,7.12,0.0,24.0,0.0,0.282,0.75,
2025-10-11,daily,arms,60.0,1.0,60.0,60.0,1.0,512.0,180.0,11490,3743,11490,3743,15233,12498,203,120,49169.35060957314,28651.84900347264,15,14,66,68,66,-2,2,0,0,0,0,15,5.38,0.0,24.0,0.0,0.209,0.359,
2025-10-13,daily,arms,60.0,1.0,60.0,60.0,1.0,512.0,180.0,50321,16972,50321,16972,67293,21865,2792,2383,1039475.8136311916,633819.5624973486,177,140,1548,1476,1476,72,78,0,589,0,0,179,6.93,0.0,24.0,0.0,0.274,0.699,
2025-10-15,daily,arms,60.0,1.0,60.0,60.0,1.0,512.0,180.0,46699,14750,46699,14750,61449,23288,2594,2156,976631.6594881688,565234.4022210666,207,167,1795,1760,1760,35,61,0,528,0,0,208,6.98,0.0,24.0,0.0,0.276,0.716,
2025-10-22,daily,arms,60.0,1.0,60.0,60.0,1.0,512.0,180.0,52092,18225,52092,18225,70317,24533,3270,2906,1339508.955877,811261.0899431915,145,113,1304,1279,1279,25,77,0,855,0,0,146,6.24,0.0,24.0,0.0,0.245,0.711,
2025-10-25,daily,arms,60.0,1.0,60.0,60.0,1.0,512.0,180.0,25009,4645,25429,5065,29654,13467,225,56,58897.70895173635,12325.044185546349,19,19,71,67,67,4,4,0,8,0,0,19,5.84,0.0,24.0,0.0,0.23,0.484,
2025-11-07,daily,arms,60.0,1.0,60.0,60.0,1.0,512.0,180.0,46032,10873,46032,10873,56905,21292,2457,1436,874524.66556663,306579.03430668375,133,109,1065,1043,1043,22,28,0,404,0,0,133,5.5,0.0,24.0,0.0,0.214,0.623,
2025-11-12,daily,arms,60.0,1.0,60.0,60.0,1.0,512.0,180.0,45411,14437,45411,14437,59848,22632,2781,2442,1001507.326329392,676151.7508321332,228,184,1938,1903,1903,35,75,0,496,0,0,230,5.78,0.0,24.0,0.0,0.226,0.672,
2025-11-15,daily,arms,60.0,1.0,60.0,60.0,1.0,512.0,180.0,16398,6683,16398,6683,23081,11983,406,218,101942.20871324973,51499.510366449416,26,25,86,88,86,-2,4,0,2,0,0,26,5.78,0.0,24.0,0.0,0.228,0.415,
2025-11-19,daily,arms,60.0,1.0,60.0,60.0,1.0,512.0,180.0,55809,13698,55809,13698,69507,22404,3095,2011,1148456.094749545,518659.8315355701,218,178,1678,1604,1604,74,98,8,662,0,0,220,6.26,0.0,24.0,0.0,0.246,0.388,
2025-11-24,daily,arms,60.0,1.0,60.0,60.0,1.0,512.0,180.0,57041,10276,57041,10276,67317,19449,2756,1262,1066024.1192582482,284587.3017587465,222,192,1680,1665,1665,15,29,0,660,0,0,223,6.45,0.0,24.0,0.0,0.254,0.721,
2025-09-03,daily,arms,60.0,2.0,60.0,60.0,1.0,512.0,180.0,14298,6701,14438,6701,20999,23299,1064,1052,266730.5259241969,226935.09500404852,652,430,3616,3502,3502,114,252,0,37,0,0,652,7.3,0.0,24.0,0.0,0.289,0.547,
2025-09-15,daily,arms,60.0,2.0,60.0,60.0,1.0,512.0,180.0,15891,4935,15891,4935,20826,14542,449,140,92580.86510646992,24574.60091549594,570,377,2144,1940,1940,204,186,1,0,0,0,570,6.59,0.0,24.0,0.0,0.261,0.476,
2025-09-26,daily,arms,60.0,2.0,60.0,60.0,1.0,512.0,180.0,26186,11011,26346,11011,37197,20981,1054,596,273435.84692869947,132558.2568064914,641,422,2690,2436,2436,254,162,1,41,0,0,642,8.22,0.0,24.0,0.0,0.328,0.604,
2025-09-28,daily,arms,60.0,2.0,60.0,60.0,1.0,512.0,180.0,17251,2559,17251,2559,19810,13168,511,81,111124.65950722776,19609.803322007076,338,248,798,661,661,137,32,0,9,0,0,338,7.0,0.0,24.0,0.0,0.278,0.537,
2025-10-07,daily,arms,60.0,2.0,60.0,60.0,1.0,512.0,180.0,19218,5553,19337,5553,24771,23492,1229,760,312692.81323956477,139960.34595554165,749,484,3335,3101,3101,234,219,0,81,0,0,749,8.4,0.0,24.0,0.0,0.335,0.544,
2025-10-11,daily,arms,60.0,2.0,60.0,60.0,1.0,512.0,180.0,6752,2501,6752,2501,9253,12498,209,65,45724.33755714728,13851.294279312076,160,134,526,481,481,45,38,0,0,0,0,160,6.28,0.0,24.0,0.0,0.249,0.532,
2025-10-13,daily,arms,60.0,2.0,60.0,60.0,1.0,512.0,180.0,19391,6794,19391,6794,26185,21865,1394,892,371609.5337480859,188187.17103602577,734,475,3165,2949,2949,216,130,0,125,0,0,734,7.43,0.0,24.0,0.0,0.295,0.503,
2025-10-15,daily,arms,60.0,2.0,60.0,60.0,1.0,512.0,180.0,18006,7395,18006,7395,25401,23288,1075,983,301115.52448802243,187850.48049282975,754,485,3614,3327,3327,287,256,0,100,0,0,754,7.65,0.0,24.0,0.0,0.304,0.64,
2025-10-22,daily,arms,60.0,2.0,60.0,60.0,1.0,512.0,180.0,19507,6805,19507,6805,26312,24533,1433,1028,448412.1781326893,209576.34531817544,760,467,3445,3222,3222,223,186,0,194,0,0,760,7.37,0.0,24.0,0.0,0.292,0.446,
2025-10-25,daily,arms,60.0,2.0,60.0,60.0,1.0,512.0,180.0,12461,3359,12881,3779,15820,13467,193,32,44759.84644899912,6544.9518172390235,280,232,658,586,586,72,41,0,0,0,0,280,5.85,0.0,24.0,0.0,0.23,0.449,
2025-11-07,daily,arms,60.0,2.0,60.0,60.0,1.0,512.0,180.0,18798,3687,18798,3687,22485,21292,1033,311,281414.54197426455,57279.40646533735,646,420,2636,2355,2355,281,199,0,82,0,0,647,8.36,0.0,24.0,0.0,0.334,0.577,
2025-11-12,daily,arms,60.0,2.0,60.0,60.0,1.0,512.0,180.0,20303,6553,20303,6553,26856,22632,1345,982,417364.0666949706,205692.280223798,711,438,3102,2826,2826,276,189,0,183,0,0,711,8.01,0.0,24.0,0.0,0.319,0.539,
2025-11-15,daily,arms,60.0,2.0,60.0,60.0,1.0,512.0,180.0,9073,4751,9073,4751,13824,11983,312,95,68564.20326110571,19772.715093658804,195,159,604,555,555,49,32,0,0,0,0,196,5.92,0.0,24.0,0.0,0.233,0.384,
2025-11-19,daily,arms,60.0,2.0,60.0,60.0,1.0,512.0,180.0,23500,6120,23500,6120,29620,22404,1470,790,413948.4433044495,156456.74830668105,748,464,3141,2798,2798,343,263,8,132,0,0,751,8.77,0.0,24.0,0.0,0.35,0.634,
2025-11-24,daily,arms,60.0,2.0,60.0,60.0,1.0,512.0,180.0,25554,4625,25554,4625,30179,19449,1399,485,437053.5703565676,87540.28895116414,773,486,3064,2682,2682,382,270,0,171,0,0,774,8.61,0.0,24.0,0.0,0.344,0.529,
2025-09-03,daily,arms,60.0,3.0,60.0,60.0,1.0,512.0,180.0,11186,5581,11306,5581,16767,23299,858,711,192540.54874131148,131898.85552163338,759,443,3468,3210,3210,258,330,0,30,0,0,759,9.1,0.0,24.0,0.0,0.364,0.6,
2025-09-15,daily,arms,60.0,3.0,60.0,60.0,1.0,512.0,180.0,14023,4000,14023,4000,18023,14542,482,84,94967.99822769492,15621.777122519645,661,386,2257,1961,1961,296,331,1,0,0,0,662,9.43,0.0,24.0,0.0,0.379,0.705,
2025-09-26,daily,arms,60.0,3.0,60.0,60.0,1.0,512.0,180.0,23296,9810,23456,9810,33106,20981,911,402,221286.21486172435,83928.30913619252,782,441,2832,2545,2545,287,204,1,37,0,0,782,9.95,0.0,24.0,0.0,0.4,0.731,
2025-09-28,daily,arms,60.0,3.0,60.0,60.0,1.0,512.0,180.0,16567,2266,16567,2266,18833,13168,574,76,117199.07472610558,18529.78831587307,377,262,814,674,674,140,40,0,3,0,0,377,7.3,0.0,24.0,0.0,0.291,0.716,
2025-10-07,daily,arms,60.0,3.0,60.0,60.0,1.0,512.0,180.0,16118,3489,16288,3489,19607,23492,1064,459,268843.03099421004,86148.5318934496,882,499,3423,3127,3127,296,286,0,85,0,0,882,10.52,0.0,24.0,0.0,0.42,1.174,
2025-10-11,daily,arms,60.0,3.0,60.0,60.0,1.0,512.0,180.0,5949,2415,5949,2415,8364,12498,176,50,35871.12231998635,10914.612657221702,188,140,583,510,510,73,25,0,0,0,0,188,7.07,0.0,24.0,0.0,0.281,0.665,
2025-10-13,daily,arms,60.0,3.0,60.0,60.0,1.0,512.0,180.0,15357,4908,15357,4908,20265,21865,1021,545,270368.2879604608,90842.0450638876,879,484,3273,2945,2945,328,232,0,86,0,0,882,9.61,0.0,24.0,0.0,0.385,0.738,
2025-10-15,daily,arms,60.0,3.0,60.0,60.0,1.0,512.0,180.0,14818,4885,14818,4885,19703,23288,871,549,236052.75318121543,95995.97893731018,911,504,3670,3332,3332,338,380,0,68,0,0,911,8.87,0.0,24.0,0.0,0.355,0.651,
2025-10-22,daily,arms,60.0,3.0,60.0,60.0,1.0,512.0,180.0,15334,4535,15334,4535,19869,24533,958,668,221871.6156506625,110828.28441178266,873,480,3562,3258,3258,304,272,0,17,0,0,873,9.59,0.0,24.0,0.0,0.385,0.649,
2025-10-25,daily,arms,60.0,3.0,60.0,60.0,1.0,512.0,180.0,11840,3103,12260,3523,14943,13467,209,27,46205.52289895802,6324.3878208084125,323,247,747,629,629,118,31,0,0,0,0,323,6.86,0.0,24.0,0.0,0.272,0.899,
2025-11-07,daily,arms,60.0,3.0,60.0,60.0,1.0,512.0,180.0,16450,2736,16450,2736,19186,21292,989,181,273908.5610818962,32402.322005966045,796,439,2917,2508,2508,409,273,0,91,0,0,796,10.64,0.0,24.0,0.0,0.429,0.704,
2025-11-12,daily,arms,60.0,3.0,60.0,60.0,1.0,512.0,180.0,17423,4629,17423,4629,22052,22632,1063,646,290420.84558555204,124338.86501758917,823,454,3319,2905,2905,414,344,0,71,0,0,825,10.19,0.0,24.0,0.0,0.41,0.717,
2025-11-15,daily,arms,60.0,3.0,60.0,60.0,1.0,512.0,180.0,8087,4814,8087,4814,12901,11983,258,110,55739.22991568193,23685.742824082976,224,177,616,549,549,67,27,0,0,0,0,225,7.31,0.0,24.0,0.0,0.292,0.656,
2025-11-19,daily,arms,60.0,3.0,60.0,60.0,1.0,512.0,180.0,21064,4026,21064,4026,25090,22404,1266,408,348389.7791411025,68524.49673034225,895,493,3366,2996,2996,370,298,8,134,0,0,901,9.57,0.0,24.0,0.0,0.384,0.681,
2025-11-24,daily,arms,60.0,3.0,60.0,60.0,1.0,512.0,180.0,22677,3319,22677,3319,25996,19449,1272,300,387478.2457516342,53989.23491337272,925,497,3297,2814,2814,483,379,0,177,0,0,926,11.65,0.0,24.0,0.0,0.471,0.78,
2025-09-03,ecobici,arms,,,,,,,,16896,9120,17641,9120,26016,23299,38,58,7059.185514970857,11392.807174586957,2211,570,3703,3807,3703,-104,95,0,0,0,0,2235,0.35,,,,,,1311.0
2025-09-15,ecobici,arms,,,,,,,,28479,6882,28479,6882,35361,14542,129,51,30680.585140915064,9231.29965625289,1639,499,2606,2646,2606,-40,63,1,2,0,0,1655,0.32,,,,,,1036.0
2025-09-26,ecobici,arms,,,,,,,,35148,10012,35564,10012,45160,20981,128,69,34521.32784002832,15223.851075038609,2391,549,3665,3746,3665,-81,126,1,2,0,0,2425,0.33,,,,,,1334.0
2025-09-28,ecobici,arms,,,,,,,,27570,2836,27570,2836,30406,13168,89,8,21407.510890729227,1592.183529892446,1297,448,1325,1418,1325,-93,18,0,0,0,0,1310,0.3,,,,,,678.0
2025-10-07,ecobici,arms,,,,,,,,29557,5972,29954,5972,35529,23492,113,53,24114.897223588596,8874.946698684025,2425,578,3976,4076,3976,-100,139,0,0,0,0,2455,0.34,,,,,,1371.0
2025-10-11,ecobici,arms,,,,,,,,9419,3095,9419,3095,12514,12498,37,10,9264.96520772708,2090.2755579883874,1508,452,1091,1197,1091,-106,20,0,0,0,0,1523,0.3,,,,,,540.0
2025-10-13,ecobici,arms,,,,,,,,32614,7103,32614,7103,39717,21865,135,98,32417.230793799707,17866.159617809724,2016,545,3464,3580,3464,-116,132,0,0,0,0,2049,0.35,,,,,,1295.0
2025-10-15,ecobici,arms,,,,,,,,27580,7753,27580,7753,35333,23288,56,100,12472.595155182751,16840.11546212552,2324,563,3721,3848,3721,-127,141,0,0,0,0,2373,0.34,,,,,,1334.0
2025-10-22,ecobici,arms,,,,,,,,28752,8042,28752,8042,36794,24533,160,163,36542.70741595005,32387.983194972527,2326,583,3838,3897,3838,-59,169,0,1,0,0,2363,0.35,,,,,,1342.0
2025-10-25,ecobici,arms,,,,,,,,23091,5045,23511,5465,28136,13467,12,4,2269.4678273579907,836.2119095850954,1117,387,977,1001,977,-24,22,0,0,0,0,1132,0.31,,,,,,398.0
2025-11-07,ecobici,arms,,,,,,,,27650,3467,27650,3467,31117,21292,161,27,43844.42067832072,4100.739865027871,2263,565,3559,3639,3559,-80,128,0,0,0,0,2291,0.34,,,,,,1366.0
2025-11-12,ecobici,arms,,,,,,,,29399,6151,29399,6151,35550,22632,111,146,23407.544537013284,22827.06762387308,2899,629,4245,4381,4245,-136,185,0,0,0,0,2945,0.35,,,,,,1649.0
2025-11-15,ecobici,arms,,,,,,,,14727,6056,14727,6056,20783,11983,73,25,20089.545885014,5993.647039294095,1151,403,984,1108,984,-124,36,0,0,0,0,1171,0.31,,,,,,548.0
2025-11-19,ecobici,arms,,,,,,,,44056,7085,44056,7085,51141,22404,429,116,113175.86030511088,23169.94762128854,2806,620,3994,4129,3994,-135,233,8,19,0,0,2895,0.34,,,,,,1603.0
2025-11-24,ecobici,arms,,,,,,,,46369,4953,46369,4953,51322,19449,435,69,118255.67595451602,15472.146121936428,2252,578,3596,3861,3596,-265,213,0,17,0,0,2311,0.34,,,,,,1520.0
2025-09-03,ecobici_avail,arms,,,,,,,,31647,6859,32392,6859,38506,23299,78,64,16231.318301312807,11469.452739885872,2949,634,4346,4499,4346,-153,166,0,2,0,0,3017,0.36,,,,,,
2025-09-15,ecobici_avail,arms,,,,,,,,27208,6862,27208,6862,34070,14542,40,96,6813.128332414823,16993.094909681266,2216,628,3686,2730,2730,956,123,1,0,0,0,2256,0.32,,,,,,
2025-09-26,ecobici_avail,arms,,,,,,,,39290,9084,39706,9084,48374,20981,108,64,25908.5949830695,14077.679163974024,2634,615,4362,3730,3730,632,174,1,4,0,0,2689,0.35,,,,,,
2025-09-28,ecobici_avail,arms,,,,,,,,27779,2510,27779,2510,30289,13168,30,7,5720.651771356426,1503.6012784714635,1103,444,1174,1377,1174,-203,32,0,0,0,0,1119,0.32,,,,,,
2025-10-07,ecobici_avail,arms,,,,,,,,37748,5033,38145,5033,42781,23492,126,67,29921.024021859455,12409.15278076352,2447,600,4073,4103,4073,-30,171,0,5,0,0,2515,0.36,,,,,,
2025-10-11,ecobici_avail,arms,,,,,,,,11324,2642,11324,2642,13966,12498,31,12,7654.721799598632,2900.738159679418,1606,515,1033,1372,1033,-339,36,0,0,0,0,1624,0.31,,,,,,
2025-10-13,ecobici_avail,arms,,,,,,,,37943,5808,37943,5808,43751,21865,150,76,34844.19887241526,13116.377317929291,2253,606,3656,3672,3656,-16,170,0,1,0,0,2311,0.35,,,,,,
2025-10-15,ecobici_avail,arms,,,,,,,,37487,6008,37487,6008,43495,23288,95,71,22570.627799733997,11536.677084629857,2135,577,3511,3934,3511,-423,189,0,1,0,0,2220,0.36,,,,,,
2025-10-22,ecobici_avail,arms,,,,,,,,35098,6793,35098,6793,41891,24533,240,155,66415.16529128283,31008.20176842583,2443,623,3945,3974,3945,-29,192,0,11,0,0,2504,0.36,,,,,,
2025-10-25,ecobici_avail,arms,,,,,,,,25971,4337,26391,4757,30308,13467,17,9,3180.908168053236,1790.481298297761,935,406,789,1042,789,-253,34,0,0,0,0,959,0.32,,,,,,
2025-11-07,ecobici_avail,arms,,,,,,,,30187,3136,30187,3136,33323,21292,83,30,19474.71655063615,3735.8652636928286,2655,645,4195,3877,3877,318,137,0,0,0,0,2697,0.35,,,,,,
2025-11-12,ecobici_avail,arms,,,,,,,,36846,5025,36846,5025,41871,22632,140,136,31840.47901901161,20995.552483187355,3073,642,4386,4542,4386,-156,218,0,1,0,0,3145,0.36,,,,,,
2025-11-15,ecobici_avail,arms,,,,,,,,15777,5186,15777,5186,20963,11983,25,26,6462.047141211802,5774.907121172191,1003,418,816,1155,816,-339,68,0,0,0,0,1020,0.32,,,,,,
2025-11-19,ecobici_avail,arms,,,,,,,,42553,7374,42553,7374,49927,22404,225,190,60702.495919553054,41456.57363352478,3165,650,4470,4186,4186,284,351,8,13,0,0,3283,0.36,,,,,,
2025-11-24,ecobici_avail,arms,,,,,,,,43516,4705,43516,4705,48221,19449,145,108,43013.836081356945,23723.6808156655,3102,640,4776,4315,4315,461,314,0,10,0,0,3192,0.34,,,,,,
2025-09-03,ecobici_t1,arms,,,,,,,,19809,9690,20554,9690,29499,23299,400,487,81640.26982801958,113971.05376955502,2151,565,3588,3725,3588,-137,54,0,11,0,0,2169,0.34,,,,,,
2025-09-15,ecobici_t1,arms,,,,,,,,29916,6963,29916,6963,36879,14542,286,82,69264.89144397833,15894.595870633528,1591,490,2524,2632,2524,-108,21,1,4,0,0,1600,0.32,,,,,,
2025-09-26,ecobici_t1,arms,,,,,,,,35641,10904,36057,10904,46545,20981,410,170,109089.84389340668,36690.53784031687,2325,543,3621,3704,3621,-83,53,1,28,0,0,2352,0.34,,,,,,
2025-09-28,ecobici_t1,arms,,,,,,,,28301,2717,28301,2717,31018,13168,135,26,29746.40570600108,5516.57706613898,1249,439,1255,1370,1255,-115,11,0,0,0,0,1256,0.31,,,,,,
2025-10-07,ecobici_t1,arms,,,,,,,,33118,5963,33515,5963,39081,23492,695,272,199272.6785647922,57015.08555468751,2350,573,3825,4014,3825,-189,85,0,79,0,0,2376,0.35,,,,,,
2025-10-11,ecobici_t1,arms,,,,,,,,9590,3215,9590,3215,12805,12498,40,39,9455.513822422274,8668.819699174828,1474,448,1063,1155,1063,-92,7,0,0,0,0,1480,0.31,,,,,,
2025-10-13,ecobici_t1,arms,,,,,,,,35320,7640,35320,7640,42960,21865,591,310,123842.54152279063,68718.13655636099,1961,538,3361,3557,3361,-196,46,0,11,0,0,1981,0.33,,,,,,
2025-10-15,ecobici_t1,arms,,,,,,,,32379,8057,32379,8057,40436,23288,580,362,159805.34150924275,75444.34910807706,2265,560,3578,3795,3578,-217,87,0,61,0,0,2300,0.36,,,,,,
2025-10-22,ecobici_t1,arms,,,,,,,,31292,7607,31292,7607,38899,24533,692,428,219728.29753185596,98167.81702132957,2285,579,3739,3880,3739,-141,79,0,106,0,0,2304,0.34,,,,,,
2025-10-25,ecobici_t1,arms,,,,,,,,23648,5380,24068,5800,29028,13467,36,16,8712.818199649519,2928.816420435437,1077,383,956,954,954,2,2,0,0,0,0,1077,0.31,,,,,,
2025-11-07,ecobici_t1,arms,,,,,,,,30493,3408,30493,3408,33901,21292,461,118,125025.63660933536,21366.23823566673,2181,557,3422,3559,3422,-137,49,0,30,0,0,2200,0.33,,,,,,
2025-11-12,ecobici_t1,arms,,,,,,,,32165,5791,32165,5791,37956,22632,647,341,177059.63937323392,68784.20891511277,2830,620,4121,4325,4121,-204,94,0,66,0,0,2865,0.34,,,,,,
2025-11-15,ecobici_t1,arms,,,,,,,,15108,6108,15108,6108,21216,11983,109,70,29317.230486753324,17309.474246394424,1104,400,958,1055,958,-97,23,0,0,0,0,1114,0.31,,,,,,
2025-11-19,ecobici_t1,arms,,,,,,,,47374,6971,47374,6971,54345,22404,992,236,258944.46748194823,51960.972043108035,2708,617,3849,4095,3849,-246,93,8,66,0,0,2755,0.35,,,,,,
2025-11-24,ecobici_t1,arms,,,,,,,,49748,4439,49748,4439,54187,19449,803,133,206740.0527918134,26917.622703872363,2182,569,3466,3829,3466,-363,107,0,40,0,0,2230,0.33,,,,,,
2025-09-03,ma,arms,30.0,1.0,60.0,60.0,1.0,512.0,180.0,37067,17544,37758,17544,54611,23299,2302,2542,879015.631795471,676605.7070829811,179,145,1676,1658,1658,18,40,0,521,0,0,179,7.15,0.0,24.0,0.0,0.283,0.651,
2025-09-15,ma,arms,30.0,1.0,60.0,60.0,1.0,512.0,180.0,36815,9427,36815,9427,46242,14542,1277,613,376029.1303714093,108525.72911666744,140,120,913,919,913,-6,72,1,122,0,0,140,5.19,0.0,24.0,0.0,0.203,0.354,
2025-09-26,ma,arms,30.0,1.0,60.0,60.0,1.0,512.0,180.0,49893,18277,50053,18277,68170,20981,2367,1674,862925.8173124886,407257.92614865326,145,118,1142,1128,1128,14,22,1,433,0,0,147,5.93,0.0,24.0,0.0,0.232,0.348,
2025-09-28,ma,arms,30.0,1.0,60.0,60.0,1.0,512.0,180.0,36312,3648,36312,3648,39960,13168,942,189,276736.68702362454,41302.49243610237,36,34,212,197,197,15,33,0,98,0,0,36,6.6,0.0,24.0,0.0,0.262,0.51,
2025-10-07,ma,arms,30.0,1.0,60.0,60.0,1.0,512.0,180.0,53148,15580,53545,15580,68728,23492,3128,2344,1246155.670481352,584514.956605935,159,133,1518,1471,1471,47,67,0,794,0,0,161,7.01,0.0,24.0,0.0,0.277,0.664,
2025-10-11,ma,arms,30.0,1.0,60.0,60.0,1.0,512.0,180.0,10646,3393,10646,3393,14039,12498,171,80,39355.203549052145,16357.49449491128,26,23,116,113,113,3,7,0,0,0,0,26,5.4,0.0,24.0,0.0,0.211,0.36,
2025-10-13,ma,arms,30.0,1.0,60.0,60.0,1.0,512.0,180.0,43298,13553,43298,13553,56851,21865,2616,2065,955670.1946959012,554771.1039882385,343,300,1487,1445,1445,42,64,0,568,0,0,345,6.95,0.0,24.0,0.0,0.275,0.456,
2025-10-15,ma,arms,30.0,1.0,60.0,60.0,1.0,512.0,180.0,51028,18863,51028,18863,69891,23288,2609,2676,941429.4199396996,739492.9022853755,129,107,1232,1222,1222,10,12,0,448,0,0,129,7.48,0.0,24.0,0.0,0.296,0.657,
2025-10-22,ma,arms,30.0,1.0,60.0,60.0,1.0,512.0,180.0,49583,16676,49583,16676,66259,24533,2965,2587,1087368.5400753063,669371.0275880685,157,130,1428,1415,1415,13,29,0,625,0,0,157,7.27,0.0,24.0,0.0,0.288,0.662,
2025-10-25,ma,arms,30.0,1.0,60.0,60.0,1.0,512.0,180.0,24938,4463,25358,4883,29401,13467,226,50,54996.02802672883,10926.70919058614,28,28,110,110,110,0,0,0,5,0,0,28,6.17,0.0,24.0,0.0,0.244,0.455,
2025-11-07,ma,arms,30.0,1.0,60.0,60.0,1.0,512.0,180.0,44895,9317,44895,9317,54212,21292,2217,1154,777007.0244120834,243588.23278859185,123,104,1117,1070,1070,47,55,0,377,0,0,123,6.41,0.0,24.0,0.0,0.253,0.663,
2025-11-12,ma,arms,30.0,1.0,60.0,60.0,1.0,512.0,180.0,47824,14916,47824,14916,62740,22632,2791,2078,1044122.3369685108,545767.4212136635,170,132,1130,1097,1097,33,35,0,595,0,0,171,6.9,0.0,24.0,0.0,0.272,0.654,
2025-11-15,ma,arms,30.0,1.0,60.0,60.0,1.0,512.0,180.0,15634,6032,15634,6032,21666,11983,375,159,92195.71575125714,32946.554458209604,40,37,219,210,210,9,21,0,1,0,0,40,5.97,0.0,24.0,0.0,0.235,0.386,
2025-11-19,ma,arms,30.0,1.0,60.0,60.0,1.0,512.0,180.0,56940,13051,56940,13051,69991,22404,2914,1785,1040082.4310117854,404433.8879815439,164,136,1319,1301,1301,18,32,8,547,0,0,164,6.59,0.0,24.0,0.0,0.259,0.41,
2025-11-24,ma,arms,30.0,1.0,60.0,60.0,1.0,512.0,180.0,58604,10695,58604,10695,69299,19449,2746,1251,1026601.6762225666,257070.10397716856,157,138,1202,1174,1174,28,46,0,592,0,0,159,6.45,0.0,24.0,0.0,0.254,0.646,
2025-09-03,ma,arms,30.0,2.0,60.0,60.0,1.0,512.0,180.0,12537,5134,12677,5134,17671,23299,911,690,188387.01910199365,118564.6465406918,640,411,3148,2996,2996,152,163,0,5,0,0,640,7.38,0.0,24.0,0.0,0.292,0.475,
2025-09-15,ma,arms,30.0,2.0,60.0,60.0,1.0,512.0,180.0,14002,4395,14002,4395,18397,14542,505,158,103324.53666305612,28223.95721377529,505,369,2127,1740,1740,387,383,1,0,0,0,505,7.17,0.0,24.0,0.0,0.285,0.519,
2025-09-26,ma,arms,30.0,2.0,60.0,60.0,1.0,512.0,180.0,24487,10156,24647,10156,34643,20981,901,473,208187.94799406052,96922.20576587072,575,373,2430,2122,2122,308,190,1,25,0,0,578,7.2,0.0,24.0,0.0,0.285,0.484,
2025-09-28,ma,arms,30.0,2.0,60.0,60.0,1.0,512.0,180.0,16048,2199,16048,2199,18247,13168,535,60,103538.78251728046,13168.335041742135,365,261,883,740,740,143,37,0,0,0,0,365,7.86,0.0,24.0,0.0,0.314,0.656,
2025-10-07,ma,arms,30.0,2.0,60.0,60.0,1.0,512.0,180.0,18569,4996,18804,4996,23565,23492,1100,595,257910.4291183671,95358.53341436804,677,435,2895,2613,2613,282,175,0,68,0,0,677,7.86,0.0,24.0,0.0,0.313,0.485,
2025-10-11,ma,arms,30.0,2.0,60.0,60.0,1.0,512.0,180.0,5681,2328,5681,2328,8009,12498,125,56,29279.789923846613,11130.243927691556,158,133,458,364,364,94,14,0,0,0,0,158,6.42,0.0,24.0,0.0,0.254,0.429,
2025-10-13,ma,arms,30.0,2.0,60.0,60.0,1.0,512.0,180.0,17850,4827,17850,4827,22677,21865,1286,562,327685.2204865145,105623.84541799389,717,454,3136,2846,2846,290,200,0,80,0,0,717,8.23,0.0,24.0,0.0,0.328,0.567,
2025-10-15,ma,arms,30.0,2.0,60.0,60.0,1.0,512.0,180.0,16698,5566,16698,5566,22264,23288,850,615,215571.3162413279,115380.4820118195,681,440,3145,2864,2864,281,203,0,58,0,0,681,8.03,0.0,24.0,0.0,0.32,0.551,
2025-10-22,ma,arms,30.0,2.0,60.0,60.0,1.0,512.0,180.0,17566,5309,17566,5309,22875,24533,1029,705,241476.1749413721,142611.16064246843,663,430,3079,2806,2806,273,182,0,43,0,0,663,7.55,0.0,24.0,0.0,0.3,0.545,
2025-10-25,ma,arms,30.0,2.0,60.0,60.0,1.0,512.0,180.0,11300,3296,11720,3716,14596,13467,154,41,33809.87418468825,8791.831665406105,301,241,708,530,530,178,27,0,0,0,0,301,7.69,0.0,24.0,0.0,0.307,0.529,
2025-11-07,ma,arms,30.0,2.0,60.0,60.0,1.0,512.0,180.0,17486,3133,17486,3133,20619,21292,957,183,225861.36441183163,29790.59237887716,585,375,2376,1980,1980,396,263,0,25,0,0,585,8.48,0.0,24.0,0.0,0.339,0.567,
2025-11-12,ma,arms,30.0,2.0,60.0,60.0,1.0,512.0,180.0,19149,4731,19149,4731,23880,22632,1096,574,253235.63608995604,114261.56036768745,623,392,2832,2581,2581,251,110,0,29,0,0,624,7.96,0.0,24.0,0.0,0.317,0.592,
2025-11-15,ma,arms,30.0,2.0,60.0,60.0,1.0,512.0,180.0,8188,4549,8188,4549,12737,11983,260,92,53892.945656311145,18918.494259934745,235,194,733,656,656,77,35,0,0,0,0,235,7.49,0.0,24.0,0.0,0.299,0.602,
2025-11-19,ma,arms,30.0,2.0,60.0,60.0,1.0,512.0,180.0,22182,4573,22182,4573,26755,22404,1219,478,308519.92211331805,75601.66023119116,698,440,2987,2575,2575,412,310,8,70,0,0,701,7.97,0.0,24.0,0.0,0.317,0.596,
2025-11-24,ma,arms,30.0,2.0,60.0,60.0,1.0,512.0,180.0,25635,3294,25635,3294,28929,19449,1316,224,373835.993259219,46253.674940707206,735,451,2837,2435,2435,402,274,0,116,0,0,736,7.79,0.0,24.0,0.0,0.31,0.631,
2025-09-03,ma,arms,30.0,3.0,60.0,60.0,1.0,512.0,180.0,11503,4688,11623,4688,16191,23299,907,622,175406.31044595595,107766.35887875744,723,429,3267,2969,2969,298,230,0,27,0,0,724,7.86,0.0,24.0,0.0,0.312,0.633,
2025-09-15,ma,arms,30.0,3.0,60.0,60.0,1.0,512.0,180.0,13848,4028,13848,4028,17876,14542,540,108,128992.62841888166,21179.50819206755,582,385,2362,1857,1857,505,417,1,14,0,0,584,8.51,0.0,24.0,0.0,0.341,0.628,
2025-09-26,ma,arms,30.0,3.0,60.0,60.0,1.0,512.0,180.0,22750,9584,22910,9584,32334,20981,897,386,193029.09604246257,83202.96940365227,687,395,2679,2276,2276,403,275,1,14,0,0,693,8.65,0.0,24.0,0.0,0.345,0.628,
2025-09-28,ma,arms,30.0,3.0,60.0,60.0,1.0,512.0,180.0,13902,1893,13902,1893,15795,13168,441,56,81796.53967280223,12551.005569405655,408,277,971,792,792,179,35,0,0,0,0,408,8.29,0.0,24.0,0.0,0.332,0.859,
2025-10-07,ma,arms,30.0,3.0,60.0,60.0,1.0,512.0,180.0,16944,4175,17173,4175,21119,23492,1107,488,239457.80369162097,82127.47497771439,758,449,3072,2750,2750,322,242,0,55,0,0,759,7.91,0.0,24.0,0.0,0.315,0.554,
2025-10-11,ma,arms,30.0,3.0,60.0,60.0,1.0,512.0,180.0,5262,2300,5262,2300,7562,12498,128,48,28932.84817560063,8112.460879415721,187,145,545,458,458,87,16,0,0,0,0,187,8.27,0.0,24.0,0.0,0.332,0.606,
2025-10-13,ma,arms,30.0,3.0,60.0,60.0,1.0,512.0,180.0,16145,4709,16145,4709,20854,21865,1168,542,286447.520293754,99084.95073024598,819,463,3234,2897,2897,337,217,0,70,0,0,819,8.15,0.0,24.0,0.0,0.325,0.686,
2025-10-15,ma,arms,30.0,3.0,60.0,60.0,1.0,512.0,180.0,15797,4630,15797,4630,20427,23288,1015,517,239854.23054398072,95884.59078321463,772,451,3204,2878,2878,326,248,0,18,0,0,772,8.54,0.0,24.0,0.0,0.341,0.716,
2025-10-22,ma,arms,30.0,3.0,60.0,60.0,1.0,512.0,180.0,15727,4192,15727,4192,19919,24533,1121,499,254820.2853107365,77654.52540093637,754,439,3205,2874,2874,331,181,0,42,0,0,754,8.34,0.0,24.0,0.0,0.333,0.697,
2025-10-25,ma,arms,30.0,3.0,60.0,60.0,1.0,512.0,180.0,10147,2985,10567,3405,13132,13467,143,42,31042.8507526388,8971.22913080183,345,257,754,565,565,189,17,0,0,0,0,345,9.09,0.0,24.0,0.0,0.365,0.678,
2025-11-07,ma,arms,30.0,3.0,60.0,60.0,1.0,512.0,180.0,15705,2882,15705,2882,18587,21292,921,173,248042.15801258295,30045.79704988125,685,397,2478,1997,1997,481,389,0,73,0,0,685,9.04,0.0,24.0,0.0,0.362,0.74,
2025-11-12,ma,arms,30.0,3.0,60.0,60.0,1.0,512.0,180.0,17701,4401,17701,4401,22102,22632,1088,537,260129.16850169603,94645.749646071,710,417,2931,2596,2596,335,217,0,38,0,0,711,8.79,0.0,24.0,0.0,0.351,0.663,
2025-11-15,ma,arms,30.0,3.0,60.0,60.0,1.0,512.0,180.0,7392,4445,7392,4445,11837,11983,242,98,48557.67599240996,21703.31158935556,266,208,814,688,688,126,33,0,0,0,0,266,7.91,0.0,24.0,0.0,0.316,0.621,
2025-11-19,ma,arms,30.0,3.0,60.0,60.0,1.0,512.0,180.0,19927,4283,19927,4283,24210,22404,1132,398,297309.2916223913,62704.00770731285,814,458,3059,2661,2661,398,356,8,80,0,0,816,8.77,0.0,24.0,0.0,0.351,0.707,
2025-11-24,ma,arms,30.0,3.0,60.0,60.0,1.0,512.0,180.0,22429,3581,22429,3581,26010,19449,1247,244,301890.6417108876,51289.85412416263,849,476,3187,2718,2718,469,357,0,39,0,0,855,7.97,0.0,24.0,0.0,0.318,0.595,
2025-09-03,ma,arms,60.0,1.0,60.0,60.0,1.0,512.0,180.0,30171,15928,30845,15928,46099,23299,2015,2454,680359.0902645796,684415.0165353101,325,279,1514,1517,1514,-3,11,0,325,0,0,325,6.18,0.0,24.0,0.0,0.243,0.423,
2025-09-15,ma,arms,60.0,1.0,60.0,60.0,1.0,512.0,180.0,37725,9993,37725,9993,47718,14542,1163,690,330979.0175957311,127206.37160711216,128,101,963,993,963,-30,86,1,94,0,0,128,6.08,0.0,24.0,0.0,0.24,0.386,
2025-09-26,ma,arms,60.0,1.0,60.0,60.0,1.0,512.0,180.0,52346,18854,52762,18854,71200,20981,2597,1699,1000854.1764245862,416983.003902897,137,117,990,962,962,28,54,1,527,0,0,139,5.62,0.0,24.0,0.0,0.22,0.342,
2025-09-28,ma,arms,60.0,1.0,60.0,60.0,1.0,512.0,180.0,37278,3622,37278,3622,40900,13168,1019,216,351106.4499220073,48909.821460661056,32,29,132,126,126,6,8,0,180,0,0,32,6.21,0.0,24.0,0.0,0.245,0.674,
2025-10-07,ma,arms,60.0,1.0,60.0,60.0,1.0,512.0,180.0,53276,14824,53673,14824,68100,23492,3165,2379,1226373.68862367,580653.353912082,176,142,1524,1509,1509,15,39,0,725,0,0,177,7.58,0.0,24.0,0.0,0.301,0.701,
2025-10-11,ma,arms,60.0,1.0,60.0,60.0,1.0,512.0,180.0,11224,3505,11224,3505,14729,12498,184,94,43896.00074271366,20006.17624829343,16,15,76,76,76,0,4,0,0,0,0,16,5.37,0.0,24.0,0.0,0.211,0.438,
2025-10-13,ma,arms,60.0,1.0,60.0,60.0,1.0,512.0,180.0,49927,15290,49927,15290,65217,21865,2740,2069,908388.8546214534,495949.5749271679,188,145,1338,1325,1325,13,29,0,449,0,0,188,7.19,0.0,24.0,0.0,0.285,0.677,
2025-10-15,ma,arms,60.0,1.0,60.0,60.0,1.0,512.0,180.0,47734,16035,47734,16035,63769,23288,2571,2309,955240.8017717496,595738.1014026683,181,145,1417,1398,1398,19,47,0,500,0,0,183,6.88,0.0,24.0,0.0,0.272,0.618,
2025-10-22,ma,arms,60.0,1.0,60.0,60.0,1.0,512.0,180.0,46558,14484,46558,14484,61042,24533,2760,2386,995430.5348517132,601199.9544270574,164,139,1579,1559,1559,20,24,0,556,0,0,165,5.65,0.0,24.0,0.0,0.22,0.35,
2025-10-25,ma,arms,60.0,1.0,60.0,60.0,1.0,512.0,180.0,24234,4103,24654,4523,28337,13467,183,42,44220.276636564464,9285.873975955295,40,40,143,137,137,6,6,0,5,0,0,40,5.9,0.0,24.0,0.0,0.233,0.432,
2025-11-07,ma,arms,60.0,1.0,60.0,60.0,1.0,512.0,180.0,45075,9155,45075,9155,54230,21292,2284,1158,753095.8194226285,223854.41544982695,141,116,1156,1144,1144,12,30,0,279,0,0,141,5.36,0.0,24.0,0.0,0.208,0.319,
2025-11-12,ma,arms,60.0,1.0,60.0,60.0,1.0,512.0,180.0,45791,13794,45791,13794,59585,22632,2466,2219,841418.8612054,557263.018845997,153,125,1472,1463,1463,9,29,0,412,0,0,153,6.34,0.0,24.0,0.0,0.249,0.633,
2025-11-15,ma,arms,60.0,1.0,60.0,60.0,1.0,512.0,180.0,14353,6582,14353,6582,20935,11983,328,188,76923.00031918343,41354.640589920746,47,44,114,114,114,0,0,0,0,0,0,47,6.0,0.0,24.0,0.0,0.237,0.43,
2025-11-19,ma,arms,60.0,1.0,60.0,60.0,1.0,512.0,180.0,53477,12432,53477,12432,65909,22404,2805,1834,1043547.3149909672,455374.7399765052,213,168,1222,1156,1156,66,78,8,587,0,0,215,6.29,0.0,24.0,0.0,0.247,0.611,
2025-11-24,ma,arms,60.0,1.0,60.0,60.0,1.0,512.0,180.0,59771,11960,59771,11960,71731,19449,2711,1447,1046308.3732743724,317590.68891674845,176,140,1203,1182,1182,21,39,0,591,0,0,177,5.85,0.0,24.0,0.0,0.229,0.389,
2025-09-03,ma,arms,60.0,2.0,60.0,60.0,1.0,512.0,180.0,13196,5506,13344,5506,18702,23299,946,736,218074.5376962399,124633.88118546752,655,422,3317,3175,3175,142,180,0,32,0,0,655,7.82,0.0,24.0,0.0,0.311,0.733,
2025-09-15,ma,arms,60.0,2.0,60.0,60.0,1.0,512.0,180.0,14222,4274,14222,4274,18496,14542,476,149,92502.09450935687,25541.458119694245,507,370,2124,1754,1754,370,355,1,0,0,0,508,7.4,0.0,24.0,0.0,0.295,0.507,
2025-09-26,ma,arms,60.0,2.0,60.0,60.0,1.0,512.0,180.0,25048,10260,25208,10260,35308,20981,914,508,220660.51711079737,102851.40066241684,591,384,2381,2119,2119,262,124,1,33,0,0,593,7.42,0.0,24.0,0.0,0.295,0.458,
2025-09-28,ma,arms,60.0,2.0,60.0,60.0,1.0,512.0,180.0,15651,1957,15651,1957,17608,13168,435,59,93015.9532614885,13339.894244358513,366,261,902,738,738,164,36,0,4,0,0,366,7.11,0.0,24.0,0.0,0.283,0.678,
2025-10-07,ma,arms,60.0,2.0,60.0,60.0,1.0,512.0,180.0,18232,4941,18470,4941,23173,23492,1117,629,262812.10620630044,102112.41899766056,724,448,3214,2906,2906,308,252,0,79,0,0,724,8.64,0.0,24.0,0.0,0.345,0.576,
2025-10-11,ma,arms,60.0,2.0,60.0,60.0,1.0,512.0,180.0,5827,2450,5827,2450,8277,12498,133,63,30095.017240728437,13962.940191992138,174,139,570,490,490,80,24,0,0,0,0,174,6.65,0.0,24.0,0.0,0.264,0.484,
2025-10-13,ma,arms,60.0,2.0,60.0,60.0,1.0,512.0,180.0,16892,4887,16892,4887,21779,21865,1194,518,298378.0733700651,91122.8225368666,714,462,3153,2862,2862,291,215,0,65,0,0,714,7.81,0.0,24.0,0.0,0.311,0.601,
2025-10-15,ma,arms,60.0,2.0,60.0,60.0,1.0,512.0,180.0,16266,5312,16266,5312,21578,23288,775,598,195916.2333710077,104304.16002941607,711,462,3075,2788,2788,287,180,0,57,0,0,711,8.15,0.0,24.0,0.0,0.324,0.646,
2025-10-22,ma,arms,60.0,2.0,60.0,60.0,1.0,512.0,180.0,17078,4683,17078,4683,21761,24533,1038,648,247756.66481173583,112713.19083769346,684,435,3212,2972,2972,240,175,0,39,0,0,684,7.44,0.0,24.0,0.0,0.295,0.633,
2025-10-25,ma,arms,60.0,2.0,60.0,60.0,1.0,512.0,180.0,11632,3272,12052,3692,14904,13467,184,39,39593.960487959914,9069.230652510818,309,245,795,642,642,153,25,0,0,0,0,309,7.52,0.0,24.0,0.0,0.3,0.49,
2025-11-07,ma,arms,60.0,2.0,60.0,60.0,1.0,512.0,180.0,16730,2952,16730,2952,19682,21292,813,175,189532.97694102913,28339.436403745334,598,392,2434,2040,2040,394,275,0,11,0,0,599,8.37,0.0,24.0,0.0,0.334,0.593,
2025-11-12,ma,arms,60.0,2.0,60.0,60.0,1.0,512.0,180.0,18701,5102,18701,5102,23803,22632,1084,649,255038.33635011283,125000.39219112588,646,401,2820,2573,2573,247,132,0,46,0,0,646,7.84,0.0,24.0,0.0,0.312,0.557,
2025-11-15,ma,arms,60.0,2.0,60.0,60.0,1.0,512.0,180.0,8078,4292,8078,4292,12370,11983,271,83,57085.005592758345,17412.511959028987,264,201,774,733,733,41,40,0,0,0,0,264,6.93,0.0,24.0,0.0,0.276,0.533,
2025-11-19,ma,arms,60.0,2.0,60.0,60.0,1.0,512.0,180.0,21406,4639,21406,4639,26045,22404,1161,472,284980.1308929486,77040.11983230984,722,464,2916,2539,2539,377,263,8,60,0,0,724,8.23,0.0,24.0,0.0,0.328,0.659,
2025-11-24,ma,arms,60.0,2.0,60.0,60.0,1.0,512.0,180.0,23955,3654,23955,3654,27609,19449,1261,240,329345.90446038486,46607.39024058399,757,467,3066,2655,2655,411,279,0,75,0,0,758,8.39,0.0,24.0,0.0,0.335,0.626,
2025-09-03,ma,arms,60.0,3.0,60.0,60.0,1.0,512.0,180.0,11325,5119,11445,5119,16444,23299,837,654,167055.28912583482,121456.87678253706,770,441,3442,3160,3160,282,244,0,2,0,0,770,7.77,0.0,24.0,0.0,0.309,0.556,
2025-09-15,ma,arms,60.0,3.0,60.0,60.0,1.0,512.0,180.0,14016,3965,14016,3965,17981,14542,565,106,128332.99535669046,18761.69990372357,594,388,2367,1885,1885,482,412,1,1,0,0,597,8.54,0.0,24.0,0.0,0.342,0.739,
2025-09-26,ma,arms,60.0,3.0,60.0,60.0,1.0,512.0,180.0,22048,9765,22208,9765,31813,20981,687,368,132355.14761215245,80314.9550702413,705,401,2802,2389,2389,413,287,1,4,0,0,712,9.36,0.0,24.0,0.0,0.375,0.771,
2025-09-28,ma,arms,60.0,3.0,60.0,60.0,1.0,512.0,180.0,14015,1588,14015,1588,15603,13168,376,46,75481.03126188903,10323.317163901227,422,279,972,813,813,159,42,0,0,0,0,422,9.63,0.0,24.0,0.0,0.388,0.802,
2025-10-07,ma,arms,60.0,3.0,60.0,60.0,1.0,512.0,180.0,16181,3824,16335,3824,20005,23492,1081,436,235493.506084434,75977.61831381248,792,454,3065,2703,2703,362,250,0,54,0,0,793,8.21,0.0,24.0,0.0,0.327,0.61,
2025-10-11,ma,arms,60.0,3.0,60.0,60.0,1.0,512.0,180.0,5156,2108,5156,2108,7264,12498,128,49,27611.567502224785,8947.79849835701,204,152,569,510,510,59,20,0,0,0,0,204,7.49,0.0,24.0,0.0,0.299,0.57,
2025-10-13,ma,arms,60.0,3.0,60.0,60.0,1.0,512.0,180.0,16188,4404,16188,4404,20592,21865,1252,501,301211.884293599,90979.21013848888,830,467,3335,3028,3028,307,257,0,71,0,0,830,8.15,0.0,24.0,0.0,0.325,0.778,
2025-10-15,ma,arms,60.0,3.0,60.0,60.0,1.0,512.0,180.0,15197,4802,15197,4802,19999,23288,1067,495,247110.7735839822,91506.50872850372,808,469,3313,2962,2962,351,257,0,31,0,0,808,7.53,0.0,24.0,0.0,0.299,0.637,
2025-10-22,ma,arms,60.0,3.0,60.0,60.0,1.0,512.0,180.0,14683,4373,14683,4373,19056,24533,1009,515,213284.08216080136,92078.30328697266,779,447,3211,2861,2861,350,236,0,33,0,0,779,8.23,0.0,24.0,0.0,0.328,0.615,
2025-10-25,ma,arms,60.0,3.0,60.0,60.0,1.0,512.0,180.0,10315,3074,10735,3494,13389,13467,180,38,38310.59902429195,8708.44303455304,355,261,849,650,650,199,30,0,0,0,0,355,8.88,0.0,24.0,0.0,0.357,0.686,
2025-11-07,ma,arms,60.0,3.0,60.0,60.0,1.0,512.0,180.0,15836,2675,15836,2675,18511,21292,1006,126,281516.55406913004,22110.59451364539,693,405,2543,2065,2065,478,366,0,99,0,0,693,9.09,0.0,24.0,0.0,0.364,0.647,
2025-11-12,ma,arms,60.0,3.0,60.0,60.0,1.0,512.0,180.0,16463,4234,16463,4234,20697,22632,1061,522,262866.96708059736,95238.55904977908,728,420,2921,2590,2590,331,207,0,53,0,0,729,8.75,0.0,24.0,0.0,0.35,0.619,
2025-11-15,ma,arms,60.0,3.0,60.0,60.0,1.0,512.0,180.0,7314,4017,7314,4017,11331,11983,261,78,53829.17365180228,17018.183319129064,289,211,820,692,692,128,44,0,0,0,0,289,8.05,0.0,24.0,0.0,0.322,0.628,
2025-11-19,ma,arms,60.0,3.0,60.0,60.0,1.0,512.0,180.0,19850,3773,19850,3773,23623,22404,1234,305,341766.70213645697,48596.368029093086,851,475,3161,2715,2715,446,374,8,117,0,0,854,8.0,0.0,24.0,0.0,0.319,0.577,
2025-11-24,ma,arms,60.0,3.0,60.0,60.0,1.0,512.0,180.0,22396,3629,22396,3629,26025,19449,1341,239,341012.4962094147,48542.82723328187,865,480,3156,2648,2648,508,414,0,62,0,0,871,8.78,0.0,24.0,0.0,0.352,0.647,
2025-09-03,model,arms,30.0,1.0,60.0,60.0,1.0,512.0,180.0,37370,17954,37817,17954,55324,23299,2374,2624,835591.0188259364,725071.2486370379,169,139,1474,1455,1455,19,39,0,485,0,0,169,7.12,0.0,24.0,0.0,0.282,0.691,
2025-09-15,model,arms,30.0,1.0,60.0,60.0,1.0,512.0,180.0,38942,9400,38942,9400,48342,14542,1227,578,361336.0192996438,97322.7350715833,129,106,998,1021,998,-23,81,1,109,0,0,129,5.31,0.0,24.0,0.0,0.208,0.293,
2025-09-26,model,arms,30.0,1.0,60.0,60.0,1.0,512.0,180.0,52158,19108,52574,19108,71266,20981,2470,1710,878410.0416378115,428653.5350552214,143,122,1094,1084,1084,10,26,1,393,0,0,144,5.28,0.0,24.0,0.0,0.205,0.316,
2025-09-28,model,arms,30.0,1.0,60.0,60.0,1.0,512.0,180.0,33977,3827,33977,3827,37804,13168,847,236,255776.84585771564,51747.10573003886,51,46,201,200,200,1,11,0,89,0,0,51,6.52,0.0,24.0,0.0,0.257,0.585,
2025-10-07,model,arms,30.0,1.0,60.0,60.0,1.0,512.0,180.0,50955,16341,51352,16341,67296,23492,2892,2593,1050600.5704126195,668343.2508587947,158,129,1383,1318,1318,65,73,0,598,0,0,160,6.32,0.0,24.0,0.0,0.248,0.383,
2025-10-11,model,arms,30.0,1.0,60.0,60.0,1.0,512.0,180.0,11135,3702,11135,3702,14837,12498,189,92,45006.50664326507,19654.804636145444,11,10,59,61,59,-2,4,0,0,0,0,11,5.09,0.0,24.0,0.0,0.199,0.325,
2025-10-13,model,arms,30.0,1.0,60.0,60.0,1.0,512.0,180.0,49752,15234,49752,15234,64986,21865,2839,2132,1004297.133702094,521773.800317256,174,145,1453,1426,1426,27,61,0,522,0,0,174,7.48,0.0,24.0,0.0,0.297,0.671,
2025-10-15,model,arms,30.0,1.0,60.0,60.0,1.0,512.0,180.0,49674,15955,49674,15955,65629,23288,2827,2189,985713.5367241076,567980.9637490679,178,150,1430,1418,1418,12,32,0,447,0,0,178,6.76,0.0,24.0,0.0,0.267,0.643,
2025-10-22,model,arms,30.0,1.0,60.0,60.0,1.0,512.0,180.0,49804,16658,49804,16658,66462,24533,2986,2656,1225050.1100181174,713651.7077562105,144,129,1396,1366,1366,30,42,0,778,0,0,145,6.4,0.0,24.0,0.0,0.251,0.635,
2025-10-25,model,arms,30.0,1.0,60.0,60.0,1.0,512.0,180.0,24739,4459,25159,4879,29198,13467,208,49,54330.82631679526,10763.065751499713,29,29,98,99,98,-1,1,0,5,0,0,29,6.21,0.0,24.0,0.0,0.245,0.476,
2025-11-07,model,arms,30.0,1.0,60.0,60.0,1.0,512.0,180.0,46757,9558,46757,9558,56315,21292,2376,1170,875590.5286459608,235035.19163514776,126,97,1067,1062,1062,5,27,0,456,0,0,126,5.68,0.0,24.0,0.0,0.222,0.408,
2025-11-12,model,arms,30.0,1.0,60.0,60.0,1.0,512.0,180.0,48534,15151,48534,15151,63685,22632,2913,2366,1142656.3641847535,661489.6954521937,162,132,1093,1040,1040,53,65,0,697,0,0,166,6.8,0.0,24.0,0.0,0.269,0.645,
2025-11-15,model,arms,30.0,1.0,60.0,60.0,1.0,512.0,180.0,14476,6501,14476,6501,20977,11983,366,229,88927.52056491184,53232.34170711761,38,38,97,97,97,0,0,0,1,0,0,38,5.46,0.0,24.0,0.0,0.214,0.412,
2025-11-19,model,arms,30.0,1.0,60.0,60.0,1.0,512.0,180.0,56112,13115,56112,13115,69227,22404,2896,1922,1013017.2486634124,457643.7303621104,183,150,1287,1267,1267,20,50,8,491,0,0,184,7.15,0.0,24.0,0.0,0.282,0.653,
2025-11-24,model,arms,30.0,1.0,60.0,60.0,1.0,512.0,180.0,63154,12597,63154,12597,75751,19449,2939,1516,1250255.7728059792,332905.28115403553,132,118,1027,1002,1002,25,39,0,813,0,0,133,6.57,0.0,24.0,0.0,0.259,0.65,
2025-09-03,model,arms,30.0,2.0,60.0,60.0,1.0,512.0,180.0,12659,5256,12806,5256,17915,23299,953,727,211063.36500125495,129615.09271109484,652,415,3352,3154,3154,198,197,0,30,0,0,652,7.07,0.0,24.0,0.0,0.279,0.428,
2025-09-15,model,arms,30.0,2.0,60.0,60.0,1.0,512.0,180.0,14729,4430,14729,4430,19159,14542,523,185,105612.28582302346,31021.02644702794,516,365,2065,1737,1737,328,292,1,1,0,0,517,6.7,0.0,24.0,0.0,0.266,0.438,
2025-09-26,model,arms,30.0,2.0,60.0,60.0,1.0,512.0,180.0,26400,10400,26560,10400,36800,20981,990,535,222556.59072355565,108293.23842260004,597,379,2461,2196,2196,265,125,1,15,0,0,600,6.83,0.0,24.0,0.0,0.27,0.456,
2025-09-28,model,arms,30.0,2.0,60.0,60.0,1.0,512.0,180.0,13707,2039,13707,2039,15746,13168,339,74,79430.37824198889,14919.658152019483,389,274,919,719,719,200,51,0,6,0,0,390,6.99,0.0,24.0,0.0,0.278,0.56,
2025-10-07,model,arms,30.0,2.0,60.0,60.0,1.0,512.0,180.0,17132,4744,17348,4744,21876,23492,1024,555,232543.34378953668,94966.13444544649,718,453,3132,2839,2839,293,260,0,56,0,0,720,8.26,0.0,24.0,0.0,0.329,0.551,
2025-10-11,model,arms,30.0,2.0,60.0,60.0,1.0,512.0,180.0,5956,2313,5956,2313,8269,12498,150,55,32468.089746327503,11154.020605704223,172,140,620,555,555,65,29,0,0,0,0,172,6.97,0.0,24.0,0.0,0.277,0.484,
2025-10-13,model,arms,30.0,2.0,60.0,60.0,1.0,512.0,180.0,17623,5523,17623,5523,23146,21865,1309,634,310685.5826065858,119474.75939357656,721,458,3025,2779,2779,246,142,0,60,0,0,721,7.7,0.0,24.0,0.0,0.306,0.5,
2025-10-15,model,arms,30.0,2.0,60.0,60.0,1.0,512.0,180.0,16646,5182,16646,5182,21828,23288,780,583,177860.8330887689,98484.52250464368,712,456,3174,2889,2889,285,219,0,14,0,0,712,7.48,0.0,24.0,0.0,0.297,0.639,
2025-10-22,model,arms,30.0,2.0,60.0,60.0,1.0,512.0,180.0,17330,4834,17330,4834,22164,24533,1055,666,245225.71875333204,125395.31483218964,686,437,3121,2828,2828,293,188,0,31,0,0,686,7.0,0.0,24.0,0.0,0.277,0.51,
2025-10-25,model,arms,30.0,2.0,60.0,60.0,1.0,512.0,180.0,11909,3480,12329,3900,15389,13467,176,38,38459.911884020265,7781.326308635868,292,234,761,624,624,137,24,0,0,0,0,292,6.84,0.0,24.0,0.0,0.271,0.475,
2025-11-07,model,arms,30.0,2.0,60.0,60.0,1.0,512.0,180.0,18657,3289,18657,3289,21946,21292,955,245,252966.5286426209,42448.42379957449,584,384,2299,2008,2008,291,135,0,43,0,0,584,7.74,0.0,24.0,0.0,0.308,0.553,
2025-11-12,model,arms,30.0,2.0,60.0,60.0,1.0,512.0,180.0,18504,4790,18504,4790,23294,22632,1123,570,292149.3422191798,98505.28494435149,642,398,2801,2484,2484,317,181,0,89,0,0,643,8.04,0.0,24.0,0.0,0.32,0.685,
2025-11-15,model,arms,30.0,2.0,60.0,60.0,1.0,512.0,180.0,8461,4382,8461,4382,12843,11983,257,84,56291.73451427801,16267.741764434424,228,180,715,671,671,44,35,0,0,0,0,229,7.03,0.0,24.0,0.0,0.28,0.536,
2025-11-19,model,arms,30.0,2.0,60.0,60.0,1.0,512.0,180.0,21867,4527,21867,4527,26394,22404,1306,460,361528.9602756015,81651.71630246923,716,449,3000,2586,2586,414,306,8,118,0,0,718,7.52,0.0,24.0,0.0,0.299,0.654,
2025-11-24,model,arms,30.0,2.0,60.0,60.0,1.0,512.0,180.0,25559,4312,25559,4312,29871,19449,1432,381,425314.6711040898,68577.12669026156,738,470,2715,2388,2388,327,177,0,149,0,0,739,7.8,0.0,24.0,0.0,0.31,0.518,
2025-09-03,model,arms,30.0,3.0,60.0,60.0,1.0,512.0,180.0,11210,4965,11330,4965,16175,23299,842,649,173635.41543132934,115958.8522196335,769,434,3486,3155,3155,331,311,0,10,0,0,769,8.31,0.0,24.0,0.0,0.332,0.62,
2025-09-15,model,arms,30.0,3.0,60.0,60.0,1.0,512.0,180.0,13172,4290,13172,4290,17462,14542,449,133,88636.01784646334,24236.949277564858,585,377,2080,1653,1653,427,359,1,1,0,0,587,8.11,0.0,24.0,0.0,0.324,0.7,
2025-09-26,model,arms,30.0,3.0,60.0,60.0,1.0,512.0,180.0,24026,10308,24186,10308,34334,20981,816,410,154377.85939765538,91399.80578934368,696,391,2666,2317,2317,349,243,1,4,0,0,702,9.23,0.0,24.0,0.0,0.37,0.887,
2025-09-28,model,arms,30.0,3.0,60.0,60.0,1.0,512.0,180.0,11230,1901,11230,1901,13131,13168,272,43,62136.21705982987,9312.741030082248,444,291,986,780,780,206,35,0,2,0,0,444,10.84,0.0,24.0,0.0,0.438,0.761,
2025-10-07,model,arms,30.0,3.0,60.0,60.0,1.0,512.0,180.0,15993,3679,16246,3679,19672,23492,1057,476,218713.6411154933,80673.41289894086,806,466,3181,2812,2812,369,269,0,13,0,0,808,8.57,0.0,24.0,0.0,0.342,0.66,
2025-10-11,model,arms,30.0,3.0,60.0,60.0,1.0,512.0,180.0,5229,2276,5229,2276,7505,12498,133,59,28818.015504937823,11654.095571742024,202,150,612,550,550,62,33,0,0,0,0,202,8.18,0.0,24.0,0.0,0.327,0.636,
2025-10-13,model,arms,30.0,3.0,60.0,60.0,1.0,512.0,180.0,16267,4955,16267,4955,21222,21865,1289,555,295794.24338956876,95850.5599901154,821,458,3097,2808,2808,289,163,0,43,0,0,821,8.7,0.0,24.0,0.0,0.348,0.719,
2025-10-15,model,arms,30.0,3.0,60.0,60.0,1.0,512.0,180.0,15152,4379,15152,4379,19531,23288,1073,543,236938.01168384356,100820.331937946,814,467,3248,2910,2910,338,252,0,24,0,0,814,7.76,0.0,24.0,0.0,0.308,0.611,
2025-10-22,model,arms,30.0,3.0,60.0,60.0,1.0,512.0,180.0,15157,4092,15157,4092,19249,24533,960,492,210306.5772015663,78195.92483669934,790,452,3245,2898,2898,347,291,0,20,0,0,791,7.96,0.0,24.0,0.0,0.317,0.596,
2025-10-25,model,arms,30.0,3.0,60.0,60.0,1.0,512.0,180.0,10505,2890,10925,3310,13395,13467,167,35,35276.8624043033,7820.443774015983,332,249,742,561,561,181,21,0,0,0,0,332,8.69,0.0,24.0,0.0,0.348,0.664,
2025-11-07,model,arms,30.0,3.0,60.0,60.0,1.0,512.0,180.0,16529,3020,16529,3020,19549,21292,1006,214,266683.64078934403,36399.880003047074,692,398,2401,2030,2030,371,257,0,72,0,0,692,8.51,0.0,24.0,0.0,0.34,0.603,
2025-11-12,model,arms,30.0,3.0,60.0,60.0,1.0,512.0,180.0,16589,4143,16589,4143,20732,22632,1076,387,273185.3468377968,62088.83522634505,730,417,2961,2575,2575,386,262,0,61,0,0,732,8.99,0.0,24.0,0.0,0.359,0.721,
2025-11-15,model,arms,30.0,3.0,60.0,60.0,1.0,512.0,180.0,7370,4255,7370,4255,11625,11983,233,82,50968.9967618291,17170.69373149701,268,193,764,658,658,106,38,0,0,0,0,268,8.87,0.0,24.0,0.0,0.356,0.664,
2025-11-19,model,arms,30.0,3.0,60.0,60.0,1.0,512.0,180.0,19978,4131,19978,4131,24109,22404,1292,357,358631.8778957925,54731.780356791714,850,467,3124,2650,2650,474,416,8,129,0,0,854,8.58,0.0,24.0,0.0,0.343,0.709,
2025-11-24,model,arms,30.0,3.0,60.0,60.0,1.0,512.0,180.0,23211,3840,23211,3840,27051,19449,1391,301,404448.1646561342,55969.52460385255,886,489,3008,2683,2683,325,195,0,143,0,0,888,9.34,0.0,24.0,0.0,0.374,0.64,
2025-09-03,model,arms,60.0,1.0,60.0,60.0,1.0,512.0,180.0,36887,18528,37112,18528,55415,23299,2323,2693,854217.6508476629,772716.7897855074,157,130,1524,1511,1511,13,33,0,492,0,0,157,7.77,0.0,24.0,0.0,0.309,0.688,
2025-09-15,model,arms,60.0,1.0,60.0,60.0,1.0,512.0,180.0,36737,9216,36737,9216,45953,14542,1158,598,316243.97231301374,102691.2386186194,132,114,1016,1034,1016,-18,38,1,75,0,0,132,5.73,0.0,24.0,0.0,0.225,0.591,
2025-09-26,model,arms,60.0,1.0,60.0,60.0,1.0,512.0,180.0,51842,19730,52258,19730,71572,20981,2490,1812,877597.0552859012,473344.4863990122,135,114,989,966,966,23,33,1,373,0,0,137,5.41,0.0,24.0,0.0,0.21,0.312,
2025-09-28,model,arms,60.0,1.0,60.0,60.0,1.0,512.0,180.0,36935,3991,36935,3991,40926,13168,964,243,318854.18149669946,53952.66389357112,20,19,62,58,58,4,4,0,149,0,0,20,6.87,0.0,24.0,0.0,0.273,0.66,
2025-10-07,model,arms,60.0,1.0,60.0,60.0,1.0,512.0,180.0,52510,16672,52907,16672,69182,23492,3048,2530,1099932.9855938987,645110.4139900242,150,124,1394,1359,1359,35,67,0,564,0,0,151,7.36,0.0,24.0,0.0,0.291,0.698,
2025-10-11,model,arms,60.0,1.0,60.0,60.0,1.0,512.0,180.0,10755,3129,10755,3129,13884,12498,173,71,40359.580657178,13651.286901610833,25,23,99,93,93,6,8,0,0,0,0,25,4.75,0.0,24.0,0.0,0.185,0.302,
2025-10-13,model,arms,60.0,1.0,60.0,60.0,1.0,512.0,180.0,50430,14392,50430,14392,64822,21865,2762,2093,1127373.189664828,528235.0481270942,207,168,1366,1331,1331,35,45,0,690,0,0,207,7.27,0.0,24.0,0.0,0.288,0.642,
2025-10-15,model,arms,60.0,1.0,60.0,60.0,1.0,512.0,180.0,48335,16034,48335,16034,64369,23288,2521,2343,943335.3212818494,612533.3610952734,171,140,1377,1336,1336,41,55,0,507,0,0,172,6.86,0.0,24.0,0.0,0.27,0.654,
2025-10-22,model,arms,60.0,1.0,60.0,60.0,1.0,512.0,180.0,44739,14641,44739,14641,59380,24533,2571,2239,930756.1240540934,554826.442583299,194,157,1701,1696,1696,5,65,0,485,0,0,195,6.06,0.0,24.0,0.0,0.237,0.314,
2025-10-25,model,arms,60.0,1.0,60.0,60.0,1.0,512.0,180.0,25024,4498,25444,4918,29522,13467,202,48,52391.2857834264,10576.322727103749,23,23,99,100,99,-1,1,0,8,0,0,23,6.17,0.0,24.0,0.0,0.244,0.452,
2025-11-07,model,arms,60.0,1.0,60.0,60.0,1.0,512.0,180.0,44483,9709,44483,9709,54192,21292,2287,1200,775717.2351223417,237767.48327448228,145,123,1081,1068,1068,13,29,0,371,0,0,145,5.35,0.0,24.0,0.0,0.208,0.29,
2025-11-12,model,arms,60.0,1.0,60.0,60.0,1.0,512.0,180.0,46598,14345,46598,14345,60943,22632,2711,2092,994394.9328253628,528519.9166777511,168,136,1295,1263,1263,32,60,0,534,0,0,170,6.46,0.0,24.0,0.0,0.254,0.662,
2025-11-15,model,arms,60.0,1.0,60.0,60.0,1.0,512.0,180.0,16282,6556,16282,6556,22838,11983,413,197,100310.93087840424,44340.88495949963,30,29,187,181,181,6,6,0,2,0,0,30,6.0,0.0,24.0,0.0,0.237,0.441,
2025-11-19,model,arms,60.0,1.0,60.0,60.0,1.0,512.0,180.0,55755,12210,55755,12210,67965,22404,2911,1713,1092106.842473704,408618.1101112267,165,132,1391,1371,1371,20,64,8,632,0,0,166,6.85,0.0,24.0,0.0,0.271,0.693,
2025-11-24,model,arms,60.0,1.0,60.0,60.0,1.0,512.0,180.0,61108,11837,61108,11837,72945,19449,2989,1381,1278007.669768353,282073.28282355005,158,139,1154,1123,1123,31,35,0,904,0,0,159,6.63,0.0,24.0,0.0,0.262,0.629,
2025-09-03,model,arms,60.0,2.0,60.0,60.0,1.0,512.0,180.0,13480,5461,13627,5461,18941,23299,945,799,213736.6841364522,144687.49546009357,642,413,3216,3021,3021,195,197,0,31,0,0,642,7.35,0.0,24.0,0.0,0.291,0.552,
2025-09-15,model,arms,60.0,2.0,60.0,60.0,1.0,512.0,180.0,14532,4404,14532,4404,18936,14542,499,172,102929.376830924,30925.98696629166,512,364,2115,1842,1842,273,272,1,1,0,0,512,7.42,0.0,24.0,0.0,0.296,0.495,
2025-09-26,model,arms,60.0,2.0,60.0,60.0,1.0,512.0,180.0,26002,10538,26162,10538,36540,20981,1003,552,223020.99399166752,113579.75752903192,611,383,2492,2243,2243,249,103,1,13,0,0,614,6.65,0.0,24.0,0.0,0.263,0.5,
2025-09-28,model,arms,60.0,2.0,60.0,60.0,1.0,512.0,180.0,13851,1932,13851,1932,15783,13168,347,67,79955.83313417505,13512.20362240918,380,272,870,665,665,205,40,0,4,0,0,380,8.39,0.0,24.0,0.0,0.334,0.677,
2025-10-07,model,arms,60.0,2.0,60.0,60.0,1.0,512.0,180.0,16866,4812,17082,4812,21678,23492,1005,594,223784.54000692337,107165.1340353802,722,452,3204,2879,2879,325,253,0,50,0,0,723,8.15,0.0,24.0,0.0,0.324,0.566,
2025-10-11,model,arms,60.0,2.0,60.0,60.0,1.0,512.0,180.0,6047,2475,6047,2475,8522,12498,143,64,33287.52477485806,12990.877012100693,176,142,595,516,516,79,19,0,0,0,0,176,7.19,0.0,24.0,0.0,0.286,0.566,
2025-10-13,model,arms,60.0,2.0,60.0,60.0,1.0,512.0,180.0,17051,5049,17051,5049,22100,21865,1207,594,272361.3534194728,110300.39609711403,718,461,3055,2828,2828,227,167,0,37,0,0,718,7.4,0.0,24.0,0.0,0.294,0.493,
2025-10-15,model,arms,60.0,2.0,60.0,60.0,1.0,512.0,180.0,16567,5551,16567,5551,22118,23288,842,609,188912.2566546317,119103.45551277374,712,460,3259,2970,2970,289,238,0,16,0,0,712,8.54,0.0,24.0,0.0,0.341,0.759,
2025-10-22,model,arms,60.0,2.0,60.0,60.0,1.0,512.0,180.0,16492,4852,16492,4852,21344,24533,989,623,223505.4812943809,123930.45982234,721,448,3238,2987,2987,251,228,0,22,0,0,721,7.72,0.0,24.0,0.0,0.306,0.548,
2025-10-25,model,arms,60.0,2.0,60.0,60.0,1.0,512.0,180.0,11753,3138,12173,3558,14891,13467,173,33,38804.72478726583,7153.058727568446,289,234,703,569,569,134,22,0,0,0,0,289,6.57,0.0,24.0,0.0,0.26,0.567,
2025-11-07,model,arms,60.0,2.0,60.0,60.0,1.0,512.0,180.0,18969,3427,18969,3427,22396,21292,932,229,224879.1894401494,39418.68829753551,595,386,2568,2275,2275,293,173,0,32,0,0,595,7.57,0.0,24.0,0.0,0.301,0.507,
2025-11-12,model,arms,60.0,2.0,60.0,60.0,1.0,512.0,180.0,18794,5179,18794,5179,23973,22632,1143,574,294937.20836987084,100960.86550016732,649,402,2792,2489,2489,303,187,0,67,0,0,650,7.77,0.0,24.0,0.0,0.309,0.565,
2025-11-15,model,arms,60.0,2.0,60.0,60.0,1.0,512.0,180.0,7934,4681,7934,4681,12615,11983,256,91,55268.179269623724,18311.51919634327,219,176,647,599,599,48,19,0,0,0,0,219,6.29,0.0,24.0,0.0,0.249,0.455,
2025-11-19,model,arms,60.0,2.0,60.0,60.0,1.0,512.0,180.0,21336,4495,21336,4495,25831,22404,1199,409,295022.5830999493,72789.91394217606,714,454,3019,2653,2653,366,272,8,64,0,0,716,9.41,0.0,24.0,0.0,0.377,0.761,
2025-11-24,model,arms,60.0,2.0,60.0,60.0,1.0,512.0,180.0,24308,4352,24308,4352,28660,19449,1313,374,384415.844719241,69255.31445899834,756,469,2698,2356,2356,342,196,0,128,0,0,758,8.43,0.0,24.0,0.0,0.337,0.543,
2025-09-03,model,arms,60.0,3.0,60.0,60.0,1.0,512.0,180.0,11693,4702,11813,4702,16395,23299,849,611,178508.90840454504,103446.20843375377,758,433,3466,3138,3138,328,290,0,16,0,0,758,8.24,0.0,24.0,0.0,0.328,0.655,
2025-09-15,model,arms,60.0,3.0,60.0,60.0,1.0,512.0,180.0,13218,4182,13218,4182,17400,14542,485,123,95584.57308564273,19685.684123052193,591,379,2157,1738,1738,419,383,1,0,0,0,593,8.74,0.0,24.0,0.0,0.35,0.838,
2025-09-26,model,arms,60.0,3.0,60.0,60.0,1.0,512.0,180.0,23357,10305,23517,10305,33662,20981,751,493,144627.51078156102,97224.21878082966,701,395,2669,2345,2345,324,224,1,3,0,0,707,8.13,0.0,24.0,0.0,0.324,0.576,
2025-09-28,model,arms,60.0,3.0,60.0,60.0,1.0,512.0,180.0,11167,2056,11167,2056,13223,13168,257,45,53259.04877855183,9877.02415479038,443,290,1045,832,832,213,42,0,0,0,0,443,10.49,0.0,24.0,0.0,0.424,0.76,
2025-10-07,model,arms,60.0,3.0,60.0,60.0,1.0,512.0,180.0,15542,3437,15743,3437,18979,23492,908,407,183236.41387312705,71916.745579904,800,462,3122,2757,2757,365,293,0,11,0,0,802,8.77,0.0,24.0,0.0,0.35,0.647,
2025-10-11,model,arms,60.0,3.0,60.0,60.0,1.0,512.0,180.0,5001,2381,5001,2381,7382,12498,131,61,28186.581994651224,11714.285598817582,201,149,555,507,507,48,20,0,0,0,0,201,8.32,0.0,24.0,0.0,0.333,0.673,
2025-10-13,model,arms,60.0,3.0,60.0,60.0,1.0,512.0,180.0,15772,4631,15772,4631,20403,21865,1272,529,327192.67690353695,93699.60365108812,825,461,3026,2777,2777,249,187,0,104,0,0,825,9.21,0.0,24.0,0.0,0.369,0.648,
2025-10-15,model,arms,60.0,3.0,60.0,60.0,1.0,512.0,180.0,15173,4841,15173,4841,20014,23288,1095,599,240513.86817201268,108908.30678466224,831,471,3256,2893,2893,363,271,0,26,0,0,831,8.19,0.0,24.0,0.0,0.326,0.586,
2025-10-22,model,arms,60.0,3.0,60.0,60.0,1.0,512.0,180.0,14865,4681,14865,4681,19546,24533,1013,529,220301.72995972776,81131.31112188069,800,453,3374,3013,3013,361,273,0,20,0,0,800,8.35,0.0,24.0,0.0,0.333,0.583,
2025-10-25,model,arms,60.0,3.0,60.0,60.0,1.0,512.0,180.0,10624,2813,11044,3233,13437,13467,162,32,34826.85591329626,6834.24638009079,333,246,752,599,599,153,25,0,0,0,0,333,8.92,0.0,24.0,0.0,0.359,0.808,
2025-11-07,model,arms,60.0,3.0,60.0,60.0,1.0,512.0,180.0,16979,3140,16979,3140,20119,21292,1003,218,261386.67749988707,38011.18060447638,692,402,2382,2019,2019,363,237,0,66,0,0,692,8.77,0.0,24.0,0.0,0.351,0.689,
2025-11-12,model,arms,60.0,3.0,60.0,60.0,1.0,512.0,180.0,16812,4151,16812,4151,20963,22632,1063,387,273302.3553930715,60161.88878509188,735,418,3034,2645,2645,389,279,0,64,0,0,736,8.52,0.0,24.0,0.0,0.34,0.646,
2025-11-15,model,arms,60.0,3.0,60.0,60.0,1.0,512.0,180.0,7442,4241,7442,4241,11683,11983,250,85,52491.96958341783,17619.149904950144,272,196,729,632,632,97,31,0,0,0,0,272,7.73,0.0,24.0,0.0,0.309,0.73,
2025-11-19,model,arms,60.0,3.0,60.0,60.0,1.0,512.0,180.0,19467,3581,19467,3581,23048,22404,1257,284,339789.0593883493,41612.02122758951,858,467,3146,2679,2679,467,377,8,129,0,0,861,8.57,0.0,24.0,0.0,0.343,0.612,
2025-11-24,model,arms,60.0,3.0,60.0,60.0,1.0,512.0,180.0,23192,3873,23192,3873,27065,19449,1372,296,359031.74442547007,55843.45810149504,887,486,3069,2729,2729,340,214,0,73,0,0,888,9.57,0.0,24.0,0.0,0.384,0.667,
2025-09-03,oracle,arms,30.0,1.0,60.0,60.0,1.0,512.0,180.0,36126,18861,36883,18861,54987,23299,2263,2483,883150.1011825984,679418.2661282377,117,92,1195,1172,1172,23,25,0,531,0,0,117,6.51,0.0,24.0,0.0,0.256,0.541,
2025-09-15,oracle,arms,30.0,1.0,60.0,60.0,1.0,512.0,180.0,34028,10443,34028,10443,44471,14542,1203,657,369267.4721066701,141364.5144227498,134,118,675,677,675,-2,4,1,142,0,0,134,5.81,0.0,24.0,0.0,0.228,0.444,
2025-09-26,oracle,arms,30.0,1.0,60.0,60.0,1.0,512.0,180.0,43757,16431,43877,16431,60188,20981,1930,1299,673580.4079063575,317102.54371057893,220,175,1085,1087,1085,-2,2,1,257,0,0,221,5.49,0.0,24.0,0.0,0.214,0.478,
2025-09-28,oracle,arms,30.0,1.0,60.0,60.0,1.0,512.0,180.0,34284,3461,34284,3461,37745,13168,849,214,261320.5355324545,46734.06890363015,39,37,128,128,128,0,0,0,101,0,0,39,6.1,0.0,24.0,0.0,0.241,0.449,
2025-10-07,oracle,arms,30.0,1.0,60.0,60.0,1.0,512.0,180.0,49053,13798,49390,13798,62851,23492,2796,2025,1096989.5598841037,471837.70151841186,157,135,1345,1317,1317,28,32,0,656,0,0,158,5.99,0.0,24.0,0.0,0.234,0.73,
2025-10-11,oracle,arms,30.0,1.0,60.0,60.0,1.0,512.0,180.0,10990,3478,10990,3478,14468,12498,171,94,41320.10438607028,21199.91015961568,12,12,43,43,43,0,0,0,0,0,0,12,5.41,0.0,24.0,0.0,0.212,0.473,
2025-10-13,oracle,arms,30.0,1.0,60.0,60.0,1.0,512.0,180.0,51351,15968,51351,15968,67319,21865,2661,2010,954828.5746532918,505703.5949270994,120,101,1119,1117,1117,2,4,0,516,0,0,120,6.67,0.0,24.0,0.0,0.263,0.647,
2025-10-15,oracle,arms,30.0,1.0,60.0,60.0,1.0,512.0,180.0,45024,15746,45024,15746,60770,23288,2246,2196,792534.4738522868,549546.2502801657,213,174,1287,1285,1285,2,6,0,389,0,0,213,5.35,0.0,24.0,0.0,0.207,0.513,
2025-10-22,oracle,arms,30.0,1.0,60.0,60.0,1.0,512.0,180.0,48699,17464,48699,17464,66163,24533,2829,2596,1066739.8240474132,688903.1041279298,127,104,1068,1052,1052,16,26,0,590,0,0,127,6.5,0.0,24.0,0.0,0.255,0.652,
2025-10-25,oracle,arms,30.0,1.0,60.0,60.0,1.0,512.0,180.0,25329,4851,25749,5271,30180,13467,192,51,50010.27298371865,11281.9155562443,6,6,19,19,19,0,0,0,8,0,0,6,7.08,0.0,24.0,0.0,0.281,0.529,
2025-11-07,oracle,arms,30.0,1.0,60.0,60.0,1.0,512.0,180.0,44790,9614,44790,9614,54404,21292,2278,1170,858959.5904496282,233708.29331269945,102,88,884,870,870,14,16,0,468,0,0,103,5.79,0.0,24.0,0.0,0.226,0.504,
2025-11-12,oracle,arms,30.0,1.0,60.0,60.0,1.0,512.0,180.0,45717,14578,45717,14578,60295,22632,2638,2151,1023240.0440162324,544223.5457301869,131,105,1131,1121,1121,10,14,0,633,0,0,131,5.67,0.0,24.0,0.0,0.221,0.503,
2025-11-15,oracle,arms,30.0,1.0,60.0,60.0,1.0,512.0,180.0,15826,7132,15826,7132,22958,11983,325,224,79167.17706345647,54022.62308390024,15,14,97,95,95,2,2,0,1,0,0,15,5.11,0.0,24.0,0.0,0.199,0.393,
2025-11-19,oracle,arms,30.0,1.0,60.0,60.0,1.0,512.0,180.0,56584,14471,56584,14471,71055,22404,2881,1891,1076066.6958383298,437669.0169492506,133,120,1168,1146,1146,22,30,8,632,0,0,134,7.12,0.0,24.0,0.0,0.282,0.659,
2025-11-24,oracle,arms,30.0,1.0,60.0,60.0,1.0,512.0,180.0,60982,12180,60982,12180,73162,19449,2726,1317,1085807.344621919,274582.7377906161,123,104,978,976,976,2,2,0,702,0,0,123,6.06,0.0,24.0,0.0,0.238,0.649,
2025-09-03,oracle,arms,30.0,2.0,60.0,60.0,1.0,512.0,180.0,9814,4892,10022,4892,14706,23299,661,656,151665.39738086297,112898.96461854012,446,308,2509,2484,2484,25,49,0,33,0,0,446,7.18,0.0,24.0,0.0,0.285,0.556,
2025-09-15,oracle,arms,30.0,2.0,60.0,60.0,1.0,512.0,180.0,14214,4176,14214,4176,18390,14542,399,121,82747.37462417406,22741.44819388332,336,255,1508,1487,1487,21,18,1,0,0,0,336,7.38,0.0,24.0,0.0,0.294,0.684,
2025-09-26,oracle,arms,30.0,2.0,60.0,60.0,1.0,512.0,180.0,20947,9006,21007,9006,29953,20981,698,422,197418.8497233275,75775.01655253337,464,316,2112,2028,2028,84,39,1,71,0,0,465,7.43,0.0,24.0,0.0,0.296,0.47,
2025-09-28,oracle,arms,30.0,2.0,60.0,60.0,1.0,512.0,180.0,10652,1689,10652,1689,12341,13168,189,56,40855.3257584871,13361.86632708078,225,177,571,493,493,78,0,0,3,0,0,225,6.22,0.0,24.0,0.0,0.246,0.401,
2025-10-07,oracle,arms,30.0,2.0,60.0,60.0,1.0,512.0,180.0,15275,4435,15436,4435,19710,23492,777,649,211691.05121892272,126499.3978750566,521,353,2559,2404,2404,155,47,0,100,0,0,522,6.3,0.0,24.0,0.0,0.248,0.39,
2025-10-11,oracle,arms,30.0,2.0,60.0,60.0,1.0,512.0,180.0,4604,1714,4604,1714,6318,12498,79,32,16567.124398130476,5895.818700496679,100,90,348,330,330,18,3,0,0,0,0,100,6.17,0.0,24.0,0.0,0.244,0.46,
2025-10-13,oracle,arms,30.0,2.0,60.0,60.0,1.0,512.0,180.0,14239,5451,14239,5451,19690,21865,823,682,163704.2091427317,123125.09456105612,506,362,2367,2279,2279,88,48,0,5,0,0,506,6.6,0.0,24.0,0.0,0.261,0.47,
2025-10-15,oracle,arms,30.0,2.0,60.0,60.0,1.0,512.0,180.0,12853,4597,12853,4597,17450,23288,358,566,74975.8195840786,98073.60770889922,505,349,2613,2468,2468,145,60,0,5,0,0,505,6.38,0.0,24.0,0.0,0.25,0.463,
2025-10-22,oracle,arms,30.0,2.0,60.0,60.0,1.0,512.0,180.0,14270,4646,14270,4646,18916,24533,601,577,143504.90625906712,107274.18572939812,486,342,2560,2452,2452,108,60,0,36,0,0,486,7.35,0.0,24.0,0.0,0.291,0.753,
2025-10-25,oracle,arms,30.0,2.0,60.0,60.0,1.0,512.0,180.0,10609,3213,11029,3633,13822,13467,74,30,15356.61520717899,6891.868428913198,164,150,355,326,326,29,3,0,0,0,0,164,6.48,0.0,24.0,0.0,0.256,0.615,
2025-11-07,oracle,arms,30.0,2.0,60.0,60.0,1.0,512.0,180.0,13810,2748,13810,2748,16558,21292,340,220,78234.3819989893,25727.22013843603,419,292,2026,1833,1833,193,58,0,5,0,0,419,6.87,0.0,24.0,0.0,0.271,0.433,
2025-11-12,oracle,arms,30.0,2.0,60.0,60.0,1.0,512.0,180.0,15328,4079,15328,4079,19407,22632,517,621,126108.56886029744,103748.72012381948,460,316,2363,2177,2177,186,58,0,30,0,0,460,7.64,0.0,24.0,0.0,0.303,0.526,
2025-11-15,oracle,arms,30.0,2.0,60.0,60.0,1.0,512.0,180.0,5785,3739,5785,3739,9524,11983,135,53,28644.90761068676,11835.939968355558,142,116,517,498,498,19,8,0,0,0,0,142,5.9,0.0,24.0,0.0,0.233,0.452,
2025-11-19,oracle,arms,30.0,2.0,60.0,60.0,1.0,512.0,180.0,18443,4725,18443,4725,23168,22404,562,592,123645.75663188365,95930.07881067575,496,344,2333,2104,2104,229,67,8,6,0,0,496,5.8,0.0,24.0,0.0,0.226,0.474,
2025-11-24,oracle,arms,30.0,2.0,60.0,60.0,1.0,512.0,180.0,19212,3850,19212,3850,23062,19449,780,373,165814.19081074448,60595.63370861043,496,341,2175,1969,1969,206,44,0,7,0,0,496,6.69,0.0,24.0,0.0,0.264,0.389,
2025-09-03,oracle,arms,30.0,3.0,60.0,60.0,1.0,512.0,180.0,6600,3808,6773,3808,10408,23299,439,513,74906.69388811104,79590.08128905934,491,332,2605,2562,2562,43,105,0,0,0,0,491,8.02,0.0,24.0,0.0,0.319,0.52,
2025-09-15,oracle,arms,30.0,3.0,60.0,60.0,1.0,512.0,180.0,10718,3648,10718,3648,14366,14542,320,69,72358.51291401185,12767.82478786186,368,274,1413,1392,1392,21,31,1,4,0,0,368,7.85,0.0,24.0,0.0,0.313,0.581,
2025-09-26,oracle,arms,30.0,3.0,60.0,60.0,1.0,512.0,180.0,17568,8396,17628,8396,25964,20981,528,353,137997.3158964328,62805.92381264207,491,330,2117,1907,1907,210,63,1,61,0,0,492,6.98,0.0,24.0,0.0,0.276,0.628,
2025-09-28,oracle,arms,30.0,3.0,60.0,60.0,1.0,512.0,180.0,8894,1475,8894,1475,10369,13168,149,45,34993.69311898627,11551.052356737731,241,193,573,477,477,96,1,0,5,0,0,241,7.37,0.0,24.0,0.0,0.294,0.492,
2025-10-07,oracle,arms,30.0,3.0,60.0,60.0,1.0,512.0,180.0,11059,3172,11119,3172,14231,23492,609,410,134832.22673712068,64124.84245950804,553,378,2646,2420,2420,226,92,0,43,0,0,553,8.28,0.0,24.0,0.0,0.33,0.69,
2025-10-11,oracle,arms,30.0,3.0,60.0,60.0,1.0,512.0,180.0,3979,1352,3979,1352,5331,12498,55,25,12027.934309211589,4649.338327482671,111,98,358,323,323,35,4,0,0,0,0,111,6.43,0.0,24.0,0.0,0.255,0.465,
2025-10-13,oracle,arms,30.0,3.0,60.0,60.0,1.0,512.0,180.0,9640,4647,9640,4647,14287,21865,495,508,86523.0074379824,87624.37011617102,553,373,2417,2204,2204,213,97,0,1,0,0,553,7.64,0.0,24.0,0.0,0.304,0.493,
2025-10-15,oracle,arms,30.0,3.0,60.0,60.0,1.0,512.0,180.0,9983,4080,9983,4080,14063,23288,327,547,65190.49980403541,103918.2936457956,553,363,2552,2320,2320,232,94,0,2,0,0,553,7.75,0.0,24.0,0.0,0.308,0.59,
2025-10-22,oracle,arms,30.0,3.0,60.0,60.0,1.0,512.0,180.0,11023,3648,11023,3648,14671,24533,440,477,95190.0257532723,78337.19109206334,518,365,2567,2358,2358,209,89,0,5,0,0,518,7.46,0.0,24.0,0.0,0.296,0.627,
2025-10-25,oracle,arms,30.0,3.0,60.0,60.0,1.0,512.0,180.0,9212,2886,9632,3306,12098,13467,64,24,13082.158993789652,5900.042585837353,181,167,380,301,301,79,2,0,0,0,0,181,6.54,0.0,24.0,0.0,0.259,0.399,
2025-11-07,oracle,arms,30.0,3.0,60.0,60.0,1.0,512.0,180.0,11336,2777,11336,2777,14113,21292,332,144,66454.53864338886,17853.07504439541,463,309,1961,1739,1739,222,84,0,2,0,0,463,7.26,0.0,24.0,0.0,0.288,0.515,
2025-11-12,oracle,arms,30.0,3.0,60.0,60.0,1.0,512.0,180.0,11877,3408,11877,3408,15285,22632,367,549,81561.46940500176,87382.51561390219,511,342,2477,2253,2253,224,110,0,2,0,0,512,8.51,0.0,24.0,0.0,0.34,0.531,
2025-11-15,oracle,arms,30.0,3.0,60.0,60.0,1.0,512.0,180.0,5083,3531,5083,3531,8614,11983,134,39,28886.819272525732,8504.21536307713,148,123,532,508,508,24,5,0,0,0,0,148,6.38,0.0,24.0,0.0,0.253,0.473,
2025-11-19,oracle,arms,30.0,3.0,60.0,60.0,1.0,512.0,180.0,14397,3634,14397,3634,18031,22404,678,442,144253.86697351193,71277.53109555502,540,361,2353,2111,2111,242,82,8,7,0,0,540,6.87,0.0,24.0,0.0,0.272,0.56,
2025-11-24,oracle,arms,30.0,3.0,60.0,60.0,1.0,512.0,180.0,16686,3123,16686,3123,19809,19449,708,232,189882.1602624856,36079.90539970676,531,357,2009,1750,1750,259,84,0,71,0,0,531,6.6,0.0,24.0,0.0,0.261,0.439,
2025-09-03,oracle,arms,60.0,1.0,60.0,60.0,1.0,512.0,180.0,35243,19534,35708,19534,54777,23299,2196,2717,751266.37002432,771797.7424345124,141,118,1284,1285,1284,-1,11,0,406,0,0,141,5.89,0.0,24.0,0.0,0.23,0.493,
2025-09-15,oracle,arms,60.0,1.0,60.0,60.0,1.0,512.0,180.0,35651,10869,35651,10869,46520,14542,1028,649,283126.5846742195,129305.84922063194,103,88,755,752,752,3,9,1,42,0,0,103,5.21,0.0,24.0,0.0,0.203,0.398,
2025-09-26,oracle,arms,60.0,1.0,60.0,60.0,1.0,512.0,180.0,46344,16683,46504,16683,63027,20981,2052,1365,815949.1386526541,315026.11742346105,177,134,1099,1086,1086,13,15,1,425,0,0,177,5.74,0.0,24.0,0.0,0.224,0.525,
2025-09-28,oracle,arms,60.0,1.0,60.0,60.0,1.0,512.0,180.0,34999,3509,34999,3509,38508,13168,842,216,251081.591677822,45336.79329185722,33,29,177,173,173,4,4,0,76,0,0,33,5.58,0.0,24.0,0.0,0.219,0.362,
2025-10-07,oracle,arms,60.0,1.0,60.0,60.0,1.0,512.0,180.0,50645,14369,51042,14369,65014,23492,2845,2109,1047625.7036082372,509748.59054338816,156,131,1460,1428,1428,32,46,0,581,0,0,157,6.42,0.0,24.0,0.0,0.252,0.676,
2025-10-11,oracle,arms,60.0,1.0,60.0,60.0,1.0,512.0,180.0,11206,3623,11206,3623,14829,12498,171,110,41022.15705531295,25792.384404089455,8,7,23,23,23,0,0,0,0,0,0,8,5.17,0.0,24.0,0.0,0.203,0.336,
2025-10-13,oracle,arms,60.0,1.0,60.0,60.0,1.0,512.0,180.0,48106,13497,48106,13497,61603,21865,2409,1823,791223.0302502792,436316.5074608801,178,151,1436,1421,1421,15,23,0,358,0,0,178,5.62,0.0,24.0,0.0,0.22,0.482,
2025-10-15,oracle,arms,60.0,1.0,60.0,60.0,1.0,512.0,180.0,44680,14432,44680,14432,59112,23288,2096,2019,674633.1441825072,509063.3307285524,155,132,1432,1408,1408,24,48,0,263,0,0,157,5.61,0.0,24.0,0.0,0.219,0.465,
2025-10-22,oracle,arms,60.0,1.0,60.0,60.0,1.0,512.0,180.0,39875,11051,39875,11051,50926,24533,2282,1917,811246.2430131012,461224.0197534544,263,214,1565,1540,1540,25,33,0,418,0,0,264,6.37,0.0,24.0,0.0,0.251,0.574,
2025-10-25,oracle,arms,60.0,1.0,60.0,60.0,1.0,512.0,180.0,25181,4823,25601,5243,30004,13467,196,48,49929.763225651186,10745.8689991169,9,9,45,45,45,0,0,0,8,0,0,9,5.86,0.0,24.0,0.0,0.231,0.473,
2025-11-07,oracle,arms,60.0,1.0,60.0,60.0,1.0,512.0,180.0,45481,10037,45481,10037,55518,21292,2313,1213,807958.2416307941,250035.01710745515,109,88,943,899,899,44,54,0,376,0,0,111,5.24,0.0,24.0,0.0,0.204,0.604,
2025-11-12,oracle,arms,60.0,1.0,60.0,60.0,1.0,512.0,180.0,44637,13932,44637,13932,58569,22632,2349,2212,855761.3839164828,594671.7203089858,154,128,1403,1397,1397,6,18,0,444,0,0,154,6.01,0.0,24.0,0.0,0.236,0.458,
2025-11-15,oracle,arms,60.0,1.0,60.0,60.0,1.0,512.0,180.0,15516,6705,15516,6705,22221,11983,308,157,72978.16983584237,34590.409676242314,31,31,155,153,153,2,2,0,0,0,0,31,5.47,0.0,24.0,0.0,0.215,0.365,
2025-11-19,oracle,arms,60.0,1.0,60.0,60.0,1.0,512.0,180.0,53555,12622,53555,12622,66177,22404,2627,1629,921795.844801326,364857.9407360032,168,142,1302,1292,1292,10,16,8,498,0,0,168,5.96,0.0,24.0,0.0,0.234,0.486,
2025-11-24,oracle,arms,60.0,1.0,60.0,60.0,1.0,512.0,180.0,57599,10979,57599,10979,68578,19449,2521,1079,990446.1612147988,220779.53412588645,146,120,1229,1217,1217,12,20,0,609,0,0,146,5.86,0.0,24.0,0.0,0.23,0.621,
2025-09-03,oracle,arms,60.0,2.0,60.0,60.0,1.0,512.0,180.0,9192,4496,9374,4496,13688,23299,510,493,106119.21651509804,79118.36743323447,546,361,3105,3040,3040,65,129,0,6,0,0,546,7.63,0.0,24.0,0.0,0.303,0.518,
2025-09-15,oracle,arms,60.0,2.0,60.0,60.0,1.0,512.0,180.0,12023,4024,12023,4024,16047,14542,322,84,66552.64213936904,14559.757414737443,408,292,1676,1655,1655,21,56,1,0,0,0,408,6.16,0.0,24.0,0.0,0.243,0.43,
2025-09-26,oracle,arms,60.0,2.0,60.0,60.0,1.0,512.0,180.0,19952,8834,20058,8834,28786,20981,629,429,193538.57883344853,77989.56481170477,535,352,2222,2047,2047,175,120,1,96,0,0,535,6.92,0.0,24.0,0.0,0.274,0.48,
2025-09-28,oracle,arms,60.0,2.0,60.0,60.0,1.0,512.0,180.0,9638,1802,9638,1802,11440,13168,141,37,31072.936675331788,8556.785276945515,279,207,667,505,505,162,21,0,1,0,0,279,6.43,0.0,24.0,0.0,0.255,0.534,
2025-10-07,oracle,arms,60.0,2.0,60.0,60.0,1.0,512.0,180.0,14537,3857,14597,3857,18394,23492,827,496,231872.14051668445,80171.98694527647,619,407,2813,2538,2538,275,179,0,104,0,0,619,7.69,0.0,24.0,0.0,0.306,0.547,
2025-10-11,oracle,arms,60.0,2.0,60.0,60.0,1.0,512.0,180.0,5022,1838,5022,1838,6860,12498,81,25,19033.22795086175,3943.382163473104,128,111,546,525,525,21,13,0,0,0,0,128,6.05,0.0,24.0,0.0,0.239,0.581,
2025-10-13,oracle,arms,60.0,2.0,60.0,60.0,1.0,512.0,180.0,14389,5419,14389,5419,19808,21865,820,608,173582.82871358364,95722.6646591308,592,406,2694,2599,2599,95,111,0,14,0,0,592,6.91,0.0,24.0,0.0,0.274,0.508,
2025-10-15,oracle,arms,60.0,2.0,60.0,60.0,1.0,512.0,180.0,12770,4015,12770,4015,16785,23288,295,422,58849.301013111464,74267.97017557124,590,401,2882,2719,2719,163,154,0,0,0,0,590,6.68,0.0,24.0,0.0,0.264,0.452,
2025-10-22,oracle,arms,60.0,2.0,60.0,60.0,1.0,512.0,180.0,14000,4586,14000,4586,18586,24533,604,650,138562.8090307755,122586.69448027636,591,394,2857,2651,2651,206,128,0,19,0,0,591,7.09,0.0,24.0,0.0,0.281,0.458,
2025-10-25,oracle,arms,60.0,2.0,60.0,60.0,1.0,512.0,180.0,11103,3073,11523,3493,14176,13467,80,23,19115.09122171267,5781.356759353513,193,169,522,494,494,28,14,0,0,0,0,193,6.46,0.0,24.0,0.0,0.256,0.497,
2025-11-07,oracle,arms,60.0,2.0,60.0,60.0,1.0,512.0,180.0,12752,2684,12752,2684,15436,21292,374,160,79980.83085839578,23963.839918668305,486,333,2099,1900,1900,199,110,0,2,0,0,486,6.36,0.0,24.0,0.0,0.251,0.425,
2025-11-12,oracle,arms,60.0,2.0,60.0,60.0,1.0,512.0,180.0,14049,4362,14049,4362,18411,22632,590,567,147210.47062985433,103985.49193287184,555,358,2491,2294,2294,197,122,0,54,0,0,556,6.86,0.0,24.0,0.0,0.271,0.622,
2025-11-15,oracle,arms,60.0,2.0,60.0,60.0,1.0,512.0,180.0,5655,3631,5655,3631,9286,11983,103,39,21912.856740605013,7380.642785214217,183,141,695,663,663,32,23,0,0,0,0,183,6.02,0.0,24.0,0.0,0.238,0.471,
2025-11-19,oracle,arms,60.0,2.0,60.0,60.0,1.0,512.0,180.0,15920,4763,15920,4763,20683,22404,563,595,121998.82812346844,103746.60099662843,614,398,2572,2315,2315,257,145,8,1,0,0,614,7.41,0.0,24.0,0.0,0.294,0.516,
2025-11-24,oracle,arms,60.0,2.0,60.0,60.0,1.0,512.0,180.0,17565,3397,17565,3397,20962,19449,580,233,136582.22910796822,39443.88518953648,573,386,2421,2150,2150,271,115,0,22,0,0,573,7.17,0.0,24.0,0.0,0.284,0.496,
2025-09-03,oracle,arms,60.0,3.0,60.0,60.0,1.0,512.0,180.0,6561,4031,6751,4031,10592,23299,408,499,76306.12793566448,76643.04467287948,601,374,2843,2741,2741,102,184,0,21,0,0,601,7.76,0.0,24.0,0.0,0.309,0.604,
2025-09-15,oracle,arms,60.0,3.0,60.0,60.0,1.0,512.0,180.0,10397,3616,10397,3616,14013,14542,300,66,60667.36688151153,11278.56810805514,456,307,1611,1566,1566,45,86,1,0,0,0,456,7.42,0.0,24.0,0.0,0.296,0.545,
2025-09-26,oracle,arms,60.0,3.0,60.0,60.0,1.0,512.0,180.0,17606,8664,17666,8664,26270,20981,495,331,135065.99186552176,61993.66039832994,601,367,2378,2100,2100,278,196,1,67,0,0,603,7.11,0.0,24.0,0.0,0.282,0.489,
2025-09-28,oracle,arms,60.0,3.0,60.0,60.0,1.0,512.0,180.0,8207,1550,8207,1550,9757,13168,119,23,26973.86717543802,5229.981634683411,301,218,696,527,527,169,19,0,3,0,0,301,8.12,0.0,24.0,0.0,0.325,0.553,
2025-10-07,oracle,arms,60.0,3.0,60.0,60.0,1.0,512.0,180.0,10446,3156,10561,3156,13602,23492,636,351,124166.26215901609,56345.64950897885,691,429,2913,2633,2633,280,262,0,23,0,0,691,7.89,0.0,24.0,0.0,0.314,0.5,
2025-10-11,oracle,arms,60.0,3.0,60.0,60.0,1.0,512.0,180.0,4316,1332,4316,1332,5648,12498,49,27,11347.359338105747,4842.829144896981,134,117,440,379,379,61,14,0,0,0,0,134,7.24,0.0,24.0,0.0,0.288,0.62,
2025-10-13,oracle,arms,60.0,3.0,60.0,60.0,1.0,512.0,180.0,10508,5011,10508,5011,15519,21865,531,465,83921.0913222963,77124.33163617345,656,414,2782,2519,2519,263,193,0,2,0,0,656,7.45,0.0,24.0,0.0,0.296,0.522,
2025-10-15,oracle,arms,60.0,3.0,60.0,60.0,1.0,512.0,180.0,9648,3442,9648,3442,13090,23288,270,335,50520.8076419872,54877.001729720854,670,421,2991,2712,2712,279,233,0,0,0,0,670,7.09,0.0,24.0,0.0,0.281,0.499,
2025-10-22,oracle,arms,60.0,3.0,60.0,60.0,1.0,512.0,180.0,11191,3912,11191,3912,15103,24533,472,533,100092.476289071,96164.87465342,639,408,2828,2551,2551,277,187,0,3,0,0,639,7.48,0.0,24.0,0.0,0.297,0.611,
2025-10-25,oracle,arms,60.0,3.0,60.0,60.0,1.0,512.0,180.0,9048,2788,9468,3208,11836,13467,42,18,9311.448254692585,4434.567654860597,220,184,433,368,368,65,12,0,0,0,0,220,7.8,0.0,24.0,0.0,0.312,0.706,
2025-11-07,oracle,arms,60.0,3.0,60.0,60.0,1.0,512.0,180.0,10832,2474,10832,2474,13306,21292,304,113,59525.075706442,16138.656332491108,555,352,2049,1777,1777,272,194,0,0,0,0,555,8.12,0.0,24.0,0.0,0.324,0.634,
2025-11-12,oracle,arms,60.0,3.0,60.0,60.0,1.0,512.0,180.0,11858,3465,11858,3465,15323,22632,366,483,74797.15681527056,73633.61165571815,605,375,2631,2357,2357,274,172,0,0,0,0,606,8.06,0.0,24.0,0.0,0.321,0.604,
2025-11-15,oracle,arms,60.0,3.0,60.0,60.0,1.0,512.0,180.0,5100,3638,5100,3638,8738,11983,103,46,22125.23244264289,9488.88323153767,192,148,727,662,662,65,11,0,0,0,0,192,6.19,0.0,24.0,0.0,0.245,0.506,
2025-11-19,oracle,arms,60.0,3.0,60.0,60.0,1.0,512.0,180.0,12906,3189,12906,3189,16095,22404,574,250,101776.98251107884,37535.743160971935,670,415,2534,2197,2197,337,207,8,1,0,0,670,7.9,0.0,24.0,0.0,0.315,0.474,
2025-11-24,oracle,arms,60.0,3.0,60.0,60.0,1.0,512.0,180.0,15297,2787,15297,2787,18084,19449,599,149,162351.50923972635,29105.410406966093,648,401,2269,1968,1968,301,183,0,67,0,0,648,7.64,0.0,24.0,0.0,0.304,0.576,
2025-09-03,ma,arms_L,60.0,3.0,30.0,60.0,1.0,512.0,180.0,8376,3311,8436,3311,11687,23299,667,457,115611.7356935524,72653.78889563572,751,436,3367,3066,3066,301,171,0,3,0,0,751,8.64,0.0,26.0,0.0,0.319,0.615,
2025-09-15,ma,arms_L,60.0,3.0,30.0,60.0,1.0,512.0,180.0,11667,3365,11667,3365,15032,14542,491,74,115032.7426289468,12303.866202727337,581,385,2167,1788,1788,379,257,1,9,0,0,582,8.92,0.0,26.0,0.0,0.331,0.695,
2025-09-26,ma,arms_L,60.0,3.0,30.0,60.0,1.0,512.0,180.0,20038,8153,20168,8153,28191,20981,658,243,123413.93782575062,52269.068263941925,703,410,2734,2331,2331,403,252,1,3,0,0,710,8.82,0.0,26.0,0.0,0.326,0.633,
2025-09-28,ma,arms_L,60.0,3.0,30.0,60.0,1.0,512.0,180.0,10166,1143,10166,1143,11309,13168,339,32,75491.40006715494,6983.122734441595,439,281,952,806,806,146,16,0,6,0,0,439,9.4,0.0,26.0,0.0,0.349,0.738,
2025-10-07,ma,arms_L,60.0,3.0,30.0,60.0,1.0,512.0,180.0,12338,2492,12528,2492,14830,23492,941,282,177853.47272088475,42764.10983092799,847,473,3412,3055,3055,357,258,0,10,0,0,848,9.37,0.0,26.0,0.0,0.347,0.6,
2025-10-11,ma,arms_L,60.0,3.0,30.0,60.0,1.0,512.0,180.0,4143,1893,4143,1893,6036,12498,108,57,25262.12190748219,10828.281080863222,226,170,684,597,597,87,11,0,0,0,0,226,8.66,0.0,26.0,0.0,0.321,0.835,
2025-10-13,ma,arms_L,60.0,3.0,30.0,60.0,1.0,512.0,180.0,11739,2997,11739,2997,14736,21865,922,352,180029.42128295996,48734.830672569144,828,473,3275,2981,2981,294,204,0,0,0,0,828,9.45,0.0,26.0,0.0,0.35,0.72,
2025-10-15,ma,arms_L,60.0,3.0,30.0,60.0,1.0,512.0,180.0,11258,3399,11258,3399,14657,23288,822,398,154118.5385870767,61991.612170715816,836,479,3269,2931,2931,338,206,0,0,0,0,836,8.89,0.0,26.0,0.0,0.329,0.656,
2025-10-22,ma,arms_L,60.0,3.0,30.0,60.0,1.0,512.0,180.0,11143,3092,11143,3092,14235,24533,820,320,150556.74006306447,49591.08788376174,836,471,3461,3110,3110,351,239,0,1,0,0,836,8.86,0.0,26.0,0.0,0.327,0.661,
2025-10-25,ma,arms_L,60.0,3.0,30.0,60.0,1.0,512.0,180.0,7459,2555,7879,2975,10014,13467,141,33,31410.541042718385,7287.741374169985,389,274,888,721,721,167,6,0,0,0,0,389,8.97,0.0,26.0,0.0,0.333,0.767,
2025-11-07,ma,arms_L,60.0,3.0,30.0,60.0,1.0,512.0,180.0,13488,2274,13488,2274,15762,21292,869,134,211646.0208337921,22719.497019055365,697,418,2527,2104,2104,423,277,0,39,0,0,698,11.02,0.0,26.0,0.0,0.41,0.649,
2025-11-12,ma,arms_L,60.0,3.0,30.0,60.0,1.0,512.0,180.0,13001,3338,13001,3338,16339,22632,796,383,183102.18142330417,56186.061086418966,764,434,3173,2838,2838,335,201,0,22,0,0,764,9.74,0.0,26.0,0.0,0.361,0.62,
2025-11-15,ma,arms_L,60.0,3.0,30.0,60.0,1.0,512.0,180.0,5852,3190,5852,3190,9042,11983,249,72,51269.92682646267,15813.88097119814,282,214,871,758,758,113,14,0,0,0,0,282,8.75,0.0,26.0,0.0,0.325,0.709,
2025-11-19,ma,arms_L,60.0,3.0,30.0,60.0,1.0,512.0,180.0,15949,2735,15949,2735,18684,22404,1146,182,275060.4663364933,28623.225559845017,842,481,3170,2788,2788,382,266,8,58,0,0,843,9.56,0.0,26.0,0.0,0.354,0.708,
2025-11-24,ma,arms_L,60.0,3.0,30.0,60.0,1.0,512.0,180.0,17588,2677,17588,2677,20265,19449,1160,140,280126.43926015345,29470.20927741225,902,499,3123,2692,2692,431,291,0,37,0,0,905,9.46,0.0,26.0,0.0,0.35,0.622,
2025-09-03,ma,arms_L,60.0,3.0,45.0,60.0,1.0,512.0,180.0,10141,4004,10231,4004,14145,23299,802,489,141386.54679736693,81119.26302875302,755,435,3504,3221,3221,283,211,0,0,0,0,756,8.07,0.0,25.0,0.0,0.308,0.593,
2025-09-15,ma,arms_L,60.0,3.0,45.0,60.0,1.0,512.0,180.0,12599,3611,12599,3611,16210,14542,514,103,123992.65264246037,17749.726431901072,585,380,2223,1782,1782,441,317,1,16,0,0,588,8.32,0.0,25.0,0.0,0.32,0.619,
2025-09-26,ma,arms_L,60.0,3.0,45.0,60.0,1.0,512.0,180.0,21016,8896,21161,8896,29912,20981,651,312,128505.61016792685,68575.07362034902,699,408,2595,2164,2164,431,287,1,4,0,0,703,9.48,0.0,25.0,0.0,0.365,0.765,
2025-09-28,ma,arms_L,60.0,3.0,45.0,60.0,1.0,512.0,180.0,12071,1465,12071,1465,13536,13168,367,44,78937.55711851596,10366.500348043928,431,284,998,816,816,182,25,0,3,0,0,431,8.88,0.0,25.0,0.0,0.342,0.697,
2025-10-07,ma,arms_L,60.0,3.0,45.0,60.0,1.0,512.0,180.0,14177,3140,14382,3140,17317,23492,950,349,195355.1373402153,59229.1618475743,821,464,3197,2812,2812,385,302,0,30,0,0,823,8.98,0.0,25.0,0.0,0.345,0.587,
2025-10-11,ma,arms_L,60.0,3.0,45.0,60.0,1.0,512.0,180.0,4951,2480,4951,2480,7431,12498,133,64,29300.906736787605,14065.809902990648,225,167,700,612,612,88,25,0,0,0,0,225,8.2,0.0,25.0,0.0,0.315,0.652,
2025-10-13,ma,arms_L,60.0,3.0,45.0,60.0,1.0,512.0,180.0,14746,3515,14746,3515,18261,21865,1176,359,265426.67297966295,52235.757591917296,824,466,3227,2894,2894,333,221,0,45,0,0,824,8.7,0.0,25.0,0.0,0.333,0.653,
2025-10-15,ma,arms_L,60.0,3.0,45.0,60.0,1.0,512.0,180.0,13323,4241,13323,4241,17564,23288,927,426,194428.03271017657,65284.88460711581,825,473,3335,2954,2954,381,295,0,12,0,0,825,8.46,0.0,25.0,0.0,0.325,0.749,
2025-10-22,ma,arms_L,60.0,3.0,45.0,60.0,1.0,512.0,180.0,13349,3878,13349,3878,17227,24533,959,478,189611.20293140475,83912.29108156073,822,463,3503,3126,3126,377,273,0,6,0,0,823,9.18,0.0,25.0,0.0,0.353,0.608,
2025-10-25,ma,arms_L,60.0,3.0,45.0,60.0,1.0,512.0,180.0,8915,2779,9335,3199,11694,13467,161,33,34044.42067286076,7593.004375684816,369,269,838,637,637,201,31,0,0,0,0,369,8.72,0.0,25.0,0.0,0.336,0.761,
2025-11-07,ma,arms_L,60.0,3.0,45.0,60.0,1.0,512.0,180.0,13986,2681,13986,2681,16667,21292,840,137,214488.4439356538,23190.10451766096,706,415,2513,2061,2061,452,336,0,48,0,0,709,9.87,0.0,25.0,0.0,0.381,0.671,
2025-11-12,ma,arms_L,60.0,3.0,45.0,60.0,1.0,512.0,180.0,15396,4326,15396,4326,19722,22632,1066,403,252740.85771647547,67837.01375878471,744,424,2946,2618,2618,328,208,0,56,0,0,745,8.8,0.0,25.0,0.0,0.338,0.666,
2025-11-15,ma,arms_L,60.0,3.0,45.0,60.0,1.0,512.0,180.0,6990,4008,6990,4008,10998,11983,252,87,52101.71693720455,18615.06611611235,306,212,965,912,912,53,30,0,0,0,0,306,8.07,0.0,25.0,0.0,0.31,0.722,
2025-11-19,ma,arms_L,60.0,3.0,45.0,60.0,1.0,512.0,180.0,17333,3346,17333,3346,20679,22404,1153,238,286346.94835219625,35908.92812740616,864,482,3346,2918,2918,428,346,8,65,0,0,866,8.79,0.0,25.0,0.0,0.338,0.579,
2025-11-24,ma,arms_L,60.0,3.0,45.0,60.0,1.0,512.0,180.0,19311,3080,19311,3080,22391,19449,1255,186,306932.7503347653,41167.8977531736,901,491,3242,2744,2744,498,375,0,40,0,0,904,9.08,0.0,25.0,0.0,0.349,0.72,
2025-09-03,model,arms_L,60.0,3.0,30.0,60.0,1.0,512.0,180.0,8756,3270,8816,3270,12026,23299,697,393,127869.24619407972,61277.54156497354,761,435,3566,3247,3247,319,210,0,0,0,0,761,8.8,0.0,26.0,0.0,0.325,0.562,
2025-09-15,model,arms_L,60.0,3.0,30.0,60.0,1.0,512.0,180.0,11014,3726,11014,3726,14740,14542,380,120,73091.84657802075,21202.01756946401,595,381,2026,1683,1683,343,235,1,0,0,0,595,9.12,0.0,26.0,0.0,0.338,0.636,
2025-09-26,model,arms_L,60.0,3.0,30.0,60.0,1.0,512.0,180.0,20291,8471,20421,8471,28762,20981,674,308,123992.7701487564,60393.16295796712,725,415,2785,2448,2448,337,212,1,2,0,0,731,9.21,0.0,26.0,0.0,0.341,0.597,
2025-09-28,model,arms_L,60.0,3.0,30.0,60.0,1.0,512.0,180.0,8968,1238,8968,1238,10206,13168,260,43,54837.591106221706,7841.223633268857,456,294,1021,824,824,197,26,0,0,0,0,456,10.89,0.0,26.0,0.0,0.407,0.884,
2025-10-07,model,arms_L,60.0,3.0,30.0,60.0,1.0,512.0,180.0,11892,2539,12082,2539,14431,23492,933,289,175549.87849620584,42899.36473343902,852,470,3460,3071,3071,389,313,0,2,0,0,853,8.76,0.0,26.0,0.0,0.323,0.603,
2025-10-11,model,arms_L,60.0,3.0,30.0,60.0,1.0,512.0,180.0,4361,1714,4361,1714,6075,12498,130,50,28415.41897711894,11221.94764875293,218,167,720,646,646,74,14,0,0,0,0,218,7.91,0.0,26.0,0.0,0.292,0.676,
2025-10-13,model,arms_L,60.0,3.0,30.0,60.0,1.0,512.0,180.0,12581,3413,12581,3413,15994,21865,995,334,234802.38045502003,48143.53453733197,845,476,3167,2894,2894,273,211,0,26,0,0,845,9.87,0.0,26.0,0.0,0.366,0.843,
2025-10-15,model,arms_L,60.0,3.0,30.0,60.0,1.0,512.0,180.0,10594,3298,10594,3298,13892,23288,803,371,156573.78849772926,60442.58311930238,837,483,3355,2973,2973,382,254,0,20,0,0,837,9.13,0.0,26.0,0.0,0.338,0.599,
2025-10-22,model,arms_L,60.0,3.0,30.0,60.0,1.0,512.0,180.0,11106,3008,11106,3008,14114,24533,899,358,183760.72612573445,55592.04649643005,832,467,3464,3099,3099,365,267,0,16,0,0,833,10.32,0.0,26.0,0.0,0.383,0.792,
2025-10-25,model,arms_L,60.0,3.0,30.0,60.0,1.0,512.0,180.0,7883,2591,8303,3011,10474,13467,164,28,35525.11453359276,5490.804784375476,376,265,906,769,769,137,19,0,0,0,0,376,8.36,0.0,26.0,0.0,0.309,0.558,
2025-11-07,model,arms_L,60.0,3.0,30.0,60.0,1.0,512.0,180.0,13273,2328,13273,2328,15601,21292,805,119,189673.3940852974,20773.012270173516,709,411,2585,2257,2257,328,188,0,37,0,0,710,10.13,0.0,26.0,0.0,0.376,0.611,
2025-11-12,model,arms_L,60.0,3.0,30.0,60.0,1.0,512.0,180.0,13302,4012,13302,4012,17314,22632,872,399,197510.59378766417,68389.58683263019,766,435,3315,2960,2960,355,247,0,30,0,0,767,8.98,0.0,26.0,0.0,0.331,0.591,
2025-11-15,model,arms_L,60.0,3.0,30.0,60.0,1.0,512.0,180.0,5859,3679,5859,3679,9538,11983,238,91,52904.96481660995,19750.00320012532,266,199,798,761,761,37,10,0,0,0,0,266,7.83,0.0,26.0,0.0,0.289,0.634,
2025-11-19,model,arms_L,60.0,3.0,30.0,60.0,1.0,512.0,180.0,15601,2471,15601,2471,18072,22404,1139,170,270800.8747427427,28116.580329066262,861,484,3193,2792,2792,401,297,8,62,0,0,863,9.36,0.0,26.0,0.0,0.346,0.712,
2025-11-24,model,arms_L,60.0,3.0,30.0,60.0,1.0,512.0,180.0,17168,2857,17168,2857,20025,19449,1133,157,292195.2269283768,31773.35812830356,912,497,3052,2731,2731,321,177,0,89,0,0,915,10.08,0.0,26.0,0.0,0.374,0.772,
2025-09-03,model,arms_L,60.0,3.0,45.0,60.0,1.0,512.0,180.0,9646,4270,9736,4270,13916,23299,790,554,152816.95363440982,91915.0918448296,750,431,3430,3123,3123,307,189,0,0,0,0,750,9.6,0.0,25.0,0.0,0.37,1.282,
2025-09-15,model,arms_L,60.0,3.0,45.0,60.0,1.0,512.0,180.0,12067,3856,12067,3856,15923,14542,427,113,84602.12336405297,20182.502279883935,598,381,2112,1733,1733,379,305,1,0,0,0,599,9.51,0.0,25.0,0.0,0.367,0.733,
2025-09-26,model,arms_L,60.0,3.0,45.0,60.0,1.0,512.0,180.0,21571,9112,21716,9112,30683,20981,716,371,132536.97221103203,73609.83793523061,714,401,2687,2348,2348,339,210,1,4,0,0,718,8.75,0.0,25.0,0.0,0.334,0.682,
2025-09-28,model,arms_L,60.0,3.0,45.0,60.0,1.0,512.0,180.0,11007,1473,11007,1473,12480,13168,322,36,73743.06693569591,8089.893891771384,451,297,1031,847,847,184,29,0,3,0,0,451,9.22,0.0,25.0,0.0,0.356,0.687,
2025-10-07,model,arms_L,60.0,3.0,45.0,60.0,1.0,512.0,180.0,14321,3359,14559,3359,17680,23492,960,364,193661.52385149215,58235.59010643272,828,463,3332,2942,2942,390,338,0,16,0,0,829,8.89,0.0,25.0,0.0,0.341,0.661,
2025-10-11,model,arms_L,60.0,3.0,45.0,60.0,1.0,512.0,180.0,5242,2036,5242,2036,7278,12498,120,51,27601.826876785733,9182.12033480148,207,156,623,579,579,44,20,0,0,0,0,207,8.5,0.0,25.0,0.0,0.327,0.748,
2025-10-13,model,arms_L,60.0,3.0,45.0,60.0,1.0,512.0,180.0,14031,3972,14031,3972,18003,21865,1032,427,223421.1915860708,67074.82511698252,816,464,3174,2888,2888,286,222,0,26,0,0,816,8.73,0.0,25.0,0.0,0.335,0.677,
2025-10-15,model,arms_L,60.0,3.0,45.0,60.0,1.0,512.0,180.0,12987,3903,12987,3903,16890,23288,901,451,189803.9599247237,74200.59160723875,831,479,3291,2892,2892,399,287,0,12,0,0,831,8.77,0.0,25.0,0.0,0.337,0.765,
2025-10-22,model,arms_L,60.0,3.0,45.0,60.0,1.0,512.0,180.0,12915,3899,12915,3899,16814,24533,1035,442,209672.40171208512,66448.23968865944,834,463,3442,3070,3070,372,318,0,25,0,0,836,8.9,0.0,25.0,0.0,0.342,0.612,
2025-10-25,model,arms_L,60.0,3.0,45.0,60.0,1.0,512.0,180.0,9589,2641,10009,3061,12230,13467,180,31,39485.86036583943,6603.226645269718,353,255,794,645,645,149,34,0,0,0,0,353,8.14,0.0,25.0,0.0,0.313,0.588,
2025-11-07,model,arms_L,60.0,3.0,45.0,60.0,1.0,512.0,180.0,14486,2708,14486,2708,17194,21292,893,161,208631.82713396612,28015.48991602292,708,408,2550,2184,2184,366,228,0,33,0,0,709,10.37,0.0,25.0,0.0,0.401,0.709,
2025-11-12,model,arms_L,60.0,3.0,45.0,60.0,1.0,512.0,180.0,14829,3646,14829,3646,18475,22632,1046,366,257826.5349101039,58275.16754811709,747,428,3044,2689,2689,355,253,0,56,0,0,749,8.96,0.0,25.0,0.0,0.344,0.705,
2025-11-15,model,arms_L,60.0,3.0,45.0,60.0,1.0,512.0,180.0,7009,3791,7009,3791,10800,11983,261,84,55599.425397928666,18270.00837392909,279,207,830,743,743,87,22,0,0,0,0,279,8.36,0.0,25.0,0.0,0.322,0.633,
2025-11-19,model,arms_L,60.0,3.0,45.0,60.0,1.0,512.0,180.0,18145,2837,18145,2837,20982,22404,1265,200,350961.9814879565,31494.46119988676,861,476,3265,2833,2833,432,370,8,131,0,0,863,8.71,0.0,25.0,0.0,0.335,0.627,
2025-11-24,model,arms_L,60.0,3.0,45.0,60.0,1.0,512.0,180.0,19738,3484,19738,3484,23222,19449,1148,246,316291.6413955319,46273.37696608143,897,487,2949,2608,2608,341,215,0,95,0,0,898,10.08,0.0,25.0,0.0,0.39,0.726,
2025-09-03,oracle,arms_L,60.0,3.0,30.0,60.0,1.0,512.0,180.0,6172,3456,6274,3456,9628,23299,417,433,63466.78265354346,61189.40205411739,622,388,3204,3076,3076,128,259,0,2,0,0,622,8.41,0.0,26.0,0.0,0.31,0.595,
2025-09-15,oracle,arms_L,60.0,3.0,30.0,60.0,1.0,512.0,180.0,9431,3319,9431,3319,12750,14542,303,76,60291.83106704987,13896.975721949331,463,320,1576,1542,1542,34,86,1,0,0,0,463,8.09,0.0,26.0,0.0,0.299,0.476,
2025-09-26,oracle,arms_L,60.0,3.0,30.0,60.0,1.0,512.0,180.0,15410,7522,15486,7522,22932,20981,478,168,104318.5140701202,33865.71612539256,617,380,2388,2120,2120,268,164,1,23,0,0,619,8.27,0.0,26.0,0.0,0.305,0.608,
2025-09-28,oracle,arms_L,60.0,3.0,30.0,60.0,1.0,512.0,180.0,6979,1295,6979,1295,8274,13168,164,16,37789.068586206355,3441.214422811237,323,241,842,662,662,180,13,0,6,0,0,323,9.42,0.0,26.0,0.0,0.35,0.828,
2025-10-07,oracle,arms_L,60.0,3.0,30.0,60.0,1.0,512.0,180.0,9150,2539,9235,2539,11689,23492,576,319,106111.09776932864,50626.931886055376,671,441,2926,2624,2624,302,226,0,7,0,0,671,9.51,0.0,26.0,0.0,0.352,1.463,
2025-10-11,oracle,arms_L,60.0,3.0,30.0,60.0,1.0,512.0,180.0,3163,1417,3163,1417,4580,12498,46,23,11742.589022838443,4602.170418179022,162,135,547,503,503,44,9,0,0,0,0,162,8.63,0.0,26.0,0.0,0.32,0.54,
2025-10-13,oracle,arms_L,60.0,3.0,30.0,60.0,1.0,512.0,180.0,8962,3108,8962,3108,12070,21865,490,268,82763.3359296828,35358.17897011627,682,430,2744,2476,2476,268,229,0,5,0,0,682,8.12,0.0,26.0,0.0,0.299,0.586,
2025-10-15,oracle,arms_L,60.0,3.0,30.0,60.0,1.0,512.0,180.0,8784,3486,8784,3486,12270,23288,318,338,59381.704438592686,60931.19606613413,698,442,3244,2970,2970,274,289,0,0,0,0,698,8.94,0.0,26.0,0.0,0.33,0.614,
2025-10-22,oracle,arms_L,60.0,3.0,30.0,60.0,1.0,512.0,180.0,9440,3120,9440,3120,12560,24533,436,376,77722.0245289144,61178.13966990956,655,421,3007,2688,2688,319,251,0,0,0,0,655,8.41,0.0,26.0,0.0,0.31,0.551,
2025-10-25,oracle,arms_L,60.0,3.0,30.0,60.0,1.0,512.0,180.0,8004,2432,8424,2852,10436,13467,58,21,12342.75775838884,4936.224529490709,266,215,623,569,569,54,9,0,0,0,0,266,8.94,0.0,26.0,0.0,0.332,0.815,
2025-11-07,oracle,arms_L,60.0,3.0,30.0,60.0,1.0,512.0,180.0,9560,2110,9560,2110,11670,21292,395,87,70054.93984275145,14242.52068548166,572,366,2296,2004,2004,292,237,0,0,0,0,572,9.36,0.0,26.0,0.0,0.346,0.636,
2025-11-12,oracle,arms_L,60.0,3.0,30.0,60.0,1.0,512.0,180.0,10029,2866,10029,2866,12895,22632,435,356,86928.69689559631,53652.29492785807,628,401,2753,2457,2457,296,204,0,11,0,0,628,9.36,0.0,26.0,0.0,0.347,0.576,
2025-11-15,oracle,arms_L,60.0,3.0,30.0,60.0,1.0,512.0,180.0,4731,3037,4731,3037,7768,11983,121,34,24430.335227574986,7364.1944363309885,194,151,739,655,655,84,14,0,0,0,0,194,7.16,0.0,26.0,0.0,0.263,0.445,
2025-11-19,oracle,arms_L,60.0,3.0,30.0,60.0,1.0,512.0,180.0,11086,2595,11086,2595,13681,22404,659,168,138142.81383949026,24927.0479932872,687,440,2781,2431,2431,350,254,8,13,0,0,687,7.95,0.0,26.0,0.0,0.292,0.53,
2025-11-24,oracle,arms_L,60.0,3.0,30.0,60.0,1.0,512.0,180.0,12686,2631,12686,2631,15317,19449,647,141,165449.6213532734,27211.738207796447,687,425,2401,2094,2094,307,213,0,57,0,0,688,8.74,0.0,26.0,0.0,0.323,0.566,
2025-09-03,oracle,arms_L,60.0,3.0,45.0,60.0,1.0,512.0,180.0,6934,3959,7066,3959,10893,23299,443,479,71584.7883533662,71221.49799720093,612,381,3024,2944,2944,80,205,0,3,0,0,612,8.39,0.0,25.0,0.0,0.322,0.588,
2025-09-15,oracle,arms_L,60.0,3.0,45.0,60.0,1.0,512.0,180.0,10110,3695,10110,3695,13805,14542,319,77,67866.31692552564,15204.756246430205,460,317,1651,1587,1587,64,82,1,2,0,0,460,8.1,0.0,25.0,0.0,0.31,0.702,
2025-09-26,oracle,arms_L,60.0,3.0,45.0,60.0,1.0,512.0,180.0,17028,8038,17119,8038,25066,20981,455,281,102443.19514445242,52987.61698830727,606,377,2359,2090,2090,269,161,1,35,0,0,607,8.1,0.0,25.0,0.0,0.31,0.51,
2025-09-28,oracle,arms_L,60.0,3.0,45.0,60.0,1.0,512.0,180.0,7579,1429,7579,1429,9008,13168,133,21,31783.023761964207,5020.767729774054,312,226,736,547,547,189,25,0,4,0,0,312,8.0,0.0,25.0,0.0,0.307,0.582,
2025-10-07,oracle,arms_L,60.0,3.0,45.0,60.0,1.0,512.0,180.0,9350,2837,9450,2837,12187,23492,583,306,113223.59642345464,46803.51729996256,704,441,2918,2602,2602,316,263,0,22,0,0,704,9.02,0.0,25.0,0.0,0.347,0.602,
2025-10-11,oracle,arms_L,60.0,3.0,45.0,60.0,1.0,512.0,180.0,3719,1358,3719,1358,5077,12498,65,26,16341.936401938809,5286.826477701967,156,130,610,547,547,63,26,0,0,0,0,156,7.15,0.0,25.0,0.0,0.274,0.548,
2025-10-13,oracle,arms_L,60.0,3.0,45.0,60.0,1.0,512.0,180.0,9347,4074,9347,4074,13421,21865,504,372,84015.17856471823,52944.2362664664,670,427,2747,2468,2468,279,240,0,1,0,0,670,7.61,0.0,25.0,0.0,0.291,0.505,
2025-10-15,oracle,arms_L,60.0,3.0,45.0,60.0,1.0,512.0,180.0,9500,3588,9500,3588,13088,23288,319,342,56454.34272039184,57809.05061070083,688,434,3075,2759,2759,316,284,0,0,0,0,688,7.7,0.0,25.0,0.0,0.294,0.611,
2025-10-22,oracle,arms_L,60.0,3.0,45.0,60.0,1.0,512.0,180.0,10666,3276,10666,3276,13942,24533,551,423,106074.81630764388,75688.09697023185,648,413,3008,2700,2700,308,254,0,1,0,0,648,8.45,0.0,25.0,0.0,0.324,0.636,
2025-10-25,oracle,arms_L,60.0,3.0,45.0,60.0,1.0,512.0,180.0,8909,2675,9329,3095,11584,13467,45,18,10329.982786803715,4299.926438095358,227,186,542,500,500,42,7,0,0,0,0,227,7.11,0.0,25.0,0.0,0.272,0.694,
2025-11-07,oracle,arms_L,60.0,3.0,45.0,60.0,1.0,512.0,180.0,10627,2373,10627,2373,13000,21292,406,93,72057.54893378024,16064.735637088852,559,354,2227,1968,1968,259,217,0,2,0,0,559,9.24,0.0,25.0,0.0,0.356,0.622,
2025-11-12,oracle,arms_L,60.0,3.0,45.0,60.0,1.0,512.0,180.0,10489,3220,10489,3220,13709,22632,363,454,80076.73701826748,75548.12204666712,642,394,2709,2422,2422,287,171,0,13,0,0,642,8.41,0.0,25.0,0.0,0.321,0.605,
2025-11-15,oracle,arms_L,60.0,3.0,45.0,60.0,1.0,512.0,180.0,4842,3398,4842,3398,8240,11983,115,37,21701.186100343708,7800.298779773368,190,147,754,667,667,87,3,0,0,0,0,190,6.24,0.0,25.0,0.0,0.237,0.419,
2025-11-19,oracle,arms_L,60.0,3.0,45.0,60.0,1.0,512.0,180.0,11835,2981,11835,2981,14816,22404,658,256,137319.39995847328,33739.11963913414,673,422,2700,2357,2357,343,235,8,12,0,0,673,8.76,0.0,25.0,0.0,0.336,0.615,
2025-11-24,oracle,arms_L,60.0,3.0,45.0,60.0,1.0,512.0,180.0,14375,3286,14375,3286,17661,19449,663,168,190809.05557042788,32592.878289325068,676,418,2446,2138,2138,308,232,0,83,0,0,676,8.74,0.0,25.0,0.0,0.336,0.635,
2025-09-03,oracle,diag_lam0_sin_tope_hora,60.0,2.0,60.0,0.0,1.0,1000000.0,180.0,23665,9130,23827,9130,32795,23299,1004,511,218409.684542087,109640.11875718855,12074,677,52610,52270,52270,340,1876,0,4,0,0,12352,2.52,0.0,24.0,0.0,0.086,0.101,
2025-09-15,oracle,diag_lam0_sin_tope_hora,60.0,2.0,60.0,0.0,1.0,1000000.0,180.0,26439,9069,26439,9069,35508,14542,660,263,142709.0869770132,54432.723709103586,11186,673,45193,44944,44944,249,1093,1,2,0,0,11428,2.33,0.0,24.0,0.0,0.08,0.098,
2025-09-26,oracle,diag_lam0_sin_tope_hora,60.0,2.0,60.0,0.0,1.0,1000000.0,180.0,33179,12556,33269,12556,45735,20981,926,383,213618.5293892509,86229.8875176968,11423,666,44573,44160,44160,413,1669,1,7,0,0,11699,2.39,0.0,24.0,0.0,0.082,0.1,
2025-09-28,oracle,diag_lam0_sin_tope_hora,60.0,2.0,60.0,0.0,1.0,1000000.0,180.0,23442,7054,23442,7054,30496,13168,733,351,152957.59420185792,63195.64128417467,10919,677,54591,54330,54330,261,943,0,0,0,0,11128,2.36,0.0,24.0,0.0,0.082,0.098,
2025-10-07,oracle,diag_lam0_sin_tope_hora,60.0,2.0,60.0,0.0,1.0,1000000.0,180.0,27349,7178,27409,7178,34527,23492,1189,436,253132.71650926585,93836.71772421383,11702,677,47587,47027,47027,560,1918,0,4,0,0,12016,2.42,0.0,24.0,0.0,0.083,0.098,
2025-10-11,oracle,diag_lam0_sin_tope_hora,60.0,2.0,60.0,0.0,1.0,1000000.0,180.0,19992,8773,19992,8773,28765,12498,642,300,141815.87556577876,68627.62276529823,11786,677,67147,66947,66947,200,908,0,4,0,0,11968,2.43,0.0,24.0,0.0,0.084,0.096,
2025-10-13,oracle,diag_lam0_sin_tope_hora,60.0,2.0,60.0,0.0,1.0,1000000.0,180.0,27206,8096,27206,8096,35302,21865,986,439,219634.61731419325,94862.39456572151,11770,677,47225,46702,46702,523,1725,0,5,0,0,12072,2.42,0.0,24.0,0.0,0.082,0.094,
2025-10-15,oracle,diag_lam0_sin_tope_hora,60.0,2.0,60.0,0.0,1.0,1000000.0,180.0,26966,7051,26966,7051,34017,23288,1035,354,219298.79222998,76827.43481845286,11811,677,46251,45796,45796,455,1761,0,0,0,0,12110,2.47,0.0,24.0,0.0,0.085,0.108,
2025-10-22,oracle,diag_lam0_sin_tope_hora,60.0,2.0,60.0,0.0,1.0,1000000.0,180.0,27767,7963,27767,7963,35730,24533,1149,455,254673.08275331283,96686.36273630177,11881,677,47147,46594,46594,553,1895,0,5,0,0,12164,2.42,0.0,24.0,0.0,0.082,0.092,
2025-10-25,oracle,diag_lam0_sin_tope_hora,60.0,2.0,60.0,0.0,1.0,1000000.0,180.0,25248,8635,25668,9055,33883,13467,679,293,150078.5823320515,63510.85952506296,11492,676,58280,58009,58009,271,1015,0,1,0,0,11720,2.39,0.0,24.0,0.0,0.083,0.093,
2025-11-07,oracle,diag_lam0_sin_tope_hora,60.0,2.0,60.0,0.0,1.0,1000000.0,180.0,29341,7192,29341,7192,36533,21292,1065,322,231553.6271729485,69609.60622251956,11553,677,43835,43293,43293,542,1586,0,1,0,0,11843,2.36,0.0,24.0,0.0,0.08,0.095,
2025-11-12,oracle,diag_lam0_sin_tope_hora,60.0,2.0,60.0,0.0,1.0,1000000.0,180.0,29059,7403,29059,7403,36462,22632,1091,396,245973.69070975092,84327.62783469966,11791,677,45803,45340,45340,463,1739,0,4,0,0,12084,2.39,0.0,24.0,0.0,0.081,0.091,
2025-11-15,oracle,diag_lam0_sin_tope_hora,60.0,2.0,60.0,0.0,1.0,1000000.0,180.0,21135,9395,21135,9395,30530,11983,634,296,141775.3872938042,67163.37824524456,11357,676,61131,60963,60963,168,920,0,3,0,0,11577,2.35,0.0,24.0,0.0,0.081,0.093,
2025-11-19,oracle,diag_lam0_sin_tope_hora,60.0,2.0,60.0,0.0,1.0,1000000.0,180.0,29261,6906,29261,6906,36167,22404,939,378,200817.89517595066,76182.70823143785,11454,677,38968,38444,38444,524,1740,8,1,0,0,11767,2.47,0.0,24.0,0.0,0.085,0.098,
2025-11-24,oracle,diag_lam0_sin_tope_hora,60.0,2.0,60.0,0.0,1.0,1000000.0,180.0,32018,6706,32018,6706,38724,19449,901,297,205636.7744075,69345.77305302501,11003,676,37993,37451,37451,542,1632,0,9,0,0,11318,2.42,0.0,24.0,0.0,0.083,0.093,
2025-09-03,oracle,diag_sin_tope_hora,60.0,2.0,60.0,60.0,1.0,1000000.0,180.0,9881,4286,10102,4286,14167,23299,560,501,132960.67355290294,80837.0764280535,547,361,2852,2805,2805,47,128,0,40,0,0,547,8.47,0.0,24.0,0.0,0.338,0.926,
2025-09-15,oracle,diag_sin_tope_hora,60.0,2.0,60.0,60.0,1.0,1000000.0,180.0,12083,4173,12083,4173,16256,14542,319,93,65673.81737583253,17258.819874404187,412,291,1572,1538,1538,34,54,1,0,0,0,412,7.44,0.0,24.0,0.0,0.297,0.563,
2025-09-26,oracle,diag_sin_tope_hora,60.0,2.0,60.0,60.0,1.0,1000000.0,180.0,19881,8800,19987,8800,28681,20981,629,427,189200.4024790678,77038.78848848867,543,352,2301,2155,2155,146,107,1,91,0,0,543,9.31,0.0,24.0,0.0,0.373,0.858,
2025-09-28,oracle,diag_sin_tope_hora,60.0,2.0,60.0,60.0,1.0,1000000.0,180.0,9455,1758,9455,1758,11213,13168,134,29,28901.72078550075,6701.759594605246,276,208,666,506,506,160,20,0,2,0,0,276,6.05,0.0,24.0,0.0,0.239,0.605,
2025-10-07,oracle,diag_sin_tope_hora,60.0,2.0,60.0,60.0,1.0,1000000.0,180.0,14088,3897,14148,3897,17985,23492,797,515,223702.33092771017,80786.62550208242,614,407,2817,2548,2548,269,171,0,103,0,0,614,11.19,0.0,24.0,0.0,0.448,0.9,
2025-10-11,oracle,diag_sin_tope_hora,60.0,2.0,60.0,60.0,1.0,1000000.0,180.0,4564,1790,4564,1790,6354,12498,59,35,14295.951223609578,6642.341483258208,125,107,413,387,387,26,3,0,0,0,0,125,4.94,0.0,24.0,0.0,0.193,0.323,
2025-10-13,oracle,diag_sin_tope_hora,60.0,2.0,60.0,60.0,1.0,1000000.0,180.0,13825,5502,13825,5502,19327,21865,783,621,165776.54683384375,103269.41042493524,600,404,2659,2550,2550,109,104,0,13,0,0,600,9.45,0.0,24.0,0.0,0.379,0.794,
2025-10-15,oracle,diag_sin_tope_hora,60.0,2.0,60.0,60.0,1.0,1000000.0,180.0,12808,4480,12808,4480,17288,23288,280,440,59361.32327059233,80205.88797606216,588,399,2762,2596,2596,166,141,0,0,0,0,588,9.37,0.0,24.0,0.0,0.376,0.896,
2025-10-22,oracle,diag_sin_tope_hora,60.0,2.0,60.0,60.0,1.0,1000000.0,180.0,14145,4499,14145,4499,18644,24533,623,638,160467.80651078923,123046.41446014002,589,395,2983,2763,2763,220,120,0,41,0,0,589,9.84,0.0,24.0,0.0,0.396,0.95,
2025-10-25,oracle,diag_sin_tope_hora,60.0,2.0,60.0,60.0,1.0,1000000.0,180.0,10785,3083,11205,3503,13868,13467,73,24,16667.789903069028,6101.469878354966,198,170,501,459,459,42,9,0,0,0,0,198,5.61,0.0,24.0,0.0,0.221,0.47,
2025-11-07,oracle,diag_sin_tope_hora,60.0,2.0,60.0,60.0,1.0,1000000.0,180.0,12813,2842,12813,2842,15655,21292,367,166,77549.74110409166,24942.629733231886,486,332,1998,1781,1781,217,110,0,2,0,0,486,8.91,0.0,24.0,0.0,0.357,0.813,
2025-11-12,oracle,diag_sin_tope_hora,60.0,2.0,60.0,60.0,1.0,1000000.0,180.0,14040,4375,14040,4375,18415,22632,562,562,141691.205042149,96496.00765902665,557,361,2577,2372,2372,205,123,0,47,0,0,558,9.88,0.0,24.0,0.0,0.397,0.942,
2025-11-15,oracle,diag_sin_tope_hora,60.0,2.0,60.0,60.0,1.0,1000000.0,180.0,6073,3617,6073,3617,9690,11983,132,39,26153.004069097813,8525.320673811066,184,141,728,682,682,46,21,0,0,0,0,184,5.13,0.0,24.0,0.0,0.201,0.368,
2025-11-19,oracle,diag_sin_tope_hora,60.0,2.0,60.0,60.0,1.0,1000000.0,180.0,15703,4496,15703,4496,20199,22404,553,574,119094.39361090925,94579.25762172572,619,398,2672,2420,2420,252,140,8,0,0,0,619,10.0,0.0,24.0,0.0,0.402,0.738,
2025-11-24,oracle,diag_sin_tope_hora,60.0,2.0,60.0,60.0,1.0,1000000.0,180.0,17879,3533,17879,3533,21412,19449,611,241,144396.22878793572,41777.05474571408,576,382,2409,2144,2144,265,124,0,25,0,0,576,7.79,0.0,24.0,0.0,0.31,0.658,
2025-09-03,oracle,diag_sin_topes,60.0,2.0,60.0,60.0,1.0,1000000.0,1000000.0,9856,4447,10075,4447,14303,23299,560,485,135789.86169863553,77671.71246843808,546,360,3042,2984,2984,58,141,0,44,0,0,546,8.7,0.0,24.0,0.0,0.348,0.944,
2025-09-15,oracle,diag_sin_topes,60.0,2.0,60.0,60.0,1.0,1000000.0,1000000.0,12116,4262,12116,4262,16378,14542,319,78,65678.27016713527,13863.30266315823,420,292,1722,1724,1722,-2,54,1,0,0,0,420,7.39,0.0,24.0,0.0,0.295,0.508,
2025-09-26,oracle,diag_sin_topes,60.0,2.0,60.0,60.0,1.0,1000000.0,1000000.0,20011,9089,20117,9089,29100,20981,610,460,194712.15140357456,83320.36370652741,557,352,2343,2209,2209,134,112,1,100,0,0,557,9.09,0.0,24.0,0.0,0.364,0.913,
2025-09-28,oracle,diag_sin_topes,60.0,2.0,60.0,60.0,1.0,1000000.0,1000000.0,9603,1759,9603,1759,11362,13168,136,28,29353.512315745018,6553.114340600864,282,207,672,522,522,150,20,0,2,0,0,282,6.29,0.0,24.0,0.0,0.249,0.61,
2025-10-07,oracle,diag_sin_topes,60.0,2.0,60.0,60.0,1.0,1000000.0,1000000.0,13826,4011,13886,4011,17837,23492,783,518,221714.78797903986,83119.35317504551,613,409,2777,2491,2491,286,171,0,100,0,0,613,10.88,0.0,24.0,0.0,0.439,0.823,
2025-10-11,oracle,diag_sin_topes,60.0,2.0,60.0,60.0,1.0,1000000.0,1000000.0,5061,1874,5061,1874,6935,12498,79,33,19566.888598138936,5645.569949991131,124,106,440,411,411,29,6,0,0,0,0,124,4.66,0.0,24.0,0.0,0.181,0.3,
2025-10-13,oracle,diag_sin_topes,60.0,2.0,60.0,60.0,1.0,1000000.0,1000000.0,14204,5371,14204,5371,19575,21865,767,609,149587.3768613795,101054.29143126609,594,401,2570,2464,2464,106,125,0,6,0,0,594,8.89,0.0,24.0,0.0,0.356,0.848,
2025-10-15,oracle,diag_sin_topes,60.0,2.0,60.0,60.0,1.0,1000000.0,1000000.0,12559,4289,12559,4289,16848,23288,260,433,54439.7213128999,77478.07939938594,594,399,2880,2677,2677,203,116,0,0,0,0,594,9.88,0.0,24.0,0.0,0.397,0.869,
2025-10-22,oracle,diag_sin_topes,60.0,2.0,60.0,60.0,1.0,1000000.0,1000000.0,13940,4551,13940,4551,18491,24533,630,614,164382.33325780815,116336.9509040365,588,398,2877,2641,2641,236,140,0,44,0,0,588,10.14,0.0,24.0,0.0,0.404,0.826,
2025-10-25,oracle,diag_sin_topes,60.0,2.0,60.0,60.0,1.0,1000000.0,1000000.0,10824,2996,11244,3416,13820,13467,77,22,16923.43731389853,5499.500501904694,198,172,463,429,429,34,10,0,0,0,0,198,5.21,0.0,24.0,0.0,0.204,0.394,
2025-11-07,oracle,diag_sin_topes,60.0,2.0,60.0,60.0,1.0,1000000.0,1000000.0,12738,2825,12738,2825,15563,21292,369,165,78925.79054218487,24250.643273574937,492,333,2128,1892,1892,236,123,0,2,0,0,492,8.43,0.0,24.0,0.0,0.337,0.767,
2025-11-12,oracle,diag_sin_topes,60.0,2.0,60.0,60.0,1.0,1000000.0,1000000.0,13939,4520,13939,4520,18459,22632,554,593,142503.49512485706,111206.39610986815,550,359,2623,2411,2411,212,104,0,53,0,0,551,10.18,0.0,24.0,0.0,0.41,0.823,
2025-11-15,oracle,diag_sin_topes,60.0,2.0,60.0,60.0,1.0,1000000.0,1000000.0,5694,3564,5694,3564,9258,11983,108,38,21733.429212150448,8412.723611676896,186,142,697,663,663,34,24,0,0,0,0,186,5.33,0.0,24.0,0.0,0.209,0.41,
2025-11-19,oracle,diag_sin_topes,60.0,2.0,60.0,60.0,1.0,1000000.0,1000000.0,15434,4475,15434,4475,19909,22404,484,584,99232.8153774833,101981.32453684931,603,397,2652,2364,2364,288,173,8,0,0,0,603,10.16,0.0,24.0,0.0,0.409,0.764,
2025-11-24,oracle,diag_sin_topes,60.0,2.0,60.0,60.0,1.0,1000000.0,1000000.0,17551,3650,17551,3650,21201,19449,585,264,138078.13590290415,45189.46512067779,578,382,2384,2076,2076,308,113,0,22,0,0,578,8.59,0.0,24.0,0.0,0.344,0.76,
2025-09-03,oracle,lambda,60.0,2.0,60.0,0.0,1.0,512.0,180.0,4827,2609,4989,2609,7436,23299,200,170,40762.9512965395,30617.735565626073,2803,620,10409,10283,10283,126,454,0,0,0,0,2818,3.53,0.0,24.0,0.0,0.132,0.228,
2025-09-15,oracle,lambda,60.0,2.0,60.0,0.0,1.0,512.0,180.0,8435,3674,8435,3674,12109,14542,126,81,24084.62210643452,14809.871459037928,2703,620,9734,9693,9693,41,239,1,0,0,0,2709,3.35,0.0,24.0,0.0,0.126,0.24,
2025-09-26,oracle,lambda,60.0,2.0,60.0,0.0,1.0,512.0,180.0,14074,6776,14154,6776,20850,20981,218,85,47924.585021002145,15993.810880232377,2842,637,9053,8915,8915,138,418,1,4,0,0,2855,3.92,0.0,24.0,0.0,0.148,0.347,
2025-09-28,oracle,lambda,60.0,2.0,60.0,0.0,1.0,512.0,180.0,6783,1876,6783,1876,8659,13168,186,56,39751.04034748133,10919.167435760235,2629,602,10974,10941,10941,33,147,0,2,0,0,2633,3.54,0.0,24.0,0.0,0.134,0.209,
2025-10-07,oracle,lambda,60.0,2.0,60.0,0.0,1.0,512.0,180.0,6714,1566,6774,1566,8280,23492,224,95,42855.35468453927,16140.367064172577,2829,645,9077,8952,8952,125,439,0,0,0,0,2837,3.89,0.0,24.0,0.0,0.146,0.365,
2025-10-11,oracle,lambda,60.0,2.0,60.0,0.0,1.0,512.0,180.0,4916,2045,4916,2045,6961,12498,155,82,34512.29828246093,16315.547720352886,2669,573,12616,12589,12589,27,187,0,0,0,0,2672,3.79,0.0,24.0,0.0,0.144,0.268,
2025-10-13,oracle,lambda,60.0,2.0,60.0,0.0,1.0,512.0,180.0,6890,2470,6890,2470,9360,21865,262,194,46222.15857819527,23803.46215989306,2836,640,9292,9169,9169,123,309,0,0,0,0,2845,3.73,0.0,24.0,0.0,0.141,0.472,
2025-10-15,oracle,lambda,60.0,2.0,60.0,0.0,1.0,512.0,180.0,6400,2422,6400,2422,8822,23288,265,138,50687.82777504642,24882.46007875207,2827,633,9313,9152,9152,161,451,0,0,0,0,2839,3.8,0.0,24.0,0.0,0.143,0.338,
2025-10-22,oracle,lambda,60.0,2.0,60.0,0.0,1.0,512.0,180.0,6551,1994,6551,1994,8545,24533,228,132,42842.579047917156,20043.726120685336,2778,641,8806,8685,8685,121,381,0,0,0,0,2789,3.48,0.0,24.0,0.0,0.13,0.426,
2025-10-25,oracle,lambda,60.0,2.0,60.0,0.0,1.0,512.0,180.0,7513,2694,7933,3114,10207,13467,136,60,28402.81050562016,11519.700792250713,2757,603,12373,12335,12335,38,174,0,0,0,0,2758,3.44,0.0,24.0,0.0,0.129,0.193,
2025-11-07,oracle,lambda,60.0,2.0,60.0,0.0,1.0,512.0,180.0,7977,2103,7977,2103,10080,21292,162,72,32545.5314887668,13857.649351849068,2740,625,8036,7893,7893,143,361,0,0,0,0,2744,3.75,0.0,24.0,0.0,0.141,0.379,
2025-11-12,oracle,lambda,60.0,2.0,60.0,0.0,1.0,512.0,180.0,7376,1947,7376,1947,9323,22632,244,109,45219.206320566605,21720.729408253166,2809,640,8471,8305,8305,166,420,0,0,0,0,2821,3.63,0.0,24.0,0.0,0.136,0.343,
2025-11-15,oracle,lambda,60.0,2.0,60.0,0.0,1.0,512.0,180.0,5590,3632,5590,3632,9222,11983,145,76,30965.300310380844,16447.476415416302,2688,588,12391,12367,12367,24,188,0,1,0,0,2691,3.61,0.0,24.0,0.0,0.136,0.201,
2025-11-19,oracle,lambda,60.0,2.0,60.0,0.0,1.0,512.0,180.0,8894,1939,8894,1939,10833,22404,250,75,48260.21738672432,11222.83567528852,2781,635,7481,7304,7304,177,383,8,0,0,0,2793,4.01,0.0,24.0,0.0,0.152,0.514,
2025-11-24,oracle,lambda,60.0,2.0,60.0,0.0,1.0,512.0,180.0,10731,2222,10731,2222,12953,19449,219,107,51331.54255247211,24847.631926672053,2855,656,8254,8067,8067,187,325,0,1,0,0,2864,4.18,0.0,24.0,0.0,0.159,0.507,
2025-09-03,oracle,lambda,60.0,2.0,60.0,5.0,1.0,512.0,180.0,3414,1611,3596,1611,5025,23299,132,66,25660.946705488022,15593.524182172723,1548,500,4365,4185,4185,180,444,0,0,0,0,1559,4.22,0.0,24.0,0.0,0.161,0.263,
2025-09-15,oracle,lambda,60.0,2.0,60.0,5.0,1.0,512.0,180.0,6113,2655,6113,2655,8768,14542,71,32,12930.239121710169,4946.836291358751,1145,425,2143,2083,2083,60,152,1,0,0,0,1147,5.83,0.0,24.0,0.0,0.229,0.772,
2025-09-26,oracle,lambda,60.0,2.0,60.0,5.0,1.0,512.0,180.0,11722,5994,11802,5994,17716,20981,142,40,26000.02147861194,8474.467903685456,1663,506,3173,2989,2989,184,390,1,0,0,0,1678,7.01,0.0,24.0,0.0,0.278,1.053,
2025-09-28,oracle,lambda,60.0,2.0,60.0,5.0,1.0,512.0,180.0,4374,943,4374,943,5317,13168,65,7,17574.23203144095,1529.4601916855104,906,366,1312,1264,1264,48,67,0,2,0,0,909,7.2,0.0,24.0,0.0,0.287,0.74,
2025-10-07,oracle,lambda,60.0,2.0,60.0,5.0,1.0,512.0,180.0,4488,916,4548,916,5404,23492,148,46,25772.590796193683,9458.190202247511,1840,554,3822,3624,3624,198,400,0,0,0,0,1847,6.33,0.0,24.0,0.0,0.249,0.551,
2025-10-11,oracle,lambda,60.0,2.0,60.0,5.0,1.0,512.0,180.0,1732,783,1732,783,2515,12498,29,6,5337.1968953336245,823.8788979149649,513,248,1326,1288,1288,38,68,0,0,0,0,515,4.7,0.0,24.0,0.0,0.182,0.57,
2025-10-13,oracle,lambda,60.0,2.0,60.0,5.0,1.0,512.0,180.0,5043,1737,5043,1737,6780,21865,133,72,26452.634098095055,13882.041926509575,1825,547,3727,3585,3585,142,394,0,0,0,0,1839,7.25,0.0,24.0,0.0,0.288,0.776,
2025-10-15,oracle,lambda,60.0,2.0,60.0,5.0,1.0,512.0,180.0,4901,1577,4901,1577,6478,23288,175,59,30155.96189202912,13639.133223421277,1843,556,3973,3783,3783,190,536,0,0,0,0,1858,6.39,0.0,24.0,0.0,0.252,0.76,
2025-10-22,oracle,lambda,60.0,2.0,60.0,5.0,1.0,512.0,180.0,5229,1761,5229,1761,6990,24533,175,75,29658.647510663926,12538.578773460707,1867,554,4012,3818,3818,194,546,0,0,0,0,1882,6.42,0.0,24.0,0.0,0.253,0.718,
2025-10-25,oracle,lambda,60.0,2.0,60.0,5.0,1.0,512.0,180.0,4986,1733,5406,2153,6719,13467,32,10,6981.742345164183,1799.6354334611335,789,366,1610,1583,1583,27,41,0,0,0,0,790,5.25,0.0,24.0,0.0,0.205,0.741,
2025-11-07,oracle,lambda,60.0,2.0,60.0,5.0,1.0,512.0,180.0,6352,1534,6352,1534,7886,21292,116,38,23820.640660132816,7769.967097774291,1653,494,2953,2829,2829,124,298,0,0,0,0,1655,8.33,0.0,24.0,0.0,0.333,1.775,
2025-11-12,oracle,lambda,60.0,2.0,60.0,5.0,1.0,512.0,180.0,6031,1494,6031,1494,7525,22632,129,53,25145.460839363193,11712.044612729222,1790,536,3710,3504,3504,206,456,0,0,0,0,1804,10.68,0.0,24.0,0.0,0.43,3.531,
2025-11-15,oracle,lambda,60.0,2.0,60.0,5.0,1.0,512.0,180.0,3111,2444,3111,2444,5555,11983,66,27,13179.909126478442,5959.954921040249,628,300,1472,1427,1427,45,63,0,0,0,0,629,4.78,0.0,24.0,0.0,0.186,0.427,
2025-11-19,oracle,lambda,60.0,2.0,60.0,5.0,1.0,512.0,180.0,7009,1881,7009,1881,8890,22404,142,65,25972.3753335408,12672.500900703237,1955,563,3662,3480,3480,182,470,8,0,0,0,1978,6.82,0.0,24.0,0.0,0.27,0.61,
2025-11-24,oracle,lambda,60.0,2.0,60.0,5.0,1.0,512.0,180.0,8774,1819,8774,1819,10593,19449,144,76,35716.689588882444,19076.69673766956,1928,563,3463,3269,3269,194,338,0,0,0,0,1940,6.51,0.0,24.0,0.0,0.256,0.789,
2025-09-03,oracle,lambda,60.0,2.0,60.0,15.0,1.0,512.0,180.0,3515,1848,3697,1848,5363,23299,138,93,24384.882398944195,19100.64215511495,1213,483,4095,3922,3922,173,391,0,0,0,0,1214,5.7,0.0,24.0,0.0,0.223,0.354,
2025-09-15,oracle,lambda,60.0,2.0,60.0,15.0,1.0,512.0,180.0,6790,2716,6790,2716,9506,14542,71,32,12259.963443392142,5426.113265869284,927,397,2056,1988,1988,68,152,1,0,0,0,927,4.85,0.0,24.0,0.0,0.189,0.303,
2025-09-26,oracle,lambda,60.0,2.0,60.0,15.0,1.0,512.0,180.0,12117,6029,12197,6029,18146,20981,132,40,24714.391260607263,7931.842457705507,1284,485,3041,2836,2836,205,313,1,0,0,0,1289,7.1,0.0,24.0,0.0,0.282,0.567,
2025-09-28,oracle,lambda,60.0,2.0,60.0,15.0,1.0,512.0,180.0,4757,924,4757,924,5681,13168,76,4,19750.4997551919,1151.472605902412,717,345,1177,1125,1125,52,44,0,2,0,0,718,8.92,0.0,24.0,0.0,0.358,0.825,
2025-10-07,oracle,lambda,60.0,2.0,60.0,15.0,1.0,512.0,180.0,5080,997,5140,997,6077,23492,213,42,34112.021334493635,7008.122781985065,1395,537,3713,3513,3513,200,333,0,0,0,0,1397,7.07,0.0,24.0,0.0,0.28,0.518,
2025-10-11,oracle,lambda,60.0,2.0,60.0,15.0,1.0,512.0,180.0,1819,809,1819,809,2628,12498,20,8,4305.617514043742,1851.499360333872,414,230,1062,1036,1036,26,44,0,0,0,0,415,5.37,0.0,24.0,0.0,0.211,0.401,
2025-10-13,oracle,lambda,60.0,2.0,60.0,15.0,1.0,512.0,180.0,5355,1679,5355,1679,7034,21865,198,67,32810.88360524158,7840.275836334008,1399,522,3322,3131,3131,191,313,0,0,0,0,1401,10.78,0.0,24.0,1.0,0.435,4.046,
2025-10-15,oracle,lambda,60.0,2.0,60.0,15.0,1.0,512.0,180.0,4888,1790,4888,1790,6678,23288,160,109,27691.43860864779,18034.41521474347,1356,530,3905,3665,3665,240,441,0,0,0,0,1357,6.24,0.0,24.0,0.0,0.245,0.43,
2025-10-22,oracle,lambda,60.0,2.0,60.0,15.0,1.0,512.0,180.0,5605,1872,5605,1872,7477,24533,195,125,31723.961190649756,16524.688738694083,1410,530,3771,3560,3560,211,374,0,0,0,0,1415,7.24,0.0,24.0,0.0,0.282,0.616,
2025-10-25,oracle,lambda,60.0,2.0,60.0,15.0,1.0,512.0,180.0,5547,1891,5967,2311,7438,13467,31,11,6285.553127322969,2552.6976577187193,594,339,1285,1254,1254,31,40,0,0,0,0,594,5.93,0.0,24.0,0.0,0.234,0.511,
2025-11-07,oracle,lambda,60.0,2.0,60.0,15.0,1.0,512.0,180.0,6909,1529,6909,1529,8438,21292,106,29,20386.111176240633,6206.994197898575,1219,468,2774,2608,2608,166,240,0,0,0,0,1222,7.67,0.0,24.0,0.0,0.305,0.59,
2025-11-12,oracle,lambda,60.0,2.0,60.0,15.0,1.0,512.0,180.0,6700,1559,6700,1559,8259,22632,163,87,29996.90016370801,11637.423142058253,1339,511,3574,3353,3353,221,366,0,0,0,0,1342,7.42,0.0,24.0,0.0,0.295,0.515,
2025-11-15,oracle,lambda,60.0,2.0,60.0,15.0,1.0,512.0,180.0,3531,2444,3531,2444,5975,11983,86,27,16435.376214569213,5586.706221840841,468,273,1227,1177,1177,50,42,0,0,0,0,468,6.15,0.0,24.0,0.0,0.243,0.49,
2025-11-19,oracle,lambda,60.0,2.0,60.0,15.0,1.0,512.0,180.0,7744,1801,7744,1801,9545,22404,308,60,53827.251824997256,10336.117902264728,1374,528,3415,3117,3117,298,375,8,0,0,0,1377,6.52,0.0,24.0,0.0,0.256,0.432,
2025-11-24,oracle,lambda,60.0,2.0,60.0,15.0,1.0,512.0,180.0,9369,1666,9369,1666,11035,19449,213,66,40761.210909951056,16787.10983326402,1428,530,3173,2928,2928,245,278,0,2,0,0,1431,7.29,0.0,24.0,0.0,0.289,0.557,
2025-09-03,oracle,lambda,60.0,2.0,60.0,30.0,1.0,512.0,180.0,4793,2603,4975,2603,7396,23299,170,298,28743.1242633723,42289.7693737822,874,438,3644,3568,3568,76,256,0,0,0,0,874,6.61,0.0,24.0,0.0,0.261,0.538,
2025-09-15,oracle,lambda,60.0,2.0,60.0,30.0,1.0,512.0,180.0,8363,3058,8363,3058,11421,14542,100,35,17029.415662163607,5960.352213770482,674,360,1898,1888,1888,10,105,1,0,0,0,674,6.28,0.0,24.0,0.0,0.248,0.399,
2025-09-26,oracle,lambda,60.0,2.0,60.0,30.0,1.0,512.0,180.0,14396,6181,14502,6181,20577,20981,262,40,50318.5323583264,7887.998784811336,880,439,2703,2487,2487,216,241,1,0,0,0,880,7.28,0.0,24.0,0.0,0.289,0.501,
2025-09-28,oracle,lambda,60.0,2.0,60.0,30.0,1.0,512.0,180.0,6391,1117,6391,1117,7508,13168,95,11,23327.1850348978,3050.4209697652677,503,292,966,890,890,76,18,0,2,0,0,504,7.89,0.0,24.0,0.0,0.316,0.488,
2025-10-07,oracle,lambda,60.0,2.0,60.0,30.0,1.0,512.0,180.0,7192,2105,7256,2105,9297,23492,371,204,70460.54338593691,28508.245851119704,1008,488,3417,3146,3146,271,330,0,2,0,0,1008,6.69,0.0,24.0,0.0,0.264,0.523,
2025-10-11,oracle,lambda,60.0,2.0,60.0,30.0,1.0,512.0,180.0,2204,923,2204,923,3127,12498,24,8,5609.526505840107,1901.219184398895,265,185,723,690,690,33,25,0,0,0,0,265,6.21,0.0,24.0,0.0,0.245,0.487,
2025-10-13,oracle,lambda,60.0,2.0,60.0,30.0,1.0,512.0,180.0,7185,2602,7185,2602,9787,21865,331,278,54195.648837823115,35560.00682126991,967,481,3028,2882,2882,146,220,0,0,0,0,968,7.03,0.0,24.0,0.0,0.278,0.559,
2025-10-15,oracle,lambda,60.0,2.0,60.0,30.0,1.0,512.0,180.0,7892,3049,7892,3049,10941,23288,178,322,28506.076018428674,51974.72927405316,1008,487,3721,3471,3471,250,285,0,0,0,0,1009,6.88,0.0,24.0,0.0,0.272,0.46,
2025-10-22,oracle,lambda,60.0,2.0,60.0,30.0,1.0,512.0,180.0,7827,2946,7827,2946,10773,24533,275,369,48522.80017891047,63435.4313421583,950,475,3375,3107,3107,268,282,0,0,0,0,950,6.93,0.0,24.0,0.0,0.274,0.547,
2025-10-25,oracle,lambda,60.0,2.0,60.0,30.0,1.0,512.0,180.0,6837,2275,7257,2695,9112,13467,25,9,5620.673441915825,1694.1579099307185,392,269,921,884,884,37,42,0,0,0,0,392,7.38,0.0,24.0,0.0,0.294,0.765,
2025-11-07,oracle,lambda,60.0,2.0,60.0,30.0,1.0,512.0,180.0,8472,1900,8472,1900,10372,21292,165,37,37378.91197340278,6927.910771879607,803,410,2610,2332,2332,278,188,0,2,0,0,803,6.43,0.0,24.0,0.0,0.254,0.471,
2025-11-12,oracle,lambda,60.0,2.0,60.0,30.0,1.0,512.0,180.0,8775,2591,8775,2591,11366,22632,225,331,47369.39057863033,50871.43403291035,937,464,3232,2955,2955,277,281,0,0,0,0,938,6.16,0.0,24.0,0.0,0.242,0.477,
2025-11-15,oracle,lambda,60.0,2.0,60.0,30.0,1.0,512.0,180.0,3947,2933,3947,2933,6880,11983,62,28,14382.06635827278,6150.632367103611,304,204,989,956,956,33,19,0,0,0,0,304,6.54,0.0,24.0,0.0,0.259,0.602,
2025-11-19,oracle,lambda,60.0,2.0,60.0,30.0,1.0,512.0,180.0,9267,2455,9267,2455,11722,22404,184,148,27862.80012393269,21846.864188188814,970,481,3124,2785,2785,339,299,8,0,0,0,970,7.01,0.0,24.0,0.0,0.278,0.568,
2025-11-24,oracle,lambda,60.0,2.0,60.0,30.0,1.0,512.0,180.0,11295,2014,11295,2014,13309,19449,240,101,46491.57918667969,18482.44930345564,965,475,2866,2529,2529,337,231,0,1,0,0,966,8.03,0.0,24.0,0.0,0.32,0.502,
2025-09-03,oracle,lambda,60.0,2.0,60.0,60.0,1.0,512.0,180.0,9192,4496,9374,4496,13688,23299,510,493,106119.21651509804,79118.36743323447,546,361,3105,3040,3040,65,129,0,6,0,0,546,7.62,0.0,24.0,0.0,0.303,0.53,
2025-09-15,oracle,lambda,60.0,2.0,60.0,60.0,1.0,512.0,180.0,12023,4024,12023,4024,16047,14542,322,84,66552.64213936904,14559.757414737443,408,292,1676,1655,1655,21,56,1,0,0,0,408,6.1,0.0,24.0,0.0,0.241,0.431,
2025-09-26,oracle,lambda,60.0,2.0,60.0,60.0,1.0,512.0,180.0,19952,8834,20058,8834,28786,20981,629,429,193538.57883344853,77989.56481170477,535,352,2222,2047,2047,175,120,1,96,0,0,535,6.99,0.0,24.0,0.0,0.276,0.484,
2025-09-28,oracle,lambda,60.0,2.0,60.0,60.0,1.0,512.0,180.0,9638,1802,9638,1802,11440,13168,141,37,31072.936675331788,8556.785276945515,279,207,667,505,505,162,21,0,1,0,0,279,6.37,0.0,24.0,0.0,0.252,0.532,
2025-10-07,oracle,lambda,60.0,2.0,60.0,60.0,1.0,512.0,180.0,14537,3857,14597,3857,18394,23492,827,496,231872.14051668445,80171.98694527647,619,407,2813,2538,2538,275,179,0,104,0,0,619,7.68,0.0,24.0,0.0,0.305,0.561,
2025-10-11,oracle,lambda,60.0,2.0,60.0,60.0,1.0,512.0,180.0,5022,1838,5022,1838,6860,12498,81,25,19033.22795086175,3943.382163473104,128,111,546,525,525,21,13,0,0,0,0,128,6.04,0.0,24.0,0.0,0.239,0.573,
2025-10-13,oracle,lambda,60.0,2.0,60.0,60.0,1.0,512.0,180.0,14389,5419,14389,5419,19808,21865,820,608,173582.82871358364,95722.6646591308,592,406,2694,2599,2599,95,111,0,14,0,0,592,6.98,0.0,24.0,0.0,0.276,0.511,
2025-10-15,oracle,lambda,60.0,2.0,60.0,60.0,1.0,512.0,180.0,12770,4015,12770,4015,16785,23288,295,422,58849.301013111464,74267.97017557124,590,401,2882,2719,2719,163,154,0,0,0,0,590,6.78,0.0,24.0,0.0,0.268,0.467,
2025-10-22,oracle,lambda,60.0,2.0,60.0,60.0,1.0,512.0,180.0,14000,4586,14000,4586,18586,24533,604,650,138562.8090307755,122586.69448027636,591,394,2857,2651,2651,206,128,0,19,0,0,591,7.23,0.0,24.0,0.0,0.287,0.478,
2025-10-25,oracle,lambda,60.0,2.0,60.0,60.0,1.0,512.0,180.0,11103,3073,11523,3493,14176,13467,80,23,19115.09122171267,5781.356759353513,193,169,522,494,494,28,14,0,0,0,0,193,6.51,0.0,24.0,0.0,0.258,0.499,
2025-11-07,oracle,lambda,60.0,2.0,60.0,60.0,1.0,512.0,180.0,12752,2684,12752,2684,15436,21292,374,160,79980.83085839578,23963.839918668305,486,333,2099,1900,1900,199,110,0,2,0,0,486,6.44,0.0,24.0,0.0,0.254,0.425,
2025-11-12,oracle,lambda,60.0,2.0,60.0,60.0,1.0,512.0,180.0,14049,4362,14049,4362,18411,22632,590,567,147210.47062985433,103985.49193287184,555,358,2491,2294,2294,197,122,0,54,0,0,556,6.9,0.0,24.0,0.0,0.273,0.626,
2025-11-15,oracle,lambda,60.0,2.0,60.0,60.0,1.0,512.0,180.0,5655,3631,5655,3631,9286,11983,103,39,21912.856740605013,7380.642785214217,183,141,695,663,663,32,23,0,0,0,0,183,6.09,0.0,24.0,0.0,0.241,0.477,
2025-11-19,oracle,lambda,60.0,2.0,60.0,60.0,1.0,512.0,180.0,15920,4763,15920,4763,20683,22404,563,595,121998.82812346844,103746.60099662843,614,398,2572,2315,2315,257,145,8,1,0,0,614,7.46,0.0,24.0,0.0,0.296,0.52,
2025-11-24,oracle,lambda,60.0,2.0,60.0,60.0,1.0,512.0,180.0,17565,3397,17565,3397,20962,19449,580,233,136582.22910796822,39443.88518953648,573,386,2421,2150,2150,271,115,0,22,0,0,573,7.39,0.0,24.0,0.0,0.294,0.512,
2025-09-03,oracle,lambda,60.0,2.0,60.0,120.0,1.0,512.0,180.0,30338,14860,30982,14860,45198,23299,1716,2156,492991.95610323147,519619.45821916,143,125,1545,1539,1539,6,8,0,164,0,0,143,7.76,0.0,24.0,0.0,0.308,0.6,
2025-09-15,oracle,lambda,60.0,2.0,60.0,120.0,1.0,512.0,180.0,35648,11843,35648,11843,47491,14542,1142,797,346522.0273385312,166351.47521524903,89,84,704,701,701,3,3,1,111,0,0,89,7.72,0.0,24.0,0.0,0.307,0.526,
2025-09-26,oracle,lambda,60.0,2.0,60.0,120.0,1.0,512.0,180.0,47542,17253,47777,17253,64795,20981,2183,1639,868467.2998957541,397190.63315299817,150,127,984,972,972,12,12,1,493,0,0,152,7.28,0.0,24.0,0.0,0.289,0.526,
2025-09-28,oracle,lambda,60.0,2.0,60.0,120.0,1.0,512.0,180.0,34668,3296,34668,3296,37964,13168,816,220,253983.1658472796,46975.78822903412,30,30,96,96,96,0,0,0,93,0,0,30,8.29,0.0,24.0,0.0,0.332,0.513,
2025-10-07,oracle,lambda,60.0,2.0,60.0,120.0,1.0,512.0,180.0,50736,15563,51133,15563,66299,23492,3135,2533,1287103.7549472875,636660.1198234442,136,123,1140,1102,1102,38,46,0,861,0,0,137,8.11,0.0,24.0,0.0,0.323,0.571,
2025-10-11,oracle,lambda,60.0,2.0,60.0,120.0,1.0,512.0,180.0,10723,3506,10723,3506,14229,12498,156,93,36146.355978149135,20562.820749586997,11,10,63,64,63,-1,1,0,0,0,0,11,4.96,0.0,24.0,0.0,0.193,0.31,
2025-10-13,oracle,lambda,60.0,2.0,60.0,120.0,1.0,512.0,180.0,50525,16071,50525,16071,66596,21865,2715,2103,1051364.571036016,528186.6864485173,121,101,1083,1059,1059,24,28,0,613,0,0,122,7.49,0.0,24.0,0.0,0.297,0.492,
2025-10-15,oracle,lambda,60.0,2.0,60.0,120.0,1.0,512.0,180.0,48620,17105,48620,17105,65725,23288,2563,2460,963380.391752172,655707.6797789757,119,103,1040,1055,1040,-15,21,0,492,0,0,119,7.45,0.0,24.0,0.0,0.296,0.579,
2025-10-22,oracle,lambda,60.0,2.0,60.0,120.0,1.0,512.0,180.0,47730,17018,47730,17018,64748,24533,2967,2765,1136561.4034706503,700748.5688090583,115,104,1108,1092,1092,16,20,0,649,0,0,116,6.03,0.0,24.0,0.0,0.236,0.416,
2025-10-25,oracle,lambda,60.0,2.0,60.0,120.0,1.0,512.0,180.0,23889,4588,24309,5008,28477,13467,193,45,47690.87947414828,10092.863704334732,19,19,76,76,76,0,0,0,5,0,0,19,6.46,0.0,24.0,0.0,0.256,0.448,
2025-11-07,oracle,lambda,60.0,2.0,60.0,120.0,1.0,512.0,180.0,45361,10589,45361,10589,55950,21292,2446,1283,1018272.5857338372,270005.9838796264,103,92,803,781,781,22,22,0,668,0,0,103,6.53,0.0,24.0,0.0,0.258,0.537,
2025-11-12,oracle,lambda,60.0,2.0,60.0,120.0,1.0,512.0,180.0,45432,14519,45432,14519,59951,22632,2601,2326,998719.4714917032,599999.5085882,116,107,1062,1067,1062,-5,19,0,563,0,0,117,6.15,0.0,24.0,0.0,0.242,0.546,
2025-11-15,oracle,lambda,60.0,2.0,60.0,120.0,1.0,512.0,180.0,14329,6627,14329,6627,20956,11983,318,173,77439.5670894167,40968.27495971279,24,23,79,79,79,0,0,0,0,0,0,24,5.33,0.0,24.0,0.0,0.209,0.419,
2025-11-19,oracle,lambda,60.0,2.0,60.0,120.0,1.0,512.0,180.0,57557,15479,57557,15479,73036,22404,2982,2269,1141929.062871923,543716.3538561298,116,104,991,976,976,15,19,8,687,0,0,117,7.68,0.0,24.0,0.0,0.305,0.56,
2025-11-24,oracle,lambda,60.0,2.0,60.0,120.0,1.0,512.0,180.0,57188,12128,57188,12128,69316,19449,2717,1321,1152799.918052178,282931.71867398603,129,118,914,905,905,9,17,0,756,0,0,129,7.27,0.0,24.0,0.0,0.288,0.531,
2025-09-03,oracle,lambda,60.0,2.0,60.0,240.0,1.0,512.0,180.0,52307,29199,53081,29199,81506,23299,4079,4263,2384843.3015912375,1655494.038390909,0,0,0,0,0,0,0,0,1792,0,0,0,5.41,0.0,24.0,0.0,0.21,0.364,
2025-09-15,oracle,lambda,60.0,2.0,60.0,240.0,1.0,512.0,180.0,49135,19727,49135,19727,68862,14542,2097,1596,887461.5434024243,432140.92819212127,0,0,0,0,0,0,0,1,608,0,0,0,5.42,0.0,24.0,0.0,0.212,0.393,
2025-09-26,oracle,lambda,60.0,2.0,60.0,240.0,1.0,512.0,180.0,63733,26672,64149,26672,90405,20981,3671,2809,1833294.393135716,908843.6736545236,0,0,0,0,0,0,0,1,1285,0,0,0,5.41,0.0,24.0,0.0,0.211,0.37,
2025-09-28,oracle,lambda,60.0,2.0,60.0,240.0,1.0,512.0,180.0,39123,4395,39123,4395,43518,13168,1086,267,376159.44058832695,59346.85193251935,0,0,0,0,0,0,0,0,196,0,0,0,8.04,0.0,24.0,0.0,0.322,0.434,
2025-10-07,oracle,lambda,60.0,2.0,60.0,240.0,1.0,512.0,180.0,68550,26368,68947,26368,94918,23492,4798,4011,2736697.3644229276,1402414.0580521408,0,0,0,0,0,0,0,0,2030,0,0,0,5.97,0.0,24.0,0.0,0.233,0.43,
2025-10-11,oracle,lambda,60.0,2.0,60.0,240.0,1.0,512.0,180.0,11598,3933,11598,3933,15531,12498,192,124,47161.0184321368,29469.429121625868,0,0,0,0,0,0,0,0,0,0,0,0,5.31,0.0,24.0,0.0,0.208,0.406,
2025-10-13,oracle,lambda,60.0,2.0,60.0,240.0,1.0,512.0,180.0,66439,26258,66439,26258,92697,21865,4249,3565,2206890.637849681,1253012.9018471858,0,0,0,0,0,0,0,0,1640,0,0,0,5.95,0.0,24.0,0.0,0.232,0.449,
2025-10-15,oracle,lambda,60.0,2.0,60.0,240.0,1.0,512.0,180.0,66077,27070,66077,27070,93147,23288,4391,3885,2321445.631170107,1438544.590444354,0,0,0,0,0,0,0,0,1668,0,0,0,4.94,0.0,24.0,0.0,0.19,0.262,
2025-10-22,oracle,lambda,60.0,2.0,60.0,240.0,1.0,512.0,180.0,65399,26703,65399,26703,92102,24533,4658,4136,2651197.8299173955,1471207.3803366744,0,0,0,0,0,0,0,0,1897,0,0,0,5.26,0.0,24.0,0.0,0.204,0.369,
2025-10-25,oracle,lambda,60.0,2.0,60.0,240.0,1.0,512.0,180.0,25710,5071,26130,5491,30781,13467,216,61,55261.628576564966,13515.917519860115,0,0,0,0,0,0,0,0,8,0,0,0,6.0,0.0,24.0,0.0,0.237,0.336,
2025-11-07,oracle,lambda,60.0,2.0,60.0,240.0,1.0,512.0,180.0,58848,17894,58848,17894,76742,21292,3703,2368,1819887.983497291,671458.2591432856,0,0,0,0,0,0,0,0,1351,0,0,0,5.43,0.0,24.0,0.0,0.212,0.363,
2025-11-12,oracle,lambda,60.0,2.0,60.0,240.0,1.0,512.0,180.0,61932,24545,61932,24545,86477,22632,4220,3767,2346174.7611612757,1320789.358817902,0,0,0,0,0,0,0,0,1725,0,0,0,5.72,0.0,24.0,0.0,0.223,0.417,
2025-11-15,oracle,lambda,60.0,2.0,60.0,240.0,1.0,512.0,180.0,17723,7815,17723,7815,25538,11983,438,319,113991.18843269456,78411.02888131245,0,0,0,0,0,0,0,0,4,0,0,0,6.64,0.0,24.0,0.0,0.264,0.375,
2025-11-19,oracle,lambda,60.0,2.0,60.0,240.0,1.0,512.0,180.0,74780,23509,74780,23509,98289,22404,4839,3336,2732798.909811356,1100220.238802975,0,0,0,0,0,0,0,8,2020,0,0,0,5.2,0.0,24.0,0.0,0.201,0.417,
2025-11-24,oracle,lambda,60.0,2.0,60.0,240.0,1.0,512.0,180.0,75511,21127,75511,21127,96638,19449,4184,2500,2366279.37873748,756000.3279402957,0,0,0,0,0,0,0,0,1732,0,0,0,5.02,0.0,24.0,0.0,0.195,0.368,
2025-09-03,ma,sens_bodega0,60.0,3.0,60.0,60.0,1.0,512.0,0.0,12357,4617,12477,4617,16974,23299,982,625,203650.12705722128,108380.63090403515,780,443,3272,3135,3135,137,253,0,18,0,0,780,7.83,0.0,24.0,0.0,0.311,0.564,
2025-09-15,ma,sens_bodega0,60.0,3.0,60.0,60.0,1.0,512.0,0.0,14811,3498,14811,3498,18309,14542,733,90,213544.65007149166,16244.990669130962,605,394,2249,1932,1932,317,403,1,66,0,0,609,9.01,0.0,24.0,0.0,0.361,0.654,
2025-09-26,ma,sens_bodega0,60.0,3.0,60.0,60.0,1.0,512.0,0.0,23730,9668,23890,9668,33398,20981,933,316,211621.0082279649,70874.53328639927,732,405,2789,2539,2539,250,278,1,18,0,0,740,8.72,0.0,24.0,0.0,0.349,0.657,
2025-09-28,ma,sens_bodega0,60.0,3.0,60.0,60.0,1.0,512.0,0.0,14455,1721,14455,1721,16176,13168,407,36,82624.24681558718,8274.75226295913,430,284,930,890,890,40,42,0,0,0,0,430,10.55,0.0,24.0,0.0,0.427,0.799,
2025-10-07,ma,sens_bodega0,60.0,3.0,60.0,60.0,1.0,512.0,0.0,17072,2946,17226,2946,20018,23492,1275,298,301689.6044857475,47210.958868649555,805,459,2997,2785,2785,212,248,0,74,0,0,808,8.12,0.0,24.0,0.0,0.324,0.688,
2025-10-11,ma,sens_bodega0,60.0,3.0,60.0,60.0,1.0,512.0,0.0,5215,2315,5215,2315,7530,12498,124,56,28509.463866908012,10290.881156250696,205,152,527,509,509,18,20,0,0,0,0,205,7.98,0.0,24.0,0.0,0.319,0.716,
2025-10-13,ma,sens_bodega0,60.0,3.0,60.0,60.0,1.0,512.0,0.0,17275,4253,17275,4253,21528,21865,1570,455,426733.325839438,73295.94558214255,840,468,3284,3114,3114,170,238,0,152,0,0,840,8.04,0.0,24.0,0.0,0.32,0.528,
2025-10-15,ma,sens_bodega0,60.0,3.0,60.0,60.0,1.0,512.0,0.0,16561,4526,16561,4526,21087,23288,1257,466,325578.29181003984,77204.07984085397,827,470,3212,3044,3044,168,232,0,73,0,0,827,8.43,0.0,24.0,0.0,0.337,0.625,
2025-10-22,ma,sens_bodega0,60.0,3.0,60.0,60.0,1.0,512.0,0.0,16300,3896,16300,3896,20196,24533,1264,422,283160.90075276466,65005.644955683405,814,451,3267,3106,3106,161,233,0,45,0,0,815,8.46,0.0,24.0,0.0,0.337,0.589,
2025-10-25,ma,sens_bodega0,60.0,3.0,60.0,60.0,1.0,512.0,0.0,10542,2865,10962,3285,13407,13467,187,28,37215.90810957307,5755.491900945386,372,267,819,784,784,35,35,0,0,0,0,372,9.92,0.0,24.0,0.0,0.4,0.883,
2025-11-07,ma,sens_bodega0,60.0,3.0,60.0,60.0,1.0,512.0,0.0,17323,2557,17323,2557,19880,21292,1170,124,345399.1904553222,21136.114447944063,744,417,2570,2224,2224,346,422,0,153,0,0,746,8.06,0.0,24.0,0.0,0.322,0.575,
2025-11-12,ma,sens_bodega0,60.0,3.0,60.0,60.0,1.0,512.0,0.0,17837,3929,17837,3929,21766,22632,1202,487,318291.94757099665,83789.89149893782,764,426,2966,2791,2791,175,217,0,87,0,0,764,8.42,0.0,24.0,0.0,0.336,0.69,
2025-11-15,ma,sens_bodega0,60.0,3.0,60.0,60.0,1.0,512.0,0.0,7138,4102,7138,4102,11240,11983,248,77,49234.3479005638,16877.145210644958,284,212,843,807,807,36,40,0,0,0,0,285,9.63,0.0,24.0,0.0,0.388,0.939,
2025-11-19,ma,sens_bodega0,60.0,3.0,60.0,60.0,1.0,512.0,0.0,22161,3868,22161,3868,26029,22404,1508,315,489992.6907693347,49976.30715166827,869,476,2983,2679,2679,304,350,8,259,0,0,875,7.98,0.0,24.0,0.0,0.318,0.588,
2025-11-24,ma,sens_bodega0,60.0,3.0,60.0,60.0,1.0,512.0,0.0,23941,3396,23941,3396,27337,19449,1579,192,468312.2955665069,40014.55527657255,886,486,3065,2739,2739,326,392,0,192,0,0,892,9.26,0.0,24.0,0.0,0.372,0.598,
2025-09-03,oracle,sens_bodega0,60.0,3.0,60.0,60.0,1.0,512.0,0.0,6586,4069,6776,4069,10655,23299,399,493,66346.5891094121,73512.48115620462,594,373,2735,2661,2661,74,212,0,2,0,0,594,7.83,0.0,24.0,0.0,0.312,0.496,
2025-09-15,oracle,sens_bodega0,60.0,3.0,60.0,60.0,1.0,512.0,0.0,10668,3552,10668,3552,14220,14542,313,62,62559.687237225044,11016.996607671472,471,307,1725,1692,1692,33,81,1,0,0,0,471,7.2,0.0,24.0,0.0,0.286,0.56,
2025-09-26,oracle,sens_bodega0,60.0,3.0,60.0,60.0,1.0,512.0,0.0,19007,7681,19067,7681,26688,20981,687,158,198461.91755616112,30399.611568714754,610,367,2404,2286,2286,118,180,1,73,0,0,611,7.54,0.0,24.0,0.0,0.3,0.604,
2025-09-28,oracle,sens_bodega0,60.0,3.0,60.0,60.0,1.0,512.0,0.0,8517,1343,8517,1343,9860,13168,141,14,31167.514418605308,3442.059488091209,305,223,692,683,683,9,21,0,3,0,0,305,8.89,0.0,24.0,0.0,0.357,0.648,
2025-10-07,oracle,sens_bodega0,60.0,3.0,60.0,60.0,1.0,512.0,0.0,11236,2800,11351,2800,14036,23492,761,301,179740.28686373532,45387.53496413704,684,426,2727,2539,2539,188,232,0,48,0,0,684,7.73,0.0,24.0,0.0,0.308,0.473,
2025-10-11,oracle,sens_bodega0,60.0,3.0,60.0,60.0,1.0,512.0,0.0,4307,1376,4307,1376,5683,12498,43,23,10520.180709788126,3777.3983194873213,141,119,430,424,424,6,6,0,0,0,0,141,6.84,0.0,24.0,0.0,0.272,0.493,
2025-10-13,oracle,sens_bodega0,60.0,3.0,60.0,60.0,1.0,512.0,0.0,11305,4223,11305,4223,15528,21865,774,416,167618.35137654963,60231.522656401416,667,417,2675,2548,2548,127,187,0,25,0,0,668,7.01,0.0,24.0,0.0,0.278,0.474,
2025-10-15,oracle,sens_bodega0,60.0,3.0,60.0,60.0,1.0,512.0,0.0,10610,3460,10610,3460,14070,23288,638,371,132332.74448504904,62144.561156461175,685,423,2913,2750,2750,163,275,0,21,0,0,685,7.54,0.0,24.0,0.0,0.3,0.495,
2025-10-22,oracle,sens_bodega0,60.0,3.0,60.0,60.0,1.0,512.0,0.0,11792,3282,11792,3282,15074,24533,752,381,157294.38327226788,66210.34992449018,658,409,2688,2542,2542,146,216,0,41,0,0,658,7.42,0.0,24.0,0.0,0.295,0.524,
2025-10-25,oracle,sens_bodega0,60.0,3.0,60.0,60.0,1.0,512.0,0.0,9124,2703,9544,3123,11827,13467,44,14,9953.432549488036,3755.1233986579005,227,190,471,459,459,12,12,0,0,0,0,227,7.18,0.0,24.0,0.0,0.286,0.584,
2025-11-07,oracle,sens_bodega0,60.0,3.0,60.0,60.0,1.0,512.0,0.0,12339,2273,12339,2273,14612,21292,582,95,146920.88066576974,12644.061206455288,565,356,2078,1983,1983,95,169,0,46,0,0,565,7.84,0.0,24.0,0.0,0.313,0.576,
2025-11-12,oracle,sens_bodega0,60.0,3.0,60.0,60.0,1.0,512.0,0.0,12869,3260,12869,3260,16129,22632,659,414,167677.16479132458,67735.9908127659,607,377,2621,2486,2486,135,177,0,65,0,0,608,6.92,0.0,24.0,0.0,0.274,0.467,
2025-11-15,oracle,sens_bodega0,60.0,3.0,60.0,60.0,1.0,512.0,0.0,5277,3451,5277,3451,8728,11983,109,35,22105.238818367587,7124.62095464746,188,148,670,659,659,11,11,0,0,0,0,188,6.96,0.0,24.0,0.0,0.276,0.517,
2025-11-19,oracle,sens_bodega0,60.0,3.0,60.0,60.0,1.0,512.0,0.0,14306,2779,14306,2779,17085,22404,844,157,257382.60492882546,23475.536754883728,684,416,2498,2315,2315,183,225,8,102,0,0,684,7.92,0.0,24.0,0.0,0.316,0.57,
2025-11-24,oracle,sens_bodega0,60.0,3.0,60.0,60.0,1.0,512.0,0.0,17227,3001,17227,3001,20228,19449,959,174,318958.50315332017,30226.095008119657,661,404,2236,2101,2101,135,167,0,179,0,0,661,7.69,0.0,24.0,0.0,0.307,0.536,
2025-09-03,oracle,sens_mu0,60.0,2.0,60.0,60.0,0.0,512.0,180.0,9688,4347,9903,4347,14035,23299,552,509,120765.254110728,79431.83957110083,551,360,2679,2862,2679,-183,133,0,16,0,0,551,4.34,0.0,24.0,0.0,0.166,0.204,
2025-09-15,oracle,sens_mu0,60.0,2.0,60.0,60.0,0.0,512.0,180.0,11895,3888,11895,3888,15783,14542,255,74,45222.04945068749,12581.663456287117,414,291,1397,1576,1397,-179,51,1,0,0,0,414,4.39,0.0,24.0,0.0,0.17,0.222,
2025-09-26,oracle,sens_mu0,60.0,2.0,60.0,60.0,0.0,512.0,180.0,19540,8924,19614,8924,28464,20981,453,463,120313.39240278592,88852.41285001759,547,354,1962,2139,1962,-177,107,1,59,0,0,547,4.79,0.0,24.0,0.0,0.184,0.31,
2025-09-28,oracle,sens_mu0,60.0,2.0,60.0,60.0,0.0,512.0,180.0,9443,1900,9443,1900,11343,13168,130,71,27532.857523990875,16782.006801631793,288,207,619,478,478,141,14,0,3,0,0,288,4.29,0.0,24.0,0.0,0.165,0.216,
2025-10-07,oracle,sens_mu0,60.0,2.0,60.0,60.0,0.0,512.0,180.0,14442,3455,14502,3455,17897,23492,766,478,230857.1696382702,76558.88048730537,624,408,2527,2706,2527,-179,198,0,113,0,0,625,5.24,0.0,24.0,0.0,0.203,0.445,
2025-10-11,oracle,sens_mu0,60.0,2.0,60.0,60.0,0.0,512.0,180.0,4814,1429,4814,1429,6243,12498,80,24,18328.42634708085,4138.36043347751,126,111,242,422,242,-180,8,0,0,0,0,126,4.04,0.0,24.0,0.0,0.155,0.19,
2025-10-13,oracle,sens_mu0,60.0,2.0,60.0,60.0,0.0,512.0,180.0,13799,4995,13799,4995,18794,21865,493,584,97466.4473183722,91326.11906066457,587,399,2440,2617,2440,-177,119,0,4,0,0,587,4.55,0.0,24.0,0.0,0.175,0.287,
2025-10-15,oracle,sens_mu0,60.0,2.0,60.0,60.0,0.0,512.0,180.0,13090,4445,13090,4445,17535,23288,318,491,71249.60274296503,84266.85693886108,593,402,2503,2696,2503,-193,97,0,1,0,0,593,4.95,0.0,24.0,0.0,0.192,0.309,
2025-10-22,oracle,sens_mu0,60.0,2.0,60.0,60.0,0.0,512.0,180.0,13988,4174,13988,4174,18162,24533,615,659,138905.3855340518,127358.11466474745,582,394,2495,2668,2495,-173,132,0,21,0,0,582,5.03,0.0,24.0,0.0,0.194,0.31,
2025-10-25,oracle,sens_mu0,60.0,2.0,60.0,60.0,0.0,512.0,180.0,10944,3033,11364,3453,13977,13467,72,19,15885.062750561245,4539.161144900338,193,168,337,407,337,-70,6,0,0,0,0,193,4.09,0.0,24.0,0.0,0.156,0.194,
2025-11-07,oracle,sens_mu0,60.0,2.0,60.0,60.0,0.0,512.0,180.0,13221,2629,13221,2629,15850,21292,402,153,86478.937111105,21430.252176457834,483,329,1691,1868,1691,-177,110,0,2,0,0,483,5.17,0.0,24.0,0.0,0.201,0.365,
2025-11-12,oracle,sens_mu0,60.0,2.0,60.0,60.0,0.0,512.0,180.0,14158,3883,14158,3883,18041,22632,509,522,127214.58511542107,84640.34169958174,548,359,2369,2552,2369,-183,104,0,44,0,0,549,4.71,0.0,24.0,0.0,0.181,0.278,
2025-11-15,oracle,sens_mu0,60.0,2.0,60.0,60.0,0.0,512.0,180.0,6046,3584,6046,3584,9630,11983,131,33,25657.153437173074,7100.399627048468,181,141,590,757,590,-167,19,0,0,0,0,181,4.46,0.0,24.0,0.0,0.172,0.236,
2025-11-19,oracle,sens_mu0,60.0,2.0,60.0,60.0,0.0,512.0,180.0,15508,4007,15508,4007,19515,22404,536,543,119620.35524719159,87759.20594540109,610,397,2196,2373,2196,-177,130,8,0,0,0,610,5.42,0.0,24.0,0.0,0.21,0.381,
2025-11-24,oracle,sens_mu0,60.0,2.0,60.0,60.0,0.0,512.0,180.0,17781,3289,17781,3289,21070,19449,507,256,117971.81891702043,43722.9423625145,579,383,2048,2200,2048,-152,117,0,14,0,0,579,5.21,0.0,24.0,0.0,0.203,0.428,
2025-09-03,oracle,sens_tope_crudo,60.0,2.0,60.0,60.0,1.0,789.0,180.0,9987,4181,10166,4181,14168,23299,550,502,132165.66969025682,81648.83771125399,544,360,2853,2809,2809,44,141,0,40,0,0,544,8.51,0.0,24.0,0.0,0.34,0.915,
2025-09-15,oracle,sens_tope_crudo,60.0,2.0,60.0,60.0,1.0,789.0,180.0,12083,4173,12083,4173,16256,14542,319,93,65673.81737583253,17258.819874404187,412,291,1572,1538,1538,34,54,1,0,0,0,412,7.42,0.0,24.0,0.0,0.296,0.562,
2025-09-26,oracle,sens_tope_crudo,60.0,2.0,60.0,60.0,1.0,789.0,180.0,19881,8800,19987,8800,28681,20981,629,427,189200.4024790678,77038.78848848867,543,352,2301,2155,2155,146,107,1,91,0,0,543,9.2,0.0,24.0,0.0,0.369,0.849,
2025-09-28,oracle,sens_tope_crudo,60.0,2.0,60.0,60.0,1.0,789.0,180.0,9455,1758,9455,1758,11213,13168,134,29,28901.72078550075,6701.759594605246,276,208,666,506,506,160,20,0,2,0,0,276,6.04,0.0,24.0,0.0,0.239,0.601,
2025-10-07,oracle,sens_tope_crudo,60.0,2.0,60.0,60.0,1.0,789.0,180.0,14281,3682,14396,3682,17963,23492,822,504,229177.97789187968,79478.02207250305,617,409,2823,2547,2547,276,176,0,103,0,0,617,9.88,0.0,24.0,0.0,0.397,0.826,
2025-10-11,oracle,sens_tope_crudo,60.0,2.0,60.0,60.0,1.0,789.0,180.0,4564,1790,4564,1790,6354,12498,59,35,14295.951223609578,6642.341483258208,125,107,413,387,387,26,3,0,0,0,0,125,4.93,0.0,24.0,0.0,0.192,0.326,
2025-10-13,oracle,sens_tope_crudo,60.0,2.0,60.0,60.0,1.0,789.0,180.0,14367,5100,14367,5100,19467,21865,789,579,166572.28512713365,90677.76077988898,592,402,2641,2537,2537,104,109,0,13,0,0,592,9.14,0.0,24.0,0.0,0.366,0.802,
2025-10-15,oracle,sens_tope_crudo,60.0,2.0,60.0,60.0,1.0,789.0,180.0,12552,4449,12552,4449,17001,23288,291,432,59434.81242832633,76924.43403695778,601,404,2792,2610,2610,182,135,0,0,0,0,601,8.66,0.0,24.0,0.0,0.346,0.891,
2025-10-22,oracle,sens_tope_crudo,60.0,2.0,60.0,60.0,1.0,789.0,180.0,14036,4350,14036,4350,18386,24533,620,640,160085.51442329862,123011.55891898478,592,394,3104,2867,2867,237,123,0,41,0,0,592,9.44,0.0,24.0,0.0,0.379,0.965,
2025-10-25,oracle,sens_tope_crudo,60.0,2.0,60.0,60.0,1.0,789.0,180.0,10785,3083,11205,3503,13868,13467,73,24,16667.789903069028,6101.469878354966,198,170,501,459,459,42,9,0,0,0,0,198,5.58,0.0,24.0,0.0,0.219,0.475,
2025-11-07,oracle,sens_tope_crudo,60.0,2.0,60.0,60.0,1.0,789.0,180.0,12856,2788,12856,2788,15644,21292,376,162,80103.71266127261,24067.831861309573,487,333,2042,1815,1815,227,118,0,2,0,0,487,8.77,0.0,24.0,0.0,0.351,0.82,
2025-11-12,oracle,sens_tope_crudo,60.0,2.0,60.0,60.0,1.0,789.0,180.0,14170,4520,14170,4520,18690,22632,562,567,143026.07282109544,97052.60336919272,551,359,2579,2388,2388,191,115,0,47,0,0,552,9.7,0.0,24.0,0.0,0.39,0.93,
2025-11-15,oracle,sens_tope_crudo,60.0,2.0,60.0,60.0,1.0,789.0,180.0,6073,3617,6073,3617,9690,11983,132,39,26153.004069097813,8525.320673811066,184,141,728,682,682,46,21,0,0,0,0,184,5.07,0.0,24.0,0.0,0.199,0.337,
2025-11-19,oracle,sens_tope_crudo,60.0,2.0,60.0,60.0,1.0,789.0,180.0,15662,4361,15662,4361,20023,22404,554,562,118139.4008021736,91712.8543642715,616,396,2658,2416,2416,242,158,8,0,0,0,616,9.17,0.0,24.0,0.0,0.368,0.729,
2025-11-24,oracle,sens_tope_crudo,60.0,2.0,60.0,60.0,1.0,789.0,180.0,17758,3504,17758,3504,21262,19449,594,235,137817.1466966897,41049.226271273394,590,387,2378,2123,2123,255,124,0,23,0,0,590,7.39,0.0,24.0,0.0,0.294,0.681,
2025-09-03,oracle,sens_tope_sin_undo,60.0,2.0,60.0,60.0,1.0,280.0,180.0,10114,4383,10332,4383,14497,23299,620,530,141676.64918582415,89234.12232719614,550,363,2961,2880,2880,81,141,0,34,0,0,550,6.75,0.0,24.0,0.0,0.267,0.47,
2025-09-15,oracle,sens_tope_sin_undo,60.0,2.0,60.0,60.0,1.0,280.0,180.0,12082,4041,12082,4041,16123,14542,333,82,68711.598591968,14890.430239975552,408,293,1643,1634,1634,9,47,1,0,0,0,408,6.23,0.0,24.0,0.0,0.246,0.427,
2025-09-26,oracle,sens_tope_sin_undo,60.0,2.0,60.0,60.0,1.0,280.0,180.0,20051,8887,20157,8887,28938,20981,630,441,202046.0707417789,81225.0367122654,539,351,2261,2111,2111,150,124,1,99,0,0,539,6.22,0.0,24.0,0.0,0.245,0.444,
2025-09-28,oracle,sens_tope_sin_undo,60.0,2.0,60.0,60.0,1.0,280.0,180.0,9638,1802,9638,1802,11440,13168,141,37,31072.936675331788,8556.785276945515,279,207,667,505,505,162,21,0,1,0,0,279,6.21,0.0,24.0,0.0,0.246,0.512,
2025-10-07,oracle,sens_tope_sin_undo,60.0,2.0,60.0,60.0,1.0,280.0,180.0,14288,4077,14403,4077,18365,23492,790,571,223959.00158802292,98277.32569872958,619,406,2866,2601,2601,265,156,0,97,0,0,619,7.19,0.0,24.0,0.0,0.285,0.543,
2025-10-11,oracle,sens_tope_sin_undo,60.0,2.0,60.0,60.0,1.0,280.0,180.0,5020,1838,5020,1838,6858,12498,81,25,18824.091407423304,3943.382163473104,128,111,547,526,526,21,13,0,0,0,0,128,5.97,0.0,24.0,0.0,0.236,0.585,
2025-10-13,oracle,sens_tope_sin_undo,60.0,2.0,60.0,60.0,1.0,280.0,180.0,14058,5243,14058,5243,19301,21865,833,620,172595.34304610424,101467.74064480596,598,403,2649,2545,2545,104,91,0,13,0,0,598,6.86,0.0,24.0,0.0,0.271,0.506,
2025-10-15,oracle,sens_tope_sin_undo,60.0,2.0,60.0,60.0,1.0,280.0,180.0,12439,4149,12439,4149,16588,23288,274,415,55987.742255146295,72941.17120449699,590,401,2767,2600,2600,167,139,0,0,0,0,590,6.88,0.0,24.0,0.0,0.272,0.929,
2025-10-22,oracle,sens_tope_sin_undo,60.0,2.0,60.0,60.0,1.0,280.0,180.0,13751,4788,13751,4788,18539,24533,610,700,160505.93987170188,142222.83299591255,579,395,2780,2547,2547,233,129,0,43,0,0,579,6.7,0.0,24.0,0.0,0.265,0.476,
2025-10-25,oracle,sens_tope_sin_undo,60.0,2.0,60.0,60.0,1.0,280.0,180.0,11103,3073,11523,3493,14176,13467,80,23,19115.09122171267,5781.356759353513,193,169,522,494,494,28,14,0,0,0,0,193,6.52,0.0,24.0,0.0,0.259,0.501,
2025-11-07,oracle,sens_tope_sin_undo,60.0,2.0,60.0,60.0,1.0,280.0,180.0,12846,2663,12846,2663,15509,21292,381,152,82146.89211474656,22009.749833904472,483,331,2080,1872,1872,208,117,0,2,0,0,483,6.08,0.0,24.0,0.0,0.239,0.488,
2025-11-12,oracle,sens_tope_sin_undo,60.0,2.0,60.0,60.0,1.0,280.0,180.0,13907,4567,13907,4567,18474,22632,602,595,151932.13768304393,110337.71788328527,558,362,2750,2531,2531,219,122,0,54,0,0,559,6.76,0.0,24.0,0.0,0.267,0.549,
2025-11-15,oracle,sens_tope_sin_undo,60.0,2.0,60.0,60.0,1.0,280.0,180.0,5655,3631,5655,3631,9286,11983,103,39,21912.856740605013,7380.642785214217,183,141,695,663,663,32,23,0,0,0,0,183,5.75,0.0,24.0,0.0,0.227,0.451,
2025-11-19,oracle,sens_tope_sin_undo,60.0,2.0,60.0,60.0,1.0,280.0,180.0,15492,4523,15492,4523,20015,22404,543,582,117238.37377058454,95345.15432881471,614,398,2632,2366,2366,266,158,8,1,0,0,614,7.29,0.0,24.0,0.0,0.289,0.446,
2025-11-24,oracle,sens_tope_sin_undo,60.0,2.0,60.0,60.0,1.0,280.0,180.0,17517,3242,17517,3242,20759,19449,577,237,136707.15082578725,40422.78355815676,575,385,2345,2068,2068,277,111,0,23,0,0,575,6.95,0.0,24.0,0.0,0.276,0.465,
