run,day,arm,tag,n,lam,caps,delivery,pairs,damage,E,F,EF,visitas,visitas_recoger,visitas_entregar,bicis_movidas,en_transito_max,desvios_salida,desvios_llegada,km_desvio_medio,danadas_no_aplicables,recortes,recogidas_aplicadas,entregadas_aplicadas,truck_end,replay_neto,damage_external,visitas_sin_regla,pares_visitas,max_bicis_visita,max_visitas_decision,decisiones_limite_10s,decisiones,tiempos_decision,decision_mediana_s,decision_p95_s,decision_max_s,fallbacks,segundos,devoluciones_origen,visitas_aplicadas_replay
2025-08-01|oraculo_diario|curva_sel|4|10.0|base|60|todas|onsite,2025-08-01,oraculo_diario,curva_sel,4,10.0,base,60,todas,onsite,7719,1505,9224,3352,880,2472,10020,378,466,174,0.1424790302416698,34,"{""devolucion_origen"": 44, ""entrega_sin_recogida"": 191, ""fisico"": 235, ""fuera_servicio"": 0, ""tope"": 0, ""visitas"": 0}",5032,5032,0,0,0,3362,10,14,67,0,74,"[0.1931, 0.2161, 0.3061, 0.195, 0.1973, 0.2036, 0.2177, 0.2011, 0.2026, 0.1961, 0.2164, 0.2016, 0.193, 0.2006, 0.2111, 0.1874, 0.2069, 0.192, 0.208, 0.1983, 0.2047, 0.1902, 0.1954, 0.1907, 0.5301, 0.1915, 0.2018, 0.3062, 0.2905, 0.1907, 0.1842, 0.4827, 0.2896, 0.33, 0.3269, 0.7973, 0.632, 0.5654, 0.3111, 0.3563, 0.6159, 0.3363, 0.2076, 0.3476, 0.3165, 0.645, 0.5405, 0.2862, 0.6377, 0.5973, 0.2908, 0.5322, 0.2109, 0.2731, 0.5717, 0.4234, 0.207, 0.1931, 0.3777, 0.1901, 0.2106, 0.1931, 0.2064, 0.197, 0.2024, 0.1924, 0.3413, 0.1803, 0.2285, 0.1771, 0.3033, 0.1869, 0.7985, 0.2164]",0.211023229499915,0.6340038208511032,0.798529249997955,0,53.171,44.0,
2025-08-04|oraculo_diario|curva_sel|4|10.0|base|60|todas|onsite,2025-08-04,oraculo_diario,curva_sel,4,10.0,base,60,todas,onsite,16827,2179,19006,3909,1025,2884,14388,503,1496,698,0.1915385579362626,115,"{""devolucion_origen"": 90, ""entrega_sin_recogida"": 335, ""fisico"": 425, ""fuera_servicio"": 0, ""tope"": 0, ""visitas"": 0}",7239,7239,0,0,0,3911,2,14,67,0,74,"[0.1893, 0.3929, 0.1811, 0.2696, 0.5816, 0.2978, 0.4767, 0.6623, 0.1837, 0.3156, 0.3669, 0.2682, 0.205, 0.1769, 0.1721, 0.1797, 0.1783, 0.1762, 0.1835, 0.1873, 0.2031, 0.1906, 0.3624, 0.4539, 0.5906, 0.3417, 0.4218, 0.7804, 0.3549, 0.2214, 0.1941, 0.2026, 0.2991, 0.2027, 0.322, 3.4551, 0.2272, 0.1858, 0.3177, 0.393, 0.4641, 0.3611, 0.4924, 0.3294, 0.1808, 0.3579, 0.2593, 0.2671, 0.6577, 0.2612, 0.4434, 0.467, 0.6344, 0.4745, 0.2003, 0.5806, 0.3083, 0.1878, 0.1901, 0.1862, 0.2054, 0.2019, 0.1962, 0.1915, 0.2077, 0.1888, 0.8921, 0.206, 1.2245, 0.3386, 0.1822, 0.2203, 1.1312, 0.1731]",0.2676768334986263,0.8194929062510703,3.455087332997209,0,88.602,90.0,
2025-08-06|oraculo_diario|curva_sel|4|10.0|base|60|todas|onsite,2025-08-06,oraculo_diario,curva_sel,4,10.0,base,60,todas,onsite,24627,2153,26780,4116,1076,3040,15029,481,2348,645,0.2258355099694832,113,"{""devolucion_origen"": 43, ""entrega_sin_recogida"": 510, ""fisico"": 553, ""fuera_servicio"": 0, ""tope"": 0, ""visitas"": 0}",7536,7536,0,0,0,4132,16,14,67,0,74,"[0.2806, 0.1834, 0.8776, 0.1947, 0.1747, 0.3488, 0.3178, 0.3197, 0.2343, 0.4351, 0.4643, 0.3832, 0.1731, 0.2506, 0.3936, 0.4426, 0.1714, 0.1867, 0.1911, 0.1823, 0.1824, 0.2004, 0.2108, 0.2287, 0.9463, 0.1934, 0.2234, 0.6714, 0.4232, 0.2784, 0.1991, 0.5566, 0.5687, 0.2989, 0.3644, 0.3883, 0.3698, 0.1966, 0.2099, 0.3731, 0.3098, 0.3136, 0.3851, 0.4263, 0.3574, 0.3815, 0.3124, 0.3386, 0.2731, 0.3006, 0.3335, 0.7441, 0.4029, 0.7515, 0.5969, 0.3567, 0.7097, 0.5518, 0.6147, 0.5734, 0.1876, 0.1885, 0.1909, 0.2178, 0.1977, 0.2009, 0.1979, 0.1956, 0.2476, 0.1866, 0.1802, 0.1991, 0.2522, 0.5046]",0.3051824795020366,0.7217366431981643,0.9462598749996688,0,27.819,43.0,
2025-08-08|oraculo_diario|curva_sel|4|10.0|base|60|todas|onsite,2025-08-08,oraculo_diario,curva_sel,4,10.0,base,60,todas,onsite,16096,2154,18250,3811,939,2872,12867,445,954,377,0.1598874702384141,206,"{""devolucion_origen"": 57, ""entrega_sin_recogida"": 412, ""fisico"": 469, ""fuera_servicio"": 0, ""tope"": 0, ""visitas"": 0}",6462,6462,0,0,0,3835,24,14,67,0,74,"[0.2033, 0.3329, 0.5001, 0.4741, 0.5244, 0.2699, 0.4556, 0.2447, 0.2937, 0.184, 0.2578, 0.3263, 0.1965, 0.191, 0.2171, 0.1815, 0.3016, 0.1939, 0.1854, 0.4222, 0.2035, 0.1988, 0.2063, 0.2087, 0.3602, 0.2311, 0.2855, 0.211, 0.3376, 0.3002, 0.5187, 0.3596, 0.528, 0.4684, 0.3071, 0.3487, 0.2855, 0.3348, 0.4235, 0.4991, 0.5711, 0.3569, 0.5243, 0.2695, 0.1907, 0.7252, 0.2926, 0.2846, 0.3602, 0.9324, 0.2514, 0.5278, 0.2786, 0.3716, 0.6555, 0.3653, 0.2079, 0.1916, 0.1981, 0.1954, 0.2147, 0.2164, 0.1987, 0.1986, 0.2005, 0.1883, 0.1857, 0.1828, 0.2363, 0.1828, 0.1755, 0.1797, 0.2508, 0.1749]",0.2696940005007491,0.5431000101993048,0.932437082999968,0,25.39,57.0,
2025-08-09|oraculo_diario|curva_sel|4|10.0|base|60|todas|onsite,2025-08-09,oraculo_diario,curva_sel,4,10.0,base,60,todas,onsite,5970,488,6458,1660,317,1343,3930,165,143,8,0.2062115015845576,43,"{""devolucion_origen"": 2, ""entrega_sin_recogida"": 42, ""fisico"": 44, ""fuera_servicio"": 0, ""tope"": 0, ""visitas"": 0}",1966,1966,0,0,0,1670,10,14,67,0,74,"[0.1823, 0.2071, 0.2285, 0.2093, 0.2003, 0.2317, 0.3167, 0.3917, 0.3324, 0.2019, 0.2003, 0.4064, 0.2058, 0.2025, 0.2034, 0.3076, 0.5837, 0.1844, 0.1922, 0.3267, 0.3467, 0.6164, 0.3036, 0.3624, 0.4262, 0.5616, 0.3052, 0.393, 0.6075, 0.2, 0.3424, 0.4474, 0.2939, 0.3529, 0.3999, 0.3271, 0.2076, 0.3544, 0.3782, 0.3239, 0.5315, 0.2288, 0.1878, 0.1874, 0.2067, 0.196, 0.1991, 0.1909, 0.2124, 0.1992, 0.3264, 0.2014, 0.2753, 0.2079, 0.2174, 0.2088, 0.2632, 0.2151, 0.2022, 0.2164, 0.2204, 0.2048, 0.1977, 0.1948, 0.4747, 0.7361, 0.1945, 0.3172, 0.1966, 0.3275, 0.1959, 1.5082, 0.1868, 0.1879]",0.2244582295006694,0.5920334273987463,1.5081527920010558,0,24.539,2.0,
2025-08-11|oraculo_diario|curva_sel|4|10.0|base|60|todas|onsite,2025-08-11,oraculo_diario,curva_sel,4,10.0,base,60,todas,onsite,17815,2514,20329,3828,933,2895,13319,427,1474,619,0.2096979186994206,94,"{""devolucion_origen"": 105, ""entrega_sin_recogida"": 301, ""fisico"": 406, ""fuera_servicio"": 0, ""tope"": 0, ""visitas"": 0}",6712,6712,0,0,0,3840,12,14,67,0,74,"[0.191, 0.5352, 0.4305, 0.3869, 0.2931, 0.279, 0.3114, 0.3522, 0.5699, 0.4604, 0.2394, 0.2734, 0.1766, 0.1956, 0.2096, 0.2001, 0.2005, 0.2095, 0.1871, 0.188, 0.1802, 0.1879, 0.2183, 0.2128, 0.3354, 0.1933, 0.2015, 0.3171, 0.5449, 0.4646, 0.4155, 0.4764, 0.2952, 0.5523, 0.3648, 0.1873, 0.5099, 0.4677, 0.2624, 0.6856, 0.4406, 0.485, 0.3672, 0.4804, 0.5078, 0.3917, 0.4587, 0.2769, 0.5679, 0.605, 0.2484, 0.749, 0.8908, 0.2966, 0.4673, 0.3131, 0.197, 0.1867, 0.1945, 0.1893, 0.1948, 0.2037, 0.1902, 0.1965, 0.197, 0.1967, 0.1797, 0.2073, 0.4631, 0.1954, 0.3732, 0.2227, 0.1775, 0.2732]",0.2779340420001972,0.582159018650418,0.8907863329986867,0,26.749,105.0,
2025-08-12|oraculo_diario|curva_sel|4|10.0|base|60|todas|onsite,2025-08-12,oraculo_diario,curva_sel,4,10.0,base,60,todas,onsite,29296,3315,32611,4139,1039,3100,15411,541,2901,811,0.2226429825859088,147,"{""devolucion_origen"": 77, ""entrega_sin_recogida"": 428, ""fisico"": 505, ""fuera_servicio"": 0, ""tope"": 0, ""visitas"": 0}",7744,7744,0,0,0,4149,10,14,67,0,74,"[0.5786, 0.3639, 0.3792, 0.3881, 0.6019, 0.3203, 0.3259, 0.4975, 0.5095, 0.2254, 0.2542, 0.4146, 0.2748, 0.1676, 0.1709, 0.1649, 0.1816, 0.1737, 0.1793, 0.1848, 0.1781, 0.2029, 0.201, 0.389, 0.4993, 0.3187, 0.2073, 0.5085, 0.5843, 0.4392, 0.2924, 0.5824, 0.2235, 0.61, 0.4583, 0.4032, 0.4512, 0.2743, 0.4554, 0.4862, 0.5062, 0.3739, 0.3222, 0.2644, 0.537, 0.1789, 0.2108, 0.4386, 0.2801, 0.2469, 0.3132, 0.4655, 0.3181, 0.7658, 0.427, 0.3558, 0.64, 0.3077, 0.6169, 6.077, 0.1906, 0.3758, 0.2119, 0.1986, 0.2046, 0.1895, 0.1911, 0.18, 0.1946, 0.3788, 0.1813, 0.1794, 0.1699, 0.1845]",0.3184008130010625,0.6124147374972381,6.077000207998935,0,33.128,77.0,
2025-08-13|oraculo_diario|curva_sel|4|10.0|base|60|todas|onsite,2025-08-13,oraculo_diario,curva_sel,4,10.0,base,60,todas,onsite,18537,2398,20935,3516,807,2709,11334,427,1314,383,0.2425899746112395,87,"{""devolucion_origen"": 28, ""entrega_sin_recogida"": 287, ""fisico"": 315, ""fuera_servicio"": 0, ""tope"": 0, ""visitas"": 0}",5681,5681,0,0,0,3522,6,14,67,0,74,"[0.3219, 0.4663, 0.5826, 0.3282, 0.2582, 0.201, 0.2816, 0.2533, 0.282, 0.4772, 0.2317, 0.2469, 0.184, 0.1742, 0.1972, 0.1724, 0.1705, 0.173, 0.1821, 0.1806, 0.2006, 0.1844, 0.2038, 0.2764, 0.5061, 0.2165, 0.3611, 0.364, 0.3013, 0.2189, 0.21, 0.3182, 0.3091, 0.4028, 0.2012, 0.5939, 0.3974, 0.456, 0.4324, 0.6212, 0.3625, 0.5747, 0.2999, 0.4784, 0.4828, 0.5067, 3.9036, 0.5348, 0.3448, 0.3794, 0.5366, 0.4376, 0.4785, 0.3158, 0.4544, 0.2049, 0.215, 0.2088, 0.2086, 0.4251, 0.2089, 0.2104, 0.1971, 0.1994, 0.1965, 0.1924, 0.202, 0.1876, 1.036, 0.3367, 0.178, 0.1972, 0.2363, 0.1885]",0.2790234580006654,0.5865816358505981,3.903604125000129,0,29.412,28.0,
2025-08-16|oraculo_diario|curva_sel|4|10.0|base|60|todas|onsite,2025-08-16,oraculo_diario,curva_sel,4,10.0,base,60,todas,onsite,8519,460,8979,2152,347,1805,5403,210,255,5,0.2070020227245682,28,"{""devolucion_origen"": 9, ""entrega_sin_recogida"": 66, ""fisico"": 75, ""fuera_servicio"": 0, ""tope"": 0, ""visitas"": 0}",2706,2706,0,0,0,2174,22,14,67,0,74,"[0.2042, 0.2066, 0.3142, 0.2288, 0.2226, 0.2126, 0.1952, 0.209, 0.3684, 0.3406, 0.3694, 0.2938, 0.412, 0.4838, 1.8775, 1.1526, 0.3305, 0.4912, 0.4165, 0.3967, 0.2155, 0.207, 0.282, 0.3261, 0.2234, 0.8247, 0.3188, 0.4263, 0.309, 0.3188, 0.372, 0.386, 0.4964, 0.3075, 0.2918, 0.5756, 0.4461, 0.8513, 0.4603, 0.4037, 0.3143, 0.8986, 0.4196, 0.8288, 0.5249, 0.2892, 0.6463, 0.2096, 0.5921, 0.2104, 0.4413, 0.3983, 0.5319, 0.5491, 0.483, 0.329, 0.2031, 0.3377, 0.4838, 0.4321, 0.218, 0.2181, 0.1917, 0.2038, 0.2087, 0.9472, 0.4174, 0.1887, 0.302, 0.18, 0.4981, 0.2243, 0.1741, 0.805]",0.3391115209997224,0.8678271294003932,1.877491250001185,0,32.626,9.0,
2025-08-18|oraculo_diario|curva_sel|4|10.0|base|60|todas|onsite,2025-08-18,oraculo_diario,curva_sel,4,10.0,base,60,todas,onsite,20003,2547,22550,4050,1010,3040,13829,497,1745,627,0.2336186231221885,117,"{""devolucion_origen"": 63, ""entrega_sin_recogida"": 478, ""fisico"": 541, ""fuera_servicio"": 0, ""tope"": 0, ""visitas"": 0}",6946,6946,0,0,0,4054,4,14,67,0,74,"[0.3286, 0.4139, 0.352, 0.1912, 0.2465, 0.2791, 0.2452, 0.3238, 0.6143, 0.2339, 0.436, 0.2648, 0.4137, 0.2615, 0.1731, 0.1974, 0.2118, 0.1753, 0.1798, 0.2706, 0.418, 0.1948, 0.1815, 0.3232, 0.4819, 0.7781, 0.1884, 0.3443, 0.518, 0.2729, 0.2704, 0.6162, 0.7114, 0.4073, 0.402, 0.5041, 0.3577, 0.2125, 0.4998, 0.4007, 0.5142, 0.5494, 0.3332, 0.3791, 0.786, 0.3899, 0.4, 0.2762, 0.6072, 0.3457, 0.3954, 0.3848, 0.3152, 0.3682, 0.6016, 0.5382, 0.1985, 0.2015, 0.1854, 0.1812, 0.1898, 0.2097, 0.199, 0.192, 0.1911, 0.197, 0.1837, 0.2001, 0.251, 0.1855, 0.1767, 0.1831, 0.1746, 0.1846]",0.2776514579982176,0.6149206518492065,0.7859642080002232,0,26.806,63.0,
2025-08-23|oraculo_diario|curva_sel|4|10.0|base|60|todas|onsite,2025-08-23,oraculo_diario,curva_sel,4,10.0,base,60,todas,onsite,7049,528,7577,2098,352,1746,4803,209,203,8,0.2049202199448,46,"{""devolucion_origen"": 9, ""entrega_sin_recogida"": 71, ""fisico"": 80, ""fuera_servicio"": 0, ""tope"": 0, ""visitas"": 0}",2406,2406,0,0,0,2122,24,14,67,0,74,"[0.1897, 0.2105, 0.1952, 0.6031, 0.3576, 0.2034, 0.6889, 0.6871, 0.3776, 0.1988, 0.442, 0.2746, 0.3479, 0.2, 0.3261, 0.4377, 0.5353, 0.19, 0.2998, 0.8446, 0.1965, 0.7982, 0.7621, 0.5735, 0.6573, 0.3355, 0.7758, 0.2252, 0.2126, 0.4006, 0.2241, 0.3146, 0.1928, 0.8265, 0.3519, 0.3522, 0.3126, 0.6976, 0.3365, 0.325, 0.3534, 0.3356, 1.1939, 0.2145, 2.047, 0.4325, 0.3737, 0.3488, 0.3982, 0.1867, 0.3917, 1.1499, 0.9303, 0.1892, 0.212, 0.4255, 0.3649, 0.3394, 0.4017, 0.4913, 0.3574, 0.2098, 0.4358, 0.3512, 0.7125, 0.1886, 1.0666, 0.2552, 0.1887, 0.367, 0.2478, 0.5314, 0.1783, 1.0254]",0.3527771249991929,1.039821764800217,2.046981625000626,0,35.248,9.0,
2025-08-26|oraculo_diario|curva_sel|4|10.0|base|60|todas|onsite,2025-08-26,oraculo_diario,curva_sel,4,10.0,base,60,todas,onsite,26415,2580,28995,4148,1101,3047,16265,493,2817,948,0.2449482048499516,248,"{""devolucion_origen"": 69, ""entrega_sin_recogida"": 418, ""fisico"": 487, ""fuera_servicio"": 0, ""tope"": 0, ""visitas"": 0}",8167,8167,0,0,0,4162,14,14,67,0,74,"[0.3385, 0.2924, 0.4188, 0.335, 0.2449, 0.4399, 0.5165, 0.269, 0.3914, 0.2414, 0.1699, 0.5442, 0.3563, 0.1848, 0.2674, 0.1868, 0.1811, 0.2002, 0.1988, 0.1896, 0.2077, 0.1966, 0.1983, 0.3056, 0.5786, 0.4862, 0.4915, 0.2968, 0.5537, 0.8927, 0.7754, 0.4686, 0.5956, 0.7001, 0.4788, 0.4195, 0.7401, 0.3457, 0.4014, 0.4668, 0.3784, 0.6634, 0.2169, 0.2141, 0.5324, 0.2991, 0.5224, 0.2389, 0.3186, 0.5557, 0.4979, 0.3758, 0.1949, 0.2731, 0.5726, 0.2798, 0.7423, 0.4109, 0.2778, 0.399, 0.1931, 0.1813, 0.1974, 0.1889, 0.1977, 0.1959, 0.1951, 0.1897, 0.1974, 0.1867, 0.1896, 0.7603, 0.9101, 0.1699]",0.3120878750014526,0.7486280704979434,0.9101468330009084,0,29.852,69.0,
2025-08-27|oraculo_diario|curva_sel|4|10.0|base|60|todas|onsite,2025-08-27,oraculo_diario,curva_sel,4,10.0,base,60,todas,onsite,26704,3266,29970,4049,1023,3026,15524,514,2920,923,0.2478754819089125,179,"{""devolucion_origen"": 74, ""entrega_sin_recogida"": 415, ""fisico"": 489, ""fuera_servicio"": 0, ""tope"": 0, ""visitas"": 0}",7799,7799,0,0,0,4063,14,14,67,0,74,"[0.1834, 0.6411, 0.5146, 0.2676, 0.2362, 0.6337, 0.3436, 0.1921, 0.3, 0.385, 0.1976, 0.4004, 0.1783, 0.177, 0.176, 0.1669, 0.1716, 0.1653, 0.1873, 0.3164, 0.2169, 0.2018, 0.2128, 0.3072, 0.1998, 0.3312, 0.1947, 0.3285, 0.345, 0.3551, 0.4384, 0.6719, 0.7463, 0.9607, 0.4124, 0.4287, 0.747, 0.6547, 1.679, 0.2413, 0.3448, 0.398, 0.4553, 0.397, 0.4101, 0.3541, 0.4579, 0.5276, 0.2952, 0.3118, 0.5096, 0.2718, 0.1795, 0.1764, 0.4297, 0.1762, 0.2984, 0.2943, 0.19, 0.3148, 0.318, 0.191, 0.3676, 0.1843, 0.2056, 0.1931, 0.1897, 0.1959, 0.1972, 0.1783, 0.1863, 0.1854, 0.168, 0.201]",0.2968185004992847,0.6979230875009302,1.6789736669998092,0,27.582,74.0,
2025-08-28|oraculo_diario|curva_sel|4|10.0|base|60|todas|onsite,2025-08-28,oraculo_diario,curva_sel,4,10.0,base,60,todas,onsite,22167,2289,24456,4014,987,3027,14805,507,2111,622,0.2502484919973904,158,"{""devolucion_origen"": 71, ""entrega_sin_recogida"": 463, ""fisico"": 534, ""fuera_servicio"": 0, ""tope"": 0, ""visitas"": 0}",7438,7438,0,0,0,4030,16,14,67,0,74,"[0.3019, 0.6015, 0.2657, 0.3133, 0.5424, 0.3732, 0.4347, 0.4911, 0.3934, 0.2419, 0.2387, 0.394, 0.6393, 0.2374, 0.1903, 0.4137, 0.1794, 0.2031, 0.1819, 0.2059, 0.1863, 0.1951, 0.1913, 0.1921, 0.6983, 3.409, 0.6322, 0.214, 0.5932, 0.3028, 0.3611, 0.2818, 0.3695, 0.2873, 0.3953, 0.3436, 0.7098, 0.3713, 0.3466, 0.3179, 0.3911, 0.7066, 0.4553, 0.2682, 0.2666, 0.288, 0.4902, 0.7499, 0.66, 0.2136, 0.3554, 0.3562, 0.6812, 0.3308, 0.2885, 0.1867, 0.2125, 0.2053, 0.1953, 0.1962, 0.1959, 0.1944, 0.1906, 0.212, 0.2037, 0.1854, 0.1908, 0.2109, 0.4634, 0.1864, 0.1914, 0.2291, 0.1753, 0.1772]",0.2876301455016801,0.701182020952001,3.409009375001915,0,30.055,71.0,
2025-08-31|oraculo_diario|curva_sel|4|10.0|base|60|todas|onsite,2025-08-31,oraculo_diario,curva_sel,4,10.0,base,60,todas,onsite,11374,632,12006,2368,429,1939,5671,257,479,22,0.2072607192270316,26,"{""devolucion_origen"": 17, ""entrega_sin_recogida"": 119, ""fisico"": 136, ""fuera_servicio"": 0, ""tope"": 0, ""visitas"": 0}",2844,2844,0,0,0,2398,30,14,67,0,74,"[0.2091, 0.2221, 0.2132, 0.4602, 0.2017, 0.2088, 0.3287, 0.4787, 0.3474, 0.1971, 0.3379, 0.2907, 0.2126, 0.545, 0.4899, 0.5372, 0.4826, 0.4961, 0.3155, 0.271, 0.4343, 0.2919, 0.1865, 0.579, 0.5107, 0.2828, 0.7362, 0.3077, 0.473, 0.1917, 0.2036, 0.311, 0.2233, 0.2078, 0.195, 0.3029, 0.2037, 0.2096, 0.3392, 0.3161, 0.5326, 0.1929, 0.3389, 0.509, 0.2125, 0.3794, 0.2042, 0.6153, 2.3684, 1.1493, 0.3632, 0.629, 0.3369, 0.1871, 0.2115, 0.2063, 0.4708, 0.4154, 0.192, 3.3679, 0.6493, 0.1979, 0.2037, 0.1891, 1.2467, 0.402, 0.5319, 0.367, 0.2467, 0.1864, 0.1995, 0.7907, 0.1752, 1.6975]",0.315781582999989,1.1833873668982045,3.367947082999308,0,35.314,17.0,
2025-08-01|oraculo_diario|curva_sel|4|15.0|base|60|todas|onsite,2025-08-01,oraculo_diario,curva_sel,4,15.0,base,60,todas,onsite,8077,1580,9657,3045,780,2265,9932,349,503,178,0.1440569630998892,47,"{""devolucion_origen"": 52, ""entrega_sin_recogida"": 188, ""fisico"": 240, ""fuera_servicio"": 0, ""tope"": 0, ""visitas"": 0}",4992,4992,0,0,0,3051,6,14,67,0,74,"[0.1939, 0.4254, 0.1904, 0.1907, 0.1832, 0.2149, 0.1948, 0.3377, 0.1838, 0.2109, 0.1988, 0.1944, 0.1989, 0.2053, 0.2043, 0.1916, 0.2081, 0.1827, 0.1868, 0.2119, 0.3247, 0.1966, 0.1981, 0.3303, 0.3447, 0.3624, 0.3109, 0.3112, 0.2204, 0.1996, 0.1914, 0.4122, 0.333, 0.4189, 0.4431, 0.2917, 0.4527, 0.578, 0.2676, 0.2832, 0.3352, 0.1938, 0.207, 0.2096, 0.3033, 0.2066, 0.2999, 0.2779, 0.1988, 0.4408, 0.1953, 0.4003, 0.2096, 0.439, 0.6238, 0.1867, 0.189, 0.2157, 0.3033, 0.2097, 0.1932, 0.1964, 0.212, 0.195, 0.1934, 0.1852, 0.1861, 0.1925, 1.1897, 0.1846, 0.3582, 1.0987, 0.1735, 0.1744]",0.2096077289988898,0.4965609744509486,1.1896710000000894,0,23.253,52.0,
2025-08-04|oraculo_diario|curva_sel|4|15.0|base|60|todas|onsite,2025-08-04,oraculo_diario,curva_sel,4,15.0,base,60,todas,onsite,17059,2150,19209,3741,992,2749,14086,503,1635,730,0.1868014542410861,120,"{""devolucion_origen"": 80, ""entrega_sin_recogida"": 321, ""fisico"": 401, ""fuera_servicio"": 0, ""tope"": 0, ""visitas"": 0}",7083,7083,0,0,0,3743,2,14,67,0,74,"[0.1823, 0.3905, 0.1866, 0.3567, 0.182, 0.2595, 0.4941, 0.1928, 0.5657, 0.2676, 0.1932, 0.189, 0.1934, 0.1746, 0.18, 0.1815, 0.1803, 0.1937, 0.1817, 0.1899, 0.2037, 0.1832, 1.0401, 0.1953, 0.3729, 0.3084, 0.3349, 0.3411, 0.1906, 0.6626, 0.406, 0.3967, 0.4704, 0.5936, 0.477, 0.3063, 0.546, 0.7027, 0.5167, 0.5404, 0.3378, 0.3973, 0.2718, 0.4124, 0.2873, 0.2452, 0.4471, 0.2329, 0.2696, 0.3288, 0.3139, 0.2919, 0.3096, 0.3629, 0.1827, 0.3991, 0.2095, 0.3598, 0.2011, 0.1833, 0.1888, 0.1987, 0.1792, 0.3252, 0.341, 0.1789, 0.1909, 0.1824, 0.4802, 0.1799, 0.1795, 0.2253, 0.1788, 0.1693]",0.2686152500009484,0.575451729600354,1.040136125000572,0,25.275,80.0,
2025-08-06|oraculo_diario|curva_sel|4|15.0|base|60|todas|onsite,2025-08-06,oraculo_diario,curva_sel,4,15.0,base,60,todas,onsite,24742,2205,26947,3990,1049,2941,14769,484,2348,661,0.2237781878301151,111,"{""devolucion_origen"": 51, ""entrega_sin_recogida"": 492, ""fisico"": 543, ""fuera_servicio"": 0, ""tope"": 0, ""visitas"": 0}",7410,7410,0,0,0,4004,14,14,67,0,74,"[0.2818, 0.1778, 0.8115, 0.4228, 0.4573, 0.4978, 0.251, 0.2763, 0.4953, 0.3155, 0.2949, 0.3413, 0.386, 0.4279, 0.1855, 0.3225, 0.1724, 0.1908, 0.1891, 0.1952, 0.181, 0.1822, 0.209, 0.1998, 0.6507, 0.1969, 0.1939, 0.2909, 1.2707, 0.2933, 0.5046, 0.8528, 0.6339, 0.4336, 0.4301, 0.2713, 0.5814, 0.5756, 0.3457, 0.4076, 0.3041, 0.2842, 0.2159, 0.7349, 0.3036, 0.1997, 0.1976, 0.2996, 0.4821, 0.1889, 0.2608, 0.4851, 0.7603, 0.6481, 0.4132, 0.3741, 0.5302, 0.9211, 0.5424, 0.1888, 0.19, 0.1872, 0.1854, 0.1852, 0.426, 0.5262, 0.1868, 0.1836, 1.252, 0.201, 0.1857, 0.2877, 0.1758, 0.1741]",0.2972692495004594,0.8259427079996383,1.2706506659997103,0,30.385,51.0,
2025-08-08|oraculo_diario|curva_sel|4|15.0|base|60|todas|onsite,2025-08-08,oraculo_diario,curva_sel,4,15.0,base,60,todas,onsite,16492,2341,18833,3606,898,2708,12648,442,1027,444,0.1671280097720859,220,"{""devolucion_origen"": 42, ""entrega_sin_recogida"": 400, ""fisico"": 442, ""fuera_servicio"": 0, ""tope"": 0, ""visitas"": 0}",6345,6345,0,0,0,3624,18,14,67,0,74,"[0.2103, 0.3129, 0.2737, 0.3472, 0.2969, 0.2034, 0.1837, 0.4396, 0.4226, 0.1873, 0.3698, 0.2526, 0.197, 0.1812, 0.1924, 0.3607, 0.1851, 0.1871, 0.1829, 0.3563, 0.2021, 0.1929, 0.2077, 0.3366, 0.3628, 0.3438, 0.2958, 0.6315, 0.4473, 0.4677, 0.5178, 0.3919, 0.3073, 0.298, 0.3174, 0.5114, 0.3587, 0.2949, 0.3607, 0.329, 0.4111, 0.6757, 0.4051, 0.3456, 0.2976, 0.4113, 0.2717, 0.2827, 0.2156, 0.4467, 0.1835, 0.2024, 0.4733, 0.5037, 0.5998, 0.3283, 0.2913, 0.2038, 0.2119, 0.2023, 0.1912, 0.1926, 0.1899, 0.2073, 0.2044, 0.201, 0.1956, 0.1895, 0.2459, 0.1775, 0.1796, 0.1771, 1.1426, 0.1713]",0.2930817079977714,0.5465042016496222,1.142608583002584,0,25.42,42.0,
2025-08-09|oraculo_diario|curva_sel|4|15.0|base|60|todas|onsite,2025-08-09,oraculo_diario,curva_sel,4,15.0,base,60,todas,onsite,6042,492,6534,1566,292,1274,3890,157,129,6,0.1987929790387124,43,"{""devolucion_origen"": 2, ""entrega_sin_recogida"": 25, ""fisico"": 27, ""fuera_servicio"": 0, ""tope"": 0, ""visitas"": 0}",1946,1946,0,0,0,1568,2,14,67,0,74,"[0.2033, 0.2287, 0.2051, 0.2065, 0.1968, 0.2051, 0.3438, 0.1952, 0.3608, 0.225, 0.2055, 0.6558, 0.1986, 0.1843, 0.3433, 0.2073, 0.4867, 0.1909, 0.1846, 0.9659, 0.36, 1.9218, 0.3408, 0.4662, 0.3112, 0.2948, 0.3174, 0.1951, 0.226, 0.1923, 0.2117, 0.3644, 0.3167, 0.1943, 0.2067, 0.3066, 0.2837, 0.391, 0.47, 0.5087, 0.3824, 0.2088, 0.2171, 0.221, 0.2167, 0.1936, 0.202, 0.189, 0.1956, 0.5789, 0.5255, 0.2085, 0.2052, 0.1937, 0.1907, 0.2281, 0.2964, 0.224, 0.2769, 0.221, 0.2872, 0.2011, 0.1982, 0.2174, 0.2071, 1.1644, 0.3902, 1.489, 0.2008, 0.3741, 0.2225, 1.1619, 0.1843, 0.2609]",0.2232427495000593,1.0345176334509223,1.92181566599902,0,27.541,2.0,
2025-08-11|oraculo_diario|curva_sel|4|15.0|base|60|todas|onsite,2025-08-11,oraculo_diario,curva_sel,4,15.0,base,60,todas,onsite,17661,2495,20156,3704,908,2796,13196,430,1443,686,0.202085026569271,85,"{""devolucion_origen"": 100, ""entrega_sin_recogida"": 309, ""fisico"": 409, ""fuera_servicio"": 0, ""tope"": 0, ""visitas"": 0}",6648,6648,0,0,0,3714,10,14,67,0,74,"[0.1753, 0.5121, 0.4514, 0.3794, 0.2816, 0.301, 0.2543, 0.4304, 0.2011, 0.2397, 0.3908, 0.4286, 0.2001, 0.1885, 0.2171, 0.2736, 0.1755, 0.1745, 0.1789, 0.184, 0.1901, 0.2801, 0.2063, 0.1876, 0.4059, 0.3586, 0.1919, 0.2912, 0.5216, 0.5664, 0.2904, 0.4651, 0.6767, 1.7915, 0.5069, 0.3143, 0.3442, 0.277, 0.3279, 0.3885, 0.2835, 0.3565, 0.3748, 0.3993, 0.5418, 0.4773, 0.4079, 0.3582, 0.4012, 0.339, 0.4355, 0.2666, 0.433, 0.8092, 0.2932, 0.1865, 0.207, 0.2086, 0.1826, 0.2014, 0.3732, 0.2095, 0.2095, 0.2016, 0.5625, 0.186, 0.1941, 0.1939, 0.6475, 0.1779, 0.1789, 0.3435, 0.1849, 0.1746]",0.290790229500999,0.5947841039514965,1.7914720830012811,0,27.415,100.0,
2025-08-12|oraculo_diario|curva_sel|4|15.0|base|60|todas|onsite,2025-08-12,oraculo_diario,curva_sel,4,15.0,base,60,todas,onsite,29729,3280,33009,4046,1017,3029,15229,536,2954,848,0.2241268109379119,157,"{""devolucion_origen"": 79, ""entrega_sin_recogida"": 409, ""fisico"": 488, ""fuera_servicio"": 0, ""tope"": 0, ""visitas"": 0}",7654,7654,0,0,0,4052,6,14,67,0,74,"[0.6362, 0.3499, 0.4062, 0.2439, 0.1821, 0.2618, 0.2645, 0.3838, 0.6557, 0.2628, 0.2656, 0.5045, 0.2001, 0.1933, 0.1828, 0.1833, 0.1772, 0.1871, 0.1759, 0.1966, 0.1833, 0.1914, 0.2049, 0.3503, 0.5711, 0.2964, 0.3105, 0.2703, 0.3437, 0.3707, 0.2053, 0.4193, 0.5888, 0.4134, 0.4409, 0.3589, 0.3921, 0.5105, 0.3896, 0.3434, 0.7469, 0.197, 0.3896, 0.2857, 0.2635, 0.3053, 0.3675, 0.3011, 0.5586, 0.2857, 0.2462, 0.2894, 0.3912, 0.5725, 0.5388, 0.409, 0.3511, 0.3315, 0.3067, 0.297, 0.217, 0.1861, 0.1986, 0.1984, 0.2032, 0.1809, 0.1846, 0.1761, 0.1961, 0.4077, 0.1708, 0.1754, 0.18, 0.171]",0.2875561460004974,0.5782137442012754,0.7468614169993089,0,25.617,79.0,
2025-08-13|oraculo_diario|curva_sel|4|15.0|base|60|todas|onsite,2025-08-13,oraculo_diario,curva_sel,4,15.0,base,60,todas,onsite,18670,2622,21292,3328,769,2559,11145,433,1301,485,0.2350490544002431,88,"{""devolucion_origen"": 29, ""entrega_sin_recogida"": 280, ""fisico"": 309, ""fuera_servicio"": 0, ""tope"": 0, ""visitas"": 0}",5587,5587,0,0,0,3344,16,14,67,0,74,"[0.2869, 0.4316, 1.0794, 0.3681, 0.4368, 0.3338, 0.4015, 0.2478, 0.1794, 0.3954, 0.446, 0.2339, 0.2007, 0.1953, 0.1982, 0.168, 0.1718, 0.2004, 0.1749, 0.2005, 0.2102, 0.2669, 0.1963, 0.274, 0.5684, 0.293, 0.6303, 0.2132, 0.4688, 0.5027, 0.2125, 0.4348, 0.8059, 1.0347, 0.3012, 0.3478, 0.5092, 0.8485, 0.3757, 0.3692, 0.436, 0.2854, 0.7131, 0.3061, 0.1888, 0.61, 0.8331, 0.1887, 0.4309, 0.5857, 0.4452, 0.4581, 0.1995, 0.905, 0.8594, 0.3414, 0.1959, 0.2124, 0.2082, 0.4396, 0.3546, 0.1876, 0.1941, 0.2056, 0.2012, 0.1934, 0.1993, 0.3536, 0.2428, 0.337, 0.1837, 0.7846, 0.4043, 0.1729]",0.3199457914997765,0.8522980732523137,1.0793816250006785,0,30.21,29.0,
2025-08-16|oraculo_diario|curva_sel|4|15.0|base|60|todas|onsite,2025-08-16,oraculo_diario,curva_sel,4,15.0,base,60,todas,onsite,8771,478,9249,2026,329,1697,5358,197,236,6,0.20985089372304,21,"{""devolucion_origen"": 8, ""entrega_sin_recogida"": 53, ""fisico"": 61, ""fuera_servicio"": 0, ""tope"": 0, ""visitas"": 0}",2683,2683,0,0,0,2044,18,14,67,0,74,"[0.1861, 0.2043, 0.1902, 0.2168, 0.2131, 0.2243, 0.2163, 0.3413, 0.2028, 0.2102, 0.7073, 0.687, 0.4012, 0.2905, 0.729, 0.2796, 0.3207, 0.3117, 0.2028, 0.2145, 0.196, 0.5115, 0.4704, 0.1883, 0.3238, 1.5656, 0.7149, 0.3996, 0.3204, 0.4905, 0.1867, 2.7488, 0.2027, 0.2739, 0.3903, 1.349, 0.4094, 0.8014, 0.297, 0.1906, 0.3586, 0.3626, 0.3238, 0.4779, 0.6515, 0.2045, 0.1909, 0.193, 0.5755, 0.3377, 0.4452, 0.2062, 0.3815, 0.4562, 0.1919, 0.3237, 0.3163, 0.2351, 0.5804, 0.1962, 0.1963, 0.2107, 0.2107, 0.1934, 0.2052, 0.459, 0.2614, 0.2069, 0.2019, 0.1866, 0.8983, 0.2717, 0.1767, 0.174]",0.2850666044978425,0.8352835607503942,2.7488067090016557,0,31.159,8.0,
2025-08-18|oraculo_diario|curva_sel|4|15.0|base|60|todas|onsite,2025-08-18,oraculo_diario,curva_sel,4,15.0,base,60,todas,onsite,20590,2539,23129,3898,994,2904,13582,494,1781,631,0.2342457690987524,114,"{""devolucion_origen"": 64, ""entrega_sin_recogida"": 453, ""fisico"": 517, ""fuera_servicio"": 0, ""tope"": 0, ""visitas"": 0}",6823,6823,0,0,0,3902,4,14,67,0,74,"[0.3421, 0.5409, 0.3236, 0.2651, 0.419, 0.2616, 0.2592, 0.2427, 0.249, 0.1971, 0.3893, 0.3274, 0.2507, 0.4501, 0.1689, 0.1881, 0.1769, 0.1724, 0.2128, 0.4404, 0.3814, 0.1828, 0.1857, 0.1944, 0.618, 0.4343, 0.301, 0.2734, 0.5247, 0.5442, 0.4858, 0.6402, 0.3098, 0.2708, 0.268, 0.388, 0.3878, 0.5132, 0.3354, 0.6127, 0.4833, 0.3862, 0.2471, 0.2646, 0.1839, 0.3477, 0.4306, 0.6244, 0.4793, 0.4539, 0.2739, 0.1802, 0.4113, 0.3456, 0.1795, 0.5874, 0.1868, 0.207, 0.1876, 0.1858, 0.2102, 0.1893, 0.1836, 0.2037, 0.1843, 0.1779, 0.1768, 0.1833, 0.4693, 0.182, 0.1781, 0.1914, 0.1766, 0.1746]",0.2665545210002165,0.5962214892511837,0.6401906669998425,0,25.476,64.0,
2025-08-23|oraculo_diario|curva_sel|4|15.0|base|60|todas|onsite,2025-08-23,oraculo_diario,curva_sel,4,15.0,base,60,todas,onsite,7560,476,8036,1930,327,1603,4707,217,216,8,0.2077392122477013,52,"{""devolucion_origen"": 13, ""entrega_sin_recogida"": 69, ""fisico"": 82, ""fuera_servicio"": 0, ""tope"": 0, ""visitas"": 0}",2360,2360,0,0,0,1946,16,14,67,0,74,"[0.2095, 0.2053, 0.2124, 0.3307, 0.1888, 0.3897, 0.6012, 0.3149, 0.5436, 0.2036, 0.2935, 0.5218, 0.2052, 0.2754, 0.1908, 0.631, 0.6482, 0.2046, 0.2937, 0.209, 0.2138, 0.8891, 1.4285, 0.6763, 1.1655, 0.2611, 0.4423, 0.3484, 0.3313, 0.5103, 0.3537, 0.5625, 0.4285, 0.2882, 0.3882, 0.52, 0.2023, 0.1919, 0.2167, 0.1876, 0.3599, 0.5869, 0.6698, 0.2059, 0.2105, 0.3832, 0.1943, 0.3108, 0.4533, 0.1872, 0.3858, 0.724, 0.2195, 0.2208, 0.9609, 1.3071, 0.3434, 0.2052, 0.2035, 0.3305, 0.2131, 1.9591, 0.2088, 0.7586, 0.1926, 0.7948, 0.1854, 0.1848, 0.1903, 0.8415, 0.4066, 0.7372, 0.1863, 0.1778]",0.322710583499429,1.0325138896010673,1.959144707998348,0,33.655,13.0,
2025-08-26|oraculo_diario|curva_sel|4|15.0|base|60|todas|onsite,2025-08-26,oraculo_diario,curva_sel,4,15.0,base,60,todas,onsite,26896,2569,29465,4022,1090,2932,16082,538,2925,946,0.2428878990833617,248,"{""devolucion_origen"": 76, ""entrega_sin_recogida"": 416, ""fisico"": 492, ""fuera_servicio"": 0, ""tope"": 0, ""visitas"": 0}",8079,8079,0,0,0,4034,12,14,67,0,74,"[0.3558, 0.2962, 0.4749, 0.4892, 0.3577, 0.2601, 0.2844, 0.4593, 0.6251, 0.4344, 0.2335, 0.3354, 0.298, 0.1686, 0.181, 0.184, 0.2006, 0.1859, 0.2033, 0.1776, 0.1995, 0.204, 0.1965, 0.3572, 0.3327, 0.288, 0.2905, 0.3172, 0.6438, 0.4176, 0.2665, 0.4694, 0.3628, 0.5613, 0.6525, 0.5045, 0.5169, 0.4264, 0.3007, 0.681, 0.4328, 0.328, 0.3403, 0.3441, 0.3222, 0.5722, 0.3788, 0.3602, 0.295, 0.4366, 0.4044, 0.3706, 0.4515, 0.41, 0.404, 0.3728, 0.3306, 0.3288, 0.1798, 0.1916, 0.1842, 0.211, 0.2094, 0.2021, 0.3566, 0.1857, 0.2086, 0.1876, 0.192, 0.1896, 0.1874, 0.8726, 0.9659, 0.1761]",0.3297313335006038,0.6468306795019089,0.9659090829991328,0,28.135,76.0,
2025-08-27|oraculo_diario|curva_sel|4|15.0|base|60|todas|onsite,2025-08-27,oraculo_diario,curva_sel,4,15.0,base,60,todas,onsite,27413,3164,30577,3975,1012,2963,15238,508,2936,931,0.2541478024978895,196,"{""devolucion_origen"": 92, ""entrega_sin_recogida"": 405, ""fisico"": 497, ""fuera_servicio"": 0, ""tope"": 0, ""visitas"": 0}",7665,7665,0,0,0,3985,10,14,67,0,74,"[0.1831, 0.6576, 0.1848, 0.3815, 0.4347, 0.2321, 0.3704, 0.3391, 0.4006, 0.2276, 0.1849, 0.1725, 0.3153, 0.1748, 0.1741, 0.1956, 0.1765, 0.1686, 0.1742, 0.1732, 0.1789, 0.1944, 0.1873, 0.2132, 0.2043, 0.3259, 0.3005, 0.3188, 0.4391, 0.4261, 0.2997, 0.3265, 0.2741, 0.273, 0.4617, 0.2973, 0.3543, 0.3312, 0.2971, 0.3733, 0.5402, 0.2722, 0.4354, 0.3562, 0.3895, 0.3359, 0.3169, 0.5499, 0.2684, 0.3129, 0.3614, 0.3279, 0.4317, 0.3737, 0.1897, 0.2653, 0.4021, 0.4499, 0.2855, 0.5017, 0.2975, 0.1936, 0.1876, 0.1819, 0.19, 0.3499, 0.1929, 0.1872, 0.1852, 0.1809, 0.1805, 0.1777, 0.2641, 0.1791]",0.2913248334989475,0.4756856040503405,0.6575908330014499,0,24.135,92.0,
2025-08-28|oraculo_diario|curva_sel|4|15.0|base|60|todas|onsite,2025-08-28,oraculo_diario,curva_sel,4,15.0,base,60,todas,onsite,22318,2250,24568,3910,983,2927,14682,507,2067,668,0.2455115230515961,151,"{""devolucion_origen"": 66, ""entrega_sin_recogida"": 424, ""fisico"": 490, ""fuera_servicio"": 0, ""tope"": 0, ""visitas"": 0}",7374,7374,0,0,0,3926,16,14,67,0,74,"[0.2778, 0.4728, 0.3092, 0.3669, 0.5809, 0.3711, 0.5368, 0.3052, 0.3478, 0.1759, 0.2272, 0.2675, 0.4835, 0.3828, 0.1866, 0.4744, 0.3195, 0.2007, 0.2038, 0.1904, 0.208, 0.2043, 0.2419, 0.2135, 0.4446, 0.2924, 0.378, 0.2914, 0.3164, 0.617, 0.3153, 0.3251, 0.3315, 0.2776, 0.4104, 0.5041, 0.3284, 0.5338, 0.385, 0.4953, 0.2993, 0.3139, 0.2927, 0.2946, 0.4266, 0.1903, 0.3002, 0.5352, 0.6104, 0.4671, 0.3562, 0.2982, 0.5218, 0.5968, 0.2994, 0.3687, 0.1991, 0.1861, 0.3477, 0.3316, 0.1864, 0.1964, 0.1923, 0.1894, 0.2113, 0.1889, 0.194, 0.1988, 0.1944, 0.1979, 0.1922, 0.546, 0.1845, 0.1747]",0.3026958125010424,0.5582065772987332,0.6169986249988142,0,26.39,66.0,
2025-08-31|oraculo_diario|curva_sel|4|15.0|base|60|todas|onsite,2025-08-31,oraculo_diario,curva_sel,4,15.0,base,60,todas,onsite,11425,659,12084,2245,407,1838,5614,259,502,16,0.204888015724376,24,"{""devolucion_origen"": 18, ""entrega_sin_recogida"": 121, ""fisico"": 139, ""fuera_servicio"": 0, ""tope"": 0, ""visitas"": 0}",2816,2816,0,0,0,2265,20,14,67,0,74,"[0.1796, 0.191, 0.2599, 0.2003, 0.37, 0.3617, 0.4299, 0.409, 0.4003, 0.201, 0.3097, 0.2149, 0.6393, 0.196, 0.6639, 0.7591, 0.3574, 0.2007, 0.5844, 0.2829, 0.1985, 0.2821, 0.3176, 0.309, 0.4823, 0.1991, 0.2776, 0.3451, 0.5001, 0.1998, 0.1941, 0.5003, 0.3403, 0.1965, 0.1934, 0.3062, 0.3631, 0.3113, 0.5414, 0.5546, 0.5048, 0.1909, 0.3715, 0.6319, 2.4021, 0.3301, 0.1919, 0.6298, 0.5109, 0.679, 0.6991, 0.2083, 0.3142, 1.0826, 1.0527, 0.19, 0.5141, 0.5969, 0.7121, 0.8025, 0.4634, 0.1962, 0.1893, 0.2052, 0.2066, 0.4248, 0.385, 0.6354, 0.1778, 0.3226, 0.2271, 0.8271, 0.1736, 0.1802]",0.335191833499266,0.8111403353012063,2.4020676250002,0,33.016,18.0,
2025-08-01|oraculo_diario|curva_sel|4|20.0|base|60|todas|onsite,2025-08-01,oraculo_diario,curva_sel,4,20.0,base,60,todas,onsite,8330,1682,10012,2794,728,2066,9630,361,512,238,0.1365120499825339,46,"{""devolucion_origen"": 50, ""entrega_sin_recogida"": 169, ""fisico"": 219, ""fuera_servicio"": 0, ""tope"": 0, ""visitas"": 0}",4840,4840,0,0,0,2796,2,14,67,0,74,"[0.1901, 0.1893, 0.1881, 0.3137, 0.1825, 0.1835, 0.1938, 0.2066, 0.1842, 0.1953, 0.2056, 0.2081, 0.1959, 0.1854, 0.2013, 0.1899, 0.2083, 0.2041, 0.1993, 0.1832, 0.3317, 0.1895, 0.2116, 0.292, 0.5793, 0.2794, 0.1947, 0.325, 0.2881, 0.1945, 0.1837, 0.6417, 0.303, 0.2144, 0.4026, 0.3305, 0.3767, 0.4758, 0.3721, 0.7822, 0.2178, 0.2976, 0.3062, 0.3164, 0.3261, 0.3193, 0.441, 0.279, 0.3161, 0.4344, 0.3802, 0.3826, 0.2243, 0.5427, 0.2979, 0.374, 0.1928, 0.1844, 0.1862, 0.1844, 0.1886, 0.1924, 0.2177, 0.1881, 0.2799, 0.1843, 0.2041, 0.1893, 0.2559, 0.1806, 0.1776, 0.2361, 0.288, 0.25]",0.2160946669991972,0.4991982688512504,0.7822303749999264,0,22.309,50.0,
2025-08-04|oraculo_diario|curva_sel|4|20.0|base|60|todas|onsite,2025-08-04,oraculo_diario,curva_sel,4,20.0,base,60,todas,onsite,16886,2085,18971,3630,961,2669,13866,496,1605,706,0.1922240862024181,123,"{""devolucion_origen"": 76, ""entrega_sin_recogida"": 322, ""fisico"": 398, ""fuera_servicio"": 0, ""tope"": 0, ""visitas"": 0}",6971,6971,0,0,0,3634,4,14,67,0,74,"[0.1962, 0.4066, 0.1824, 0.2408, 0.3876, 0.5979, 0.4931, 0.1818, 0.4505, 0.3983, 0.2605, 0.2164, 0.1975, 0.2159, 0.1887, 0.1721, 0.1778, 0.1825, 0.2075, 0.1827, 0.2006, 0.1832, 0.4513, 0.2895, 0.334, 0.3862, 0.4703, 0.188, 0.3468, 0.3047, 0.3345, 0.3129, 0.1872, 0.6142, 0.2037, 0.5599, 0.4574, 0.8037, 0.2956, 0.5777, 0.5301, 0.3269, 0.2966, 0.2387, 0.655, 0.182, 0.3894, 0.3526, 0.3217, 0.3612, 0.5168, 0.359, 0.3182, 0.191, 0.4147, 0.1845, 0.3422, 0.2093, 0.2005, 0.1818, 0.202, 0.2063, 0.1801, 0.1993, 0.2103, 0.187, 3.2839, 0.193, 0.1933, 0.1883, 0.1768, 0.2463, 0.1752, 0.2467]",0.2465138334991934,0.6036136044018348,3.283878417001688,0,27.833,76.0,
2025-08-06|oraculo_diario|curva_sel|4|20.0|base|60|todas|onsite,2025-08-06,oraculo_diario,curva_sel,4,20.0,base,60,todas,onsite,25098,2119,27217,3884,1023,2861,14740,481,2352,676,0.2249669437890015,111,"{""devolucion_origen"": 44, ""entrega_sin_recogida"": 477, ""fisico"": 521, ""fuera_servicio"": 0, ""tope"": 0, ""visitas"": 0}",7392,7392,0,0,0,3900,16,14,67,0,74,"[0.2862, 0.1744, 0.951, 0.3726, 0.4759, 0.321, 0.4097, 0.2733, 0.3699, 0.1868, 0.4142, 0.3459, 0.4608, 0.2379, 0.2017, 0.4331, 0.1757, 0.191, 0.1994, 0.2139, 0.1814, 0.1836, 0.1913, 0.1861, 0.3418, 0.1986, 0.2329, 0.42, 0.2158, 0.2041, 0.4048, 0.3871, 0.338, 0.5538, 0.3164, 0.4402, 0.4787, 0.4713, 0.3859, 0.6026, 0.5664, 0.276, 0.521, 0.275, 0.3084, 0.3529, 0.4402, 0.2, 0.7054, 0.251, 0.304, 0.3075, 0.7639, 0.2768, 0.722, 0.4761, 0.3693, 0.3852, 0.3368, 0.203, 0.2105, 0.198, 0.2076, 0.1855, 0.2138, 0.1987, 0.2047, 0.2013, 0.7646, 0.1905, 0.1844, 0.2015, 0.1853, 0.2259]",0.2951120840007206,0.7112108727998929,0.9510281670009136,0,27.165,44.0,
2025-08-08|oraculo_diario|curva_sel|4|20.0|base|60|todas|onsite,2025-08-08,oraculo_diario,curva_sel,4,20.0,base,60,todas,onsite,16756,2503,19259,3400,826,2574,12168,452,1101,487,0.1738861725215097,224,"{""devolucion_origen"": 48, ""entrega_sin_recogida"": 377, ""fisico"": 425, ""fuera_servicio"": 0, ""tope"": 0, ""visitas"": 0}",6108,6108,0,0,0,3408,8,14,67,0,74,"[0.2143, 0.1871, 0.3041, 0.2809, 0.2825, 0.2726, 0.3704, 0.2678, 0.4576, 0.1773, 0.1896, 0.2961, 0.1841, 0.1877, 0.1881, 0.2019, 0.1893, 0.1775, 0.2027, 0.2948, 0.4594, 0.2053, 0.2148, 0.4021, 0.398, 0.4023, 0.2139, 0.4669, 0.3777, 0.2839, 0.3131, 0.3941, 0.4602, 0.2935, 0.3785, 0.2529, 0.3731, 0.3444, 0.3452, 0.5072, 0.4702, 0.3036, 0.5038, 0.4744, 0.3693, 0.4456, 0.4445, 0.3586, 0.4834, 0.1841, 0.2816, 0.2782, 0.3668, 0.3612, 0.3042, 0.2986, 0.3144, 0.1836, 0.1888, 0.2045, 0.1878, 0.2033, 0.1847, 0.2027, 0.2856, 0.2016, 0.1973, 0.1891, 0.1897, 0.1915, 0.1764, 0.1918, 0.2085, 0.2458]",0.2820295835008437,0.4716766415518577,0.5072444590005034,0,24.051,48.0,
2025-08-09|oraculo_diario|curva_sel|4|20.0|base|60|todas|onsite,2025-08-09,oraculo_diario,curva_sel,4,20.0,base,60,todas,onsite,6156,605,6761,1449,262,1187,3778,155,137,12,0.2086082737794766,46,"{""devolucion_origen"": 2, ""entrega_sin_recogida"": 29, ""fisico"": 31, ""fuera_servicio"": 0, ""tope"": 0, ""visitas"": 0}",1890,1890,0,0,0,1453,4,14,67,0,74,"[0.1838, 0.1993, 0.2034, 0.3462, 0.216, 0.1929, 0.4021, 0.3094, 0.404, 0.2072, 0.292, 0.3291, 0.1998, 0.1995, 0.3197, 0.3069, 0.3815, 0.3836, 0.3513, 0.6182, 0.3699, 0.5808, 0.435, 0.4133, 0.5555, 0.203, 0.2105, 0.1982, 0.3508, 0.204, 0.3268, 0.3312, 0.3708, 0.1995, 0.1908, 0.4802, 0.2846, 0.559, 0.3095, 0.5496, 0.3455, 0.2057, 0.4732, 0.2122, 0.2152, 0.3733, 0.2136, 0.1943, 0.2078, 0.5993, 0.1956, 0.1919, 0.3423, 0.2035, 0.5029, 0.196, 0.2738, 0.2019, 0.2215, 0.2036, 0.2291, 0.2147, 0.2029, 0.2181, 1.9184, 0.7531, 0.3659, 0.1941, 0.1908, 0.3677, 0.192, 0.5079, 0.192, 0.1787]",0.2792086454992386,0.5872265603991763,1.9183992910002416,0,26.437,2.0,
2025-08-11|oraculo_diario|curva_sel|4|20.0|base|60|todas|onsite,2025-08-11,oraculo_diario,curva_sel,4,20.0,base,60,todas,onsite,17760,2588,20348,3603,904,2699,13197,432,1479,695,0.2058088703430722,86,"{""devolucion_origen"": 107, ""entrega_sin_recogida"": 303, ""fisico"": 410, ""fuera_servicio"": 0, ""tope"": 0, ""visitas"": 0}",6652,6652,0,0,0,3607,4,14,67,0,74,"[0.19, 0.4925, 0.6182, 0.4152, 0.4428, 0.5229, 0.1802, 0.2851, 0.1824, 0.4447, 0.4565, 0.4367, 0.177, 0.1923, 0.1912, 0.1972, 0.1906, 0.2032, 0.1762, 0.1925, 0.2007, 0.1865, 0.2043, 0.1934, 0.5152, 0.3006, 0.1956, 0.5292, 0.4875, 0.6157, 0.4178, 0.4347, 0.386, 0.4665, 0.5794, 0.7232, 0.5003, 0.5836, 0.3255, 0.4101, 0.3005, 0.3926, 0.2777, 0.5132, 0.3378, 0.1829, 0.2587, 0.2986, 0.2808, 0.3583, 0.4473, 0.412, 0.5472, 0.8201, 0.3739, 0.2991, 0.2125, 0.2044, 0.2119, 0.2048, 0.193, 0.1924, 0.1882, 0.2045, 0.3052, 0.1874, 0.1851, 0.1981, 0.1825, 0.1949, 0.1758, 0.3047, 0.2789, 0.1774]",0.2918291460009641,0.5948431432001596,0.8201288749987725,0,26.571,107.0,
2025-08-12|oraculo_diario|curva_sel|4|20.0|base|60|todas|onsite,2025-08-12,oraculo_diario,curva_sel,4,20.0,base,60,todas,onsite,30489,3526,34015,3905,1003,2902,15101,557,3024,897,0.2249156902163973,152,"{""devolucion_origen"": 77, ""entrega_sin_recogida"": 404, ""fisico"": 481, ""fuera_servicio"": 0, ""tope"": 0, ""visitas"": 0}",7589,7589,0,0,0,3907,2,14,67,0,74,"[0.6238, 0.3657, 0.248, 0.4645, 0.3609, 0.4365, 0.3873, 0.3801, 0.3386, 0.3839, 0.3107, 0.3131, 0.1941, 0.1722, 0.1695, 0.1703, 0.1773, 0.1806, 0.1986, 0.2168, 0.2023, 0.1963, 0.1993, 0.2159, 0.5485, 0.6309, 0.5072, 0.2024, 0.3143, 0.4058, 0.4958, 0.7073, 0.3466, 0.3504, 0.4622, 0.4282, 0.7385, 0.3478, 0.5339, 0.5725, 0.2642, 0.2839, 0.4438, 0.291, 0.4384, 0.2677, 0.4113, 0.3687, 0.2723, 0.1955, 0.3866, 0.2966, 0.2848, 0.468, 0.3496, 0.382, 0.4805, 0.5241, 0.1806, 0.1847, 0.1904, 0.3655, 0.1823, 0.1984, 0.2, 0.2172, 0.1916, 0.1976, 0.2028, 0.466, 0.1908, 0.1974, 0.1844, 0.1745]",0.3119145414984814,0.5904565705001003,0.7384633750007197,0,26.738,77.0,
2025-08-13|oraculo_diario|curva_sel|4|20.0|base|60|todas|onsite,2025-08-13,oraculo_diario,curva_sel,4,20.0,base,60,todas,onsite,18610,2529,21139,3187,752,2435,11040,427,1316,480,0.2329228392546837,96,"{""devolucion_origen"": 30, ""entrega_sin_recogida"": 287, ""fisico"": 317, ""fuera_servicio"": 0, ""tope"": 0, ""visitas"": 0}",5535,5535,0,0,0,3197,10,14,67,0,74,"[0.3332, 0.4525, 0.7518, 0.3544, 0.4966, 0.3479, 0.256, 0.458, 0.2407, 0.3568, 0.2409, 0.1854, 0.1985, 0.1859, 0.2523, 0.1936, 0.1728, 0.2033, 0.1996, 0.1935, 0.1961, 0.2669, 0.2097, 0.2683, 0.4662, 0.2876, 0.6213, 0.4537, 0.4819, 0.4032, 0.1907, 0.3016, 0.676, 0.5172, 0.2889, 0.3274, 0.6292, 0.5143, 0.1887, 0.326, 0.4712, 0.3155, 0.5184, 0.2999, 0.5659, 0.4293, 0.4981, 0.6842, 0.6487, 0.6255, 0.2926, 0.573, 0.3263, 0.2888, 0.5424, 0.2038, 0.3987, 0.2101, 0.2115, 0.3249, 0.2134, 0.2092, 0.2057, 0.1999, 0.2, 0.1829, 0.1968, 0.3584, 0.1942, 0.3422, 0.19, 0.1704, 0.2814, 0.2419]",0.2962861460018757,0.6360326045018154,0.7517934169991349,0,27.463,30.0,
2025-08-16|oraculo_diario|curva_sel|4|20.0|base|60|todas|onsite,2025-08-16,oraculo_diario,curva_sel,4,20.0,base,60,todas,onsite,9027,604,9631,1915,304,1611,5158,184,252,5,0.216948860342151,26,"{""devolucion_origen"": 6, ""entrega_sin_recogida"": 67, ""fisico"": 73, ""fuera_servicio"": 0, ""tope"": 0, ""visitas"": 0}",2582,2582,0,0,0,1925,10,14,67,0,74,"[0.1836, 0.1905, 0.1934, 0.3169, 0.2008, 0.1896, 0.3439, 0.1958, 0.3135, 0.194, 0.4211, 0.5201, 0.3799, 0.7863, 0.6663, 0.5259, 0.3693, 0.1864, 0.3622, 0.1952, 0.1899, 0.1903, 0.3851, 0.3307, 0.3536, 0.2796, 0.2928, 0.2849, 0.4009, 0.5487, 0.2002, 0.4289, 0.5234, 0.3576, 0.3116, 0.4544, 0.3124, 0.2895, 0.4172, 0.2176, 0.4244, 0.2966, 0.6177, 0.5384, 0.429, 0.1898, 0.4692, 0.1921, 0.3978, 0.3033, 0.1938, 0.3429, 0.5466, 0.3585, 0.838, 0.6222, 0.3187, 0.3539, 0.3727, 0.1872, 0.3313, 0.4435, 0.1866, 0.189, 0.2458, 0.4553, 0.2747, 0.286, 0.1902, 0.2005, 0.6086, 0.2543, 0.1768, 0.1762]",0.3178173959986452,0.6192661918998056,0.838004124998406,0,27.452,6.0,
2025-08-18|oraculo_diario|curva_sel|4|20.0|base|60|todas|onsite,2025-08-18,oraculo_diario,curva_sel,4,20.0,base,60,todas,onsite,21261,2515,23776,3776,955,2821,13587,492,1825,633,0.2361672677764408,121,"{""devolucion_origen"": 65, ""entrega_sin_recogida"": 448, ""fisico"": 513, ""fuera_servicio"": 0, ""tope"": 0, ""visitas"": 0}",6826,6826,0,0,0,3780,4,14,67,0,74,"[0.3237, 0.4994, 0.3632, 0.3412, 0.3225, 0.2044, 0.474, 0.3324, 0.4287, 0.2451, 0.4617, 0.2368, 0.2601, 0.1832, 0.1852, 0.1903, 0.1745, 0.1734, 0.1987, 0.1811, 0.3091, 0.2079, 0.201, 0.1868, 0.5141, 0.3848, 0.425, 0.5206, 0.338, 0.6802, 0.5833, 0.2919, 0.3396, 0.6694, 0.4789, 0.2023, 0.2086, 0.4559, 0.5513, 0.5001, 0.3176, 0.3031, 0.3003, 0.6262, 0.4873, 0.3554, 0.3209, 0.3972, 0.383, 0.408, 0.3406, 0.3475, 0.4187, 0.3056, 0.481, 0.4969, 0.2106, 0.1857, 0.1994, 0.1897, 0.1868, 0.2084, 0.1848, 0.2038, 0.1817, 0.1791, 0.181, 0.1849, 1.1369, 0.1825, 0.1893, 0.2108, 0.1829, 0.3268]",0.3133364789991901,0.5982803545011846,1.1368897089996608,0,26.887,65.0,
2025-08-23|oraculo_diario|curva_sel|4|20.0|base|60|todas|onsite,2025-08-23,oraculo_diario,curva_sel,4,20.0,base,60,todas,onsite,8258,491,8749,1844,310,1534,4664,212,216,10,0.2072288359759968,50,"{""devolucion_origen"": 8, ""entrega_sin_recogida"": 71, ""fisico"": 79, ""fuera_servicio"": 0, ""tope"": 0, ""visitas"": 0}",2336,2336,0,0,0,1866,22,14,67,0,74,"[0.2014, 0.2066, 0.2099, 0.4553, 0.3958, 0.3768, 0.3924, 0.5867, 0.4602, 0.1874, 0.4703, 0.2741, 0.5216, 0.3173, 0.2848, 0.5431, 0.477, 0.2885, 0.5383, 0.4708, 0.3177, 0.4145, 0.6105, 0.4763, 0.4218, 0.3697, 0.2199, 0.3169, 0.3057, 0.4586, 0.2105, 0.3389, 0.4586, 0.3524, 0.7254, 0.2199, 0.37, 0.5717, 0.1929, 0.3453, 0.4686, 0.5515, 0.5741, 0.2029, 0.6055, 0.379, 0.4485, 0.3301, 0.2749, 0.2053, 0.3996, 0.3507, 0.7575, 0.2196, 0.4442, 0.2113, 0.368, 0.4116, 0.2187, 0.232, 0.3237, 0.2109, 0.4313, 0.4289, 0.2138, 0.5813, 0.2019, 0.2012, 0.1824, 0.8504, 0.2545, 0.1989, 0.1864, 0.1749]",0.3601874585001496,0.6072209459513033,0.8503505829976348,0,29.332,8.0,
2025-08-26|oraculo_diario|curva_sel|4|20.0|base|60|todas|onsite,2025-08-26,oraculo_diario,curva_sel,4,20.0,base,60,todas,onsite,26533,2553,29086,3926,1076,2850,16065,548,2884,1044,0.2419448727860934,248,"{""devolucion_origen"": 63, ""entrega_sin_recogida"": 413, ""fisico"": 476, ""fuera_servicio"": 0, ""tope"": 0, ""visitas"": 0}",8064,8064,0,0,0,3938,12,14,67,0,74,"[0.3251, 0.3044, 0.2746, 0.318, 0.5081, 0.2891, 0.2693, 0.3316, 0.2501, 0.3683, 0.2701, 0.5888, 0.4575, 0.1792, 0.1955, 0.1982, 0.1738, 0.1971, 0.2065, 0.1894, 0.1988, 0.1847, 0.3157, 0.2926, 0.4536, 0.4269, 0.2933, 0.2088, 0.3599, 0.4506, 0.1915, 0.3995, 0.4863, 0.5017, 0.4229, 0.5259, 0.3805, 0.4385, 0.4949, 0.5454, 0.6632, 0.3476, 0.3155, 0.7878, 0.3229, 0.3394, 0.3534, 0.254, 0.4259, 0.6039, 0.4298, 0.6115, 0.3817, 0.3442, 0.4624, 0.2595, 0.3259, 0.3001, 0.3622, 0.4939, 0.1892, 0.2125, 0.3523, 0.2061, 0.2043, 0.2065, 0.3436, 0.2008, 0.1942, 0.1892, 0.1867, 0.2252, 0.2626, 0.2565]",0.3204488955016131,0.5940495874991029,0.787768333000713,0,27.442,63.0,
2025-08-27|oraculo_diario|curva_sel|4|20.0|base|60|todas|onsite,2025-08-27,oraculo_diario,curva_sel,4,20.0,base,60,todas,onsite,27701,3161,30862,3869,991,2878,15123,491,3065,953,0.2497212048800086,193,"{""devolucion_origen"": 77, ""entrega_sin_recogida"": 433, ""fisico"": 510, ""fuera_servicio"": 0, ""tope"": 0, ""visitas"": 0}",7600,7600,0,0,0,3875,6,14,67,0,74,"[0.1987, 0.6683, 0.5446, 0.355, 0.2085, 0.3272, 0.3572, 0.4047, 0.3348, 0.1695, 0.4718, 0.2368, 0.3754, 0.2638, 0.1786, 0.188, 0.3174, 0.1669, 0.1988, 0.196, 0.3722, 0.2255, 0.2117, 0.3373, 0.2086, 0.3671, 0.1988, 0.3081, 0.6299, 0.2982, 0.4345, 0.1866, 0.509, 0.4653, 0.2018, 0.4453, 0.3966, 0.5839, 0.8282, 0.5139, 0.3282, 0.3079, 0.4395, 0.512, 0.4942, 0.2678, 0.2698, 0.4728, 0.3906, 0.5481, 0.5447, 0.2548, 0.9431, 0.6316, 0.6143, 0.3203, 0.3364, 0.27, 0.5493, 0.2767, 0.4343, 0.1989, 0.368, 0.2037, 0.2923, 0.1982, 0.1833, 0.1932, 0.2052, 0.194, 0.1754, 0.185, 0.1754, 0.2108]",0.3188575420008419,0.6305390350995367,0.9431264999984704,0,28.194,77.0,
2025-08-28|oraculo_diario|curva_sel|4|20.0|base|60|todas|onsite,2025-08-28,oraculo_diario,curva_sel,4,20.0,base,60,todas,onsite,22447,2255,24702,3787,961,2826,14648,521,2188,678,0.2461424429119368,154,"{""devolucion_origen"": 64, ""entrega_sin_recogida"": 429, ""fisico"": 493, ""fuera_servicio"": 0, ""tope"": 0, ""visitas"": 0}",7356,7356,0,0,0,3797,10,14,67,0,74,"[0.2558, 0.443, 0.2742, 0.2825, 0.6137, 0.3897, 0.2394, 0.2754, 0.1878, 0.2048, 0.3654, 0.1753, 0.4921, 0.4652, 0.2948, 0.272, 0.4006, 0.1794, 0.1908, 0.2035, 0.1981, 0.1821, 0.3271, 0.204, 0.3821, 0.8281, 0.5524, 0.2874, 0.4041, 0.6558, 0.3063, 0.284, 0.5904, 0.3379, 0.5811, 0.3849, 0.6247, 0.4113, 0.5395, 0.2887, 0.3979, 0.5251, 0.3417, 0.5106, 0.6029, 0.3867, 0.2483, 0.5075, 0.3077, 0.3039, 0.5261, 0.1905, 0.6175, 0.4023, 0.4595, 0.2742, 0.2195, 0.1894, 0.5993, 0.3378, 0.2171, 0.1914, 0.2176, 0.2132, 0.2052, 0.2049, 0.1843, 0.2023, 0.2037, 0.2046, 0.1959, 0.1864, 0.1806, 0.1716]",0.2917540204998659,0.6150432835500396,0.828133875002095,0,27.658,64.0,
2025-08-31|oraculo_diario|curva_sel|4|20.0|base|60|todas|onsite,2025-08-31,oraculo_diario,curva_sel,4,20.0,base,60,todas,onsite,11830,784,12614,2111,369,1742,5413,256,507,17,0.2131824958646358,27,"{""devolucion_origen"": 23, ""entrega_sin_recogida"": 123, ""fisico"": 146, ""fuera_servicio"": 0, ""tope"": 0, ""visitas"": 0}",2718,2718,0,0,0,2127,16,14,67,0,74,"[0.1969, 0.2068, 0.2062, 0.458, 0.4391, 0.3644, 0.6331, 0.4975, 0.373, 0.4137, 0.3531, 0.2938, 0.4135, 0.6113, 0.395, 0.2735, 0.6176, 0.4892, 0.354, 0.6095, 0.5808, 0.1879, 0.1856, 0.4347, 0.3373, 0.422, 0.462, 0.4584, 0.3388, 0.2026, 0.2019, 0.5425, 0.3342, 0.303, 0.4886, 0.3258, 0.2146, 0.3661, 0.2135, 0.4361, 0.4498, 0.6732, 0.4536, 0.7328, 0.4722, 0.2135, 0.2117, 0.3535, 0.3969, 0.381, 0.4565, 0.2162, 0.5604, 0.4086, 0.4256, 0.2058, 0.2271, 0.4228, 0.2092, 0.5577, 0.4439, 0.4796, 0.2169, 0.1863, 0.9801, 0.6072, 0.2095, 0.6835, 0.2489, 0.3704, 0.2019, 0.2057, 0.1758, 0.1799]",0.37702991650076,0.6471105210490348,0.9800833750014136,0,30.424,23.0,
2025-08-01|oraculo_diario|curva_sel|4|30.0|base|60|todas|onsite,2025-08-01,oraculo_diario,curva_sel,4,30.0,base,60,todas,onsite,8872,1967,10839,2398,636,1762,9222,329,541,286,0.136844606628093,41,"{""devolucion_origen"": 28, ""entrega_sin_recogida"": 155, ""fisico"": 183, ""fuera_servicio"": 0, ""tope"": 0, ""visitas"": 0}",4625,4625,0,0,0,2400,2,14,67,0,74,"[0.2014, 0.2081, 0.2078, 0.2187, 0.2107, 0.204, 0.2166, 0.2075, 0.1986, 0.2087, 0.2082, 0.2074, 0.1984, 0.197, 0.2952, 0.1802, 0.2088, 0.1833, 0.208, 0.2866, 0.4125, 0.2153, 0.2132, 0.1921, 0.2134, 0.2805, 0.2299, 0.2971, 0.2107, 0.2046, 0.2118, 0.3408, 0.3399, 0.339, 0.404, 0.3024, 0.3121, 0.4785, 0.2962, 0.4857, 0.3799, 0.4437, 0.4052, 0.3661, 0.3769, 0.3261, 0.4339, 0.2926, 0.3103, 0.3406, 0.4853, 0.4468, 0.3355, 0.296, 0.1869, 0.2209, 0.1997, 0.1846, 0.3422, 0.2219, 0.2268, 0.213, 0.2053, 0.2137, 0.2097, 0.1936, 0.2056, 0.208, 0.2102, 0.1977, 0.6916, 0.4117, 0.1792, 0.2248]",0.2176677710012882,0.4578947335512565,0.6916290830013168,0,22.535,28.0,
2025-08-04|oraculo_diario|curva_sel|4|30.0|base|60|todas|onsite,2025-08-04,oraculo_diario,curva_sel,4,30.0,base,60,todas,onsite,19364,2298,21662,3265,885,2380,13316,491,1976,788,0.2000884590254561,144,"{""devolucion_origen"": 56, ""entrega_sin_recogida"": 291, ""fisico"": 347, ""fuera_servicio"": 0, ""tope"": 0, ""visitas"": 0}",6686,6686,0,0,0,3265,0,14,67,0,74,"[0.203, 0.1977, 0.2891, 0.2846, 0.2815, 0.1967, 0.249, 0.3999, 0.4526, 0.3546, 0.1901, 0.501, 0.1792, 0.1782, 0.1733, 0.1772, 0.1826, 0.1914, 0.1766, 0.1828, 0.3192, 0.1857, 0.3801, 0.3157, 0.3446, 0.3323, 0.2098, 0.3132, 0.3233, 0.3228, 0.2995, 0.4143, 0.3964, 0.3477, 0.3846, 0.2945, 0.5585, 0.3724, 0.4059, 0.512, 0.3911, 0.31, 0.2093, 0.4476, 0.2633, 0.2652, 0.366, 0.5031, 0.2437, 0.1776, 0.3945, 0.6082, 0.3421, 0.3028, 0.2922, 0.3217, 0.3831, 0.334, 0.3036, 0.2019, 0.2105, 0.18, 0.2063, 0.2046, 0.3432, 0.1921, 0.1783, 0.1888, 1.0323, 0.423, 0.1847, 0.8159, 0.1762, 0.2396]",0.301185374999477,0.5282433329986813,1.032337833999918,0,25.599,56.0,
2025-08-06|oraculo_diario|curva_sel|4|30.0|base|60|todas|onsite,2025-08-06,oraculo_diario,curva_sel,4,30.0,base,60,todas,onsite,26798,2167,28965,3574,954,2620,14184,499,2617,720,0.2250710254682823,129,"{""devolucion_origen"": 56, ""entrega_sin_recogida"": 460, ""fisico"": 516, ""fuera_servicio"": 0, ""tope"": 0, ""visitas"": 0}",7120,7120,0,0,0,3586,12,14,67,0,74,"[0.3036, 0.5731, 0.2804, 0.4181, 0.3091, 0.2565, 0.3617, 0.3282, 0.5374, 0.3535, 0.1849, 0.4597, 0.4177, 0.2404, 0.2072, 0.3475, 0.2049, 0.1775, 0.1898, 0.2112, 0.2007, 0.1817, 0.2024, 0.1838, 0.1945, 0.2035, 0.3769, 0.324, 0.3483, 0.2003, 0.185, 0.4476, 0.5584, 0.5077, 0.477, 0.1868, 0.377, 0.4349, 0.3047, 0.1816, 0.2985, 0.5386, 0.2782, 0.397, 0.3245, 0.2646, 0.2889, 0.2707, 0.3159, 0.312, 0.265, 0.2664, 0.3128, 0.3903, 0.3886, 0.4565, 0.3304, 0.4657, 0.4597, 0.4738, 0.2117, 0.2211, 0.2095, 0.2006, 0.2194, 0.208, 0.1811, 0.1995, 0.2279, 0.1821, 0.1834, 0.1834, 0.1811, 0.1754]",0.2792698124994786,0.5181093021001286,0.573064374999376,0,24.643,56.0,
2025-08-08|oraculo_diario|curva_sel|4|30.0|base|60|todas|onsite,2025-08-08,oraculo_diario,curva_sel,4,30.0,base,60,todas,onsite,18085,2450,20535,2982,752,2230,11678,471,1230,524,0.1738938297933536,245,"{""devolucion_origen"": 36, ""entrega_sin_recogida"": 359, ""fisico"": 395, ""fuera_servicio"": 0, ""tope"": 0, ""visitas"": 0}",5857,5857,0,0,0,2990,8,14,67,0,74,"[0.2117, 0.2956, 0.2917, 0.2765, 0.2049, 0.2571, 0.1811, 0.2485, 0.2987, 0.1773, 0.3089, 0.2728, 0.1853, 0.2037, 0.183, 0.2154, 0.1801, 0.2046, 0.2004, 0.2028, 0.1874, 0.2074, 0.1877, 0.1999, 0.3792, 0.3, 0.2001, 0.4434, 0.5982, 0.537, 0.457, 0.4972, 0.2928, 0.7537, 0.3167, 0.5691, 0.4208, 0.3557, 0.3532, 0.2931, 0.2851, 0.3967, 0.2843, 0.3193, 0.2103, 0.3864, 0.3703, 0.2678, 0.3482, 0.2899, 0.3357, 0.2637, 0.2871, 0.4106, 0.4104, 0.2938, 0.1982, 0.2878, 0.2084, 0.1848, 0.199, 0.2303, 0.2056, 0.197, 0.36, 0.2031, 0.1901, 0.1929, 0.3141, 0.1914, 0.1854, 0.1867, 0.1791, 0.2292]",0.2703379374997894,0.5111467165517749,0.7537152500008233,0,23.538,36.0,
2025-08-09|oraculo_diario|curva_sel|4|30.0|base|60|todas|onsite,2025-08-09,oraculo_diario,curva_sel,4,30.0,base,60,todas,onsite,6876,622,7498,1295,242,1053,3701,153,140,12,0.2071855965250025,59,"{""devolucion_origen"": 1, ""entrega_sin_recogida"": 16, ""fisico"": 17, ""fuera_servicio"": 0, ""tope"": 0, ""visitas"": 0}",1851,1851,0,0,0,1295,0,14,67,0,74,"[0.2009, 0.4162, 0.2135, 0.2095, 0.2105, 0.2136, 0.212, 0.3225, 0.1932, 0.2027, 0.2218, 0.1915, 0.221, 0.298, 0.2937, 0.2945, 0.3666, 0.1899, 0.4234, 0.321, 0.3668, 0.5098, 0.2017, 0.4398, 0.3708, 0.3274, 0.3291, 0.3083, 0.2036, 0.2277, 0.1919, 0.3453, 0.4702, 0.3504, 0.3337, 0.3983, 0.3087, 0.3396, 0.3432, 0.6898, 0.466, 0.1877, 0.3762, 0.2211, 0.1933, 0.2205, 0.1897, 0.1853, 0.3326, 0.3422, 0.298, 0.1932, 0.3746, 0.2178, 0.2073, 0.3618, 0.4924, 0.326, 0.2604, 0.2129, 0.2075, 0.218, 0.1985, 0.3414, 1.5703, 0.2053, 0.9223, 1.1138, 0.2084, 0.4581, 0.1972, 0.2046, 0.1839, 0.2316]",0.2940889165001863,0.5728446749977583,1.5703171249988372,0,26.115,1.0,
2025-08-11|oraculo_diario|curva_sel|4|30.0|base|60|todas|onsite,2025-08-11,oraculo_diario,curva_sel,4,30.0,base,60,todas,onsite,18659,2666,21325,3242,804,2438,12472,478,1660,709,0.1992475244011043,100,"{""devolucion_origen"": 86, ""entrega_sin_recogida"": 269, ""fisico"": 355, ""fuera_servicio"": 0, ""tope"": 0, ""visitas"": 0}",6279,6279,0,0,0,3244,2,14,67,0,74,"[0.1708, 0.5016, 0.2706, 0.2453, 0.4313, 0.2736, 0.2437, 0.2526, 0.5723, 0.3758, 0.3797, 0.3567, 0.1949, 0.1939, 0.1951, 0.2052, 0.1891, 0.1792, 0.2157, 0.1907, 0.1833, 0.1836, 0.2834, 0.3387, 0.3338, 0.2234, 0.2863, 0.435, 0.3779, 0.4532, 0.3377, 0.6083, 0.5442, 0.547, 0.5857, 0.5331, 0.3742, 0.5265, 0.2707, 0.4309, 0.3753, 0.4084, 0.2816, 0.3254, 0.268, 0.417, 0.5339, 0.3969, 0.4038, 0.548, 0.3168, 0.339, 0.4113, 0.429, 0.1857, 0.2102, 0.2154, 0.3212, 0.187, 0.2077, 0.2163, 0.1848, 0.2041, 0.1868, 0.254, 0.2389, 0.2237, 0.1987, 0.2178, 0.1935, 0.1918, 0.6103, 0.1692, 0.1746]",0.2776259164984367,0.5565399146989874,0.610312166998483,0,25.735,86.0,
2025-08-12|oraculo_diario|curva_sel|4|30.0|base|60|todas|onsite,2025-08-12,oraculo_diario,curva_sel,4,30.0,base,60,todas,onsite,32274,3411,35685,3543,920,2623,14468,549,3207,881,0.2271467630791498,177,"{""devolucion_origen"": 60, ""entrega_sin_recogida"": 399, ""fisico"": 459, ""fuera_servicio"": 0, ""tope"": 0, ""visitas"": 0}",7264,7264,0,0,0,3547,4,14,67,0,74,"[0.5386, 0.3503, 0.2058, 0.2842, 0.3762, 0.4312, 0.5647, 0.2889, 0.3642, 0.2972, 0.5152, 0.4358, 0.1854, 0.3284, 0.1805, 0.1672, 0.181, 0.1949, 0.2535, 0.1854, 0.209, 0.2106, 0.2036, 0.2164, 0.4147, 0.3605, 0.2004, 0.1854, 0.5388, 0.3793, 0.6346, 0.4375, 0.6011, 0.3497, 0.3721, 0.3086, 0.293, 0.2115, 0.2545, 0.2465, 0.2618, 0.4441, 0.3227, 0.4953, 0.3604, 0.3987, 0.5179, 0.3436, 0.208, 0.3238, 0.4325, 0.3999, 0.275, 0.3641, 0.5534, 0.6747, 0.3148, 0.5893, 0.1993, 0.5247, 0.3443, 0.3278, 0.207, 0.1839, 0.2072, 0.1886, 0.1943, 0.1799, 0.2003, 0.359, 0.3412, 0.1861, 0.1809, 0.1727]",0.3187978335008665,0.5733197460498558,0.6747357919994101,0,26.559,60.0,
2025-08-13|oraculo_diario|curva_sel|4|30.0|base|60|todas|onsite,2025-08-13,oraculo_diario,curva_sel,4,30.0,base,60,todas,onsite,19175,2638,21813,2909,710,2199,10741,443,1346,509,0.2288791747123886,94,"{""devolucion_origen"": 27, ""entrega_sin_recogida"": 285, ""fisico"": 312, ""fuera_servicio"": 0, ""tope"": 0, ""visitas"": 0}",5384,5384,0,0,0,2915,6,14,67,0,74,"[0.3232, 0.4289, 0.7143, 0.3822, 0.2922, 0.4341, 0.2341, 0.3052, 0.2618, 0.3807, 0.5076, 0.2439, 0.1723, 0.1732, 0.1958, 0.1884, 0.2742, 0.2035, 0.1834, 0.173, 0.2027, 0.2823, 0.2105, 0.3053, 0.3322, 0.3165, 0.6392, 0.3084, 0.3792, 0.194, 0.2079, 0.2884, 0.3077, 0.3629, 0.3161, 0.3784, 0.5939, 0.6182, 0.314, 0.3168, 0.5186, 0.5458, 0.7008, 0.4408, 0.425, 0.3607, 0.3194, 0.4481, 0.346, 0.548, 0.4601, 0.4317, 0.3407, 0.3172, 0.4638, 0.4803, 0.3541, 0.2051, 0.1888, 0.3186, 0.3842, 0.2, 0.2022, 0.2, 0.2164, 0.2031, 0.3566, 0.1778, 0.3434, 0.1964, 0.1895, 0.1949, 0.1749, 0.2479]",0.3163100625006336,0.6023942852994877,0.7143304999990505,0,26.612,27.0,
2025-08-16|oraculo_diario|curva_sel|4|30.0|base|60|todas|onsite,2025-08-16,oraculo_diario,curva_sel,4,30.0,base,60,todas,onsite,10214,643,10857,1656,276,1380,4872,193,263,5,0.2139401785393778,25,"{""devolucion_origen"": 8, ""entrega_sin_recogida"": 76, ""fisico"": 84, ""fuera_servicio"": 0, ""tope"": 0, ""visitas"": 0}",2440,2440,0,0,0,1660,4,14,57,0,74,"[0.1859, 0.1968, 0.3579, 0.4519, 0.4162, 0.2123, 0.2217, 0.3075, 0.2299, 0.2079, 0.7744, 0.4832, 0.3106, 0.2913, 1.3173, 0.4587, 0.3116, 0.4805, 0.3014, 0.5049, 0.3546, 0.3104, 0.7079, 0.19, 0.1971, 0.2853, 0.2796, 0.4206, 0.3175, 0.2966, 0.6768, 0.534, 0.4021, 0.5183, 0.2092, 0.3512, 0.3241, 0.6425, 0.5521, 0.3219, 0.332, 0.3606, 0.3243, 0.3938, 0.3628, 0.4751, 0.3488, 0.3409, 0.5136, 0.3406, 0.5292, 0.4511, 0.6366, 0.3088, 0.2073, 0.4236, 0.3541, 1.7091, 0.3816, 0.2047, 0.2253, 0.4422, 0.2119, 0.1878, 0.2723, 0.1994, 0.2836, 0.1924, 0.1874, 0.1836, 0.1839, 0.2943, 0.1754, 0.1727]",0.3241870625006413,0.6877032538484853,1.7090949170014935,0,30.141,8.0,
2025-08-18|oraculo_diario|curva_sel|4|30.0|base|60|todas|onsite,2025-08-18,oraculo_diario,curva_sel,4,30.0,base,60,todas,onsite,22139,2352,24491,3431,881,2550,13160,513,1969,614,0.2439442567328522,113,"{""devolucion_origen"": 66, ""entrega_sin_recogida"": 390, ""fisico"": 456, ""fuera_servicio"": 0, ""tope"": 0, ""visitas"": 0}",6613,6613,0,0,0,3437,6,14,67,0,74,"[0.3822, 0.3844, 0.27, 0.4535, 0.1909, 0.3516, 0.3101, 0.3366, 0.4314, 0.1776, 0.3782, 0.2742, 0.1911, 0.5205, 0.1993, 0.2976, 0.1952, 0.1913, 0.2036, 0.1854, 0.4543, 0.2011, 0.1826, 0.2975, 0.5312, 0.4125, 0.4679, 0.7356, 0.5456, 0.2652, 0.5903, 0.3333, 0.3009, 0.2746, 0.4266, 0.4383, 0.4681, 0.2783, 0.6814, 0.3351, 0.3351, 0.1964, 0.5611, 0.8988, 0.4323, 0.3102, 0.2866, 0.4571, 0.5647, 0.2683, 0.3544, 0.4061, 0.2955, 0.4618, 0.3275, 0.6929, 0.3662, 0.2088, 0.3342, 0.2057, 0.1997, 0.1874, 0.1969, 0.1908, 0.2017, 0.1864, 0.1936, 0.1878, 0.2353, 0.1868, 0.1762, 0.1964, 0.1713, 0.2335]",0.2992763125002966,0.6221679898017095,0.8987865829985822,0,27.076,66.0,
2025-08-23|oraculo_diario|curva_sel|4|30.0|base|60|todas|onsite,2025-08-23,oraculo_diario,curva_sel,4,30.0,base,60,todas,onsite,8910,667,9577,1588,279,1309,4333,213,219,14,0.2075945408281373,43,"{""devolucion_origen"": 7, ""entrega_sin_recogida"": 68, ""fisico"": 75, ""fuera_servicio"": 0, ""tope"": 0, ""visitas"": 0}",2170,2170,0,0,0,1598,10,14,67,0,74,"[0.1855, 0.197, 0.1891, 0.209, 0.1931, 0.189, 0.3813, 0.356, 0.5296, 0.2024, 0.223, 0.3157, 0.1991, 0.3123, 0.2988, 0.592, 0.495, 0.328, 0.2895, 0.3201, 0.4574, 0.179, 0.75, 0.5927, 0.3738, 0.4787, 0.4388, 0.3742, 0.2115, 0.2852, 0.3712, 0.5146, 0.648, 0.3346, 0.2934, 0.2863, 0.3362, 0.6559, 0.3329, 0.3269, 0.3962, 0.6933, 0.5977, 0.2289, 0.5501, 0.1929, 0.4056, 1.2257, 0.4185, 0.4021, 0.3869, 0.328, 0.221, 0.2187, 0.2007, 0.2082, 0.3309, 0.2101, 0.2039, 0.2054, 0.2918, 0.2169, 0.1927, 0.1857, 0.1892, 0.4369, 1.0038, 0.1834, 0.1821, 0.3531, 0.4696, 0.1811, 0.187, 0.183]",0.3179196875007619,0.6689562477993602,1.2257197090002592,0,28.055,7.0,
2025-08-26|oraculo_diario|curva_sel|4|30.0|base|60|todas|onsite,2025-08-26,oraculo_diario,curva_sel,4,30.0,base,60,todas,onsite,28609,2606,31215,3552,995,2557,15203,536,3128,1072,0.2476885295893146,257,"{""devolucion_origen"": 65, ""entrega_sin_recogida"": 371, ""fisico"": 436, ""fuera_servicio"": 0, ""tope"": 0, ""visitas"": 0}",7634,7634,0,0,0,3556,4,14,67,0,74,"[0.3558, 0.539, 0.2817, 0.2625, 0.5366, 0.2727, 0.3921, 0.3107, 0.5585, 0.2768, 0.2859, 0.2528, 0.2485, 0.1942, 0.1961, 0.1793, 0.1694, 0.1878, 0.175, 0.1907, 0.1766, 0.1967, 0.2064, 0.2958, 0.3196, 0.1967, 0.291, 0.2955, 0.4045, 0.2791, 0.4628, 0.3847, 0.4131, 0.497, 0.298, 0.4611, 0.5324, 0.3698, 0.3684, 0.2712, 0.3452, 0.2095, 0.2536, 0.3972, 0.2839, 0.5097, 0.2726, 0.5959, 0.2525, 0.6494, 0.6997, 0.4527, 0.3739, 0.4946, 0.4581, 0.4178, 0.4747, 0.3072, 0.3578, 0.4907, 0.187, 0.2031, 0.3101, 0.1806, 0.198, 0.1783, 0.2005, 0.1968, 0.1923, 0.1947, 0.1812, 0.2658, 0.1831, 0.2586]",0.2849170000008598,0.5458363477013335,0.6996820000022126,0,26.175,65.0,
2025-08-27|oraculo_diario|curva_sel|4|30.0|base|60|todas|onsite,2025-08-27,oraculo_diario,curva_sel,4,30.0,base,60,todas,onsite,29409,3230,32639,3535,920,2615,14537,505,3323,1027,0.2524291105406113,215,"{""devolucion_origen"": 39, ""entrega_sin_recogida"": 389, ""fisico"": 428, ""fuera_servicio"": 0, ""tope"": 0, ""visitas"": 0}",7288,7288,0,0,0,3539,4,14,67,0,74,"[0.2005, 0.5694, 0.343, 0.3376, 0.4809, 0.4768, 0.5404, 0.603, 0.3249, 0.3636, 0.2664, 0.6503, 0.3332, 0.2149, 0.5217, 0.1734, 0.1737, 0.1873, 0.1881, 0.438, 0.3456, 0.2157, 0.2098, 0.3471, 0.3632, 0.3693, 0.312, 0.3444, 0.3707, 0.2863, 0.5199, 0.3252, 0.4083, 0.4727, 0.2928, 0.6239, 0.1864, 0.5392, 0.4154, 0.3027, 0.2694, 0.6726, 0.263, 0.4226, 0.3575, 0.2077, 0.183, 0.5165, 0.3269, 0.2755, 0.7441, 0.2938, 0.3301, 0.5049, 0.6654, 0.4991, 0.3636, 0.2765, 0.2619, 0.29, 0.2232, 0.2955, 0.3495, 0.1865, 0.3378, 0.2041, 0.3587, 0.1991, 0.1991, 0.197, 0.1817, 0.1773, 0.1772, 0.2216]",0.3285164584995073,0.6331524728002477,0.7441317910015641,0,28.046,39.0,
2025-08-28|oraculo_diario|curva_sel|4|30.0|base|60|todas|onsite,2025-08-28,oraculo_diario,curva_sel,4,30.0,base,60,todas,onsite,23791,2434,26225,3425,876,2549,13989,501,2232,783,0.2401196216711585,158,"{""devolucion_origen"": 51, ""entrega_sin_recogida"": 420, ""fisico"": 471, ""fuera_servicio"": 0, ""tope"": 0, ""visitas"": 0}",7020,7020,0,0,0,3425,0,14,67,0,74,"[0.2691, 0.441, 0.4047, 0.2854, 0.3729, 0.2447, 0.2469, 0.3295, 0.557, 0.2613, 0.2609, 0.1869, 0.3469, 0.2507, 0.1705, 0.2344, 0.2842, 0.1752, 0.1787, 0.2069, 0.1942, 0.2144, 0.3824, 0.1871, 0.3765, 0.3296, 0.1924, 0.2253, 0.2006, 0.2209, 0.5359, 0.345, 0.5448, 0.5868, 0.5039, 0.1856, 0.4304, 0.4207, 0.3308, 0.5144, 0.4019, 0.2981, 0.6341, 0.2677, 0.2587, 0.31, 0.1785, 0.279, 0.3919, 0.3197, 0.3394, 0.2829, 0.4459, 0.3056, 0.6547, 0.284, 0.2025, 0.3208, 0.1905, 0.32, 0.2048, 0.2016, 0.1887, 0.328, 0.2818, 0.1849, 0.1984, 0.1956, 0.2668, 0.1838, 0.1946, 0.1821, 0.1874, 0.233]",0.2740189169999212,0.5490418414514351,0.6547292499999458,0,24.619,51.0,
2025-08-31|oraculo_diario|curva_sel|4|30.0|base|60|todas|onsite,2025-08-31,oraculo_diario,curva_sel,4,30.0,base,60,todas,onsite,12840,927,13767,1845,329,1516,5039,231,529,17,0.2115057761423282,26,"{""devolucion_origen"": 21, ""entrega_sin_recogida"": 112, ""fisico"": 133, ""fuera_servicio"": 0, ""tope"": 0, ""visitas"": 0}",2530,2530,0,0,0,1845,0,14,67,0,74,"[0.2125, 0.2211, 0.2291, 0.3569, 0.1935, 0.2213, 0.2027, 0.6132, 0.3704, 0.4067, 0.4326, 0.3874, 0.4748, 0.7924, 0.2945, 0.5102, 0.4857, 0.3045, 0.4068, 0.2009, 0.5218, 0.1837, 0.354, 0.3194, 0.3854, 0.4362, 0.6159, 0.6861, 0.3846, 0.4305, 0.2968, 0.4186, 0.4735, 0.1969, 0.3153, 0.288, 0.3306, 0.3518, 0.3449, 0.4486, 0.4774, 0.1899, 0.4387, 0.3452, 0.4189, 0.3447, 0.1891, 0.194, 0.6388, 0.7808, 0.4153, 0.2225, 0.3315, 0.224, 0.4296, 0.3987, 0.2186, 0.2196, 0.1961, 0.5252, 0.8564, 0.5381, 0.1934, 0.2016, 0.3575, 0.4437, 0.3958, 0.4491, 1.3283, 0.3212, 0.1886, 0.1716, 0.185, 0.1845]",0.3554839379994519,0.719224935199781,1.3283394999998563,0,30.126,21.0,
2025-08-01|oraculo_diario|curva_sel|4|45.0|base|60|todas|onsite,2025-08-01,oraculo_diario,curva_sel,4,45.0,base,60,todas,onsite,12383,2366,14749,1950,535,1415,8619,319,791,336,0.1563855374273392,60,"{""devolucion_origen"": 15, ""entrega_sin_recogida"": 87, ""fisico"": 102, ""fuera_servicio"": 0, ""tope"": 0, ""visitas"": 0}",4317,4317,0,0,0,1950,0,14,64,0,74,"[0.1882, 0.2042, 0.3398, 0.217, 0.3051, 0.2, 0.21, 0.1744, 0.1951, 0.1751, 0.1786, 0.1886, 0.2003, 0.2992, 0.2063, 0.3572, 0.2041, 0.1818, 0.1768, 0.1828, 0.3468, 0.1977, 0.1851, 0.2038, 0.1887, 0.1848, 0.2039, 0.1851, 0.1887, 0.182, 0.1905, 0.3078, 0.2224, 0.3051, 0.3095, 0.2084, 0.3272, 0.3834, 0.3548, 0.6783, 0.2041, 0.3927, 0.3177, 0.3222, 0.2984, 0.3513, 0.4284, 0.4738, 0.3089, 0.3098, 0.3302, 0.2897, 0.4438, 0.2734, 0.2885, 0.5614, 0.3258, 0.2124, 0.325, 0.1889, 0.2044, 0.1841, 0.2089, 0.2077, 0.1879, 0.1854, 0.1804, 0.1946, 0.2829, 0.1841, 0.3012, 0.1783, 0.1932, 0.1694]",0.2080544585005554,0.4337701982498401,0.6782901670012507,0,21.32,15.0,
2025-08-04|oraculo_diario|curva_sel|4|45.0|base|60|todas|onsite,2025-08-04,oraculo_diario,curva_sel,4,45.0,base,60,todas,onsite,24250,2810,27060,2697,741,1956,12076,476,2454,927,0.2294698989084445,176,"{""devolucion_origen"": 52, ""entrega_sin_recogida"": 236, ""fisico"": 288, ""fuera_servicio"": 0, ""tope"": 0, ""visitas"": 0}",6064,6064,0,0,0,2697,0,14,67,0,74,"[0.1974, 0.195, 0.2982, 0.3324, 0.2825, 0.2856, 0.214, 0.1923, 0.2846, 0.369, 0.2438, 0.2598, 0.1908, 0.1662, 0.1733, 0.1816, 0.1726, 0.1792, 0.1888, 0.2653, 0.3126, 0.1998, 0.2968, 0.2031, 0.2058, 0.1969, 0.3205, 0.3174, 0.3435, 0.3097, 0.3644, 0.3184, 0.2127, 0.3322, 0.416, 0.4493, 0.4403, 0.1978, 0.5317, 0.3706, 0.3956, 0.4377, 0.1804, 0.3743, 0.1955, 0.2775, 0.3791, 0.2424, 0.3436, 0.2886, 0.1739, 0.3904, 0.4218, 0.271, 0.32, 0.3271, 0.4968, 0.2991, 0.3448, 0.1948, 0.2165, 0.2165, 0.1854, 0.1983, 0.1902, 0.1925, 0.18, 0.3133, 0.2102, 0.1852, 0.3146, 0.1743, 0.1721, 0.1846]",0.2681603119999636,0.4386123124999357,0.5317271669991896,0,22.556,52.0,
2025-08-06|oraculo_diario|curva_sel|4|45.0|base|60|todas|onsite,2025-08-06,oraculo_diario,curva_sel,4,45.0,base,60,todas,onsite,32147,2643,34790,2989,805,2184,12729,495,2892,827,0.2262955525005008,134,"{""devolucion_origen"": 23, ""entrega_sin_recogida"": 457, ""fisico"": 480, ""fuera_servicio"": 0, ""tope"": 0, ""visitas"": 0}",6376,6376,0,0,0,2995,6,14,67,0,74,"[0.2781, 0.5929, 0.387, 0.3409, 0.2925, 0.2454, 0.2, 0.4929, 0.4436, 0.292, 0.192, 0.4081, 0.3248, 0.4645, 0.2709, 0.3073, 0.1941, 0.175, 0.1766, 0.1782, 0.1964, 0.1781, 0.179, 0.1982, 0.1864, 0.1867, 0.2004, 0.4549, 0.1967, 0.4155, 0.205, 0.2037, 0.207, 0.4103, 0.5383, 0.2732, 0.4733, 0.4207, 0.4034, 0.5246, 0.313, 0.2488, 0.3023, 0.3332, 0.4809, 0.2706, 0.3173, 0.3617, 0.2926, 0.2407, 0.4056, 0.3077, 0.3578, 0.4577, 0.3787, 0.3588, 0.3137, 0.3258, 0.5362, 0.3177, 0.1967, 0.372, 0.3242, 0.3426, 0.1917, 0.3253, 0.1747, 0.1866, 0.4247, 0.1939, 0.1822, 0.2566, 0.1875, 0.1714]",0.3048327084998163,0.5039982749985936,0.5929326670011505,0,25.063,23.0,
2025-08-08|oraculo_diario|curva_sel|4|45.0|base|60|todas|onsite,2025-08-08,oraculo_diario,curva_sel,4,45.0,base,60,todas,onsite,22317,2501,24818,2415,618,1797,10506,423,1508,526,0.2044084418743745,259,"{""devolucion_origen"": 30, ""entrega_sin_recogida"": 295, ""fisico"": 325, ""fuera_servicio"": 0, ""tope"": 0, ""visitas"": 0}",5268,5268,0,0,0,2419,4,14,67,0,74,"[0.2066, 0.2235, 0.1836, 0.2863, 0.1984, 0.1812, 0.2722, 0.1871, 0.4228, 0.1931, 0.2804, 0.2573, 0.1871, 0.194, 0.2037, 0.192, 0.1804, 0.2051, 0.1844, 0.412, 0.3129, 0.1896, 0.2038, 0.2184, 0.3119, 0.3008, 0.2083, 0.3536, 0.3151, 0.295, 0.4271, 0.4002, 0.3123, 0.3225, 0.4136, 0.2666, 0.3984, 0.4531, 0.5065, 0.1969, 0.4495, 0.3237, 0.3453, 0.1962, 0.3029, 0.3553, 0.2787, 0.3774, 0.3373, 0.1821, 0.2999, 0.3328, 0.1807, 1.0132, 0.2876, 0.2996, 0.3234, 0.5489, 0.2954, 0.1953, 0.1929, 0.2034, 0.1929, 0.2086, 0.1995, 0.3528, 0.3488, 0.1826, 0.1775, 0.1916, 0.1812, 0.2647, 0.1773, 0.2221]",0.2694092084984731,0.4507830874006686,1.01322566700037,0,23.33,30.0,
2025-08-09|oraculo_diario|curva_sel|4|45.0|base|60|todas|onsite,2025-08-09,oraculo_diario,curva_sel,4,45.0,base,60,todas,onsite,9366,781,10147,1056,192,864,3280,155,149,7,0.2176548698951643,53,"{""devolucion_origen"": 2, ""entrega_sin_recogida"": 25, ""fisico"": 27, ""fuera_servicio"": 0, ""tope"": 0, ""visitas"": 0}",1641,1641,0,0,0,1056,0,14,61,0,74,"[0.1844, 0.4251, 0.3574, 0.2015, 0.3802, 0.1881, 0.2096, 0.3897, 0.3854, 0.1831, 0.2967, 0.2049, 0.4992, 0.3212, 0.3293, 0.4956, 0.1883, 0.215, 0.288, 0.3352, 0.3348, 0.2792, 0.3571, 0.3605, 0.3408, 0.3076, 0.3434, 0.3098, 0.3628, 0.2136, 0.2089, 0.3136, 0.3093, 0.3357, 0.3171, 0.2924, 0.192, 0.3373, 0.4365, 0.353, 0.433, 0.2066, 0.1876, 0.2106, 0.2122, 0.2063, 0.2158, 0.212, 0.2118, 0.412, 0.1993, 0.4166, 0.3282, 0.1963, 0.5048, 0.4806, 0.3559, 0.3381, 0.3374, 0.1967, 0.3486, 0.3708, 0.2128, 0.3852, 0.3484, 0.1962, 0.218, 1.1131, 0.209, 0.1912, 0.3733, 0.1793, 0.1875, 0.2851]",0.3117241250001825,0.4858241373991404,1.1130914589994063,0,24.817,2.0,
2025-08-11|oraculo_diario|curva_sel|4|45.0|base|60|todas|onsite,2025-08-11,oraculo_diario,curva_sel,4,45.0,base,60,todas,onsite,22009,3032,25041,2747,686,2061,11865,468,1949,911,0.2127966297744478,110,"{""devolucion_origen"": 49, ""entrega_sin_recogida"": 198, ""fisico"": 247, ""fuera_servicio"": 0, ""tope"": 0, ""visitas"": 0}",5957,5957,0,0,0,2749,2,14,67,0,74,"[0.1799, 0.2832, 0.3441, 0.182, 0.2631, 0.1782, 0.2907, 0.2249, 0.2719, 0.175, 0.1814, 0.2704, 0.1946, 0.1947, 0.2399, 0.1882, 0.1994, 0.1924, 0.1793, 0.1988, 0.1977, 0.2957, 0.1933, 0.3977, 0.4911, 0.1837, 0.3651, 0.4471, 0.3464, 0.5126, 0.2961, 0.6064, 0.5709, 0.3315, 0.2936, 0.3256, 0.4905, 0.853, 0.4565, 0.1813, 0.4153, 0.2815, 0.3284, 0.3664, 0.3633, 0.3704, 0.2681, 0.2639, 0.465, 0.5269, 0.3127, 0.296, 0.9668, 0.384, 0.449, 0.3061, 0.4041, 0.2902, 0.1905, 0.2212, 0.2066, 0.194, 0.3608, 0.2049, 0.2116, 0.1968, 0.208, 0.191, 0.1922, 0.2082, 0.1758, 0.1765, 0.1741, 0.1758]",0.2711635625000781,0.5422788828987902,0.9668398750000052,0,24.789,49.0,
2025-08-12|oraculo_diario|curva_sel|4|45.0|base|60|todas|onsite,2025-08-12,oraculo_diario,curva_sel,4,45.0,base,60,todas,onsite,39466,4061,43527,2991,763,2228,13011,481,3810,1002,0.2539640210904864,196,"{""devolucion_origen"": 37, ""entrega_sin_recogida"": 354, ""fisico"": 391, ""fuera_servicio"": 0, ""tope"": 0, ""visitas"": 0}",6524,6524,0,0,0,2991,0,14,67,0,74,"[0.5596, 0.1983, 0.3029, 0.2646, 0.2574, 0.2889, 0.3901, 0.2952, 0.2177, 0.3104, 0.2252, 0.3476, 0.3736, 0.1923, 0.169, 0.2574, 0.2857, 0.1913, 0.1895, 0.197, 0.1959, 0.1784, 0.2083, 0.2884, 0.3037, 0.5096, 0.3406, 0.4574, 0.2876, 0.2075, 0.5558, 0.3285, 0.534, 0.3178, 0.2838, 0.2784, 0.2954, 0.4826, 0.2409, 0.5183, 0.3087, 0.3815, 0.2865, 0.2046, 0.3171, 0.2642, 0.3326, 0.2661, 0.2856, 0.1751, 0.4708, 0.3704, 0.3112, 0.4914, 0.6974, 0.2875, 0.3296, 0.4772, 0.4332, 0.3475, 0.3963, 0.3575, 0.1806, 0.1868, 0.2091, 0.1823, 0.1961, 0.3205, 0.3273, 0.1828, 0.1754, 0.3664, 0.1801, 0.2934]",0.2911682709982415,0.5237907562494001,0.6974478329975682,0,25.25,37.0,
2025-08-13|oraculo_diario|curva_sel|4|45.0|base|60|todas|onsite,2025-08-13,oraculo_diario,curva_sel,4,45.0,base,60,todas,onsite,22137,2645,24782,2442,614,1828,10004,445,1522,601,0.2546970439749849,116,"{""devolucion_origen"": 18, ""entrega_sin_recogida"": 233, ""fisico"": 251, ""fuera_servicio"": 0, ""tope"": 0, ""visitas"": 0}",5011,5011,0,0,0,2444,2,14,67,0,74,"[0.3216, 0.3124, 0.5011, 0.3532, 0.2507, 0.3273, 0.2657, 0.353, 0.2455, 0.4449, 0.2237, 0.244, 0.3286, 0.172, 0.1761, 0.1636, 0.1829, 0.1686, 0.1754, 0.1857, 0.2615, 0.2698, 0.3599, 0.1987, 0.3529, 0.4444, 0.3021, 0.3202, 0.3216, 0.2674, 0.2101, 0.2031, 0.3525, 0.4149, 0.3627, 0.3521, 0.4062, 0.4981, 0.2863, 0.3563, 0.3091, 0.3356, 0.4318, 0.5125, 0.4978, 0.4929, 0.4004, 0.5852, 0.5468, 0.4621, 0.3636, 0.5303, 0.5958, 0.4527, 0.5713, 0.2019, 0.3542, 0.1991, 0.3726, 0.3342, 0.1866, 0.3305, 0.1815, 0.1808, 0.1861, 0.1791, 0.1808, 0.1897, 0.2734, 0.3246, 0.3023, 0.2129, 0.1844, 0.227]",0.3209118329996272,0.5360835272007534,0.5958322500009672,0,25.748,18.0,
2025-08-16|oraculo_diario|curva_sel|4|45.0|base|60|todas|onsite,2025-08-16,oraculo_diario,curva_sel,4,45.0,base,60,todas,onsite,12108,694,12802,1355,225,1130,4374,176,294,9,0.2075914679560119,25,"{""devolucion_origen"": 10, ""entrega_sin_recogida"": 46, ""fisico"": 56, ""fuera_servicio"": 0, ""tope"": 0, ""visitas"": 0}",2192,2192,0,0,0,1359,4,14,49,0,74,"[0.2002, 0.2258, 0.2244, 0.3733, 0.2248, 0.3567, 0.1944, 0.385, 0.2119, 0.2176, 0.2092, 0.3526, 0.316, 0.2155, 0.3395, 0.5426, 0.4148, 0.2816, 0.2962, 0.2937, 0.3584, 0.29, 0.3345, 0.2749, 0.2095, 0.2051, 0.319, 0.417, 0.3746, 0.4946, 0.3219, 0.467, 0.3762, 0.3474, 0.1956, 0.3788, 0.3746, 0.4407, 0.5304, 0.3267, 0.364, 0.1895, 0.3553, 0.4706, 0.3617, 0.3138, 0.3264, 0.3176, 0.3491, 0.2114, 0.5396, 0.5871, 0.6668, 0.5143, 0.4244, 0.4817, 0.4614, 0.4013, 0.3643, 0.2173, 0.3608, 0.4021, 0.6041, 0.7396, 0.2017, 0.5288, 0.3238, 0.2615, 0.1995, 0.2895, 0.9439, 0.1831, 0.1811, 0.1773]",0.3434340834992326,0.5930418119496607,0.9439292080023732,0,28.249,10.0,
2025-08-18|oraculo_diario|curva_sel|4|45.0|base|60|todas|onsite,2025-08-18,oraculo_diario,curva_sel,4,45.0,base,60,todas,onsite,26022,2642,28664,2943,752,2191,12092,464,2303,721,0.2449441192897697,133,"{""devolucion_origen"": 28, ""entrega_sin_recogida"": 355, ""fisico"": 383, ""fuera_servicio"": 0, ""tope"": 0, ""visitas"": 0}",6060,6060,0,0,0,2943,0,14,67,0,74,"[0.3959, 0.3379, 0.272, 0.2379, 0.2404, 0.2897, 0.2471, 0.29, 0.3067, 0.2267, 0.3297, 0.2221, 0.2474, 0.3336, 0.1779, 0.1656, 0.1721, 0.1942, 0.1875, 0.2803, 0.197, 0.2095, 0.2729, 0.3175, 0.3861, 0.3238, 0.4093, 0.6673, 0.4135, 0.3074, 0.297, 0.3261, 0.5399, 0.3232, 0.5462, 0.3449, 0.4147, 0.4473, 0.3464, 0.2941, 0.3292, 0.3776, 0.2983, 0.2692, 0.3108, 0.218, 0.2787, 0.2702, 0.3642, 0.4469, 0.4647, 0.6589, 0.265, 0.4388, 1.0679, 0.4114, 0.3126, 0.36, 0.1814, 0.2969, 0.1918, 0.2379, 0.1817, 0.2072, 0.3532, 0.1957, 0.1988, 0.3142, 0.2853, 0.3543, 0.1913, 0.1727, 0.1762, 0.1909]",0.2969677505006984,0.542100835301062,1.0679171660012798,0,25.615,28.0,
2025-08-23|oraculo_diario|curva_sel|4|45.0|base|60|todas|onsite,2025-08-23,oraculo_diario,curva_sel,4,45.0,base,60,todas,onsite,10773,837,11610,1310,233,1077,3948,184,227,10,0.2137475510825262,51,"{""devolucion_origen"": 10, ""entrega_sin_recogida"": 52, ""fisico"": 62, ""fuera_servicio"": 0, ""tope"": 0, ""visitas"": 0}",1979,1979,0,0,0,1310,0,14,55,0,74,"[0.1851, 0.1887, 0.1894, 0.1941, 0.2097, 0.2098, 0.3284, 0.2179, 0.2048, 0.3758, 0.3281, 0.3715, 0.3757, 0.3896, 0.3186, 0.3362, 0.3045, 0.3026, 0.1895, 0.3238, 0.3565, 0.2709, 0.3952, 0.5032, 0.3245, 0.4019, 0.3293, 0.4235, 0.2053, 0.352, 0.3471, 0.1912, 0.911, 0.5121, 0.3128, 0.2857, 0.223, 0.3944, 0.3056, 0.4386, 0.6601, 0.5505, 0.7, 0.1922, 0.6651, 0.438, 0.3308, 0.3513, 0.3069, 0.2159, 0.2161, 0.7633, 0.4517, 0.2061, 0.222, 0.4409, 0.5116, 0.2142, 0.4959, 0.1876, 0.3175, 0.1965, 0.1892, 0.3364, 0.1884, 0.1866, 0.1839, 0.1815, 0.1839, 0.3285, 0.3105, 0.1824, 0.1761, 0.1744]",0.3151370209998276,0.661821887399492,0.9109760829996958,0,26.189,10.0,
2025-08-26|oraculo_diario|curva_sel|4|45.0|base|60|todas|onsite,2025-08-26,oraculo_diario,curva_sel,4,45.0,base,60,todas,onsite,32045,2722,34767,2975,864,2111,14027,569,3494,1161,0.251134274855545,286,"{""devolucion_origen"": 37, ""entrega_sin_recogida"": 319, ""fisico"": 356, ""fuera_servicio"": 0, ""tope"": 0, ""visitas"": 0}",7032,7032,0,0,0,2975,0,14,67,0,74,"[0.3648, 0.2035, 0.1819, 0.1919, 0.1791, 0.3057, 0.2446, 0.2576, 0.1825, 0.3864, 0.2858, 0.5807, 0.1681, 0.1685, 0.194, 0.175, 0.169, 0.1702, 0.1757, 0.1781, 0.3077, 0.1788, 0.1889, 0.2684, 0.3251, 0.2734, 0.2887, 0.4098, 0.3031, 0.3001, 0.3173, 0.3018, 0.2003, 0.349, 0.2045, 0.4758, 0.3658, 0.5005, 0.1789, 0.3068, 0.4593, 0.2761, 0.378, 0.3079, 0.3852, 0.3993, 0.2732, 0.3026, 0.2599, 0.1955, 0.2794, 0.3502, 0.3504, 0.5502, 0.5484, 0.2008, 0.3615, 0.4027, 0.3743, 0.3038, 0.2061, 0.2086, 0.3068, 0.1827, 0.2017, 0.1913, 0.1924, 0.1837, 0.2003, 0.1807, 0.1761, 0.1752, 0.1763, 0.1749]",0.2707746249998308,0.4844262937520396,0.580749917000503,0,22.863,37.0,
2025-08-27|oraculo_diario|curva_sel|4|45.0|base|60|todas|onsite,2025-08-27,oraculo_diario,curva_sel,4,45.0,base,60,todas,onsite,35330,3805,39135,3037,801,2236,13341,498,3889,1105,0.2621523553685257,228,"{""devolucion_origen"": 27, ""entrega_sin_recogida"": 334, ""fisico"": 361, ""fuera_servicio"": 0, ""tope"": 0, ""visitas"": 0}",6684,6684,0,0,0,3039,2,14,67,0,74,"[0.2068, 0.4311, 0.2971, 0.443, 0.3232, 0.3249, 0.2872, 0.2674, 0.2461, 0.3499, 0.2376, 0.4441, 0.1699, 0.2501, 0.182, 0.1725, 0.1867, 0.1744, 0.1724, 0.2931, 0.2939, 0.2042, 0.1985, 0.2046, 0.1933, 0.3453, 0.3847, 0.1908, 0.3469, 0.3049, 0.3979, 0.2846, 0.4417, 0.5221, 0.3688, 0.5009, 0.276, 0.5578, 0.3621, 0.2528, 0.5508, 0.3835, 0.4022, 0.2994, 0.3528, 0.256, 0.3138, 0.4244, 0.1801, 0.6683, 0.4806, 0.1741, 0.2947, 0.6199, 0.1938, 0.4689, 0.1997, 0.2886, 0.1956, 0.299, 0.1903, 0.1905, 0.3081, 0.21, 0.1865, 0.1932, 0.1765, 0.1846, 0.2034, 0.1826, 0.1785, 0.1698, 0.1736, 0.1734]",0.2803104794984392,0.5321327937495879,0.6682697919968632,0,24.234,27.0,
2025-08-28|oraculo_diario|curva_sel|4|45.0|base|60|todas|onsite,2025-08-28,oraculo_diario,curva_sel,4,45.0,base,60,todas,onsite,27713,2798,30511,2837,733,2104,12728,512,2474,817,0.2385827689131698,171,"{""devolucion_origen"": 24, ""entrega_sin_recogida"": 362, ""fisico"": 386, ""fuera_servicio"": 0, ""tope"": 0, ""visitas"": 0}",6376,6376,0,0,0,2837,0,14,67,0,74,"[0.3078, 0.4175, 0.3534, 0.3277, 0.3956, 0.282, 0.54, 0.2444, 0.2429, 0.5231, 0.1917, 0.254, 0.1684, 0.4241, 0.1902, 0.1732, 0.1917, 0.1856, 0.1784, 0.193, 0.1826, 0.2017, 0.2914, 0.2897, 0.3401, 0.3863, 0.1991, 0.2855, 0.3411, 0.3063, 0.2811, 0.451, 0.3605, 0.4048, 0.3881, 0.3131, 0.2943, 0.3691, 0.4387, 0.3684, 0.198, 0.3745, 0.5065, 0.2525, 0.3341, 0.4433, 0.3275, 0.4203, 0.38, 0.28, 0.2874, 0.2643, 0.3108, 0.544, 0.3773, 0.18, 0.4212, 0.3595, 0.3051, 0.3394, 0.4217, 0.3419, 0.1927, 0.1981, 0.1909, 0.1938, 0.2051, 0.194, 0.3063, 0.1954, 0.1973, 0.3345, 0.1777, 0.2995]",0.3056996460018126,0.4703943709480879,0.5439739579996967,0,24.93,24.0,
2025-08-31|oraculo_diario|curva_sel|4|45.0|base|60|todas|onsite,2025-08-31,oraculo_diario,curva_sel,4,45.0,base,60,todas,onsite,14662,1162,15824,1514,271,1243,4499,204,545,19,0.2112667264061701,26,"{""devolucion_origen"": 19, ""entrega_sin_recogida"": 102, ""fisico"": 121, ""fuera_servicio"": 0, ""tope"": 0, ""visitas"": 0}",2259,2259,0,0,0,1516,2,14,67,0,74,"[0.1932, 0.2042, 0.1856, 0.3526, 0.1881, 0.2001, 0.19, 0.3221, 0.4468, 0.315, 0.3038, 0.1846, 0.3808, 0.5203, 0.5636, 0.4911, 0.1908, 0.2088, 0.3906, 0.269, 0.5992, 0.3294, 0.2094, 0.2078, 0.311, 0.2116, 0.5723, 0.7792, 0.3354, 0.32, 0.3406, 0.2962, 0.3662, 0.3413, 0.2037, 0.1875, 0.201, 0.4227, 0.3852, 0.3651, 0.5204, 0.406, 0.4382, 0.3178, 0.3581, 0.4039, 0.5518, 0.7101, 0.3973, 0.3923, 0.5129, 0.3992, 0.8542, 0.2124, 0.3801, 0.3879, 0.1909, 0.4616, 0.199, 0.2204, 0.4968, 0.3923, 0.2198, 0.3745, 0.2645, 0.4621, 0.4378, 0.4663, 0.1964, 0.3356, 0.1966, 0.1793, 0.1713, 0.1735]",0.3381377495006745,0.5816961705007996,0.8541825840002275,0,27.769,19.0,
2025-08-01|oraculo_diario|curva_sel|4|60.0|base|60|todas|onsite,2025-08-01,oraculo_diario,curva_sel,4,60.0,base,60,todas,onsite,16119,3510,19629,1671,477,1194,8155,340,1020,620,0.1596602026581012,74,"{""devolucion_origen"": 21, ""entrega_sin_recogida"": 87, ""fisico"": 108, ""fuera_servicio"": 0, ""tope"": 0, ""visitas"": 0}",4088,4088,0,0,0,1671,0,14,56,0,74,"[0.1993, 0.2226, 0.2211, 0.3745, 0.3529, 0.3091, 0.1863, 0.2829, 0.2027, 0.1971, 0.1758, 0.2625, 0.2083, 0.1791, 0.2922, 0.3165, 0.1851, 0.193, 0.1775, 0.1808, 0.315, 0.2043, 0.1778, 0.3176, 0.3137, 0.2063, 0.21, 0.3365, 0.3649, 0.2001, 0.1825, 0.2834, 0.2131, 0.3594, 0.1816, 0.3672, 0.1909, 0.2892, 0.3017, 0.3082, 0.4349, 0.3718, 0.3573, 0.3097, 0.3039, 0.3703, 0.2778, 0.4363, 0.4103, 0.2632, 0.4631, 0.4263, 0.4388, 0.2947, 0.3584, 0.2962, 0.345, 0.3095, 0.3314, 0.2147, 0.222, 0.4022, 0.2031, 0.1837, 0.1927, 0.3323, 0.2013, 0.1891, 0.194, 0.3157, 0.2811, 0.2948, 0.1958, 0.1754]",0.2831158330009202,0.4293197521012188,0.4630965840005956,0,22.464,21.0,
2025-08-04|oraculo_diario|curva_sel|4|60.0|base|60|todas|onsite,2025-08-04,oraculo_diario,curva_sel,4,60.0,base,60,todas,onsite,29049,3663,32712,2334,636,1698,11324,472,2953,1183,0.2371519655770337,207,"{""devolucion_origen"": 22, ""entrega_sin_recogida"": 202, ""fisico"": 224, ""fuera_servicio"": 0, ""tope"": 0, ""visitas"": 0}",5673,5673,0,0,0,2334,0,14,67,0,74,"[0.2043, 0.3195, 0.3232, 0.1991, 0.3078, 0.1841, 0.4249, 0.2677, 0.3843, 0.2717, 0.2009, 0.2481, 0.2023, 0.1979, 0.2613, 0.3276, 0.1912, 0.1742, 0.201, 0.1797, 0.2061, 0.199, 0.3079, 0.2914, 0.3163, 0.223, 0.3212, 0.4667, 0.3285, 0.362, 0.3434, 0.3062, 0.3684, 0.3725, 0.2999, 0.263, 0.6002, 0.3352, 0.448, 0.3636, 0.4665, 0.3394, 0.2065, 0.3575, 0.4032, 0.3121, 0.2618, 0.1954, 0.369, 0.1808, 0.2476, 0.1763, 0.3603, 0.4984, 0.34, 0.3817, 0.3429, 0.3591, 0.3235, 0.1835, 0.192, 0.1979, 0.1864, 0.1808, 0.186, 0.354, 0.1787, 0.1902, 0.3161, 0.3139, 0.1815, 0.1773, 0.1743, 0.1735]",0.2956519170002138,0.454468364700915,0.6002198330024839,0,23.402,22.0,
2025-08-06|oraculo_diario|curva_sel|4|60.0|base|60|todas|onsite,2025-08-06,oraculo_diario,curva_sel,4,60.0,base,60,todas,onsite,38378,3221,41599,2615,683,1932,11781,490,3351,998,0.2487891765790065,159,"{""devolucion_origen"": 11, ""entrega_sin_recogida"": 355, ""fisico"": 366, ""fuera_servicio"": 0, ""tope"": 0, ""visitas"": 0}",5896,5896,0,0,0,2619,4,14,67,0,74,"[0.2734, 0.3744, 0.5953, 0.5245, 0.3607, 0.2393, 0.2627, 0.3649, 0.1862, 0.1704, 0.329, 0.2619, 0.203, 0.1754, 0.308, 0.2555, 0.2673, 0.1747, 0.1776, 0.2052, 0.1966, 0.1821, 0.1735, 0.2646, 0.4218, 0.1788, 0.1903, 0.2849, 0.3381, 0.2835, 0.2992, 0.1857, 0.2703, 0.2163, 0.284, 0.2666, 0.3591, 0.5331, 0.2147, 0.4972, 0.2646, 0.4129, 0.2623, 0.2711, 0.3634, 0.3815, 0.3189, 0.3829, 0.3667, 0.2921, 0.2806, 0.2069, 0.2698, 0.4382, 0.6528, 0.3284, 0.2855, 0.3383, 0.3047, 0.3198, 0.2, 0.1859, 0.1789, 0.1939, 0.1949, 0.1874, 0.1781, 0.1822, 0.3186, 0.1789, 0.1831, 0.17, 0.1731, 0.1696]",0.2669930414995178,0.5067330664516702,0.6527583749993937,0,23.077,11.0,
2025-08-08|oraculo_diario|curva_sel|4|60.0|base|60|todas|onsite,2025-08-08,oraculo_diario,curva_sel,4,60.0,base,60,todas,onsite,27760,3416,31176,1981,525,1456,9398,401,1871,718,0.2175958455589362,285,"{""devolucion_origen"": 28, ""entrega_sin_recogida"": 233, ""fisico"": 261, ""fuera_servicio"": 0, ""tope"": 0, ""visitas"": 0}",4713,4713,0,0,0,1983,2,14,66,0,74,"[0.2157, 0.2892, 0.2061, 0.2683, 0.2667, 0.2792, 0.3178, 0.271, 0.4016, 0.1778, 0.2748, 0.1722, 0.1674, 0.2356, 0.247, 0.1711, 0.2036, 0.197, 0.1777, 0.2088, 0.2159, 0.2046, 0.2017, 0.2016, 0.3386, 0.3398, 0.3006, 0.3178, 0.3421, 0.3412, 0.3773, 0.2892, 0.4694, 0.2584, 0.4012, 0.2955, 0.3544, 0.4317, 0.421, 0.4001, 0.3095, 0.2999, 0.4844, 0.4394, 0.5673, 0.4034, 0.5177, 0.1953, 0.4678, 0.5009, 0.3356, 0.3132, 0.2881, 0.6573, 0.3391, 0.6298, 0.2057, 0.309, 0.2959, 0.2044, 0.2097, 0.215, 0.3501, 0.18, 0.1841, 0.3224, 0.369, 0.181, 0.2053, 0.1808, 0.2786, 0.1754, 0.1684, 0.1805]",0.2886352710011124,0.5067672418987057,0.6572899999991932,0,24.534,28.0,
2025-08-09|oraculo_diario|curva_sel|4|60.0|base|60|todas|onsite,2025-08-09,oraculo_diario,curva_sel,4,60.0,base,60,todas,onsite,11562,1116,12678,888,170,718,2972,150,194,23,0.1960596499846077,56,"{""devolucion_origen"": 2, ""entrega_sin_recogida"": 23, ""fisico"": 25, ""fuera_servicio"": 0, ""tope"": 0, ""visitas"": 0}",1487,1487,0,0,0,888,0,14,54,0,74,"[0.2007, 0.4007, 0.1991, 0.2243, 0.201, 0.3478, 0.3794, 0.3854, 0.54, 0.3218, 0.2045, 0.1903, 0.3541, 0.4107, 0.3673, 0.1942, 0.1928, 0.1985, 0.3221, 0.343, 0.3244, 0.3182, 0.3202, 0.4235, 0.1837, 0.3619, 0.3481, 0.3854, 0.1892, 0.2814, 0.3169, 0.3462, 0.3415, 0.1878, 0.3074, 0.3486, 0.1893, 0.3171, 0.3759, 0.3239, 0.3057, 0.191, 0.424, 0.3443, 0.5223, 0.4349, 0.3849, 0.2129, 0.4164, 0.1945, 0.2115, 0.4515, 0.339, 0.4069, 0.2021, 0.4696, 0.3432, 0.2117, 0.2147, 0.406, 0.2345, 0.195, 0.2456, 0.2294, 0.8389, 0.4218, 0.1867, 0.3191, 0.206, 0.3974, 0.1785, 0.1876, 0.178, 0.1707]",0.3196281455002463,0.4578497101998436,0.8388518329993531,0,24.734,2.0,
2025-08-11|oraculo_diario|curva_sel|4|60.0|base|60|todas|onsite,2025-08-11,oraculo_diario,curva_sel,4,60.0,base,60,todas,onsite,28597,3836,32433,2395,611,1784,10803,480,2597,1106,0.2369891810511591,138,"{""devolucion_origen"": 35, ""entrega_sin_recogida"": 200, ""fisico"": 235, ""fuera_servicio"": 0, ""tope"": 0, ""visitas"": 0}",5419,5419,0,0,0,2395,0,14,67,0,74,"[0.1961, 0.2037, 0.3515, 0.249, 0.2524, 0.3029, 0.3149, 0.2633, 0.3066, 0.2992, 0.2608, 0.2819, 0.1955, 0.1715, 0.1945, 0.1895, 0.1745, 0.19, 0.1702, 0.1705, 0.3102, 0.1821, 0.2012, 0.1845, 0.2092, 0.313, 0.306, 0.2858, 0.4561, 0.3134, 0.2969, 0.2983, 0.4261, 0.3527, 0.2952, 0.4692, 0.3792, 0.4181, 0.4229, 0.5387, 0.4032, 0.4959, 0.4434, 0.4281, 0.3131, 0.5173, 0.3537, 0.3738, 0.324, 0.3111, 0.3822, 0.3923, 0.5306, 0.5354, 0.2958, 0.334, 0.3464, 0.3036, 0.1888, 0.3824, 0.2156, 0.2061, 0.2133, 0.1921, 0.2141, 0.1998, 0.1965, 0.1975, 0.1954, 0.1814, 0.1815, 0.1727, 0.1717, 0.1661]",0.2963667085004999,0.5033681520983008,0.5387326669988397,0,23.976,35.0,
2025-08-12|oraculo_diario|curva_sel|4|60.0|base|60|todas|onsite,2025-08-12,oraculo_diario,curva_sel,4,60.0,base,60,todas,onsite,49403,5128,54531,2616,675,1941,12072,488,4780,1401,0.2853984829866494,237,"{""devolucion_origen"": 38, ""entrega_sin_recogida"": 292, ""fisico"": 330, ""fuera_servicio"": 0, ""tope"": 0, ""visitas"": 0}",6055,6055,0,0,0,2616,0,14,67,0,74,"[0.3058, 0.2929, 0.371, 0.1931, 0.2942, 0.4617, 0.1713, 0.5016, 0.2696, 0.3021, 0.289, 0.2291, 0.1862, 0.162, 0.1718, 0.3455, 0.1818, 0.1723, 0.1656, 0.171, 0.291, 0.1941, 0.2828, 0.2794, 0.349, 0.3233, 0.3653, 0.2727, 0.2052, 0.3043, 0.3326, 0.1776, 0.2642, 0.342, 0.2607, 0.3899, 0.3839, 0.5449, 0.2867, 0.283, 0.4131, 0.5074, 0.2278, 0.2639, 0.3238, 0.2456, 0.4054, 0.3138, 0.2796, 0.4343, 0.3047, 0.2856, 0.1765, 0.2718, 0.401, 0.1779, 0.3273, 0.2864, 0.3453, 0.3164, 0.3923, 0.1983, 0.1918, 0.2109, 0.2088, 0.1988, 0.1849, 0.194, 0.3238, 0.1775, 0.1782, 0.3379, 0.172, 0.1734]",0.2828731250010605,0.4439158312519792,0.5448550000000978,0,23.087,38.0,
2025-08-13|oraculo_diario|curva_sel|4|60.0|base|60|todas|onsite,2025-08-13,oraculo_diario,curva_sel,4,60.0,base,60,todas,onsite,27250,2699,29949,2113,515,1598,9178,448,1823,551,0.2787652825906681,133,"{""devolucion_origen"": 10, ""entrega_sin_recogida"": 187, ""fisico"": 197, ""fuera_servicio"": 0, ""tope"": 0, ""visitas"": 0}",4594,4594,0,0,0,2113,0,14,67,0,74,"[0.3342, 0.2903, 0.2562, 0.2608, 0.3195, 0.2434, 0.2896, 0.187, 0.1675, 0.2392, 0.2249, 0.2293, 0.1663, 0.1707, 0.1724, 0.1685, 0.1666, 0.2017, 0.1877, 0.17, 0.2575, 0.2105, 0.4156, 0.299, 0.3096, 0.4194, 0.3506, 0.2628, 0.3286, 0.3546, 0.3062, 0.2814, 0.3094, 0.3129, 0.369, 0.1859, 0.5077, 0.4215, 0.3576, 0.2953, 0.2905, 0.2825, 0.3041, 0.3382, 0.4043, 0.3969, 1.1144, 0.3524, 0.4986, 0.4043, 0.3781, 0.5096, 0.4407, 0.5995, 0.1804, 0.3664, 0.2127, 0.2059, 0.4325, 0.337, 0.6694, 0.4262, 0.3516, 0.1987, 0.1863, 0.1848, 0.1844, 0.1939, 0.1831, 0.3244, 0.1821, 0.1805, 0.175, 0.1887]",0.2904077709990815,0.5083942562510856,1.1143638339999598,0,24.858,10.0,
2025-08-16|oraculo_diario|curva_sel|4|60.0|base|60|todas|onsite,2025-08-16,oraculo_diario,curva_sel,4,60.0,base,60,todas,onsite,15298,1413,16711,1110,190,920,3801,168,374,13,0.1975025515761621,31,"{""devolucion_origen"": 7, ""entrega_sin_recogida"": 55, ""fisico"": 62, ""fuera_servicio"": 0, ""tope"": 0, ""visitas"": 0}",1904,1904,0,0,0,1110,0,14,43,0,74,"[0.184, 0.198, 0.2126, 0.3659, 0.2049, 0.1882, 0.3997, 0.3322, 0.388, 0.1985, 0.1884, 0.3463, 0.3492, 0.3172, 0.391, 0.3609, 0.2879, 0.2876, 0.1814, 0.288, 0.2912, 0.2544, 0.3129, 0.2994, 0.3073, 0.2887, 0.309, 0.3329, 0.3378, 0.3233, 0.3141, 0.4476, 0.3432, 0.2931, 0.4121, 0.3751, 0.3629, 0.3483, 0.2866, 0.2976, 0.2952, 0.3167, 0.3083, 0.5439, 0.4703, 0.3065, 0.3373, 0.395, 0.4775, 0.3117, 0.4385, 0.3347, 0.4736, 0.6287, 0.3455, 0.1866, 0.572, 0.3303, 0.6224, 0.3776, 0.5958, 0.7108, 0.5077, 0.6171, 0.4003, 0.1825, 0.3813, 0.192, 0.1819, 0.3144, 0.1757, 0.1715, 0.1727, 0.1726]",0.3202530204998766,0.6032462414515974,0.7108348750007281,0,27.001,7.0,
2025-08-18|oraculo_diario|curva_sel|4|60.0|base|60|todas|onsite,2025-08-18,oraculo_diario,curva_sel,4,60.0,base,60,todas,onsite,31656,2946,34602,2499,655,1844,11079,464,2658,846,0.255855910753247,178,"{""devolucion_origen"": 17, ""entrega_sin_recogida"": 297, ""fisico"": 314, ""fuera_servicio"": 0, ""tope"": 0, ""visitas"": 0}",5548,5548,0,0,0,2499,0,14,67,0,74,"[0.4184, 0.3349, 0.2043, 0.2601, 0.4358, 0.273, 0.3159, 0.3966, 0.2446, 0.3394, 0.2453, 0.2342, 0.194, 0.4341, 0.2442, 0.1677, 0.172, 0.183, 0.1934, 0.1756, 0.1784, 0.2981, 0.3114, 0.3179, 0.3899, 0.3196, 0.3617, 0.3148, 0.18, 0.3108, 0.3573, 0.3705, 0.2746, 0.3191, 0.2571, 0.3209, 0.4133, 0.4644, 0.3612, 0.2146, 0.3374, 0.4352, 0.3832, 0.4527, 0.35, 0.2059, 0.345, 0.3205, 0.3213, 0.4227, 0.2378, 0.2597, 0.3406, 0.1996, 0.2848, 0.461, 0.3439, 0.3368, 0.3096, 0.3124, 0.2114, 0.1869, 0.3244, 0.1827, 0.1963, 0.1811, 0.1967, 0.1926, 0.1859, 0.1917, 0.1858, 0.2892, 0.1864, 0.1738]",0.303895562499747,0.4353845001003719,0.4644090829970082,0,23.602,17.0,
2025-08-23|oraculo_diario|curva_sel|4|60.0|base|60|todas|onsite,2025-08-23,oraculo_diario,curva_sel,4,60.0,base,60,todas,onsite,13068,1046,14114,1113,200,913,3654,176,259,15,0.2095055799221936,45,"{""devolucion_origen"": 12, ""entrega_sin_recogida"": 51, ""fisico"": 63, ""fuera_servicio"": 0, ""tope"": 0, ""visitas"": 0}",1833,1833,0,0,0,1115,2,14,50,0,74,"[0.4261, 0.21, 0.1837, 0.3692, 0.2194, 0.3678, 0.37, 0.3215, 0.2012, 0.3357, 0.1846, 0.3084, 0.3121, 0.1861, 0.315, 0.2867, 0.316, 0.2984, 0.3144, 0.1798, 0.339, 0.3507, 0.3262, 0.3808, 0.345, 0.3141, 0.5804, 0.4003, 0.3106, 0.279, 0.2036, 0.3058, 0.3305, 0.3419, 0.3249, 0.3235, 0.3545, 0.5128, 0.5521, 0.5877, 0.3455, 0.3277, 0.561, 0.3405, 0.5372, 0.6365, 0.3901, 0.3726, 0.3429, 0.3424, 0.2052, 0.5352, 0.3628, 0.485, 0.464, 0.1814, 0.6059, 0.2162, 0.4538, 0.4145, 0.2374, 0.2143, 0.431, 0.5966, 0.1863, 0.3565, 0.2074, 0.1941, 0.2005, 0.1883, 0.1981, 0.1765, 0.1819, 0.1707]",0.3269328330006829,0.5829568834498786,0.6364662920022965,0,26.687,12.0,
2025-08-26|oraculo_diario|curva_sel|4|60.0|base|60|todas|onsite,2025-08-26,oraculo_diario,curva_sel,4,60.0,base,60,todas,onsite,39279,3655,42934,2555,738,1817,12735,548,4193,1470,0.2675871486821922,317,"{""devolucion_origen"": 19, ""entrega_sin_recogida"": 243, ""fisico"": 262, ""fuera_servicio"": 0, ""tope"": 0, ""visitas"": 0}",6377,6377,0,0,0,2557,2,14,67,0,74,"[0.2186, 0.2984, 0.3042, 0.4792, 0.2619, 0.24, 0.2707, 0.2757, 0.3137, 0.176, 0.3349, 0.4676, 0.1887, 0.1942, 0.1665, 0.202, 0.1922, 0.1906, 0.1766, 0.1888, 0.207, 0.174, 0.1946, 0.2118, 0.1944, 0.287, 0.3053, 0.3021, 0.2909, 0.29, 0.3317, 0.2903, 0.2984, 0.3249, 0.3456, 0.2944, 0.2836, 0.2518, 0.246, 0.3251, 0.4873, 0.4233, 0.2005, 0.5267, 0.2573, 0.3812, 0.2404, 0.2579, 0.338, 0.351, 0.2763, 0.3219, 0.3909, 0.296, 0.2972, 0.3393, 0.2916, 0.4807, 0.345, 0.2947, 0.3596, 0.3061, 0.315, 0.2092, 0.1803, 0.3455, 0.3576, 0.1786, 0.1916, 0.1803, 0.1827, 0.1719, 0.1795, 0.1735]",0.2885023335002188,0.4716805165495315,0.5267126250000729,0,23.089,19.0,
2025-08-27|oraculo_diario|curva_sel|4|60.0|base|60|todas|onsite,2025-08-27,oraculo_diario,curva_sel,4,60.0,base,60,todas,onsite,43072,4343,47415,2619,690,1929,12353,486,4572,1357,0.2779775062789565,267,"{""devolucion_origen"": 17, ""entrega_sin_recogida"": 276, ""fisico"": 293, ""fuera_servicio"": 0, ""tope"": 0, ""visitas"": 0}",6185,6185,0,0,0,2621,2,14,67,0,74,"[0.2026, 0.2728, 0.2808, 0.2113, 0.2553, 0.3074, 0.2385, 0.3336, 0.295, 0.1957, 0.1698, 0.3612, 0.2292, 0.1977, 0.1749, 0.1636, 0.1845, 0.1858, 0.1677, 0.1756, 0.187, 0.2025, 0.3036, 0.5273, 0.1849, 0.1798, 0.3274, 0.3411, 0.3344, 0.1872, 0.1964, 0.2689, 0.2829, 0.3748, 0.1989, 0.4176, 0.3117, 0.4334, 0.668, 0.3327, 0.1803, 0.5375, 0.408, 0.4059, 0.3439, 0.5434, 0.3406, 0.2041, 0.3244, 0.4551, 0.261, 0.3113, 0.272, 0.3675, 0.3938, 0.3748, 0.2887, 0.2486, 0.3145, 0.2719, 0.3186, 0.3212, 0.3456, 0.3482, 0.1835, 0.2114, 0.1909, 0.1889, 0.1888, 0.193, 0.1794, 0.2997, 0.1706, 0.1686]",0.2724024374983855,0.4803930624999334,0.6680059579994122,0,23.372,17.0,
2025-08-28|oraculo_diario|curva_sel|4|60.0|base|60|todas|onsite,2025-08-28,oraculo_diario,curva_sel,4,60.0,base,60,todas,onsite,35019,2887,37906,2380,617,1763,11379,536,3007,871,0.2465928142469508,211,"{""devolucion_origen"": 15, ""entrega_sin_recogida"": 272, ""fisico"": 287, ""fuera_servicio"": 0, ""tope"": 0, ""visitas"": 0}",5697,5697,0,0,0,2380,0,14,67,0,74,"[0.265, 0.1784, 0.3234, 0.3268, 0.2679, 0.1752, 0.2828, 0.2408, 0.5146, 0.2313, 0.2484, 0.3408, 0.4522, 0.3047, 0.1677, 0.2599, 0.1753, 0.1764, 0.1747, 0.1751, 0.1788, 0.1843, 0.1887, 0.2861, 0.3801, 0.2989, 0.3298, 0.4208, 0.3383, 0.2789, 0.36, 0.2499, 0.3277, 0.4214, 0.3763, 0.6999, 0.4626, 0.2612, 0.4565, 0.4242, 0.396, 0.2839, 0.2833, 0.2964, 0.4198, 0.2953, 0.4655, 0.3931, 0.3158, 0.2937, 0.4001, 0.2855, 0.2763, 0.3254, 0.4261, 0.4827, 0.3771, 0.431, 0.4733, 0.3252, 0.4567, 0.3544, 0.3142, 0.326, 0.4092, 0.183, 0.1807, 0.1865, 0.32, 0.3223, 0.2741, 0.1726, 0.2011, 0.1739]",0.3094134164985007,0.4682500602002619,0.699853374997474,0,25.666,15.0,
2025-08-31|oraculo_diario|curva_sel|4|60.0|base|60|todas|onsite,2025-08-31,oraculo_diario,curva_sel,4,60.0,base,60,todas,onsite,16342,1435,17777,1273,229,1044,3939,175,455,23,0.221317205669651,30,"{""devolucion_origen"": 17, ""entrega_sin_recogida"": 97, ""fisico"": 114, ""fuera_servicio"": 0, ""tope"": 0, ""visitas"": 0}",1978,1978,0,0,0,1273,0,14,67,0,74,"[0.1925, 0.4341, 0.2035, 0.3439, 0.4183, 0.4789, 0.3042, 0.3772, 0.3572, 0.2107, 0.3022, 0.369, 0.1797, 0.3539, 0.4968, 0.5632, 0.3076, 0.1988, 0.2866, 0.585, 0.5995, 0.367, 0.2049, 0.2064, 0.3061, 0.1798, 0.3014, 0.2123, 0.3466, 0.3571, 0.2018, 0.1817, 0.3399, 0.3923, 0.1863, 0.3249, 0.1952, 0.3255, 0.4141, 0.44, 0.3425, 0.2004, 0.3971, 0.3503, 0.5786, 0.3654, 0.3785, 0.4481, 0.6102, 0.4013, 0.4811, 0.4315, 0.7778, 0.4222, 0.3964, 0.3917, 0.7761, 0.6606, 0.3741, 0.2154, 0.6771, 0.5489, 0.9569, 0.386, 0.3366, 0.4234, 0.5212, 1.5126, 0.1806, 0.3773, 0.1878, 0.1714, 0.1813, 0.1731]",0.3612938329988537,0.7117287958490118,1.5125985409977147,0,30.611,17.0,
2025-08-01|ma_diaria|curva_sel|4|10.0|base|60|todas|onsite,2025-08-01,ma_diaria,curva_sel,4,10.0,base,60,todas,onsite,25904,3858,29762,3309,809,2500,10897,565,1434,376,0.1825548797375866,142,"{""devolucion_origen"": 157, ""entrega_sin_recogida"": 373, ""fisico"": 530, ""fuera_servicio"": 0, ""tope"": 0, ""visitas"": 0}",5527,5527,0,0,0,3309,0,14,67,0,74,"[0.3049, 0.6824, 0.2738, 0.2726, 0.2122, 0.3634, 0.3361, 0.1901, 0.2063, 0.2064, 0.2639, 0.2796, 0.2049, 0.1849, 0.1836, 0.2112, 0.1787, 0.2141, 0.2133, 0.2104, 0.2109, 0.1863, 0.2141, 0.1861, 0.2163, 0.2189, 0.2157, 0.2091, 0.6653, 0.2319, 0.3813, 0.7321, 1.4219, 0.2196, 0.7115, 0.9221, 0.5854, 0.7423, 0.3646, 0.2174, 0.785, 0.4412, 0.3266, 0.1998, 0.4388, 0.1968, 0.5079, 0.3094, 0.5635, 1.1488, 0.3183, 0.5783, 0.2095, 0.3324, 0.2335, 0.1958, 0.2128, 0.1884, 0.1856, 0.1906, 0.2085, 0.2041, 0.1924, 0.1912, 0.2019, 0.1822, 0.1981, 0.1891, 0.199, 0.1933, 0.3193, 0.1714, 0.1895, 0.1717]",0.2140907920002064,0.7572395056991806,1.4218804160009313,0,26.636,157.0,
2025-08-04|ma_diaria|curva_sel|4|10.0|base|60|todas|onsite,2025-08-04,ma_diaria,curva_sel,4,10.0,base,60,todas,onsite,38035,3395,41430,3881,919,2962,13997,624,3128,771,0.2178826723612811,255,"{""devolucion_origen"": 89, ""entrega_sin_recogida"": 231, ""fisico"": 320, ""fuera_servicio"": 0, ""tope"": 0, ""visitas"": 0}",7043,7043,0,0,0,3881,0,14,67,0,74,"[0.3185, 0.5875, 0.661, 0.3257, 0.2784, 0.2705, 0.5949, 0.1777, 0.4594, 0.2418, 0.198, 0.3954, 0.1711, 0.1714, 0.206, 0.1733, 0.1985, 0.1778, 0.1943, 0.1806, 0.1973, 0.4134, 0.1851, 0.1834, 0.2116, 0.2114, 0.2011, 0.1907, 0.3771, 0.2247, 0.2099, 0.1965, 0.2196, 0.5084, 0.2203, 0.5311, 1.1133, 0.3773, 0.3729, 0.4236, 0.2073, 0.4488, 0.2813, 0.49, 0.1825, 0.6107, 0.2884, 0.2897, 0.343, 0.2005, 0.5228, 0.4977, 0.3683, 0.9122, 0.1766, 0.4592, 0.2014, 0.4013, 0.2091, 0.1804, 0.3369, 0.1984, 0.1863, 0.1925, 0.1785, 0.1781, 0.1789, 0.1966, 0.1929, 0.1835, 0.178, 0.1828, 0.1849, 0.1717]",0.2106514789993525,0.6004352107505837,1.113337541999499,0,24.829,89.0,
2025-08-06|ma_diaria|curva_sel|4|10.0|base|60|todas|onsite,2025-08-06,ma_diaria,curva_sel,4,10.0,base,60,todas,onsite,49911,3101,53012,4147,955,3192,14801,537,3886,760,0.2309606449572701,171,"{""devolucion_origen"": 95, ""entrega_sin_recogida"": 300, ""fisico"": 395, ""fuera_servicio"": 0, ""tope"": 0, ""visitas"": 0}",7448,7448,0,0,0,4149,2,14,67,0,74,"[0.3581, 0.3803, 0.6467, 0.4783, 0.4351, 0.3923, 0.3461, 0.4734, 0.527, 0.3963, 0.2507, 0.2568, 0.4607, 0.1927, 0.1891, 0.1925, 0.2014, 0.1999, 0.1769, 0.2008, 0.206, 0.2014, 0.2073, 0.208, 0.1854, 0.1877, 0.2165, 0.2019, 0.3557, 1.1507, 0.7483, 0.5718, 0.1878, 0.3544, 0.9111, 0.6339, 0.3958, 0.3273, 0.5493, 0.7349, 0.3893, 0.7951, 0.3872, 0.4113, 0.3499, 0.304, 0.3716, 0.4039, 0.3319, 0.7509, 0.4284, 0.3653, 0.4793, 0.5211, 0.1791, 0.4846, 0.2041, 0.1878, 0.2114, 0.1797, 0.1788, 0.1835, 0.182, 0.1886, 0.1835, 0.1974, 0.1817, 0.1825, 0.5463, 0.1786, 0.1909, 0.1765, 0.1877, 0.1779]",0.3156377084997075,0.7491805022014887,1.1507475839971448,0,28.3,95.0,
2025-08-08|ma_diaria|curva_sel|4|10.0|base|60|todas|onsite,2025-08-08,ma_diaria,curva_sel,4,10.0,base,60,todas,onsite,37693,3597,41290,3655,907,2748,12855,524,2600,540,0.2066148594041806,353,"{""devolucion_origen"": 135, ""entrega_sin_recogida"": 345, ""fisico"": 480, ""fuera_servicio"": 0, ""tope"": 0, ""visitas"": 0}",6495,6495,0,0,0,3657,2,14,67,0,74,"[0.6672, 0.3101, 0.5161, 0.4257, 0.3272, 0.272, 0.337, 0.5952, 0.3083, 0.1965, 0.213, 0.2523, 0.1891, 0.1745, 0.1809, 0.1754, 0.1984, 0.1975, 0.1977, 0.1868, 0.1993, 0.1819, 0.1868, 0.1848, 0.1816, 0.1849, 0.1965, 0.3715, 0.1811, 0.1856, 0.5071, 0.3333, 0.551, 0.191, 0.7449, 0.5768, 0.6501, 0.3444, 0.3743, 0.613, 0.5328, 0.4631, 0.3155, 0.4304, 0.3057, 0.4773, 0.5033, 0.2912, 0.3209, 0.6769, 0.4264, 0.5572, 0.2033, 0.3702, 0.3192, 0.2052, 0.2047, 0.2205, 0.1794, 0.1916, 0.364, 0.1852, 0.2045, 0.2031, 0.2139, 0.181, 0.1962, 0.1874, 0.1817, 0.1804, 0.2491, 0.234, 0.1719, 0.1692]",0.2272696459986036,0.6260157689514014,0.7449362500010466,0,25.295,135.0,
2025-08-09|ma_diaria|curva_sel|4|10.0|base|60|todas|onsite,2025-08-09,ma_diaria,curva_sel,4,10.0,base,60,todas,onsite,16256,1174,17430,1669,276,1393,3964,218,575,47,0.2108327497664096,107,"{""devolucion_origen"": 0, ""entrega_sin_recogida"": 7, ""fisico"": 7, ""fuera_servicio"": 0, ""tope"": 0, ""visitas"": 0}",1982,1982,0,0,0,1669,0,14,67,1,74,"[0.1976, 0.1861, 0.2119, 0.343, 0.192, 1.5086, 0.195, 0.4698, 0.3492, 0.587, 0.4658, 0.6384, 10.0068, 0.9167, 0.3293, 0.4022, 0.485, 0.1904, 0.2182, 0.1836, 0.2028, 0.2027, 0.2125, 0.2099, 0.1881, 0.2191, 0.2105, 0.2163, 0.2032, 0.193, 0.2106, 0.203, 0.2088, 0.2043, 0.1919, 0.2025, 0.1936, 0.5386, 0.8342, 0.5453, 0.2126, 0.4586, 0.2064, 0.1853, 0.4164, 0.2094, 0.185, 0.211, 0.2074, 0.2125, 0.4708, 0.4334, 0.9902, 0.216, 0.1888, 0.1942, 0.2151, 0.2028, 0.2209, 0.2018, 0.1911, 0.2252, 0.1977, 0.1976, 0.216, 0.2153, 0.2177, 0.2954, 0.2726, 0.1888, 0.1888, 0.2111, 0.2476, 0.1758]",0.2114595834991632,0.8630564501001567,10.00678179100214,0,34.311,0.0,
2025-08-11|ma_diaria|curva_sel|4|10.0|base|60|todas|onsite,2025-08-11,ma_diaria,curva_sel,4,10.0,base,60,todas,onsite,39142,3323,42465,3791,929,2862,13773,734,3004,703,0.2259752287489545,176,"{""devolucion_origen"": 123, ""entrega_sin_recogida"": 290, ""fisico"": 413, ""fuera_servicio"": 0, ""tope"": 0, ""visitas"": 0}",6948,6948,0,0,0,3793,2,14,67,0,74,"[0.7146, 0.5212, 0.2571, 0.1787, 0.6579, 0.2907, 0.3563, 0.303, 0.4482, 0.374, 0.25, 0.3832, 0.1879, 0.1804, 0.1763, 0.1829, 0.1768, 0.1782, 0.181, 0.1954, 0.202, 0.183, 0.2, 0.2014, 0.1861, 0.2029, 0.1914, 0.6863, 0.8336, 0.2064, 0.3891, 0.5606, 1.2328, 0.1847, 0.9587, 0.7686, 0.5535, 0.3125, 0.4798, 0.3611, 0.7112, 0.2953, 0.4004, 0.3506, 0.3016, 0.1953, 0.4374, 0.1972, 0.6614, 0.1991, 0.4979, 0.5244, 0.5836, 0.383, 0.1936, 0.1842, 0.2027, 0.1874, 0.1866, 0.1859, 0.1986, 0.1884, 0.2129, 0.1837, 0.1962, 0.1819, 0.1957, 0.193, 0.1861, 0.1976, 0.2057, 0.1857, 0.1951, 0.186]",0.2027756665011111,0.7334840669002003,1.2327612080007384,0,26.895,123.0,
2025-08-12|ma_diaria|curva_sel|4|10.0|base|60|todas|onsite,2025-08-12,ma_diaria,curva_sel,4,10.0,base,60,todas,onsite,53991,4296,58287,4231,989,3242,15130,585,4031,861,0.2132226377433222,238,"{""devolucion_origen"": 76, ""entrega_sin_recogida"": 335, ""fisico"": 411, ""fuera_servicio"": 0, ""tope"": 0, ""visitas"": 0}",7603,7603,0,0,0,4233,2,14,67,0,74,"[0.3409, 0.2917, 0.2772, 0.6931, 0.3409, 0.4565, 0.3227, 0.1805, 0.2632, 0.4576, 0.244, 0.2658, 0.2661, 0.2013, 0.186, 0.2026, 0.1958, 0.1958, 0.1775, 0.204, 0.1997, 0.2068, 0.1952, 0.2098, 0.4642, 0.1957, 0.3471, 0.2047, 0.3499, 0.3497, 0.4471, 0.3984, 0.5454, 0.6562, 0.3949, 0.6017, 0.509, 0.3233, 0.4301, 0.3039, 0.3598, 0.2074, 0.3248, 0.689, 0.1774, 0.3368, 0.542, 0.3775, 0.3819, 0.4035, 0.3878, 0.5197, 0.3359, 0.2045, 0.3727, 0.2161, 0.2039, 0.2041, 0.2012, 0.2011, 0.1899, 0.1828, 0.2123, 0.1858, 0.1887, 0.2005, 0.1836, 0.1932, 0.18, 0.1791, 0.1762, 0.1735, 0.1797, 0.1933]",0.2536106460011069,0.5651175062510444,0.6931112499987648,0,24.822,76.0,
2025-08-13|ma_diaria|curva_sel|4|10.0|base|60|todas|onsite,2025-08-13,ma_diaria,curva_sel,4,10.0,base,60,todas,onsite,39650,4816,44466,3703,860,2843,12508,556,2788,668,0.2626709100350895,164,"{""devolucion_origen"": 164, ""entrega_sin_recogida"": 345, ""fisico"": 509, ""fuera_servicio"": 0, ""tope"": 0, ""visitas"": 0}",6336,6336,0,0,0,3705,2,14,67,0,74,"[0.6469, 0.3718, 0.2632, 0.329, 0.3699, 0.3207, 0.6036, 0.3303, 0.1716, 0.4724, 0.3582, 0.3909, 0.3936, 0.1656, 0.1664, 0.168, 0.1719, 0.1878, 0.1734, 0.189, 0.182, 0.1782, 0.188, 0.1981, 0.1911, 0.3989, 0.3756, 0.4062, 0.5736, 0.3844, 0.1903, 0.2201, 0.3918, 0.198, 0.4901, 0.6078, 0.1822, 0.7128, 0.4013, 0.3841, 0.6024, 0.1833, 0.4266, 0.3169, 0.3071, 0.2983, 0.2975, 0.3785, 0.1866, 0.1878, 0.1965, 0.1865, 0.1993, 0.4508, 0.1834, 0.3108, 0.1816, 0.1914, 0.2062, 0.5573, 0.1861, 0.9434, 0.204, 0.1806, 0.1925, 0.1958, 0.2071, 0.1912, 0.1917, 0.1837, 0.1729, 0.2177, 0.2092, 0.1915]",0.2081421455004601,0.6050392982513585,0.943389833002584,0,24.606,164.0,
2025-08-16|ma_diaria|curva_sel|4|10.0|base|60|todas|onsite,2025-08-16,ma_diaria,curva_sel,4,10.0,base,60,todas,onsite,25889,1431,27320,1952,287,1665,4476,184,992,69,0.2081551548024919,57,"{""devolucion_origen"": 0, ""entrega_sin_recogida"": 14, ""fisico"": 14, ""fuera_servicio"": 0, ""tope"": 0, ""visitas"": 0}",2238,2238,0,0,0,1952,0,14,67,0,74,"[0.188, 0.2124, 0.2056, 0.1975, 0.4759, 0.2104, 0.5304, 0.3324, 0.3718, 0.5362, 1.8908, 0.773, 0.7695, 0.2105, 0.5128, 0.3241, 0.1848, 0.3653, 0.3355, 1.3165, 0.209, 0.1924, 0.2113, 0.1888, 0.1865, 0.2139, 0.1919, 0.2163, 0.1954, 0.1874, 0.2126, 0.2022, 0.2143, 0.196, 0.1838, 0.2089, 0.1924, 0.4156, 0.503, 0.2112, 0.7322, 0.4616, 0.3937, 0.1912, 0.2153, 0.1883, 0.2162, 0.5891, 0.3237, 0.2159, 0.1855, 0.1905, 0.5159, 0.5966, 0.3057, 0.4108, 0.1887, 0.2091, 0.2025, 0.502, 0.1865, 0.1942, 0.2005, 0.6996, 0.2116, 0.4135, 0.1967, 0.1989, 0.2069, 0.21, 0.1881, 0.1761, 0.1834, 0.1868]",0.2112587294996046,0.7452725998988169,1.8907803750007588,0,26.931,0.0,
2025-08-18|ma_diaria|curva_sel|4|10.0|base|60|todas|onsite,2025-08-18,ma_diaria,curva_sel,4,10.0,base,60,todas,onsite,48046,2773,50819,4123,941,3182,14072,594,3356,631,0.2534562742648714,214,"{""devolucion_origen"": 82, ""entrega_sin_recogida"": 315, ""fisico"": 397, ""fuera_servicio"": 0, ""tope"": 0, ""visitas"": 0}",7077,7077,0,0,0,4127,4,14,67,0,74,"[0.5866, 0.3838, 0.3867, 0.6547, 0.2528, 0.3413, 0.3995, 0.2347, 0.1769, 0.2994, 0.368, 0.1694, 0.3597, 0.1976, 0.1752, 0.1677, 0.1665, 0.1825, 0.1901, 0.1758, 0.1838, 0.1865, 0.1832, 0.1847, 0.208, 0.8708, 0.8209, 0.6131, 1.2116, 0.6701, 0.688, 0.5928, 0.7075, 0.677, 0.6111, 0.1861, 0.7016, 0.3485, 0.6269, 0.5842, 0.5932, 0.3679, 0.3967, 0.351, 0.4974, 0.2871, 0.2578, 0.3704, 0.3552, 0.6561, 0.3735, 0.2961, 0.6624, 0.1855, 0.1875, 0.5525, 0.199, 0.1786, 0.189, 0.1917, 0.186, 0.2129, 0.1912, 0.1941, 0.1885, 0.1801, 0.3454, 0.1805, 0.1817, 0.1874, 0.1763, 0.1732, 0.1773, 0.1689]",0.2724556670000311,0.7036731415482791,1.2116085830020893,0,28.908,82.0,
2025-08-23|ma_diaria|curva_sel|4|10.0|base|60|todas|onsite,2025-08-23,ma_diaria,curva_sel,4,10.0,base,60,todas,onsite,21449,895,22344,2049,310,1739,4728,213,801,52,0.2273709513199958,69,"{""devolucion_origen"": 2, ""entrega_sin_recogida"": 25, ""fisico"": 27, ""fuera_servicio"": 0, ""tope"": 0, ""visitas"": 0}",2365,2365,0,0,0,2055,6,14,67,0,74,"[0.2015, 0.7198, 0.2309, 0.2028, 0.7627, 0.6944, 1.0745, 0.3886, 0.895, 1.38, 0.2138, 0.6562, 0.4938, 0.7556, 0.4566, 0.7501, 0.187, 1.4674, 0.1905, 0.4534, 0.1841, 0.1989, 0.2131, 0.1862, 0.2145, 0.2145, 0.1964, 0.4455, 0.1869, 0.201, 0.185, 0.1983, 0.3796, 0.2137, 0.187, 1.8852, 0.2102, 0.7496, 0.2099, 0.43, 0.5271, 0.4729, 0.3829, 0.2042, 0.2169, 0.1992, 0.1913, 0.5763, 0.1936, 0.5744, 0.2022, 0.7426, 0.2107, 0.1932, 0.4852, 0.197, 0.317, 1.1463, 0.6394, 0.2128, 0.2068, 0.2074, 0.1907, 0.209, 0.1938, 0.2227, 0.5938, 0.194, 0.2522, 0.2117, 0.7513, 0.1805, 0.2204, 0.3465]",0.2156943539994245,1.099623146149133,1.885190999997576,0,32.808,2.0,
2025-08-26|ma_diaria|curva_sel|4|10.0|base|60|todas|onsite,2025-08-26,ma_diaria,curva_sel,4,10.0,base,60,todas,onsite,46791,4080,50871,4145,1008,3137,14929,474,4254,1121,0.2414490340644627,377,"{""devolucion_origen"": 97, ""entrega_sin_recogida"": 223, ""fisico"": 320, ""fuera_servicio"": 0, ""tope"": 0, ""visitas"": 0}",7513,7513,0,0,0,4151,6,14,67,0,74,"[0.3017, 0.3975, 0.7101, 0.2921, 0.5465, 0.3198, 0.6924, 0.3467, 0.5245, 0.4028, 0.1805, 0.479, 0.1722, 0.1704, 0.1739, 0.1737, 0.1783, 0.1801, 0.1927, 0.2097, 0.1771, 0.197, 0.2098, 0.1982, 0.1786, 0.1822, 0.2033, 0.1837, 0.1866, 0.2004, 0.1968, 0.7847, 1.3513, 0.6333, 0.4523, 1.102, 0.393, 0.1968, 0.6256, 0.4533, 0.5821, 0.3239, 0.5276, 0.3035, 0.2787, 0.4704, 0.4744, 0.5946, 0.4284, 0.6174, 0.5322, 0.3023, 0.2865, 0.6164, 0.4873, 0.1976, 0.2025, 0.61, 0.1789, 0.1996, 0.1794, 0.1836, 0.1829, 0.1963, 0.1954, 0.1974, 0.1926, 0.1856, 0.174, 0.1764, 0.1836, 0.1786, 0.2695, 0.1732]",0.2097387294979853,0.698630508548922,1.3512602090013388,0,27.985,97.0,
2025-08-27|ma_diaria|curva_sel|4|10.0|base|60|todas|onsite,2025-08-27,ma_diaria,curva_sel,4,10.0,base,60,todas,onsite,52859,4865,57724,4124,986,3138,14582,472,4289,1197,0.2410040370445055,301,"{""devolucion_origen"": 70, ""entrega_sin_recogida"": 212, ""fisico"": 282, ""fuera_servicio"": 0, ""tope"": 0, ""visitas"": 0}",7326,7326,0,0,0,4134,10,14,67,0,74,"[0.6118, 0.8717, 0.3295, 0.2886, 0.5437, 0.3569, 0.2654, 0.2972, 0.278, 0.2644, 0.3888, 0.3943, 0.5312, 0.1696, 0.1648, 0.1704, 0.1741, 0.1734, 0.2091, 0.1739, 0.1783, 0.2133, 0.1839, 0.2002, 0.1918, 0.2186, 0.222, 0.2098, 0.221, 1.0683, 0.186, 0.6034, 0.3305, 0.334, 0.3548, 0.8726, 0.9255, 0.7749, 0.5519, 0.3146, 0.7151, 0.2031, 0.7401, 0.4221, 0.3359, 0.3737, 0.281, 0.474, 0.271, 0.4568, 0.4825, 0.437, 0.4589, 0.3845, 0.3083, 0.4427, 0.2027, 1.141, 0.1811, 0.1809, 0.1839, 0.2021, 0.18, 0.1782, 0.187, 0.1756, 0.1776, 0.176, 0.1752, 0.1742, 0.1789, 0.1716, 0.1741, 0.1699]",0.2682103125007415,0.8719959687523442,1.1409848750008678,0,28.157,70.0,
2025-08-28|ma_diaria|curva_sel|4|10.0|base|60|todas|onsite,2025-08-28,ma_diaria,curva_sel,4,10.0,base,60,todas,onsite,46345,4197,50542,3993,967,3026,14015,509,3511,924,0.2535460767094236,278,"{""devolucion_origen"": 55, ""entrega_sin_recogida"": 274, ""fisico"": 329, ""fuera_servicio"": 0, ""tope"": 0, ""visitas"": 0}",7035,7035,0,0,0,3993,0,14,67,0,74,"[0.3512, 0.3345, 0.3441, 0.3898, 0.1804, 0.2521, 0.5301, 0.329, 0.1961, 0.2941, 0.2624, 0.2713, 0.1735, 0.1971, 0.1746, 0.1963, 0.1934, 0.2069, 0.2082, 0.1781, 0.1794, 0.1807, 0.201, 0.2003, 0.182, 0.1999, 0.2125, 0.182, 0.4208, 0.6051, 0.3273, 0.2095, 0.5926, 0.3611, 0.3128, 0.6451, 0.3084, 0.3892, 0.1832, 0.3789, 0.6169, 0.4314, 0.4005, 0.4127, 0.3716, 0.2076, 1.1758, 0.5631, 0.3127, 0.3179, 0.6539, 0.5715, 0.951, 0.3216, 1.3912, 0.3436, 0.2095, 0.1963, 0.2134, 0.2162, 0.2104, 0.2073, 0.2038, 0.1786, 0.1813, 0.1957, 0.1838, 0.1797, 0.1901, 0.1754, 0.185, 0.1729, 0.1767, 0.1843]",0.212953333500991,0.648178381247635,1.391177332996449,0,26.362,55.0,
2025-08-31|ma_diaria|curva_sel|4|10.0|base|60|todas|onsite,2025-08-31,ma_diaria,curva_sel,4,10.0,base,60,todas,onsite,31103,1433,32536,2301,334,1967,5645,259,1707,80,0.215215983435745,74,"{""devolucion_origen"": 11, ""entrega_sin_recogida"": 47, ""fisico"": 58, ""fuera_servicio"": 0, ""tope"": 0, ""visitas"": 0}",2828,2828,0,0,0,2307,6,14,67,0,74,"[0.2023, 0.2034, 0.2037, 0.4046, 0.5443, 0.4064, 0.3581, 0.3695, 0.4642, 0.365, 2.0414, 0.6906, 0.5562, 0.5092, 0.3242, 0.3389, 0.5552, 0.203, 0.1837, 0.5819, 0.5547, 0.1843, 0.1947, 0.1825, 0.2046, 0.186, 0.1866, 0.2016, 0.1912, 0.1932, 0.5304, 0.1857, 0.2038, 0.1861, 0.4179, 0.4241, 0.4033, 0.5279, 0.1902, 0.648, 0.2072, 0.1857, 0.1834, 0.8913, 0.2037, 0.7917, 0.2041, 0.4504, 0.1919, 0.7888, 0.6986, 0.1964, 0.2091, 0.372, 0.2131, 0.3587, 0.5167, 0.2064, 0.2219, 0.1876, 0.3459, 0.4018, 0.8763, 0.224, 0.2075, 0.189, 0.187, 0.4202, 0.1835, 0.2413, 0.1824, 0.1755, 0.1767, 0.1752]",0.2174894170002517,0.7898380436496154,2.0413988330001303,0,28.801,11.0,
2025-08-01|ma_diaria|curva_sel|4|15.0|base|60|todas|onsite,2025-08-01,ma_diaria,curva_sel,4,15.0,base,60,todas,onsite,25800,4094,29894,3106,758,2348,10700,572,1497,474,0.1803583017437491,145,"{""devolucion_origen"": 160, ""entrega_sin_recogida"": 343, ""fisico"": 503, ""fuera_servicio"": 0, ""tope"": 0, ""visitas"": 0}",5430,5430,0,0,0,3108,2,14,67,0,74,"[0.2854, 0.6989, 0.2805, 0.3105, 0.2033, 0.2171, 0.2848, 0.3234, 0.2608, 0.1814, 0.1758, 0.2078, 0.1946, 0.1861, 0.1797, 0.3255, 0.179, 0.204, 0.1873, 0.2018, 0.2023, 0.2095, 0.2024, 0.194, 0.5709, 0.2061, 0.2082, 0.191, 0.2067, 0.4083, 0.3725, 0.4225, 0.6846, 0.5718, 0.3842, 0.4871, 0.6227, 0.3302, 0.324, 0.7101, 0.476, 0.3274, 0.343, 0.1945, 0.2163, 0.3399, 0.3114, 0.4967, 0.2848, 0.5059, 0.874, 0.9332, 0.1969, 0.3622, 0.1999, 0.2089, 0.1871, 0.1887, 0.199, 0.1914, 0.187, 0.1871, 0.1832, 0.1879, 0.2, 0.1812, 0.1818, 0.2047, 0.1799, 0.1797, 0.1848, 0.1805, 0.1812, 0.1643]",0.2072344999996858,0.6895955705998857,0.933181832999253,0,24.429,160.0,
2025-08-04|ma_diaria|curva_sel|4|15.0|base|60|todas|onsite,2025-08-04,ma_diaria,curva_sel,4,15.0,base,60,todas,onsite,38148,3575,41723,3846,933,2913,14069,624,3039,895,0.2152846834001391,267,"{""devolucion_origen"": 97, ""entrega_sin_recogida"": 217, ""fisico"": 314, ""fuera_servicio"": 0, ""tope"": 0, ""visitas"": 0}",7083,7083,0,0,0,3846,0,14,67,0,74,"[0.3249, 0.5895, 0.575, 0.3548, 0.5292, 0.3312, 0.5571, 0.2759, 0.2649, 0.2769, 0.2594, 0.3798, 0.187, 0.1767, 0.1884, 0.1713, 0.2007, 0.1825, 0.1764, 0.1934, 0.2008, 0.2121, 0.1961, 0.1889, 0.1847, 0.2118, 0.186, 0.2141, 0.7429, 0.1934, 0.2187, 0.2136, 0.2253, 0.368, 0.3637, 0.3218, 0.3645, 1.3372, 0.8072, 0.5247, 0.698, 0.7061, 0.5496, 0.3742, 0.6153, 0.2895, 0.3172, 0.7224, 0.5465, 0.3049, 0.5313, 0.4843, 0.6832, 0.3252, 0.3973, 0.1813, 0.1978, 0.1957, 0.1824, 0.212, 0.2051, 0.1786, 0.1824, 0.1815, 0.1993, 0.1963, 0.1793, 0.1768, 0.1867, 0.1894, 0.1894, 0.1844, 0.1771, 0.1706]",0.2163826454998343,0.7117830646990113,1.337237167001149,0,26.878,97.0,
2025-08-06|ma_diaria|curva_sel|4|15.0|base|60|todas|onsite,2025-08-06,ma_diaria,curva_sel,4,15.0,base,60,todas,onsite,49753,3514,53267,4055,966,3089,14695,539,3824,848,0.2314263855416409,173,"{""devolucion_origen"": 71, ""entrega_sin_recogida"": 300, ""fisico"": 371, ""fuera_servicio"": 0, ""tope"": 0, ""visitas"": 0}",7383,7383,0,0,0,4057,2,14,67,0,74,"[0.361, 0.4539, 0.3375, 0.4736, 0.3703, 0.4905, 0.2674, 0.2897, 0.1892, 0.428, 0.2429, 0.3248, 0.1628, 0.1786, 0.1842, 0.1674, 0.1774, 0.2014, 0.1858, 0.1775, 0.1818, 0.1815, 0.1852, 0.1849, 0.2, 0.1858, 0.1861, 0.1873, 0.5073, 0.3938, 0.4223, 0.4274, 0.368, 0.6546, 0.5438, 0.7332, 0.4247, 0.929, 0.5064, 0.535, 0.369, 0.354, 0.4027, 0.5653, 0.344, 0.5064, 0.2657, 0.3185, 0.5338, 0.2968, 0.8222, 0.2833, 0.287, 0.1762, 0.3104, 0.1984, 0.1828, 0.3284, 0.1906, 0.3134, 0.2086, 0.1983, 0.2017, 0.1963, 0.1905, 0.1808, 0.1817, 0.1757, 0.1756, 0.1785, 0.1812, 0.1747, 0.1749, 0.2148]",0.2665733124995313,0.5965212879524183,0.9289878330018836,0,25.558,71.0,
2025-08-08|ma_diaria|curva_sel|4|15.0|base|60|todas|onsite,2025-08-08,ma_diaria,curva_sel,4,15.0,base,60,todas,onsite,38004,3687,41691,3516,868,2648,12839,540,2582,648,0.200522676970395,353,"{""devolucion_origen"": 131, ""entrega_sin_recogida"": 357, ""fisico"": 488, ""fuera_servicio"": 0, ""tope"": 0, ""visitas"": 0}",6485,6485,0,0,0,3516,0,14,67,0,74,"[0.7442, 0.3837, 0.3211, 0.2097, 0.4659, 0.4238, 0.5527, 0.6831, 0.4521, 0.1778, 0.1779, 0.5373, 0.1732, 0.2042, 0.1963, 0.1903, 0.191, 0.3347, 0.1901, 0.1882, 0.1825, 0.2067, 0.2148, 0.2053, 0.1842, 0.1918, 0.3966, 0.2121, 0.3712, 0.1903, 0.7318, 7.5781, 0.1935, 0.3294, 0.442, 1.0445, 0.1849, 0.3246, 0.5521, 0.5913, 0.4839, 0.6801, 0.4262, 0.2968, 0.4058, 0.3727, 0.505, 0.21, 0.2783, 0.2716, 0.6504, 0.4468, 0.1851, 1.2936, 0.1881, 0.2141, 0.1892, 0.1925, 0.2108, 0.1806, 0.1956, 0.186, 0.2099, 0.1846, 0.2004, 0.2048, 0.1805, 0.1865, 0.1802, 0.1833, 0.1956, 0.2409, 0.177, 0.2001]",0.2103851249976287,0.7361802231513138,7.578068499999063,0,33.88,131.0,
2025-08-09|ma_diaria|curva_sel|4|15.0|base|60|todas|onsite,2025-08-09,ma_diaria,curva_sel,4,15.0,base,60,todas,onsite,16135,1332,17467,1610,261,1349,3914,217,562,51,0.2112807963382351,100,"{""devolucion_origen"": 0, ""entrega_sin_recogida"": 8, ""fisico"": 8, ""fuera_servicio"": 0, ""tope"": 0, ""visitas"": 0}",1957,1957,0,0,0,1610,0,14,67,0,74,"[0.2053, 0.3608, 0.428, 0.3475, 0.1846, 0.1949, 0.8265, 0.4317, 0.741, 0.3665, 0.5215, 0.4312, 0.3506, 0.6279, 0.5835, 0.3453, 0.5367, 0.2148, 0.2102, 0.201, 0.1904, 0.3676, 0.2225, 0.1876, 0.2218, 0.1914, 0.2192, 0.1971, 0.2059, 0.1864, 0.2239, 0.1822, 0.1835, 0.2096, 0.1959, 0.1916, 0.207, 0.915, 0.204, 1.5149, 0.2169, 0.1889, 0.1876, 0.188, 0.7129, 0.2007, 0.2072, 0.2025, 0.2047, 0.1922, 0.3326, 0.5763, 0.2037, 0.4294, 0.2174, 0.2061, 0.2089, 0.2112, 0.2143, 0.1933, 0.1944, 0.2179, 0.1904, 0.1978, 0.215, 0.2044, 0.2119, 0.194, 0.2794, 0.1897, 0.1776, 0.1823, 0.2157, 0.1662]",0.2092269165004836,0.7227149629492485,1.5149023330013731,0,24.399,0.0,
2025-08-11|ma_diaria|curva_sel|4|15.0|base|60|todas|onsite,2025-08-11,ma_diaria,curva_sel,4,15.0,base,60,todas,onsite,38872,3295,42167,3729,934,2795,13657,734,2958,760,0.2234583631491418,183,"{""devolucion_origen"": 103, ""entrega_sin_recogida"": 304, ""fisico"": 407, ""fuera_servicio"": 0, ""tope"": 0, ""visitas"": 0}",6880,6880,0,0,0,3729,0,14,67,0,74,"[0.7103, 0.5554, 0.2714, 0.2152, 0.5998, 0.4215, 0.4404, 0.2775, 0.201, 0.4079, 0.3576, 0.3969, 0.1964, 0.1867, 0.1919, 0.1877, 0.2097, 0.2125, 0.1981, 0.1916, 0.1926, 0.203, 0.1991, 0.2032, 0.2241, 0.2014, 0.2024, 0.3523, 0.5397, 0.2131, 0.1842, 0.3355, 0.5406, 0.4121, 0.334, 0.383, 0.4771, 0.5805, 0.7317, 0.2232, 0.3237, 0.3404, 0.4159, 0.5433, 0.3082, 0.4036, 0.3261, 0.2695, 0.3107, 0.6593, 0.5164, 0.2914, 0.3334, 0.2125, 0.378, 0.2043, 0.2062, 0.2303, 0.2019, 0.1821, 0.3721, 0.2027, 0.1807, 0.1881, 0.1855, 0.1827, 0.1778, 0.1888, 0.1791, 0.1753, 0.1875, 0.1764, 0.1725, 0.1723]",0.2236177084996597,0.5872715397990759,0.7316657500014117,0,24.756,103.0,
2025-08-12|ma_diaria|curva_sel|4|15.0|base|60|todas|onsite,2025-08-12,ma_diaria,curva_sel,4,15.0,base,60,todas,onsite,54184,4272,58456,4156,997,3159,15108,585,4106,945,0.21249015323783,241,"{""devolucion_origen"": 74, ""entrega_sin_recogida"": 313, ""fisico"": 387, ""fuera_servicio"": 0, ""tope"": 0, ""visitas"": 0}",7591,7591,0,0,0,4156,0,14,67,0,74,"[0.3444, 0.2511, 0.1802, 0.3842, 0.4153, 0.4565, 0.2808, 0.1748, 0.2606, 0.4604, 0.2651, 0.5134, 0.305, 0.1724, 0.2107, 0.1723, 0.1773, 0.1761, 0.2094, 0.1922, 0.2056, 0.1788, 0.1875, 0.1798, 0.1848, 0.218, 0.3918, 0.1867, 0.1844, 0.1869, 0.3356, 0.5591, 0.5612, 0.3186, 0.3328, 0.2165, 0.4272, 0.5463, 0.4268, 0.3474, 0.6375, 0.5168, 0.209, 0.7606, 0.199, 0.2701, 0.402, 0.3118, 0.465, 0.7015, 0.4449, 0.5263, 0.5061, 0.4312, 0.2996, 0.5316, 0.1823, 0.1804, 0.2025, 0.196, 0.2098, 0.2021, 0.19, 0.1812, 0.1887, 0.1959, 0.1889, 0.1775, 0.1747, 0.1815, 0.1737, 0.1822, 0.1845, 0.174]",0.2136142710005515,0.5597938813489236,0.7606231669997214,0,24.732,74.0,
2025-08-13|ma_diaria|curva_sel|4|15.0|base|60|todas|onsite,2025-08-13,ma_diaria,curva_sel,4,15.0,base,60,todas,onsite,39517,4765,44282,3591,846,2745,12651,554,2759,672,0.2664027472542965,172,"{""devolucion_origen"": 183, ""entrega_sin_recogida"": 338, ""fisico"": 521, ""fuera_servicio"": 0, ""tope"": 0, ""visitas"": 0}",6417,6417,0,0,0,3591,0,14,67,0,74,"[0.5485, 0.3655, 0.3589, 0.3151, 0.5248, 0.2515, 0.338, 0.1958, 0.1697, 0.4273, 0.2341, 0.182, 0.5326, 0.1792, 0.174, 0.1694, 0.2037, 0.1871, 0.2055, 0.1927, 0.178, 0.1787, 0.4173, 0.2161, 0.199, 0.1832, 0.5637, 0.8176, 0.5357, 0.2034, 0.1874, 0.3586, 0.6222, 0.3703, 0.3273, 0.46, 0.8099, 0.4074, 0.5261, 0.6178, 0.4179, 0.61, 0.4087, 0.3855, 0.3294, 0.2802, 0.3643, 0.4115, 0.2804, 0.2099, 0.1933, 0.5323, 0.1979, 0.4987, 0.2053, 0.1922, 0.181, 0.1845, 0.1905, 0.4346, 0.1935, 0.4393, 0.2019, 0.2096, 0.1826, 0.1806, 0.2064, 0.3942, 0.1756, 0.1785, 0.1785, 0.1762, 0.1772, 0.1985]",0.2251202709994686,0.6127144732512533,0.8176158329988539,0,25.728,183.0,
2025-08-16|ma_diaria|curva_sel|4|15.0|base|60|todas|onsite,2025-08-16,ma_diaria,curva_sel,4,15.0,base,60,todas,onsite,26531,1442,27973,1851,272,1579,4410,181,1013,64,0.2070208851131389,58,"{""devolucion_origen"": 0, ""entrega_sin_recogida"": 9, ""fisico"": 9, ""fuera_servicio"": 0, ""tope"": 0, ""visitas"": 0}",2205,2205,0,0,0,1851,0,14,67,0,74,"[0.1964, 0.1858, 0.202, 0.6935, 0.491, 0.1926, 0.6527, 1.1051, 0.7271, 0.703, 0.465, 0.3742, 0.7943, 0.2024, 1.6945, 0.3509, 0.3644, 0.2025, 0.7651, 2.2516, 0.2192, 0.2153, 0.1825, 0.2064, 0.1928, 0.2099, 0.1902, 0.1898, 0.2029, 0.2053, 0.2094, 0.2072, 0.1877, 0.2116, 0.1872, 0.1939, 0.6869, 0.9524, 0.6506, 0.2024, 0.2072, 0.2112, 0.6142, 0.1984, 0.2214, 0.2213, 0.2141, 0.32, 1.0816, 0.1859, 0.5961, 0.2163, 0.9427, 0.9168, 0.1853, 0.5242, 0.2159, 0.1985, 0.1894, 1.654, 0.1967, 0.2102, 0.5293, 0.1889, 0.2138, 0.4513, 0.1871, 0.2013, 0.1961, 0.1826, 0.2906, 0.1803, 0.2264, 0.1735]",0.2126681664994976,1.089825366999139,2.2516449579998152,0,32.861,0.0,
2025-08-18|ma_diaria|curva_sel|4|15.0|base|60|todas|onsite,2025-08-18,ma_diaria,curva_sel,4,15.0,base,60,todas,onsite,47937,2981,50918,4022,917,3105,13802,594,3358,676,0.245480391025481,208,"{""devolucion_origen"": 88, ""entrega_sin_recogida"": 311, ""fisico"": 399, ""fuera_servicio"": 0, ""tope"": 0, ""visitas"": 0}",6945,6945,0,0,0,4028,6,14,67,0,74,"[0.5652, 0.3773, 0.436, 0.612, 0.5642, 0.2376, 0.244, 0.2997, 0.2966, 0.4509, 0.2542, 0.2382, 0.3742, 0.179, 0.1691, 0.1692, 0.1686, 0.1907, 0.1723, 0.1918, 0.1766, 0.1859, 0.2075, 0.3479, 0.2036, 0.5811, 0.7458, 0.5207, 0.1875, 0.388, 0.3756, 0.8385, 0.2017, 0.3366, 0.3716, 0.3343, 0.8206, 0.3761, 0.2995, 0.3369, 0.2909, 0.3452, 0.5373, 0.5089, 0.3741, 0.2971, 0.4695, 0.3285, 0.3677, 0.2829, 0.453, 0.4655, 0.7047, 0.1873, 0.224, 0.2857, 0.2162, 0.1829, 0.1801, 0.1881, 0.1831, 0.205, 0.2199, 0.1828, 0.1818, 0.1929, 0.1792, 0.187, 0.1815, 0.1761, 0.1744, 0.1839, 0.1759, 0.1707]",0.2685782909993577,0.6444803410020535,0.8384942500015313,0,25.755,88.0,
2025-08-23|ma_diaria|curva_sel|4|15.0|base|60|todas|onsite,2025-08-23,ma_diaria,curva_sel,4,15.0,base,60,todas,onsite,22095,1045,23140,1966,295,1671,4715,224,785,56,0.2231631194239814,76,"{""devolucion_origen"": 3, ""entrega_sin_recogida"": 20, ""fisico"": 23, ""fuera_servicio"": 0, ""tope"": 0, ""visitas"": 0}",2359,2359,0,0,0,1970,4,14,67,0,74,"[0.1883, 0.5717, 0.502, 0.2213, 0.6251, 0.3746, 0.5907, 0.3365, 0.3571, 0.7528, 0.5455, 1.0994, 0.4265, 1.2257, 0.5448, 1.7673, 0.5881, 3.4025, 0.1868, 0.2087, 0.1973, 0.212, 0.1935, 0.2019, 0.2102, 0.1889, 0.2069, 0.4, 0.1873, 0.2003, 0.2088, 0.1872, 0.1907, 0.1852, 0.1932, 1.0299, 0.1915, 1.7733, 0.2165, 0.5178, 0.4151, 0.1943, 0.5201, 0.1879, 0.2221, 0.2009, 0.2256, 0.4394, 0.4437, 0.1931, 0.6318, 0.5168, 0.1931, 0.4711, 0.4392, 1.6715, 0.3601, 0.6681, 0.3174, 0.2031, 0.3762, 0.224, 0.1962, 0.2144, 0.2067, 0.3008, 0.68, 0.1864, 0.8486, 0.185, 0.4001, 0.1811, 0.18, 0.4934]",0.3090764170010516,1.381716702298215,3.4024715409977944,0,36.531,3.0,
2025-08-26|ma_diaria|curva_sel|4|15.0|base|60|todas|onsite,2025-08-26,ma_diaria,curva_sel,4,15.0,base,60,todas,onsite,47137,4101,51238,4069,993,3076,14846,482,4261,1205,0.2346397420727352,367,"{""devolucion_origen"": 86, ""entrega_sin_recogida"": 216, ""fisico"": 302, ""fuera_servicio"": 0, ""tope"": 0, ""visitas"": 0}",7466,7466,0,0,0,4071,2,14,67,0,74,"[0.3104, 0.4234, 0.3046, 0.5782, 0.296, 0.7171, 0.4598, 0.2889, 0.289, 0.5291, 0.1831, 0.1984, 0.1954, 0.2039, 0.1757, 0.2843, 0.3082, 0.1765, 0.1919, 0.2093, 0.1889, 0.1751, 0.1805, 0.1766, 0.2095, 0.1803, 0.184, 0.2091, 0.1876, 0.1869, 0.3291, 0.4419, 0.3279, 0.6585, 0.4752, 0.602, 0.3481, 0.6819, 0.6108, 0.6567, 0.5959, 0.6087, 0.5299, 0.285, 0.3269, 0.617, 0.1835, 0.2659, 0.2781, 0.6003, 0.377, 0.4277, 0.4666, 0.4418, 0.3028, 0.1871, 0.2209, 0.3417, 0.1807, 0.2151, 0.1826, 0.2185, 0.1817, 0.184, 0.1829, 0.1953, 0.1996, 0.1789, 0.1893, 0.1841, 0.1837, 0.1875, 0.1773, 0.2074]",0.2434045000009064,0.6308635062503525,0.717141791999893,0,25.811,86.0,
2025-08-27|ma_diaria|curva_sel|4|15.0|base|60|todas|onsite,2025-08-27,ma_diaria,curva_sel,4,15.0,base,60,todas,onsite,52402,4973,57375,4001,961,3040,14493,473,4356,1276,0.2381328984173763,320,"{""devolucion_origen"": 65, ""entrega_sin_recogida"": 191, ""fisico"": 256, ""fuera_servicio"": 0, ""tope"": 0, ""visitas"": 0}",7279,7279,0,0,0,4007,6,14,67,0,74,"[0.6152, 1.0375, 0.4873, 0.3499, 0.4899, 0.3465, 0.4645, 0.3982, 0.2044, 0.2966, 0.2337, 0.2497, 0.192, 0.1739, 0.1689, 0.169, 0.2009, 0.1727, 0.199, 0.2094, 0.1993, 0.2024, 0.1963, 0.1912, 0.2131, 0.2348, 0.1968, 0.1903, 0.2154, 0.1879, 0.191, 0.1897, 0.3848, 0.6758, 0.3906, 0.9244, 0.3577, 0.3427, 0.5808, 0.6021, 0.2144, 0.2109, 0.5343, 0.4022, 0.3743, 0.2077, 0.6243, 0.5068, 0.7414, 0.2785, 0.7586, 0.5137, 0.8189, 0.3873, 0.486, 0.3167, 0.2066, 0.6263, 0.2109, 0.2152, 0.215, 0.2028, 0.2015, 0.1898, 0.1869, 0.1942, 0.1892, 0.1814, 0.1807, 0.183, 0.1819, 0.1807, 0.1861, 0.2045]",0.2146747914994193,0.7474378232493109,1.0374525420011196,0,27.109,65.0,
2025-08-28|ma_diaria|curva_sel|4|15.0|base|60|todas|onsite,2025-08-28,ma_diaria,curva_sel,4,15.0,base,60,todas,onsite,46549,4395,50944,3892,926,2966,13907,515,3525,991,0.2510942464933335,267,"{""devolucion_origen"": 59, ""entrega_sin_recogida"": 275, ""fisico"": 334, ""fuera_servicio"": 0, ""tope"": 0, ""visitas"": 0}",6983,6983,0,0,0,3894,2,14,67,0,74,"[0.3822, 0.4725, 0.308, 0.2001, 0.2607, 0.3501, 0.496, 0.3528, 0.2632, 0.4623, 0.2921, 0.2748, 0.1707, 0.1837, 0.1692, 0.1817, 0.1706, 0.195, 0.1866, 0.1789, 0.1979, 0.1857, 0.2129, 0.2086, 0.2438, 0.4385, 0.2131, 0.1898, 0.402, 0.6017, 0.6902, 0.3519, 0.6251, 0.6079, 0.7353, 3.0772, 0.3472, 0.4, 0.4976, 0.4307, 0.4658, 0.1858, 0.2875, 0.3544, 0.1998, 0.2004, 0.5123, 0.3455, 0.4553, 0.1985, 0.2955, 0.4878, 0.319, 1.262, 0.3788, 0.206, 0.2063, 0.2057, 0.3689, 0.2017, 0.2006, 0.1842, 0.2025, 0.3677, 0.2001, 0.182, 0.19, 0.1736, 0.1761, 0.1783, 0.1941, 0.1771, 0.1733, 0.2088]",0.2522237500015762,0.6479106290498745,3.0772292080000625,0,28.466,59.0,
2025-08-31|ma_diaria|curva_sel|4|15.0|base|60|todas|onsite,2025-08-31,ma_diaria,curva_sel,4,15.0,base,60,todas,onsite,32437,1402,33839,2217,321,1896,5576,259,1729,81,0.2197696829605285,77,"{""devolucion_origen"": 8, ""entrega_sin_recogida"": 56, ""fisico"": 64, ""fuera_servicio"": 0, ""tope"": 0, ""visitas"": 0}",2792,2792,0,0,0,2221,4,14,67,0,74,"[0.1878, 0.2069, 0.1903, 0.4722, 0.5036, 0.4224, 0.3397, 0.4052, 0.3699, 0.7501, 0.1874, 0.2128, 0.8386, 1.4778, 0.4159, 0.6101, 0.5568, 0.1992, 0.1858, 0.6026, 0.4552, 0.2029, 0.2012, 0.213, 0.1842, 0.1809, 0.4864, 0.2058, 0.2134, 0.4145, 0.5444, 0.4919, 0.1896, 0.2159, 0.4154, 0.1928, 1.1528, 0.5644, 0.1879, 0.2164, 0.4214, 0.2199, 0.1923, 0.2123, 0.2047, 0.4473, 0.3963, 0.1928, 0.5597, 1.7983, 0.2107, 0.221, 0.2086, 0.331, 0.1917, 0.189, 0.5919, 0.2192, 0.2028, 0.39, 0.3332, 0.3891, 0.5207, 1.9567, 0.1819, 0.1999, 0.2102, 0.1932, 0.1899, 0.254, 0.288, 0.1735, 0.1808, 0.1715]",0.2195580209991021,0.9485681602995084,1.9567068750002363,0,30.744,8.0,
2025-08-01|ma_diaria|curva_sel|4|20.0|base|60|todas|onsite,2025-08-01,ma_diaria,curva_sel,4,20.0,base,60,todas,onsite,25361,3755,29116,2969,735,2234,10672,557,1464,473,0.1787639171850954,131,"{""devolucion_origen"": 148, ""entrega_sin_recogida"": 306, ""fisico"": 454, ""fuera_servicio"": 0, ""tope"": 0, ""visitas"": 0}",5410,5410,0,0,0,2969,0,14,67,0,74,"[0.2838, 0.6237, 0.2882, 0.3107, 0.4412, 0.1903, 0.4145, 0.3923, 0.216, 0.1826, 0.2357, 0.1988, 0.1977, 0.2132, 0.2016, 0.1935, 0.1817, 0.1995, 0.2054, 0.1868, 0.1814, 0.3583, 0.2073, 0.2025, 0.2274, 0.2108, 0.191, 0.4448, 0.5834, 0.4752, 0.8695, 0.3716, 0.8313, 0.419, 0.1934, 0.1839, 0.7113, 0.4781, 0.38, 0.5118, 0.1853, 0.2033, 0.2045, 0.376, 0.4758, 0.4788, 0.3061, 0.5952, 0.3187, 0.1971, 0.2936, 0.8811, 0.1923, 0.4539, 0.1826, 0.2239, 0.1908, 0.2036, 0.1852, 0.2049, 0.2222, 0.1829, 0.1998, 0.1993, 0.1833, 0.1824, 0.1786, 0.1904, 0.1756, 0.1831, 0.2961, 0.1708, 0.178, 0.2156]",0.2090434999990975,0.65438284594893,0.8811134999996284,0,24.614,148.0,
2025-08-04|ma_diaria|curva_sel|4|20.0|base|60|todas|onsite,2025-08-04,ma_diaria,curva_sel,4,20.0,base,60,todas,onsite,37726,3343,41069,3749,915,2834,13852,624,3097,867,0.2128808953704037,260,"{""devolucion_origen"": 94, ""entrega_sin_recogida"": 217, ""fisico"": 311, ""fuera_servicio"": 0, ""tope"": 0, ""visitas"": 0}",6973,6973,0,0,0,3749,0,14,67,0,74,"[0.3115, 0.5563, 0.5224, 0.4159, 0.5639, 0.2181, 0.2609, 0.1796, 0.3987, 0.3057, 0.1795, 0.4931, 0.1744, 0.1916, 0.1927, 0.1869, 0.1945, 0.1854, 0.1801, 0.1804, 0.1979, 0.2037, 0.2204, 0.1835, 0.189, 0.2351, 0.1841, 0.2068, 0.4006, 0.1953, 0.8213, 0.3417, 0.3614, 0.3508, 0.3252, 0.3529, 0.1845, 0.5685, 0.5612, 0.4252, 0.3481, 0.2065, 0.3658, 0.4299, 0.3462, 0.371, 0.29, 0.376, 0.2908, 0.3874, 0.6087, 0.3777, 0.6606, 0.7927, 0.3059, 0.2029, 0.1873, 0.186, 0.1989, 0.183, 0.2041, 0.2018, 0.1851, 0.1798, 0.1853, 0.1925, 0.1874, 0.1749, 0.1764, 0.1833, 0.175, 0.1836, 0.1799, 0.2113]",0.2090664379993541,0.5825709481507144,0.8212874589989951,0,24.455,94.0,
2025-08-06|ma_diaria|curva_sel|4|20.0|base|60|todas|onsite,2025-08-06,ma_diaria,curva_sel,4,20.0,base,60,todas,onsite,49443,3361,52804,3982,940,3042,14578,537,3879,833,0.2325473699101623,171,"{""devolucion_origen"": 80, ""entrega_sin_recogida"": 291, ""fisico"": 371, ""fuera_servicio"": 0, ""tope"": 0, ""visitas"": 0}",7329,7329,0,0,0,3984,2,14,67,0,74,"[0.4546, 0.4395, 0.6841, 0.7239, 0.6055, 0.2659, 0.3341, 0.2627, 0.681, 0.2359, 0.2603, 0.4176, 0.5379, 0.1909, 0.1739, 0.1904, 0.2096, 0.1986, 0.2101, 0.2049, 0.2145, 0.2125, 0.1807, 0.2088, 0.2169, 0.1869, 0.3662, 0.3703, 0.2045, 0.3514, 0.6281, 0.3564, 0.3808, 0.5612, 0.2126, 0.208, 0.5191, 0.3636, 0.5529, 0.3422, 0.3656, 0.1943, 0.3012, 0.7031, 0.3672, 0.2869, 0.3504, 0.5791, 0.2983, 0.2865, 0.5172, 0.3035, 0.7221, 0.6273, 0.2949, 0.3292, 3.8617, 0.218, 0.3296, 0.2078, 0.2113, 0.1887, 0.2029, 0.1877, 0.1847, 0.1879, 0.2008, 0.1829, 0.1896, 0.1784, 0.1736, 0.1799, 0.1858, 0.2076]",0.2761883540006238,0.6907299710495862,3.861683916002221,0,30.064,80.0,
2025-08-08|ma_diaria|curva_sel|4|20.0|base|60|todas|onsite,2025-08-08,ma_diaria,curva_sel,4,20.0,base,60,todas,onsite,37714,3696,41410,3420,860,2560,12484,513,2524,642,0.2001114170026864,358,"{""devolucion_origen"": 106, ""entrega_sin_recogida"": 329, ""fisico"": 435, ""fuera_servicio"": 0, ""tope"": 0, ""visitas"": 0}",6295,6295,0,0,0,3420,0,14,67,0,74,"[0.5709, 0.4487, 0.2036, 0.4474, 0.4214, 0.2798, 0.1962, 0.3657, 0.2412, 0.1891, 0.2618, 0.1857, 0.1721, 0.1911, 0.1769, 0.1995, 0.1809, 0.1878, 0.1996, 0.1801, 0.2057, 0.219, 0.1865, 0.1809, 0.1845, 0.2217, 0.6213, 0.3883, 0.2159, 0.2025, 0.2075, 0.4342, 0.1873, 0.3459, 0.5529, 0.1883, 1.074, 0.3306, 0.3702, 0.3263, 0.1852, 0.651, 0.5907, 0.2895, 0.4271, 0.2667, 0.5535, 0.3738, 0.3496, 0.5148, 0.581, 0.6893, 0.3983, 0.6658, 0.2215, 0.3364, 0.186, 0.2086, 0.1998, 0.2, 0.2052, 0.2024, 0.2064, 0.197, 0.1987, 0.1894, 0.1803, 0.1932, 0.1762, 0.1744, 0.1852, 0.1779, 0.1768, 0.2239]",0.2080564374991809,0.6317032250975897,1.0740023750004184,0,24.793,106.0,
2025-08-09|ma_diaria|curva_sel|4|20.0|base|60|todas|onsite,2025-08-09,ma_diaria,curva_sel,4,20.0,base,60,todas,onsite,16040,1159,17199,1561,259,1302,3882,218,536,50,0.2039746912759287,100,"{""devolucion_origen"": 0, ""entrega_sin_recogida"": 11, ""fisico"": 11, ""fuera_servicio"": 0, ""tope"": 0, ""visitas"": 0}",1941,1941,0,0,0,1561,0,14,67,0,74,"[0.182, 0.1881, 0.3716, 0.3718, 0.4087, 0.5444, 0.4765, 0.209, 1.1046, 0.4693, 0.4489, 0.5576, 0.5238, 0.686, 0.8086, 0.5596, 0.378, 0.3517, 0.1887, 0.1827, 0.214, 0.5977, 0.2037, 0.5843, 0.201, 0.1889, 0.1921, 0.2121, 0.1919, 0.1928, 0.184, 0.1853, 0.1941, 0.2085, 0.1869, 0.409, 0.1905, 0.7525, 0.431, 0.4212, 0.1871, 0.1834, 0.2123, 0.1983, 0.6373, 0.1879, 0.1924, 0.1864, 0.1869, 0.2123, 0.3278, 0.2042, 0.2929, 0.2355, 0.1908, 0.196, 0.1923, 0.3977, 0.1957, 0.2117, 0.245, 0.1986, 0.2066, 0.212, 0.2205, 0.2034, 0.6546, 0.1986, 0.1949, 0.2258, 0.1883, 0.189, 1.4362, 0.6498]",0.2118279584992706,0.7092713858502971,1.43619525000031,0,26.755,0.0,
2025-08-11|ma_diaria|curva_sel|4|20.0|base|60|todas|onsite,2025-08-11,ma_diaria,curva_sel,4,20.0,base,60,todas,onsite,39320,3376,42696,3654,915,2739,13561,734,3031,742,0.2211368281098965,181,"{""devolucion_origen"": 91, ""entrega_sin_recogida"": 281, ""fisico"": 372, ""fuera_servicio"": 0, ""tope"": 0, ""visitas"": 0}",6826,6826,0,0,0,3654,0,14,67,0,74,"[0.6819, 0.6013, 0.2757, 0.1758, 0.5674, 0.3431, 0.356, 0.4361, 0.453, 0.3714, 0.3618, 0.4183, 0.1701, 0.1989, 0.1746, 0.1946, 0.178, 0.2039, 0.1785, 0.2214, 0.2013, 0.1974, 0.1807, 0.183, 0.1978, 0.1919, 0.2016, 0.2076, 0.2054, 0.2052, 0.2082, 0.1964, 0.3708, 0.3848, 0.8602, 0.3645, 0.4709, 0.6856, 0.3319, 0.2027, 0.2006, 0.3497, 0.3625, 0.4756, 0.4007, 0.2827, 0.3235, 0.3195, 0.4716, 0.8371, 0.3723, 0.3586, 0.7275, 0.5254, 0.1867, 0.2093, 0.2018, 0.2094, 0.2004, 0.1854, 0.2065, 0.2046, 0.2015, 0.2014, 0.1859, 0.184, 0.1977, 0.1755, 0.1766, 0.1815, 0.1963, 0.1769, 0.1801, 0.2156]",0.207042187501429,0.6832304272978945,0.8601669999989099,0,24.716,91.0,
2025-08-12|ma_diaria|curva_sel|4|20.0|base|60|todas|onsite,2025-08-12,ma_diaria,curva_sel,4,20.0,base,60,todas,onsite,55605,4188,59793,4058,969,3089,14973,585,4155,885,0.2096354788097866,240,"{""devolucion_origen"": 63, ""entrega_sin_recogida"": 338, ""fisico"": 401, ""fuera_servicio"": 0, ""tope"": 0, ""visitas"": 0}",7518,7518,0,0,0,4058,0,14,67,0,74,"[0.3307, 0.2861, 0.2777, 0.5304, 0.3388, 0.3463, 0.2061, 0.3969, 0.1723, 0.1825, 0.3032, 0.2565, 0.181, 0.1936, 0.1788, 0.189, 0.1719, 0.2012, 0.1941, 0.175, 0.18, 0.1857, 0.1821, 0.1825, 0.184, 0.2086, 0.3555, 0.3402, 0.3263, 0.3671, 0.3205, 0.4397, 0.669, 0.2095, 0.3478, 0.4367, 0.4846, 0.8835, 0.4871, 0.6213, 0.5219, 0.6617, 0.6201, 0.4687, 0.496, 0.3367, 0.4657, 0.2859, 0.3565, 0.5914, 0.4459, 0.5628, 0.2041, 0.6176, 0.4423, 0.4858, 0.2081, 0.18, 0.2065, 0.2022, 0.2024, 0.2075, 0.1785, 0.1837, 0.1843, 0.1909, 0.1774, 0.1804, 0.1851, 0.1856, 0.1719, 0.1823, 0.1796, 0.2335]",0.2449990619988966,0.62049418115148,0.8835132919994066,0,25.865,63.0,
2025-08-13|ma_diaria|curva_sel|4|20.0|base|60|todas|onsite,2025-08-13,ma_diaria,curva_sel,4,20.0,base,60,todas,onsite,39942,4821,44763,3438,832,2606,12399,557,2767,691,0.2603558553691169,170,"{""devolucion_origen"": 167, ""entrega_sin_recogida"": 304, ""fisico"": 471, ""fuera_servicio"": 0, ""tope"": 0, ""visitas"": 0}",6283,6283,0,0,0,3440,2,14,67,0,74,"[0.5871, 0.4343, 0.2742, 0.1888, 0.4479, 0.1793, 0.2619, 0.6083, 0.2037, 0.1746, 0.3877, 0.2912, 0.4858, 0.1664, 0.1671, 0.1959, 0.1694, 0.1763, 0.1928, 0.1771, 0.1993, 0.1823, 0.1847, 0.2044, 0.2027, 0.1842, 0.2082, 0.4177, 0.3655, 0.1894, 0.2245, 0.3965, 0.5003, 0.3441, 0.4034, 0.799, 0.753, 0.3689, 0.3135, 0.3736, 0.3247, 0.3529, 0.4636, 0.406, 0.3313, 0.3917, 0.3631, 0.642, 0.3173, 0.2065, 0.3162, 0.5231, 0.2007, 0.1873, 0.1834, 0.329, 0.1861, 0.1867, 0.2074, 0.4032, 0.1895, 0.3702, 0.1872, 0.1999, 0.1915, 0.1932, 0.1774, 0.1844, 0.2018, 0.1986, 0.1781, 0.1819, 0.1802, 0.2254]",0.2078385000004345,0.5945415710493761,0.7989973330004432,0,24.147,167.0,
2025-08-16|ma_diaria|curva_sel|4|20.0|base|60|todas|onsite,2025-08-16,ma_diaria,curva_sel,4,20.0,base,60,todas,onsite,27751,1640,29391,1820,265,1555,4440,183,1125,62,0.2101440988403898,63,"{""devolucion_origen"": 2, ""entrega_sin_recogida"": 6, ""fisico"": 8, ""fuera_servicio"": 0, ""tope"": 0, ""visitas"": 0}",2221,2221,0,0,0,1820,0,14,65,0,74,"[0.2119, 0.1929, 0.2003, 0.3887, 0.4837, 0.1905, 0.4805, 0.8599, 0.3895, 0.7685, 0.6019, 0.4048, 0.3262, 0.1957, 0.3883, 0.3997, 0.3816, 0.2173, 0.7555, 0.3856, 0.4383, 0.2054, 0.2149, 0.194, 0.1879, 0.1916, 0.2173, 0.187, 0.2239, 0.197, 0.1937, 0.199, 0.1878, 0.1869, 0.1866, 0.1882, 0.6446, 0.5195, 0.3973, 0.1871, 0.2047, 0.2136, 0.4955, 0.1839, 0.1839, 0.1855, 0.2012, 0.6822, 0.535, 0.6195, 0.2266, 0.2472, 1.0659, 0.1999, 0.2168, 0.2247, 0.2287, 0.8913, 0.2041, 0.1888, 0.3719, 0.1866, 0.19, 0.9042, 0.2054, 0.1873, 0.1978, 0.1911, 0.2005, 0.176, 0.1933, 0.1854, 0.1882, 0.2059]",0.2088660419976804,0.8005080481510953,1.0658556670023245,0,26.197,2.0,
2025-08-18|ma_diaria|curva_sel|4|20.0|base|60|todas|onsite,2025-08-18,ma_diaria,curva_sel,4,20.0,base,60,todas,onsite,48768,3003,51771,3954,914,3040,13794,596,3358,724,0.2468820462625064,214,"{""devolucion_origen"": 76, ""entrega_sin_recogida"": 320, ""fisico"": 396, ""fuera_servicio"": 0, ""tope"": 0, ""visitas"": 0}",6935,6935,0,0,0,3962,8,14,67,0,74,"[0.6067, 0.1892, 0.4688, 0.9028, 0.6502, 0.1761, 0.281, 0.2292, 0.1831, 0.1692, 0.3872, 0.2357, 0.2855, 0.3255, 0.1811, 0.1981, 0.1786, 0.2009, 0.2117, 0.1923, 0.1974, 0.1874, 0.209, 0.1911, 0.2099, 1.2143, 0.4296, 0.6014, 0.3822, 0.7256, 0.9905, 0.5668, 0.5143, 0.7074, 0.5728, 0.3509, 0.3048, 0.4775, 0.6147, 0.5933, 0.6532, 0.4364, 0.1985, 0.496, 0.4945, 0.1934, 0.2752, 0.2525, 0.644, 0.1741, 0.2894, 0.4713, 0.3152, 0.5709, 0.1827, 0.4108, 0.191, 0.2006, 0.1789, 0.1842, 0.184, 0.1999, 0.1816, 0.1941, 0.1801, 0.1773, 0.1768, 0.1762, 0.1781, 0.1776, 0.1722, 0.1803, 0.179, 0.2147]",0.2219418120002956,0.7137665731486776,1.2143474170006812,0,27.923,76.0,
2025-08-23|ma_diaria|curva_sel|4|20.0|base|60|todas|onsite,2025-08-23,ma_diaria,curva_sel,4,20.0,base,60,todas,onsite,22120,969,23089,1902,295,1607,4634,220,811,44,0.2249649197478518,68,"{""devolucion_origen"": 4, ""entrega_sin_recogida"": 21, ""fisico"": 25, ""fuera_servicio"": 0, ""tope"": 0, ""visitas"": 0}",2319,2319,0,0,0,1906,4,14,67,0,74,"[0.1826, 0.193, 0.5775, 0.4142, 0.5224, 0.6007, 0.6626, 0.6502, 0.3688, 0.3243, 1.2447, 1.2788, 0.6396, 0.4646, 0.3949, 0.3285, 0.5278, 0.1899, 0.1874, 0.5772, 0.1826, 0.1854, 0.1854, 0.1794, 0.1831, 0.2065, 0.1831, 0.339, 0.22, 0.2272, 0.197, 0.2094, 0.3957, 0.2009, 0.3906, 0.1874, 0.2124, 0.3874, 0.1891, 0.201, 0.3591, 0.493, 0.4761, 0.1921, 0.1908, 0.1888, 0.1954, 0.1889, 0.601, 0.2215, 0.3938, 0.2102, 0.2081, 0.562, 0.7228, 0.5083, 0.3777, 0.3943, 0.4074, 0.1872, 0.1863, 0.1847, 0.1949, 0.2187, 0.2134, 0.1939, 0.5007, 0.2012, 0.7459, 0.2014, 0.1859, 0.1919, 0.1842, 0.1653]",0.2160643540009914,0.6836380289487348,1.2788158749972354,0,27.582,4.0,
2025-08-26|ma_diaria|curva_sel|4|20.0|base|60|todas|onsite,2025-08-26,ma_diaria,curva_sel,4,20.0,base,60,todas,onsite,47893,4387,52280,3965,971,2994,14568,495,4348,1199,0.2422143430327271,385,"{""devolucion_origen"": 78, ""entrega_sin_recogida"": 216, ""fisico"": 294, ""fuera_servicio"": 0, ""tope"": 0, ""visitas"": 0}",7323,7323,0,0,0,3971,6,14,67,0,74,"[0.2972, 0.5884, 0.3936, 0.2911, 0.3021, 0.3096, 0.5504, 0.3599, 0.2339, 0.3681, 0.3602, 0.2745, 0.1679, 0.1719, 0.1965, 0.1688, 0.197, 0.1893, 0.1741, 0.175, 0.2, 0.1739, 0.1741, 0.176, 0.197, 0.185, 0.1864, 0.1853, 0.2039, 0.1853, 0.1915, 0.5717, 0.4785, 0.4907, 0.716, 0.3426, 0.6793, 0.7153, 0.5851, 0.6024, 0.4956, 0.3584, 0.4208, 0.498, 0.182, 0.178, 0.2011, 0.66, 0.6389, 0.3338, 0.3916, 0.4467, 0.2886, 0.3544, 0.4674, 0.2094, 0.2076, 0.1996, 0.1792, 0.207, 0.1966, 0.1802, 0.1785, 0.1959, 0.182, 0.1817, 0.1955, 0.178, 0.1858, 0.1727, 0.1737, 0.1753, 0.3376, 0.2377]",0.2072948124987306,0.6462534875003256,0.7160074169987638,0,25.081,78.0,
2025-08-27|ma_diaria|curva_sel|4|20.0|base|60|todas|onsite,2025-08-27,ma_diaria,curva_sel,4,20.0,base,60,todas,onsite,50829,5005,55834,3882,953,2929,14363,466,4174,1261,0.2377596772140261,291,"{""devolucion_origen"": 65, ""entrega_sin_recogida"": 192, ""fisico"": 257, ""fuera_servicio"": 0, ""tope"": 0, ""visitas"": 0}",7214,7214,0,0,0,3886,4,14,67,0,74,"[0.5867, 1.2142, 0.3083, 0.4965, 0.4981, 0.2882, 0.1801, 0.3689, 0.2941, 0.2307, 0.239, 0.3999, 0.238, 0.169, 0.1719, 0.167, 0.1871, 0.197, 0.1755, 0.1956, 0.2011, 0.2009, 0.2089, 0.2092, 0.2011, 0.206, 0.2126, 0.1885, 0.189, 0.205, 0.2223, 0.3286, 0.5289, 0.428, 0.3364, 0.7256, 4.1572, 0.5499, 0.3698, 0.3825, 0.5642, 0.3215, 0.549, 0.7538, 0.3734, 0.7322, 0.3913, 0.3403, 0.5477, 0.2061, 0.4603, 0.9027, 0.617, 0.6922, 0.4875, 0.3857, 0.2063, 0.305, 0.2154, 0.1879, 0.1837, 0.1788, 0.1802, 0.183, 0.1898, 0.1928, 0.2077, 0.1795, 0.1801, 0.1964, 0.1749, 0.1718, 0.175, 0.2169]",0.226496354000119,0.7397729561522282,4.157199541998125,0,30.893,65.0,
2025-08-28|ma_diaria|curva_sel|4|20.0|base|60|todas|onsite,2025-08-28,ma_diaria,curva_sel,4,20.0,base,60,todas,onsite,47670,4059,51729,3822,919,2903,13796,508,3540,972,0.2559157217350178,264,"{""devolucion_origen"": 62, ""entrega_sin_recogida"": 247, ""fisico"": 309, ""fuera_servicio"": 0, ""tope"": 0, ""visitas"": 0}",6929,6929,0,0,0,3822,0,14,67,0,74,"[0.3335, 0.3998, 0.3569, 0.2531, 0.4459, 0.3192, 0.4294, 0.518, 0.2233, 0.3485, 0.2402, 0.4573, 0.1669, 0.1746, 0.1782, 0.2059, 0.167, 0.1728, 0.1768, 0.1755, 0.2249, 0.1792, 0.1958, 0.1805, 0.1982, 0.3418, 0.3443, 0.1855, 0.204, 0.469, 0.5409, 0.3426, 0.3496, 0.5992, 0.4151, 0.5643, 0.6005, 0.3158, 0.3061, 0.279, 0.3261, 0.4086, 0.4882, 0.4857, 0.1809, 0.5376, 0.2824, 0.6239, 0.1888, 0.3395, 0.4354, 0.3232, 0.4254, 0.3315, 0.8554, 0.1915, 0.2088, 0.201, 0.1876, 0.2038, 0.1886, 0.2062, 0.1948, 0.2215, 0.1812, 0.1817, 0.1935, 0.1807, 0.1956, 0.175, 0.1871, 0.1844, 0.1774, 0.228]",0.2341020005005702,0.5765218147011181,0.8553987499981304,0,24.837,62.0,
2025-08-31|ma_diaria|curva_sel|4|20.0|base|60|todas|onsite,2025-08-31,ma_diaria,curva_sel,4,20.0,base,60,todas,onsite,33829,1354,35183,2145,294,1851,5590,250,1968,79,0.2146765323055336,86,"{""devolucion_origen"": 8, ""entrega_sin_recogida"": 58, ""fisico"": 66, ""fuera_servicio"": 0, ""tope"": 0, ""visitas"": 0}",2799,2799,0,0,0,2145,0,14,67,0,74,"[0.1866, 0.2086, 0.1854, 0.557, 0.7159, 0.4364, 0.618, 0.492, 0.3885, 1.1608, 0.4841, 0.4483, 0.6896, 0.9177, 0.6267, 1.1759, 0.5417, 0.3309, 0.1814, 0.3144, 0.1881, 0.1883, 0.208, 0.1806, 0.1834, 0.5978, 0.3399, 0.2002, 0.1945, 0.3902, 0.4246, 0.4956, 0.2033, 0.2243, 0.196, 0.1893, 0.6294, 0.7483, 0.1899, 0.9149, 1.0287, 0.1937, 0.4075, 0.1973, 0.4092, 0.4256, 0.398, 0.8565, 0.1983, 0.8834, 2.0936, 0.2221, 0.1882, 0.4788, 0.3481, 0.231, 0.702, 0.1853, 0.3422, 4.3345, 0.5789, 0.7043, 1.1443, 3.55, 0.1859, 0.2107, 0.2066, 1.3615, 0.6268, 0.2746, 0.3627, 0.1815, 0.1809, 0.1714]",0.3893488334997528,1.2408870895987991,4.334544249999453,0,43.446,8.0,
2025-08-01|ma_diaria|curva_sel|4|30.0|base|60|todas|onsite,2025-08-01,ma_diaria,curva_sel,4,30.0,base,60,todas,onsite,26760,3492,30252,2665,672,1993,10311,541,1549,507,0.1806014354612372,136,"{""devolucion_origen"": 103, ""entrega_sin_recogida"": 280, ""fisico"": 383, ""fuera_servicio"": 0, ""tope"": 0, ""visitas"": 0}",5207,5207,0,0,0,2665,0,14,67,0,74,"[0.2919, 0.6852, 0.2813, 0.3495, 0.3484, 0.3492, 0.2964, 0.2786, 0.3045, 0.2476, 0.1941, 0.1778, 0.196, 0.1958, 0.2178, 0.3388, 0.1881, 0.1942, 0.1792, 0.1817, 0.1812, 0.3814, 0.1966, 0.1867, 0.1902, 0.4675, 0.2107, 0.1864, 0.2075, 0.5152, 0.1902, 0.4813, 0.4655, 0.7903, 0.4624, 0.1916, 0.5861, 0.1908, 0.6636, 0.8775, 0.5818, 0.3884, 0.6658, 0.3275, 0.4267, 0.3757, 0.5865, 0.4463, 0.2013, 0.4602, 0.4997, 0.4468, 0.2079, 0.4133, 0.183, 0.2078, 0.2258, 0.1892, 0.2272, 0.2073, 0.1926, 0.186, 0.2178, 0.2048, 0.1987, 0.1791, 0.1819, 0.1881, 0.1935, 0.1783, 0.1809, 0.1732, 0.3038, 0.2267]",0.221772916998816,0.6643967232488649,0.8774521249979443,0,25.331,103.0,
2025-08-04|ma_diaria|curva_sel|4|30.0|base|60|todas|onsite,2025-08-04,ma_diaria,curva_sel,4,30.0,base,60,todas,onsite,38451,3560,42011,3425,855,2570,13422,593,3226,932,0.2273113922324215,248,"{""devolucion_origen"": 80, ""entrega_sin_recogida"": 222, ""fisico"": 302, ""fuera_servicio"": 0, ""tope"": 0, ""visitas"": 0}",6751,6751,0,0,0,3425,0,14,67,0,74,"[0.3157, 0.541, 0.4499, 0.4534, 0.4467, 0.2578, 0.3651, 0.2703, 0.5581, 0.3717, 0.2139, 0.375, 0.17, 0.1763, 0.1727, 0.1874, 0.1941, 0.206, 0.1755, 0.1992, 0.1881, 1.0116, 0.1877, 0.2036, 0.1966, 0.1872, 0.2099, 0.1951, 0.4497, 0.1933, 0.1946, 0.4301, 0.4226, 0.4395, 0.1874, 0.3546, 0.7298, 0.3444, 0.3229, 0.6323, 0.4541, 0.1866, 0.347, 0.4128, 0.579, 0.587, 0.3048, 0.5137, 0.4149, 0.318, 0.6005, 0.5387, 0.3285, 0.4196, 0.3949, 0.2077, 0.1883, 0.343, 0.2173, 0.1869, 0.1814, 0.1996, 0.1996, 0.2146, 0.1832, 0.1916, 0.1801, 0.1893, 0.1795, 0.174, 0.1898, 0.18, 0.1864, 0.2216]",0.2194229164997523,0.5917611022015989,1.0115815829994972,0,25.719,80.0,
2025-08-06|ma_diaria|curva_sel|4|30.0|base|60|todas|onsite,2025-08-06,ma_diaria,curva_sel,4,30.0,base,60,todas,onsite,50017,3366,53383,3690,911,2779,14017,537,3887,886,0.2279872856944206,177,"{""devolucion_origen"": 69, ""entrega_sin_recogida"": 302, ""fisico"": 371, ""fuera_servicio"": 0, ""tope"": 0, ""visitas"": 0}",7043,7043,0,0,0,3694,4,14,67,0,74,"[0.3435, 0.3369, 0.5041, 0.3802, 0.2649, 0.3342, 0.2747, 0.2857, 0.6573, 0.2971, 0.4523, 0.482, 0.3906, 0.1747, 0.3564, 0.209, 0.1906, 0.1999, 0.1974, 0.1999, 0.1968, 0.1932, 0.1804, 0.2034, 0.2139, 0.1953, 0.1908, 0.3749, 0.2096, 0.3999, 0.3582, 0.3641, 0.4962, 0.189, 0.6145, 0.6241, 0.6922, 0.3606, 0.5945, 0.3655, 0.3212, 0.3854, 0.4477, 0.2911, 0.4743, 0.4869, 0.286, 0.2624, 0.1849, 0.2905, 0.4468, 0.4221, 0.3157, 0.3624, 0.4993, 0.2064, 0.3415, 0.211, 0.3316, 0.3647, 0.2132, 0.1859, 0.1827, 0.1893, 0.195, 0.1822, 0.1849, 0.1961, 0.1784, 0.1761, 0.1874, 0.1732, 0.3092, 0.2374]",0.2907811664990731,0.6014886166487484,0.6921542500022042,0,25.625,69.0,
2025-08-08|ma_diaria|curva_sel|4|30.0|base|60|todas|onsite,2025-08-08,ma_diaria,curva_sel,4,30.0,base,60,todas,onsite,37861,3645,41506,3191,815,2376,12147,553,2654,616,0.2021429488194769,353,"{""devolucion_origen"": 95, ""entrega_sin_recogida"": 346, ""fisico"": 441, ""fuera_servicio"": 0, ""tope"": 0, ""visitas"": 0}",6121,6121,0,0,0,3191,0,14,67,0,74,"[0.5338, 0.5596, 0.379, 0.591, 0.3474, 0.309, 0.4695, 0.2572, 0.3981, 0.405, 0.1834, 0.2647, 0.1925, 0.1962, 0.1785, 0.1991, 0.2021, 0.2122, 0.1757, 0.1784, 0.2029, 0.1836, 0.1863, 0.1834, 0.199, 0.186, 0.2157, 0.4079, 0.2226, 0.2109, 0.1863, 0.4347, 0.5744, 0.3965, 0.4477, 0.3828, 0.5405, 0.3338, 0.3982, 0.4757, 0.3674, 0.6062, 0.4262, 0.4594, 0.2838, 0.3475, 0.2917, 0.2862, 0.3614, 0.3807, 0.2026, 0.3398, 0.3754, 0.6101, 0.326, 0.1972, 0.1856, 0.1806, 0.1982, 0.184, 0.2062, 0.1928, 0.19, 0.2176, 0.3434, 0.199, 0.1974, 0.194, 0.177, 0.1935, 0.1932, 0.1844, 0.2306, 0.2326]",0.2316187705000629,0.5647859749995404,0.6100666249985807,0,24.467,95.0,
2025-08-09|ma_diaria|curva_sel|4|30.0|base|60|todas|onsite,2025-08-09,ma_diaria,curva_sel,4,30.0,base,60,todas,onsite,17271,1243,18514,1442,234,1208,3812,211,550,52,0.2155312578340924,96,"{""devolucion_origen"": 0, ""entrega_sin_recogida"": 8, ""fisico"": 8, ""fuera_servicio"": 0, ""tope"": 0, ""visitas"": 0}",1906,1906,0,0,0,1442,0,14,67,0,74,"[0.2, 0.4174, 0.4289, 0.4197, 0.4875, 0.7271, 0.671, 0.2111, 0.4287, 0.5934, 0.3907, 0.3295, 0.4062, 0.6719, 0.2151, 0.3807, 0.493, 0.442, 0.3535, 0.2071, 0.3886, 1.2918, 0.2007, 0.2055, 0.2063, 0.1891, 0.4448, 0.2104, 0.2113, 0.2185, 0.21, 0.2242, 0.2095, 0.2228, 0.2147, 0.4858, 0.1848, 0.1903, 0.413, 0.8094, 0.6745, 0.2097, 0.6723, 0.214, 0.5106, 0.2212, 0.2207, 0.1882, 0.2194, 0.2119, 0.3405, 0.2231, 0.3459, 0.1869, 0.2036, 0.1979, 0.2045, 0.1902, 0.1926, 0.2108, 0.2976, 0.2033, 0.1923, 0.2083, 0.1949, 0.3182, 1.1062, 0.2009, 0.2725, 0.2066, 0.2143, 0.1828, 0.1722, 0.1722]",0.2189460625013453,0.6928985915512382,1.2917719590004708,0,26.716,0.0,
2025-08-11|ma_diaria|curva_sel|4|30.0|base|60|todas|onsite,2025-08-11,ma_diaria,curva_sel,4,30.0,base,60,todas,onsite,39342,3381,42723,3475,886,2589,13399,734,2968,740,0.2221663079196034,176,"{""devolucion_origen"": 81, ""entrega_sin_recogida"": 276, ""fisico"": 357, ""fuera_servicio"": 0, ""tope"": 0, ""visitas"": 0}",6740,6740,0,0,0,3477,2,14,67,0,74,"[0.801, 0.626, 0.2875, 0.2187, 0.3722, 0.4757, 0.3404, 0.2585, 0.2842, 0.5529, 0.4141, 0.2702, 0.1995, 0.1847, 0.2077, 0.1788, 0.1818, 0.1754, 0.1952, 0.1979, 0.2012, 0.2035, 0.199, 0.1814, 0.2057, 0.2105, 0.2085, 0.2048, 0.3807, 0.1905, 0.198, 0.3563, 0.4509, 0.3347, 0.1853, 0.5235, 0.6783, 0.6246, 0.4079, 0.4256, 0.3344, 0.8336, 0.4947, 0.1845, 0.4819, 0.3043, 0.3219, 0.3956, 0.3256, 0.2788, 0.3403, 0.2995, 0.5716, 0.5175, 0.3242, 0.1824, 0.1818, 0.1975, 0.2035, 0.1902, 0.1946, 0.1882, 0.1822, 0.2045, 0.1962, 0.1961, 0.1898, 0.1748, 0.1854, 0.184, 0.1907, 0.1854, 0.235, 0.2268]",0.2145835625015024,0.6250531141498868,0.8335530419972201,0,24.728,81.0,
2025-08-12|ma_diaria|curva_sel|4|30.0|base|60|todas|onsite,2025-08-12,ma_diaria,curva_sel,4,30.0,base,60,todas,onsite,56179,4374,60553,3828,947,2881,14638,569,4322,951,0.2179724311646409,238,"{""devolucion_origen"": 50, ""entrega_sin_recogida"": 322, ""fisico"": 372, ""fuera_servicio"": 0, ""tope"": 0, ""visitas"": 0}",7344,7344,0,0,0,3828,0,14,67,0,74,"[0.364, 0.2845, 0.2742, 0.4623, 0.4784, 0.5126, 0.2838, 0.3145, 0.5219, 0.3232, 0.2613, 0.2421, 0.2472, 0.1873, 0.194, 0.173, 0.1876, 0.1722, 0.1759, 0.1772, 0.1797, 0.174, 0.1803, 0.2062, 0.2006, 0.361, 0.3309, 0.3835, 0.3648, 0.1978, 0.3456, 0.6571, 0.3691, 0.3308, 0.6581, 0.4206, 0.3284, 0.4496, 0.4653, 0.5406, 0.3074, 0.2098, 0.4627, 0.1868, 0.5301, 0.4296, 0.3452, 0.4095, 0.4167, 0.512, 0.3589, 0.1785, 0.3211, 0.6755, 0.18, 0.315, 0.1817, 0.1903, 0.189, 0.2023, 0.1988, 0.1875, 0.1968, 0.1903, 0.1997, 0.1852, 0.1763, 0.1841, 0.1763, 0.1763, 0.1844, 0.1708, 0.1716, 0.2465]",0.2542792285003088,0.533779074899212,0.6755397500019171,0,24.584,50.0,
2025-08-13|ma_diaria|curva_sel|4|30.0|base|60|todas|onsite,2025-08-13,ma_diaria,curva_sel,4,30.0,base,60,todas,onsite,40573,4538,45111,3213,789,2424,12107,554,2797,643,0.2640475342663271,175,"{""devolucion_origen"": 137, ""entrega_sin_recogida"": 309, ""fisico"": 446, ""fuera_servicio"": 0, ""tope"": 0, ""visitas"": 0}",6122,6122,0,0,0,3213,0,14,67,0,74,"[0.5791, 0.5028, 0.4126, 0.4734, 0.4871, 0.2614, 0.2958, 0.207, 0.1913, 0.4713, 0.4256, 0.2536, 0.4116, 0.185, 0.1868, 0.2099, 0.1937, 0.1973, 0.1954, 0.2027, 0.2147, 0.2152, 0.2023, 0.1799, 0.3384, 0.1902, 0.521, 0.3711, 0.3741, 0.3762, 0.1955, 0.3546, 0.3527, 0.3626, 0.5431, 0.3194, 0.196, 0.5254, 0.1845, 0.3589, 0.5847, 0.3422, 0.4208, 0.3154, 0.1956, 0.4594, 0.3104, 0.3487, 0.3136, 0.2047, 0.4892, 0.3314, 0.3666, 0.4925, 0.3047, 0.3363, 0.2192, 0.2143, 0.21, 0.1938, 0.1998, 0.1942, 0.191, 0.2036, 0.1903, 0.2052, 0.1954, 0.1889, 0.1967, 0.1925, 0.1906, 0.1861, 0.2379, 0.2233]",0.2457296250013314,0.5225013812527323,0.5846806669978832,0,24.335,137.0,
2025-08-16|ma_diaria|curva_sel|4|30.0|base|60|todas|onsite,2025-08-16,ma_diaria,curva_sel,4,30.0,base,60,todas,onsite,27263,1801,29064,1675,269,1406,4168,191,1040,66,0.2096140917129403,60,"{""devolucion_origen"": 2, ""entrega_sin_recogida"": 17, ""fisico"": 19, ""fuera_servicio"": 0, ""tope"": 0, ""visitas"": 0}",2085,2085,0,0,0,1675,0,14,56,0,74,"[0.1815, 0.2037, 0.2198, 0.1896, 0.2032, 0.1957, 0.3714, 0.4803, 0.5318, 0.3993, 0.4282, 0.7895, 0.6664, 0.1893, 0.4771, 0.7647, 0.3603, 0.3895, 0.4918, 0.4647, 0.2256, 0.1918, 0.2061, 0.2107, 0.1971, 0.2013, 0.1994, 0.1839, 0.2003, 0.1999, 0.1845, 0.1969, 0.1968, 0.1921, 0.2097, 0.1907, 0.2004, 0.4073, 0.2165, 0.1866, 0.841, 0.2056, 0.588, 0.2167, 0.1911, 0.208, 0.1998, 0.1874, 0.1869, 0.1928, 0.1931, 0.4271, 0.7758, 0.3324, 0.1887, 0.4318, 0.388, 0.488, 0.1824, 0.4376, 0.2148, 0.1849, 0.4789, 0.2063, 0.2024, 0.1865, 0.1888, 0.1864, 0.1872, 0.1765, 0.5121, 0.3779, 0.3063, 0.2024]",0.205860895499427,0.7008029437507497,0.8409972919980646,0,24.728,2.0,
2025-08-18|ma_diaria|curva_sel|4|30.0|base|60|todas|onsite,2025-08-18,ma_diaria,curva_sel,4,30.0,base,60,todas,onsite,48468,2971,51439,3702,873,2829,13576,572,3334,749,0.2514389931401122,214,"{""devolucion_origen"": 66, ""entrega_sin_recogida"": 292, ""fisico"": 358, ""fuera_servicio"": 0, ""tope"": 0, ""visitas"": 0}",6821,6821,0,0,0,3706,4,14,67,0,74,"[0.6094, 0.3795, 0.4477, 0.2485, 0.3934, 0.1803, 0.3113, 0.313, 0.4267, 0.1741, 0.3318, 0.4046, 0.5119, 0.2003, 0.19, 0.1979, 0.1884, 0.172, 0.2069, 0.175, 0.1856, 0.2035, 0.2044, 0.2065, 0.1865, 0.7731, 0.2086, 0.2019, 0.4675, 0.5998, 0.3478, 0.5127, 0.3935, 0.5808, 0.4743, 0.5587, 0.4558, 0.3259, 0.7757, 0.2116, 0.3439, 0.6112, 0.5325, 0.5314, 0.7914, 0.3231, 0.3759, 0.2906, 0.4932, 0.1782, 0.385, 0.5615, 0.4462, 0.2911, 0.1793, 0.3246, 0.186, 0.2092, 0.1802, 0.2031, 0.1922, 0.1779, 0.185, 0.1829, 0.1974, 0.1773, 0.186, 0.1791, 0.1779, 0.1748, 0.1832, 0.1899, 0.3402, 0.2225]",0.2695348125016608,0.6100279267484439,0.7913604169989412,0,26.408,66.0,
2025-08-23|ma_diaria|curva_sel|4|30.0|base|60|todas|onsite,2025-08-23,ma_diaria,curva_sel,4,30.0,base,60,todas,onsite,23050,1069,24119,1734,279,1455,4441,204,800,46,0.2255649363077363,67,"{""devolucion_origen"": 3, ""entrega_sin_recogida"": 22, ""fisico"": 25, ""fuera_servicio"": 0, ""tope"": 0, ""visitas"": 0}",2222,2222,0,0,0,1736,2,14,65,0,74,"[0.2809, 0.3203, 0.4009, 0.3725, 0.6403, 0.7902, 0.3671, 0.4727, 0.5738, 0.3333, 0.4243, 0.3243, 0.3774, 0.3604, 0.3377, 0.393, 0.3422, 0.3666, 0.3299, 0.2038, 0.3537, 0.2199, 0.2172, 0.2201, 0.2189, 0.235, 0.2115, 0.4045, 0.185, 0.1873, 0.2051, 0.4196, 0.3954, 0.1884, 0.1845, 0.3702, 0.392, 0.5324, 0.2153, 0.6357, 0.221, 0.6379, 1.3769, 0.2166, 0.1895, 0.2017, 0.1885, 0.1894, 0.2143, 0.1928, 0.4148, 0.5886, 0.1898, 0.459, 0.8822, 0.1899, 0.4108, 0.2247, 0.3812, 0.5676, 0.4155, 0.2012, 0.1873, 0.821, 0.1914, 0.1753, 0.5303, 0.2228, 1.0315, 0.2023, 0.3956, 0.1965, 0.3048, 0.2218]",0.3316048749984475,0.8009780000998943,1.3769280829983472,0,28.97,3.0,
2025-08-26|ma_diaria|curva_sel|4|30.0|base|60|todas|onsite,2025-08-26,ma_diaria,curva_sel,4,30.0,base,60,todas,onsite,47776,4182,51958,3726,941,2785,14153,467,4479,1245,0.2440448047381861,376,"{""devolucion_origen"": 73, ""entrega_sin_recogida"": 226, ""fisico"": 299, ""fuera_servicio"": 0, ""tope"": 0, ""visitas"": 0}",7113,7113,0,0,0,3726,0,14,67,0,74,"[0.2981, 0.5151, 0.5596, 0.3032, 0.4688, 0.3135, 0.3669, 0.342, 0.1891, 0.4541, 0.3151, 0.4785, 0.1692, 0.1908, 0.1715, 0.1967, 0.2076, 0.2021, 0.172, 0.1983, 0.1939, 0.2112, 0.1758, 0.2045, 0.2142, 0.4472, 0.1906, 0.2044, 0.3545, 0.1869, 0.3664, 0.3408, 0.5701, 0.3767, 0.3832, 0.4458, 0.4137, 0.4644, 0.4435, 0.4447, 0.3373, 0.4114, 0.3931, 0.4659, 0.2036, 0.8294, 0.4536, 0.4543, 0.5873, 0.2959, 0.1993, 0.376, 0.6237, 0.3293, 0.3246, 0.1825, 0.1999, 0.3172, 0.1912, 0.2118, 0.1796, 0.1837, 0.18, 0.1805, 0.1822, 0.1908, 0.1782, 0.2029, 0.1868, 0.1753, 0.1774, 0.19, 0.1722, 0.2425]",0.2691692295011307,0.5632638438501089,0.8294405000015104,0,25.152,73.0,
2025-08-27|ma_diaria|curva_sel|4|30.0|base|60|todas|onsite,2025-08-27,ma_diaria,curva_sel,4,30.0,base,60,todas,onsite,52528,5325,57853,3656,917,2739,13868,482,4371,1320,0.2396730504204261,323,"{""devolucion_origen"": 54, ""entrega_sin_recogida"": 180, ""fisico"": 234, ""fuera_servicio"": 0, ""tope"": 0, ""visitas"": 0}",6961,6961,0,0,0,3658,2,14,67,0,74,"[0.576, 0.5501, 0.4856, 0.3136, 0.3953, 0.4147, 0.4195, 0.2638, 0.3416, 0.4459, 0.3747, 0.2482, 0.1879, 0.1868, 0.1885, 0.1801, 0.2064, 0.1832, 0.2022, 0.1757, 0.1799, 0.1864, 0.1913, 0.1814, 0.1845, 0.2118, 0.2199, 0.2039, 0.1865, 0.349, 0.2111, 0.377, 0.3285, 0.1863, 0.5521, 0.4277, 0.5746, 0.5475, 0.3238, 0.6343, 0.593, 0.3994, 0.1844, 0.6159, 0.2763, 0.5678, 0.2774, 0.1982, 0.4321, 0.2594, 0.3783, 0.8637, 0.4147, 0.7375, 0.4698, 0.1805, 0.1881, 0.4348, 0.191, 0.1814, 0.2055, 0.181, 0.1833, 0.2049, 0.2095, 0.1897, 0.1851, 0.1882, 0.1769, 0.1961, 0.1765, 0.1693, 0.1865, 0.2269]",0.2158499580018542,0.6010504625997781,0.8637232500004757,0,25.525,54.0,
2025-08-28|ma_diaria|curva_sel|4|30.0|base|60|todas|onsite,2025-08-28,ma_diaria,curva_sel,4,30.0,base,60,todas,onsite,47959,4486,52445,3555,882,2673,13504,473,3720,1055,0.253677888371533,279,"{""devolucion_origen"": 52, ""entrega_sin_recogida"": 228, ""fisico"": 280, ""fuera_servicio"": 0, ""tope"": 0, ""visitas"": 0}",6778,6778,0,0,0,3557,2,14,67,0,74,"[0.3161, 0.5587, 0.3995, 0.4121, 0.2623, 0.2812, 0.3306, 0.339, 0.5356, 0.4629, 0.3102, 0.2464, 0.1967, 0.1699, 0.1931, 0.186, 0.1691, 0.1914, 0.176, 0.1748, 0.1908, 0.1778, 0.1927, 0.1826, 0.1829, 0.2014, 0.3722, 0.1823, 0.3539, 0.5233, 0.2239, 0.1842, 0.3984, 0.4626, 0.405, 0.3675, 1.0643, 0.4431, 0.4563, 0.293, 0.3122, 0.5919, 0.3404, 0.1766, 0.2729, 0.2745, 0.4783, 0.2735, 0.3242, 0.3657, 0.6728, 0.4121, 0.1875, 0.633, 0.3653, 0.3404, 0.1893, 0.1912, 0.1854, 0.1822, 0.1887, 0.1873, 0.1855, 0.2155, 0.1798, 0.1831, 0.1826, 0.1824, 0.1986, 0.1727, 0.1743, 0.194, 0.2395, 0.2414]",0.2438893540002027,0.5702851766516686,1.0642831250006566,0,24.584,52.0,
2025-08-31|ma_diaria|curva_sel|4|30.0|base|60|todas|onsite,2025-08-31,ma_diaria,curva_sel,4,30.0,base,60,todas,onsite,33493,1564,35057,1956,287,1669,5386,246,1875,85,0.2094977545229524,91,"{""devolucion_origen"": 8, ""entrega_sin_recogida"": 35, ""fisico"": 43, ""fuera_servicio"": 0, ""tope"": 0, ""visitas"": 0}",2697,2697,0,0,0,1956,0,14,67,0,74,"[0.1903, 0.2046, 0.197, 0.4553, 0.4078, 0.4491, 0.512, 0.3353, 0.3542, 0.1839, 0.4071, 0.6038, 0.9978, 0.668, 0.3362, 0.405, 0.3256, 0.3516, 0.1885, 0.5993, 0.3355, 0.2053, 0.1845, 0.1892, 0.2064, 0.1945, 0.2073, 0.2116, 0.2007, 0.4972, 0.6004, 0.206, 0.1986, 0.1922, 0.3764, 0.4121, 0.5263, 0.6671, 0.1876, 0.382, 0.5091, 0.1888, 0.5973, 0.2228, 0.2065, 0.6646, 0.423, 0.8898, 0.1896, 0.4577, 0.6163, 0.1848, 0.1918, 0.422, 0.3396, 0.6153, 0.4254, 0.2048, 0.2023, 0.7267, 0.3285, 0.2152, 0.21, 0.2108, 0.1928, 0.2189, 0.1989, 0.5402, 0.1949, 0.3821, 0.3446, 0.1728, 0.1772, 0.2513]",0.3319334170009824,0.6674377165485567,0.9977811249991646,0,28.297,8.0,
2025-08-01|ma_diaria|curva_sel|4|45.0|base|60|todas|onsite,2025-08-01,ma_diaria,curva_sel,4,45.0,base,60,todas,onsite,26410,3576,29986,2259,600,1659,9741,522,1656,515,0.1843071859002492,156,"{""devolucion_origen"": 71, ""entrega_sin_recogida"": 166, ""fisico"": 237, ""fuera_servicio"": 0, ""tope"": 0, ""visitas"": 0}",4906,4906,0,0,0,2259,0,14,67,0,74,"[0.2844, 0.2951, 0.3264, 0.2796, 0.301, 0.216, 0.2628, 0.3185, 0.2628, 0.2154, 0.2813, 0.1788, 0.1827, 0.1735, 0.1783, 0.1806, 0.1824, 0.1849, 0.1859, 0.1792, 0.1818, 0.1773, 0.1841, 0.1802, 0.182, 0.1921, 0.2109, 0.2096, 0.2085, 0.2014, 0.2192, 0.2009, 0.4286, 0.4286, 0.524, 0.5171, 0.4971, 0.4605, 0.182, 0.6344, 0.5724, 0.1843, 0.3364, 0.3685, 0.2193, 0.5727, 0.1868, 0.4648, 0.4928, 0.1815, 0.5953, 0.4807, 0.3543, 0.38, 0.1894, 0.1865, 0.1866, 0.185, 0.203, 0.196, 0.1835, 0.2031, 0.1912, 0.1989, 0.1844, 0.2036, 0.1827, 0.1982, 0.178, 0.1782, 0.3029, 0.1873, 0.2766, 0.2407]",0.2033573959997738,0.5408959397005672,0.6343910420000611,0,22.247,71.0,
2025-08-04|ma_diaria|curva_sel|4|45.0|base|60|todas|onsite,2025-08-04,ma_diaria,curva_sel,4,45.0,base,60,todas,onsite,41156,3369,44525,3012,774,2238,12757,482,3578,917,0.2350257746541054,265,"{""devolucion_origen"": 41, ""entrega_sin_recogida"": 163, ""fisico"": 204, ""fuera_servicio"": 0, ""tope"": 0, ""visitas"": 0}",6399,6399,0,0,0,3012,0,14,67,0,74,"[0.2992, 0.4926, 0.5356, 0.2811, 0.2913, 0.2889, 0.4064, 0.1778, 0.3755, 0.291, 0.2668, 0.3042, 0.1942, 0.1777, 0.2216, 0.1796, 0.1776, 0.1771, 0.224, 0.208, 0.198, 0.7068, 0.1831, 0.197, 0.1957, 0.2143, 0.1848, 0.4252, 0.4192, 0.1901, 0.451, 0.3549, 0.4494, 0.3511, 0.4861, 0.4314, 0.5551, 0.6046, 0.3625, 0.4985, 0.3364, 0.3281, 0.3343, 0.5129, 0.4003, 0.6022, 0.3125, 0.4888, 0.6153, 0.3938, 0.303, 0.5401, 0.3391, 0.4194, 0.3121, 0.4914, 0.1904, 0.3401, 0.3135, 0.1925, 0.1977, 0.178, 0.1888, 0.1883, 0.2063, 0.1854, 0.1797, 0.1859, 0.187, 0.1958, 0.2975, 0.18, 0.2657, 0.2958]",0.2983513330000278,0.5715436768499782,0.7068056249991059,0,26.168,41.0,
2025-08-06|ma_diaria|curva_sel|4|45.0|base|60|todas|onsite,2025-08-06,ma_diaria,curva_sel,4,45.0,base,60,todas,onsite,52392,2923,55315,3207,831,2376,13283,468,4033,813,0.231581208744883,189,"{""devolucion_origen"": 35, ""entrega_sin_recogida"": 278, ""fisico"": 313, ""fuera_servicio"": 0, ""tope"": 0, ""visitas"": 0}",6659,6659,0,0,0,3207,0,14,67,0,74,"[0.3698, 0.4251, 0.4002, 0.3564, 0.4859, 0.2392, 0.2097, 0.3019, 0.2945, 0.1707, 0.2182, 0.2336, 0.4211, 0.1905, 0.1878, 0.1781, 0.1821, 0.1832, 0.21, 0.2248, 0.1818, 0.1809, 0.217, 0.2026, 0.1891, 0.2188, 0.1893, 0.1913, 0.2005, 0.4398, 0.3395, 0.3514, 0.4468, 0.3643, 0.5035, 0.6291, 0.5132, 0.507, 0.4296, 0.3695, 0.5772, 0.3516, 0.3913, 0.3802, 0.5991, 0.3121, 0.3659, 0.3239, 0.444, 0.3055, 0.2864, 0.4878, 0.4769, 0.4605, 0.291, 0.3488, 0.4302, 0.5725, 0.2221, 0.3124, 0.1828, 0.2027, 0.2205, 0.1872, 0.2157, 0.1875, 0.1864, 0.2976, 0.3413, 0.1885, 0.1838, 0.1691, 0.2483, 0.2492]",0.2960697290018288,0.5339427727003564,0.6291342090007674,0,25.57,35.0,
2025-08-08|ma_diaria|curva_sel|4|45.0|base|60|todas|onsite,2025-08-08,ma_diaria,curva_sel,4,45.0,base,60,todas,onsite,38009,3452,41461,2700,712,1988,11401,529,2743,625,0.2071184009253362,354,"{""devolucion_origen"": 59, ""entrega_sin_recogida"": 297, ""fisico"": 356, ""fuera_servicio"": 0, ""tope"": 0, ""visitas"": 0}",5730,5730,0,0,0,2702,2,14,67,0,74,"[0.4479, 0.5813, 0.1829, 0.5051, 0.2877, 0.3151, 0.3065, 0.4176, 0.2927, 0.1856, 0.1785, 0.2694, 0.1736, 0.2112, 0.283, 0.3092, 0.3439, 0.1816, 0.1785, 0.2085, 0.2016, 0.1844, 0.1878, 0.1886, 0.2088, 0.2046, 0.1842, 0.203, 0.2076, 0.1952, 0.3626, 0.5549, 0.5318, 0.184, 0.1851, 0.2181, 0.5601, 0.4796, 0.2028, 0.6352, 0.5397, 0.488, 0.5632, 0.4154, 0.4927, 0.5475, 0.3329, 0.3952, 0.4396, 0.7293, 0.4227, 0.2039, 0.4697, 0.3074, 0.4584, 0.6405, 0.2019, 0.3253, 0.1791, 0.1828, 0.4252, 0.1828, 0.1813, 0.1825, 0.1821, 0.1907, 0.1813, 0.1958, 0.1765, 0.1889, 0.1824, 0.1699, 0.2512, 0.261]",0.2346506039993983,0.5695509606512131,0.7293183750007302,0,25.352,59.0,
2025-08-09|ma_diaria|curva_sel|4|45.0|base|60|todas|onsite,2025-08-09,ma_diaria,curva_sel,4,45.0,base,60,todas,onsite,18361,1475,19836,1278,217,1061,3666,214,575,52,0.2092976678965349,106,"{""devolucion_origen"": 0, ""entrega_sin_recogida"": 4, ""fisico"": 4, ""fuera_servicio"": 0, ""tope"": 0, ""visitas"": 0}",1833,1833,0,0,0,1280,2,14,60,0,74,"[0.205, 0.3941, 0.4034, 0.3577, 0.4368, 0.4029, 0.6513, 0.5902, 0.4895, 0.3401, 0.1863, 0.3528, 0.4084, 0.5518, 0.5462, 0.3555, 0.7854, 0.3663, 0.6379, 0.207, 0.3756, 0.3469, 0.1907, 0.1855, 0.7417, 0.425, 0.3853, 0.1865, 0.2237, 0.2154, 0.1949, 0.194, 0.2155, 0.2019, 0.2139, 0.189, 0.2101, 0.2139, 0.5145, 0.4396, 0.5014, 0.3899, 0.4541, 0.1885, 0.4203, 0.2124, 0.1991, 0.185, 0.2075, 0.1849, 0.3504, 0.1942, 0.3563, 0.2047, 0.1856, 0.189, 0.193, 0.2229, 0.2097, 0.3163, 0.1912, 0.2005, 0.189, 0.2183, 0.3139, 0.3095, 0.3212, 0.2928, 0.5098, 0.4203, 0.2068, 0.1842, 0.1908, 0.1817]",0.2582666670004983,0.6069244522012011,0.7853844590026711,0,25.629,0.0,
2025-08-11|ma_diaria|curva_sel|4|45.0|base|60|todas|onsite,2025-08-11,ma_diaria,curva_sel,4,45.0,base,60,todas,onsite,41274,3517,44791,3057,802,2255,12637,734,3330,832,0.2290683509446458,191,"{""devolucion_origen"": 73, ""entrega_sin_recogida"": 261, ""fisico"": 334, ""fuera_servicio"": 0, ""tope"": 0, ""visitas"": 0}",6355,6355,0,0,0,3057,0,14,67,0,74,"[0.5105, 0.5989, 0.1836, 0.4548, 0.2945, 0.2682, 0.274, 0.5236, 0.2964, 0.5043, 0.2554, 0.1785, 0.4402, 0.1729, 0.273, 0.1763, 0.1774, 0.1746, 0.1751, 0.1845, 0.2017, 0.2096, 0.1824, 0.1804, 0.1848, 0.1893, 0.2153, 0.1882, 0.4, 0.1881, 0.3731, 0.3739, 0.5093, 0.187, 0.3355, 0.4455, 0.6044, 0.5763, 0.5792, 0.4197, 0.6231, 0.3148, 0.6888, 0.4428, 0.44, 0.2859, 0.3194, 0.2762, 0.1894, 0.5264, 0.3073, 0.2785, 0.4853, 0.3922, 0.3468, 0.3196, 0.1884, 0.3471, 0.1813, 0.3613, 0.1868, 0.1821, 0.186, 0.1847, 0.179, 0.1801, 0.1858, 0.2026, 0.1786, 0.1817, 0.178, 0.2882, 0.2655, 0.2904]",0.2750865204998263,0.5860870586495365,0.688815458001045,0,25.086,73.0,
2025-08-12|ma_diaria|curva_sel|4|45.0|base|60|todas|onsite,2025-08-12,ma_diaria,curva_sel,4,45.0,base,60,todas,onsite,59052,4544,63596,3441,851,2590,14001,521,4743,1040,0.2323404211017423,251,"{""devolucion_origen"": 35, ""entrega_sin_recogida"": 281, ""fisico"": 316, ""fuera_servicio"": 0, ""tope"": 0, ""visitas"": 0}",7018,7018,0,0,0,3441,0,14,67,0,74,"[0.3373, 0.2583, 0.5393, 0.4375, 0.4818, 0.3222, 0.3819, 0.3046, 0.2116, 0.3466, 0.3788, 0.3038, 0.3559, 0.1703, 0.173, 0.1726, 0.1691, 0.1787, 0.1933, 0.1737, 0.1752, 0.1962, 0.1761, 0.2026, 0.2031, 0.3744, 0.3301, 0.3882, 0.3742, 0.3865, 0.4944, 0.5744, 0.6842, 0.3482, 0.3858, 0.4399, 0.4247, 0.513, 0.3336, 0.4454, 0.3592, 0.2771, 0.5708, 0.4404, 0.4018, 0.4031, 0.2785, 0.2579, 0.4047, 0.4649, 0.3117, 0.333, 0.3198, 0.4073, 0.3033, 0.3316, 0.1871, 0.1779, 0.1803, 0.2033, 0.2152, 0.2219, 0.182, 0.211, 0.1846, 0.2112, 0.1787, 0.1787, 0.1893, 0.1779, 0.1896, 0.1874, 0.295, 0.3155]",0.3081716670003516,0.5221897187515422,0.6841572079974867,0,25.285,35.0,
2025-08-13|ma_diaria|curva_sel|4|45.0|base|60|todas|onsite,2025-08-13,ma_diaria,curva_sel,4,45.0,base,60,todas,onsite,41258,4100,45358,2858,729,2129,11692,458,2790,676,0.2608120797297297,180,"{""devolucion_origen"": 98, ""entrega_sin_recogida"": 264, ""fisico"": 362, ""fuera_servicio"": 0, ""tope"": 0, ""visitas"": 0}",5895,5895,0,0,0,2858,0,14,67,0,74,"[0.5328, 0.5462, 0.5299, 0.3217, 0.3958, 0.3014, 0.362, 0.4509, 0.4189, 0.3412, 0.2621, 0.2898, 0.1684, 0.1797, 0.2031, 0.1697, 0.176, 0.1952, 0.1868, 0.1927, 0.1787, 0.2009, 0.1991, 0.3513, 0.1944, 0.2042, 0.4346, 0.5156, 0.6353, 0.3404, 0.2163, 0.3463, 0.2103, 0.3357, 0.4965, 0.4453, 0.7708, 0.5746, 0.6406, 0.4985, 0.5001, 0.2907, 0.1818, 0.1986, 0.1845, 0.2771, 0.3267, 0.4688, 0.3352, 0.3199, 0.3498, 0.3791, 0.3745, 0.5229, 0.5123, 0.1904, 0.2057, 0.2057, 0.2071, 0.3906, 0.191, 0.1859, 0.1858, 0.2074, 0.1798, 0.1797, 0.1817, 0.1791, 0.1863, 0.1882, 0.1932, 0.2219, 0.2625, 0.2767]",0.2769039794984564,0.5561224147009851,0.7707736659976945,0,25.412,98.0,
2025-08-16|ma_diaria|curva_sel|4|45.0|base|60|todas|onsite,2025-08-16,ma_diaria,curva_sel,4,45.0,base,60,todas,onsite,29482,1969,31451,1454,218,1236,3912,178,1090,75,0.2104847301505405,65,"{""devolucion_origen"": 4, ""entrega_sin_recogida"": 16, ""fisico"": 20, ""fuera_servicio"": 0, ""tope"": 0, ""visitas"": 0}",1958,1958,0,0,0,1454,0,14,49,0,74,"[0.1898, 0.408, 0.2181, 0.429, 0.2118, 0.429, 0.4954, 0.3922, 0.4584, 0.552, 0.5908, 0.3832, 0.4351, 0.1865, 0.6163, 0.3798, 0.3592, 0.2139, 0.5414, 0.1862, 0.3791, 0.3434, 0.2126, 0.3371, 0.2045, 0.1927, 0.1892, 0.2058, 0.2093, 0.2018, 0.186, 0.1802, 0.2009, 0.1801, 0.2074, 0.2018, 0.189, 0.8475, 0.1874, 0.1835, 0.1887, 0.1978, 0.4632, 0.4668, 0.2047, 0.2143, 0.6382, 0.7166, 0.2075, 0.401, 1.0794, 0.2015, 0.552, 0.5751, 0.1895, 0.9511, 0.1897, 0.2091, 0.1909, 0.8583, 0.2236, 0.2074, 0.429, 0.1915, 0.2246, 0.93, 0.2032, 0.1793, 0.3723, 0.1754, 0.1913, 0.1815, 0.2711, 0.2264]",0.2140840209995076,0.8513068663496596,1.0793986249991576,0,27.46,4.0,
2025-08-18|ma_diaria|curva_sel|4|45.0|base|60|todas|onsite,2025-08-18,ma_diaria,curva_sel,4,45.0,base,60,todas,onsite,50098,3088,53186,3304,792,2512,12893,477,3528,820,0.2521484628901879,219,"{""devolucion_origen"": 29, ""entrega_sin_recogida"": 295, ""fisico"": 324, ""fuera_servicio"": 0, ""tope"": 0, ""visitas"": 0}",6461,6461,0,0,0,3304,0,14,67,0,74,"[0.5535, 0.6269, 0.3049, 0.3061, 0.2722, 0.306, 0.2746, 0.3823, 0.2979, 0.4082, 0.2714, 0.2501, 0.1707, 0.1729, 0.17, 0.1708, 0.1722, 0.1689, 0.1755, 0.1743, 0.1952, 0.1801, 0.2137, 0.203, 0.2045, 0.3589, 0.4444, 0.3759, 0.55, 0.5536, 0.4708, 0.5655, 0.4334, 0.1831, 0.478, 0.5509, 0.4716, 0.7095, 0.1821, 0.5979, 0.4023, 0.4866, 0.3477, 0.406, 0.5544, 0.3401, 0.1836, 0.3368, 0.3028, 0.2756, 0.4978, 0.2913, 0.4457, 0.3682, 0.3106, 0.5046, 0.3548, 0.3126, 0.1811, 0.1996, 0.2141, 0.2008, 0.1855, 0.1926, 0.181, 0.2126, 0.1763, 0.1757, 0.1811, 0.1738, 0.1861, 0.2653, 0.245, 0.1649]",0.2834613750019343,0.5582752813503248,0.7095377920013561,0,25.653,29.0,
2025-08-23|ma_diaria|curva_sel|4|45.0|base|60|todas|onsite,2025-08-23,ma_diaria,curva_sel,4,45.0,base,60,todas,onsite,23845,1119,24964,1553,244,1309,4273,190,813,43,0.2286837935063359,69,"{""devolucion_origen"": 5, ""entrega_sin_recogida"": 26, ""fisico"": 31, ""fuera_servicio"": 0, ""tope"": 0, ""visitas"": 0}",2139,2139,0,0,0,1553,0,14,57,0,74,"[0.278, 0.4716, 0.4128, 0.4077, 0.4359, 0.6776, 0.441, 0.3952, 0.5317, 0.3406, 0.3437, 0.3749, 0.3522, 0.5938, 0.4512, 0.5741, 0.4239, 0.6866, 0.355, 0.5633, 0.4476, 0.2012, 0.1811, 0.1821, 0.1845, 0.1843, 0.1851, 0.4433, 0.2006, 0.1889, 0.1897, 0.189, 0.3728, 0.3849, 0.1915, 0.4054, 0.4, 0.3877, 0.192, 0.3742, 0.5562, 0.408, 0.3984, 0.1839, 0.1915, 0.2108, 0.2172, 0.1883, 0.2148, 0.1941, 0.4771, 1.1711, 0.2171, 0.1846, 0.6459, 0.1948, 1.3447, 0.1955, 0.2187, 0.5063, 0.1948, 0.1962, 0.2105, 0.2022, 0.3156, 0.1805, 0.9771, 0.2681, 0.2588, 0.2467, 0.1878, 0.2977, 0.1857, 0.2195]",0.3066637499996432,0.680729224999959,1.3446612080006162,0,28.395,5.0,
2025-08-26|ma_diaria|curva_sel|4|45.0|base|60|todas|onsite,2025-08-26,ma_diaria,curva_sel,4,45.0,base,60,todas,onsite,50094,4693,54787,3367,890,2477,13532,491,4715,1312,0.2538115431075142,432,"{""devolucion_origen"": 48, ""entrega_sin_recogida"": 195, ""fisico"": 243, ""fuera_servicio"": 0, ""tope"": 0, ""visitas"": 0}",6790,6790,0,0,0,3367,0,14,67,0,74,"[0.3141, 0.2001, 0.2972, 0.448, 0.3468, 0.3912, 0.2696, 0.339, 0.5156, 0.6673, 0.3285, 0.2995, 0.179, 0.2116, 0.2101, 0.1933, 0.1919, 0.1813, 0.2042, 0.2076, 0.1744, 0.1912, 0.1755, 0.2074, 0.1786, 0.3313, 0.3613, 0.1867, 0.2, 0.1853, 0.3861, 0.188, 0.3403, 0.6981, 0.4778, 0.3462, 0.3773, 0.4968, 0.4872, 0.1777, 0.7988, 0.6753, 0.5295, 0.3036, 0.3786, 0.3696, 0.4209, 0.4106, 0.1784, 0.5122, 0.6068, 0.6591, 0.2966, 0.4138, 0.2898, 0.3037, 0.1882, 0.2011, 0.1817, 0.1953, 0.2251, 0.1995, 0.1917, 0.2034, 0.1798, 0.1948, 0.1802, 0.1947, 0.1828, 0.1722, 0.1869, 0.1902, 0.2959, 0.2402]",0.2548966874983307,0.6619587578987193,0.7987704999977723,0,25.255,48.0,
2025-08-27|ma_diaria|curva_sel|4|45.0|base|60|todas|onsite,2025-08-27,ma_diaria,curva_sel,4,45.0,base,60,todas,onsite,54134,5394,59528,3237,822,2415,13193,495,4645,1378,0.2513496978888782,348,"{""devolucion_origen"": 17, ""entrega_sin_recogida"": 183, ""fisico"": 200, ""fuera_servicio"": 0, ""tope"": 0, ""visitas"": 0}",6605,6605,0,0,0,3239,2,14,67,0,74,"[0.4391, 0.2076, 0.4982, 0.3412, 0.2766, 0.5786, 0.4016, 0.2394, 0.206, 0.3193, 0.4747, 0.3276, 0.5577, 0.1927, 0.2812, 0.3429, 0.1762, 0.1945, 0.1944, 0.1747, 0.1961, 0.197, 0.18, 0.1822, 0.2034, 0.2037, 0.1861, 0.2098, 0.2036, 0.4029, 0.3583, 0.3591, 0.7429, 0.4301, 0.7381, 0.7117, 0.5987, 0.4381, 0.407, 0.5241, 0.5478, 0.5574, 0.449, 0.3294, 0.4794, 0.3829, 0.4378, 0.3076, 0.2122, 0.2915, 0.4934, 0.6713, 0.39, 0.3994, 0.5692, 0.3986, 0.3805, 0.545, 0.2011, 0.3026, 0.1816, 0.2075, 0.1906, 0.19, 0.2094, 0.201, 0.1962, 0.1746, 0.1937, 0.1987, 0.1773, 0.1877, 0.3101, 0.2787]",0.3088766665005096,0.6240965356504599,0.7428598340011376,0,27.565,17.0,
2025-08-28|ma_diaria|curva_sel|4|45.0|base|60|todas|onsite,2025-08-28,ma_diaria,curva_sel,4,45.0,base,60,todas,onsite,49810,4265,54075,3136,786,2350,12655,461,3919,1005,0.2559661256580567,277,"{""devolucion_origen"": 41, ""entrega_sin_recogida"": 225, ""fisico"": 266, ""fuera_servicio"": 0, ""tope"": 0, ""visitas"": 0}",6348,6348,0,0,0,3136,0,14,67,0,74,"[0.3477, 0.4401, 0.4642, 0.3149, 0.4407, 0.1782, 0.2234, 0.3451, 0.4394, 0.3456, 0.4436, 0.3403, 0.1849, 0.1914, 0.1805, 0.1794, 0.171, 0.1885, 0.185, 0.1982, 0.1837, 0.2047, 0.1893, 0.1971, 0.195, 0.2082, 0.369, 0.1832, 0.8932, 0.3271, 0.4309, 0.1878, 0.3953, 0.1838, 0.5858, 0.8195, 0.3155, 0.462, 0.404, 0.3035, 0.341, 0.4026, 0.2044, 0.3244, 0.715, 0.2882, 0.2823, 0.2966, 0.528, 0.2997, 0.5457, 0.4467, 0.3329, 0.6507, 0.3169, 0.3284, 0.1856, 0.3374, 0.3459, 0.194, 0.1854, 0.1903, 0.2146, 0.1937, 0.1942, 0.1809, 0.1771, 0.1918, 0.1903, 0.1835, 0.1825, 0.1793, 0.2772, 0.2268]",0.2852443125011632,0.6085356766483524,0.8931572080000478,0,25.314,41.0,
2025-08-31|ma_diaria|curva_sel|4|45.0|base|60|todas|onsite,2025-08-31,ma_diaria,curva_sel,4,45.0,base,60,todas,onsite,34779,1576,36355,1725,266,1459,5086,248,1808,79,0.2100600607438542,93,"{""devolucion_origen"": 8, ""entrega_sin_recogida"": 59, ""fisico"": 67, ""fuera_servicio"": 0, ""tope"": 0, ""visitas"": 0}",2547,2547,0,0,0,1725,0,14,62,0,74,"[0.1874, 0.2284, 0.1988, 0.4654, 0.4878, 0.527, 0.4228, 0.5653, 0.544, 0.4354, 0.4667, 0.8517, 0.664, 0.3837, 0.6347, 0.5066, 0.508, 0.2026, 0.1971, 0.3433, 0.5137, 0.3654, 0.4036, 0.3585, 0.1842, 0.1891, 0.2024, 0.1848, 0.2063, 0.4177, 0.205, 0.1841, 0.4888, 0.1889, 0.2021, 0.3926, 0.2026, 0.7733, 0.5574, 0.4069, 0.4746, 0.5029, 0.2136, 0.4094, 0.7385, 0.4381, 0.5127, 0.4088, 0.9325, 0.6182, 1.1006, 0.1969, 0.189, 0.6381, 0.1906, 0.2175, 0.3324, 0.2111, 0.2144, 0.6823, 0.3388, 0.2133, 0.2325, 0.2387, 0.8599, 0.1926, 0.3391, 0.6588, 0.185, 0.2943, 0.1806, 0.1832, 0.1715, 0.1706]",0.3619483544989634,0.800742714800253,1.1006190410007548,0,30.962,8.0,
2025-08-01|ma_diaria|curva_sel|4|60.0|base|60|todas|onsite,2025-08-01,ma_diaria,curva_sel,4,60.0,base,60,todas,onsite,29086,4102,33188,1948,532,1416,9037,430,1807,608,0.1856093459083691,160,"{""devolucion_origen"": 43, ""entrega_sin_recogida"": 126, ""fisico"": 169, ""fuera_servicio"": 0, ""tope"": 0, ""visitas"": 0}",4540,4540,0,0,0,1948,0,14,67,0,74,"[0.3098, 0.2975, 0.3095, 0.3445, 0.3387, 0.2821, 0.4178, 0.2325, 0.1842, 0.2164, 0.2955, 0.2057, 0.1872, 0.2165, 0.1887, 0.1789, 0.1865, 0.201, 0.2182, 0.1759, 0.2232, 0.1833, 0.218, 0.1989, 0.1907, 0.2075, 0.1964, 0.2025, 0.2043, 0.1885, 0.3907, 0.427, 0.5768, 0.3844, 0.3855, 0.4849, 0.5725, 0.5426, 0.339, 0.4999, 0.4363, 0.435, 0.3184, 0.3678, 0.3019, 0.206, 0.6145, 0.5572, 0.3355, 0.5356, 0.1858, 0.4355, 0.6132, 0.3807, 0.3499, 0.2035, 0.2294, 0.3285, 0.3645, 0.211, 0.2144, 0.199, 0.2067, 0.1844, 0.1907, 0.2012, 0.2054, 0.1864, 0.2002, 0.1818, 0.1759, 0.3206, 0.2639, 0.2017]",0.2262912709993543,0.5625680247991112,0.6144810840014543,0,24.042,43.0,
2025-08-04|ma_diaria|curva_sel|4|60.0|base|60|todas|onsite,2025-08-04,ma_diaria,curva_sel,4,60.0,base,60,todas,onsite,42972,3938,46910,2647,710,1937,11913,437,3855,996,0.2395586462164114,254,"{""devolucion_origen"": 23, ""entrega_sin_recogida"": 163, ""fisico"": 186, ""fuera_servicio"": 0, ""tope"": 0, ""visitas"": 0}",5968,5968,0,0,0,2647,0,14,67,0,74,"[0.3002, 0.3941, 0.5446, 0.45, 0.3924, 0.3559, 0.2933, 0.2876, 0.2678, 0.3547, 0.2636, 0.3043, 0.1696, 0.1734, 0.1738, 0.204, 0.176, 0.206, 0.2113, 0.1792, 0.1819, 0.4205, 0.2148, 0.3949, 0.2221, 0.2194, 0.4353, 0.184, 0.433, 0.4234, 0.4423, 0.3709, 0.4056, 0.1865, 0.363, 0.3287, 0.4429, 0.5406, 0.5488, 0.5308, 0.6999, 0.5158, 0.3188, 0.3369, 0.2042, 0.5263, 0.265, 0.4439, 0.6746, 0.3274, 0.473, 0.375, 0.1801, 0.3067, 0.418, 0.3041, 0.3772, 0.5328, 0.2021, 0.198, 0.218, 0.2035, 0.1855, 0.1773, 0.1807, 0.1983, 0.1801, 0.1955, 0.1959, 0.1843, 0.33, 0.3324, 0.2772, 0.1669]",0.3041953124993597,0.5419830024005933,0.6999143749999348,0,26.026,23.0,
2025-08-06|ma_diaria|curva_sel|4|60.0|base|60|todas|onsite,2025-08-06,ma_diaria,curva_sel,4,60.0,base,60,todas,onsite,54686,3333,58019,2869,764,2105,12872,482,4270,838,0.237394194756444,202,"{""devolucion_origen"": 24, ""entrega_sin_recogida"": 289, ""fisico"": 313, ""fuera_servicio"": 0, ""tope"": 0, ""visitas"": 0}",6448,6448,0,0,0,2869,0,14,67,0,74,"[0.4125, 0.1802, 0.3764, 0.3044, 0.3873, 0.3179, 0.2395, 0.3473, 0.1682, 0.5273, 0.247, 0.378, 0.3335, 0.2027, 0.1784, 0.1791, 0.3382, 0.1844, 0.1974, 0.1809, 0.1758, 0.179, 0.1863, 0.2001, 0.1844, 0.1801, 0.2055, 0.182, 0.1849, 0.3521, 0.1905, 0.3775, 0.3715, 0.3766, 0.4227, 0.4305, 0.4776, 0.5294, 0.378, 0.4928, 0.6709, 0.442, 0.1891, 0.4149, 0.4174, 0.49, 0.415, 0.2957, 0.4699, 0.4421, 0.3134, 0.2992, 0.3217, 0.5648, 0.2764, 0.2957, 0.3029, 0.327, 0.3057, 0.3373, 0.208, 0.1785, 0.1869, 0.2157, 0.2031, 0.2046, 0.1781, 0.1883, 0.1893, 0.2022, 0.1869, 0.1677, 0.2522, 0.1661]",0.2957156245010992,0.5048652085475621,0.6708995000008144,0,24.36,24.0,
2025-08-08|ma_diaria|curva_sel|4|60.0|base|60|todas|onsite,2025-08-08,ma_diaria,curva_sel,4,60.0,base,60,todas,onsite,40977,3939,44916,2397,626,1771,10650,523,2999,716,0.2166072670871961,369,"{""devolucion_origen"": 38, ""entrega_sin_recogida"": 241, ""fisico"": 279, ""fuera_servicio"": 0, ""tope"": 0, ""visitas"": 0}",5344,5344,0,0,0,2397,0,14,67,0,74,"[0.5442, 0.2975, 0.2741, 0.4588, 0.812, 0.4207, 0.4319, 0.3499, 0.1739, 0.3001, 0.2929, 0.3025, 0.1714, 0.1687, 0.1726, 0.2055, 0.1779, 0.212, 0.1753, 0.2131, 0.1785, 0.1849, 0.2101, 0.2062, 0.2238, 0.1967, 0.3852, 0.2026, 0.4267, 0.1917, 0.381, 0.461, 0.3639, 0.4009, 0.3307, 0.5262, 0.1817, 0.2029, 0.6186, 0.5438, 0.4322, 0.2073, 0.4423, 0.4502, 0.4, 0.1978, 0.2993, 0.3369, 0.3142, 0.3114, 0.4471, 0.707, 0.4, 0.4171, 0.3195, 0.5261, 0.3979, 0.4046, 0.2104, 0.2025, 0.1852, 0.1935, 0.2178, 0.1848, 0.1816, 0.1851, 0.1785, 0.1824, 0.3791, 0.1765, 0.1871, 0.2986, 0.2823, 0.1635]",0.2951916664987948,0.5439786607508722,0.8120144999993499,0,25.342,38.0,
2025-08-09|ma_diaria|curva_sel|4|60.0|base|60|todas|onsite,2025-08-09,ma_diaria,curva_sel,4,60.0,base,60,todas,onsite,18695,1810,20505,1135,208,927,3504,201,571,62,0.2056389169226944,105,"{""devolucion_origen"": 0, ""entrega_sin_recogida"": 3, ""fisico"": 3, ""fuera_servicio"": 0, ""tope"": 0, ""visitas"": 0}",1752,1752,0,0,0,1135,0,14,54,0,74,"[0.1843, 0.3811, 0.3958, 0.3835, 0.4144, 0.8437, 0.5636, 0.3884, 0.4354, 0.453, 0.5271, 0.7332, 0.4887, 0.5697, 0.5257, 0.7443, 0.605, 0.2046, 0.3884, 0.1885, 0.1883, 0.1919, 0.4034, 0.355, 0.2093, 0.4851, 0.1896, 0.2006, 0.2005, 0.1886, 0.208, 0.2212, 0.2057, 0.2046, 0.4397, 0.4756, 0.4923, 0.4361, 0.3895, 1.678, 0.1855, 0.5237, 0.2061, 0.2254, 0.1897, 0.2348, 0.2039, 0.5392, 0.1889, 0.2076, 0.3285, 0.2289, 0.189, 0.2148, 0.2154, 0.1899, 0.1895, 0.2037, 0.1916, 0.2161, 0.1847, 0.2033, 0.1879, 0.1933, 0.184, 0.2931, 1.4136, 0.1892, 4.7661, 0.2001, 0.3427, 0.1791, 0.1775, 0.1754]",0.2186629994994291,0.7790683205990712,4.76613341600023,0,32.241,0.0,
2025-08-11|ma_diaria|curva_sel|4|60.0|base|60|todas|onsite,2025-08-11,ma_diaria,curva_sel,4,60.0,base,60,todas,onsite,43839,4061,47900,2713,724,1989,12142,642,3528,966,0.2388537772754383,202,"{""devolucion_origen"": 32, ""entrega_sin_recogida"": 196, ""fisico"": 228, ""fuera_servicio"": 0, ""tope"": 0, ""visitas"": 0}",6087,6087,0,0,0,2715,2,14,67,0,74,"[0.5465, 0.5631, 0.5848, 0.4256, 0.3145, 0.4012, 0.1986, 0.1972, 0.5623, 0.1938, 0.3029, 0.278, 0.2763, 0.2702, 0.3016, 0.1958, 0.2061, 0.1737, 0.2171, 0.2025, 0.1925, 0.1822, 0.1987, 0.1807, 0.2009, 0.2142, 0.1868, 0.2101, 0.3701, 0.4096, 0.1878, 0.3973, 0.3993, 0.4284, 0.5087, 0.4479, 1.0525, 0.4281, 0.4776, 0.181, 0.6019, 0.5236, 0.6411, 0.4225, 0.4688, 0.3886, 0.2921, 0.4022, 0.5004, 0.3877, 0.2787, 0.3168, 0.3735, 0.3719, 0.3608, 0.2025, 0.3931, 0.3669, 0.1868, 0.3854, 0.2141, 0.2184, 0.2059, 0.1949, 0.2124, 0.1841, 0.187, 0.1851, 0.3536, 0.1922, 0.1872, 0.3276, 0.1778, 0.1672]",0.2968628124999668,0.5706512583492439,1.0525386669978616,0,26.388,32.0,
2025-08-12|ma_diaria|curva_sel|4|60.0|base|60|todas|onsite,2025-08-12,ma_diaria,curva_sel,4,60.0,base,60,todas,onsite,60839,5876,66715,3008,772,2236,12918,493,4955,1249,0.2428100050134335,257,"{""devolucion_origen"": 36, ""entrega_sin_recogida"": 221, ""fisico"": 257, ""fuera_servicio"": 0, ""tope"": 0, ""visitas"": 0}",6477,6477,0,0,0,3008,0,14,67,0,74,"[0.3915, 0.3188, 0.3265, 0.3868, 0.5362, 0.591, 0.3419, 0.446, 0.171, 0.287, 0.321, 0.41, 0.4613, 0.1725, 0.1842, 0.1735, 0.19, 0.1672, 0.1722, 0.1905, 0.1727, 0.1807, 0.1952, 0.1934, 0.1966, 0.3482, 0.3361, 0.3457, 0.3388, 0.3352, 0.1875, 0.1956, 0.4146, 0.3358, 0.1831, 0.629, 0.4428, 0.4127, 0.2029, 0.44, 0.5081, 0.4154, 0.3801, 0.3932, 0.3163, 0.285, 0.2785, 0.3968, 0.303, 0.3125, 0.4133, 0.1751, 0.3288, 0.1906, 0.1939, 0.348, 0.3374, 0.1974, 0.1976, 0.1922, 0.1795, 0.1845, 0.2045, 0.178, 0.1788, 0.1784, 0.1815, 0.1765, 0.3341, 0.1828, 0.2919, 0.3105, 0.1781, 0.1793]",0.289482604001023,0.4776604210514049,0.6290167500010284,0,23.722,36.0,
2025-08-13|ma_diaria|curva_sel|4|60.0|base|60|todas|onsite,2025-08-13,ma_diaria,curva_sel,4,60.0,base,60,todas,onsite,42531,4263,46794,2490,661,1829,10828,470,2739,696,0.2652131060124018,168,"{""devolucion_origen"": 58, ""entrega_sin_recogida"": 243, ""fisico"": 301, ""fuera_servicio"": 0, ""tope"": 0, ""visitas"": 0}",5443,5443,0,0,0,2490,0,14,67,0,74,"[0.5314, 0.2081, 0.5029, 0.3541, 0.2083, 0.2099, 0.2903, 0.2823, 0.4558, 0.248, 0.3673, 0.3975, 0.3579, 0.1625, 0.1734, 0.1853, 0.1752, 0.1896, 0.1724, 0.1729, 0.1798, 0.1783, 0.1984, 0.1877, 0.3829, 0.1959, 0.1928, 0.3592, 0.4364, 0.4974, 0.2195, 0.2014, 0.5145, 0.3393, 0.3918, 0.4633, 0.6187, 0.4553, 0.4506, 0.3739, 0.612, 0.2058, 0.3143, 0.4143, 0.4486, 0.5813, 0.3811, 0.3951, 0.3041, 0.4866, 0.2262, 0.4185, 0.5004, 0.3895, 0.3328, 0.199, 0.2206, 0.2216, 0.3529, 0.3805, 0.1836, 0.3527, 0.1993, 0.1848, 0.1793, 0.1847, 0.193, 0.1823, 0.1786, 0.1868, 0.1722, 0.3075, 0.2632, 0.1779]",0.2863136040014069,0.5204564208512237,0.6186652079995838,0,25.0,58.0,
2025-08-16|ma_diaria|curva_sel|4|60.0|base|60|todas|onsite,2025-08-16,ma_diaria,curva_sel,4,60.0,base,60,todas,onsite,31980,2227,34207,1323,201,1122,3734,172,1173,86,0.2102013779772446,75,"{""devolucion_origen"": 4, ""entrega_sin_recogida"": 12, ""fisico"": 16, ""fuera_servicio"": 0, ""tope"": 0, ""visitas"": 0}",1869,1869,0,0,0,1323,0,14,37,0,74,"[0.1867, 0.4361, 0.3792, 0.4042, 0.2047, 0.1977, 0.6361, 0.4172, 0.3755, 0.4, 0.5252, 0.4229, 0.3265, 0.4831, 0.4013, 0.3395, 0.4161, 0.2043, 0.3504, 0.4701, 0.523, 0.3737, 0.2118, 0.4119, 0.2141, 0.1864, 0.448, 0.1961, 0.1812, 0.201, 0.2104, 0.2149, 0.2484, 0.2043, 0.1882, 0.3669, 0.5163, 0.6833, 0.4705, 0.3628, 0.1862, 0.4717, 0.3751, 0.5042, 0.1945, 0.2046, 0.2053, 0.2096, 0.3006, 0.3445, 0.338, 0.2038, 0.8351, 0.6562, 0.2255, 1.3301, 0.3469, 0.2057, 0.4505, 0.6425, 0.5676, 0.2082, 0.2122, 0.7151, 0.1959, 2.3919, 0.1997, 0.1885, 0.3579, 0.2023, 0.3294, 0.3154, 0.2949, 0.1732]",0.342013395500544,0.6944549544024993,2.3918730420009524,0,30.56,4.0,
2025-08-18|ma_diaria|curva_sel|4|60.0|base|60|todas|onsite,2025-08-18,ma_diaria,curva_sel,4,60.0,base,60,todas,onsite,51945,3587,55532,2904,704,2200,12213,431,3736,874,0.261220842731514,222,"{""devolucion_origen"": 17, ""entrega_sin_recogida"": 258, ""fisico"": 275, ""fuera_servicio"": 0, ""tope"": 0, ""visitas"": 0}",6115,6115,0,0,0,2904,0,14,67,0,74,"[0.611, 0.355, 0.4929, 0.3089, 0.1971, 0.35, 0.1981, 0.3645, 0.5076, 0.2431, 0.2826, 0.5848, 0.3974, 0.1694, 0.1744, 0.1739, 0.2052, 0.171, 0.1709, 0.1782, 0.3364, 0.2001, 0.2001, 0.1867, 0.379, 0.4879, 0.1902, 0.3736, 0.4046, 0.4921, 0.3543, 0.464, 0.3668, 0.429, 0.5729, 0.4884, 0.3402, 0.4753, 0.4431, 0.3664, 0.4221, 0.1797, 0.4698, 0.4079, 0.4181, 0.3195, 0.4489, 0.3335, 0.2138, 0.4468, 0.3564, 0.5242, 0.3024, 0.4572, 0.3249, 0.1772, 0.3489, 0.3187, 0.3082, 0.1819, 0.1803, 0.2168, 0.1824, 0.2143, 0.1767, 0.1817, 0.1926, 0.2159, 0.1778, 0.1846, 0.297, 0.2854, 0.1747, 0.1635]",0.3191271875002712,0.5133736164489163,0.610973582999577,0,25.787,17.0,
2025-08-23|ma_diaria|curva_sel|4|60.0|base|60|todas|onsite,2025-08-23,ma_diaria,curva_sel,4,60.0,base,60,todas,onsite,25808,1549,27357,1389,223,1166,4049,191,841,58,0.2268341439268394,70,"{""devolucion_origen"": 3, ""entrega_sin_recogida"": 23, ""fisico"": 26, ""fuera_servicio"": 0, ""tope"": 0, ""visitas"": 0}",2026,2026,0,0,0,1389,0,14,47,0,74,"[0.2, 0.4164, 0.4157, 0.3995, 0.4229, 0.3949, 0.4436, 0.4726, 0.4309, 0.5496, 0.4419, 0.6273, 0.3223, 0.4022, 0.6326, 0.5225, 0.4758, 0.3294, 0.3297, 0.72, 0.5071, 0.2184, 0.3803, 0.3633, 0.2189, 0.1788, 0.1799, 0.3852, 0.2158, 0.2062, 0.2203, 0.2057, 0.4053, 0.3741, 0.1857, 0.4111, 0.4096, 0.3853, 0.182, 0.4361, 0.4313, 0.4025, 0.3776, 0.2106, 0.22, 0.2225, 0.2035, 0.8092, 0.2068, 0.1878, 0.5196, 0.2107, 0.1997, 0.1892, 0.2087, 0.1843, 0.5797, 0.3824, 0.3782, 0.2132, 0.3647, 0.201, 0.205, 0.2966, 0.3671, 0.2691, 1.523, 0.2916, 0.3174, 0.1883, 0.1966, 0.1761, 0.2574, 0.1742]",0.3465093960003287,0.6291893171002811,1.5229761250011506,0,28.086,3.0,
2025-08-26|ma_diaria|curva_sel|4|60.0|base|60|todas|onsite,2025-08-26,ma_diaria,curva_sel,4,60.0,base,60,todas,onsite,52905,5390,58295,2985,803,2182,12624,473,5117,1489,0.2646546953906183,446,"{""devolucion_origen"": 20, ""entrega_sin_recogida"": 183, ""fisico"": 203, ""fuera_servicio"": 0, ""tope"": 0, ""visitas"": 0}",6322,6322,0,0,0,2985,0,14,67,0,74,"[0.3235, 0.3691, 0.2876, 0.3635, 0.2942, 0.3277, 0.2672, 0.246, 0.4401, 0.4434, 0.2631, 0.2628, 0.1689, 0.1928, 0.1896, 0.1652, 0.1734, 0.1705, 0.1754, 0.1724, 0.195, 0.1747, 0.1794, 0.1977, 0.1817, 0.179, 0.1831, 0.1933, 0.4796, 0.1805, 0.4086, 0.3638, 0.3359, 0.4239, 0.4071, 0.4923, 0.3182, 0.6413, 0.6445, 0.5072, 0.344, 0.5497, 0.406, 0.4002, 0.2892, 0.3495, 0.3558, 0.3286, 0.2053, 0.4107, 0.1773, 0.3842, 0.4686, 0.7613, 0.3898, 0.2038, 0.1811, 0.4454, 0.1998, 0.2058, 0.1991, 0.1754, 0.2038, 0.1901, 0.1957, 0.1932, 0.1765, 0.1773, 0.1753, 0.1789, 0.1868, 0.2864, 0.2853, 0.1775]",0.2629488954989938,0.5220269267498222,0.7613174580001214,0,24.267,20.0,
2025-08-27|ma_diaria|curva_sel|4|60.0|base|60|todas|onsite,2025-08-27,ma_diaria,curva_sel,4,60.0,base,60,todas,onsite,56796,6096,62892,2874,763,2111,12315,500,4909,1538,0.2620889730127743,352,"{""devolucion_origen"": 7, ""entrega_sin_recogida"": 167, ""fisico"": 174, ""fuera_servicio"": 0, ""tope"": 0, ""visitas"": 0}",6161,6161,0,0,0,2874,0,14,67,0,74,"[0.1862, 0.295, 0.3813, 0.383, 0.4095, 0.468, 0.3976, 0.4953, 0.1917, 0.2409, 0.2549, 0.2316, 0.2624, 0.1718, 0.1708, 0.1815, 0.1723, 0.1678, 0.1737, 0.1762, 0.1742, 0.1823, 0.1826, 0.1961, 0.1871, 0.1836, 0.1852, 0.21, 0.2207, 0.2222, 0.3475, 0.3276, 0.4431, 0.1856, 0.3348, 0.3289, 0.6368, 0.4583, 0.3098, 0.3904, 0.3026, 0.5727, 0.3206, 0.554, 0.4607, 0.3158, 0.3877, 0.5048, 0.2954, 0.5937, 0.682, 0.3704, 0.3805, 0.1797, 0.4442, 0.3223, 0.3021, 0.308, 0.1948, 0.1754, 0.1807, 0.1779, 0.1979, 0.179, 0.2134, 0.1965, 0.2076, 0.1971, 0.1862, 0.2009, 0.1991, 0.2891, 0.1894, 0.1649]",0.2362067920021218,0.5605767852999632,0.6819885000004433,0,23.926,7.0,
2025-08-28|ma_diaria|curva_sel|4|60.0|base|60|todas|onsite,2025-08-28,ma_diaria,curva_sel,4,60.0,base,60,todas,onsite,52433,4511,56944,2790,717,2073,11869,424,4122,1023,0.2622426275479366,302,"{""devolucion_origen"": 25, ""entrega_sin_recogida"": 216, ""fisico"": 241, ""fuera_servicio"": 0, ""tope"": 0, ""visitas"": 0}",5947,5947,0,0,0,2790,0,14,67,0,74,"[0.3543, 0.6114, 0.455, 0.3639, 0.3257, 0.2946, 0.3693, 0.3286, 0.4806, 0.284, 0.2891, 0.1709, 0.1821, 0.1715, 0.17, 0.1677, 0.1727, 0.2043, 0.186, 0.1772, 0.202, 0.1815, 0.1793, 0.2098, 0.2123, 0.3952, 0.4026, 0.1825, 0.4619, 0.3939, 0.2101, 0.3355, 0.3702, 0.356, 0.4155, 0.1931, 0.3745, 0.5352, 0.3019, 0.5597, 0.4014, 0.3249, 0.3002, 0.4111, 0.3038, 0.1774, 0.3826, 0.5511, 0.3763, 0.2933, 0.5405, 0.4027, 0.5446, 0.3703, 0.5178, 0.3677, 0.2167, 0.431, 0.3484, 0.1965, 0.2107, 0.2021, 0.1877, 0.2025, 0.1855, 0.1801, 0.2075, 0.186, 0.1946, 0.1841, 0.186, 0.3194, 0.2704, 0.1705]",0.2973689999998896,0.5419130482503532,0.611404166000284,0,24.943,25.0,
2025-08-31|ma_diaria|curva_sel|4|60.0|base|60|todas|onsite,2025-08-31,ma_diaria,curva_sel,4,60.0,base,60,todas,onsite,35787,1656,37443,1482,247,1235,4701,237,1731,70,0.2190500816675617,94,"{""devolucion_origen"": 5, ""entrega_sin_recogida"": 43, ""fisico"": 48, ""fuera_servicio"": 0, ""tope"": 0, ""visitas"": 0}",2353,2353,0,0,0,1482,0,14,57,0,74,"[0.2069, 0.4255, 0.1871, 0.4013, 0.4424, 0.4661, 0.4224, 0.4404, 0.4547, 0.3521, 0.3654, 0.5814, 0.6088, 0.6367, 0.3204, 0.5273, 0.4387, 0.3288, 0.3487, 0.5278, 0.5218, 0.3344, 0.203, 0.3313, 0.1763, 0.325, 0.1953, 0.1806, 0.1938, 0.4839, 0.2058, 0.1856, 0.1951, 0.1913, 0.4345, 0.4013, 0.537, 0.2039, 0.1886, 0.4119, 0.6179, 0.3977, 0.5027, 0.2081, 0.4532, 0.1949, 0.1863, 0.6584, 0.5396, 0.4936, 0.1864, 0.1999, 0.2105, 0.4028, 0.2072, 0.3101, 0.6372, 0.2072, 0.2008, 0.1953, 0.3352, 0.1962, 0.3781, 0.467, 0.3289, 0.8802, 0.2066, 0.39, 0.3178, 0.3148, 0.2028, 0.1803, 0.1843, 0.1826]",0.3328347710012167,0.6244539851020817,0.8801676670009329,0,27.955,5.0,
2025-08-01|lgbm_diario|curva_sel|4|10.0|base|60|todas|onsite,2025-08-01,lgbm_diario,curva_sel,4,10.0,base,60,todas,onsite,24741,3148,27889,3153,812,2341,9488,470,1351,314,0.1822344547581263,115,"{""devolucion_origen"": 116, ""entrega_sin_recogida"": 256, ""fisico"": 372, ""fuera_servicio"": 0, ""tope"": 0, ""visitas"": 0}",4802,4802,0,0,0,3155,2,14,67,0,74,"[0.1884, 0.1814, 0.1905, 0.2076, 0.3391, 0.3411, 0.1892, 0.199, 0.1965, 0.2229, 0.1947, 0.2943, 0.2077, 0.2118, 0.1974, 0.2227, 0.2128, 0.1987, 0.2063, 0.2086, 0.2199, 0.2057, 0.205, 0.203, 0.1898, 0.1879, 0.185, 0.2138, 0.186, 0.2098, 0.2103, 0.7427, 0.3463, 0.4243, 0.6106, 0.6655, 0.4849, 0.336, 0.2232, 0.3264, 0.5124, 0.9518, 0.2066, 0.1926, 0.3394, 0.3593, 0.3692, 0.3108, 0.2269, 0.2186, 0.464, 0.3639, 0.2054, 0.3544, 0.4185, 0.1999, 0.1844, 0.2106, 0.1948, 0.1868, 0.2101, 0.2085, 0.2116, 0.2126, 0.19, 0.2022, 0.1965, 0.1864, 0.2018, 0.3593, 0.1912, 0.1833, 0.1863, 0.1772]",0.2091839999993681,0.5467747914512069,0.9517840840017016,0,22.592,116.0,
2025-08-04|lgbm_diario|curva_sel|4|10.0|base|60|todas|onsite,2025-08-04,lgbm_diario,curva_sel,4,10.0,base,60,todas,onsite,37697,3613,41310,3841,931,2910,12967,553,2898,851,0.2219380052541671,255,"{""devolucion_origen"": 85, ""entrega_sin_recogida"": 203, ""fisico"": 288, ""fuera_servicio"": 0, ""tope"": 0, ""visitas"": 0}",6526,6526,0,0,0,3843,2,14,67,0,74,"[0.3457, 0.399, 0.6543, 0.5363, 0.6003, 0.3331, 0.3252, 0.2855, 0.2775, 0.2102, 0.2125, 0.3054, 0.1763, 0.1846, 0.1781, 0.1786, 0.1871, 0.1779, 0.1985, 0.1892, 0.2065, 0.1802, 0.1848, 0.1902, 0.1881, 0.2139, 0.2046, 0.23, 0.2218, 0.2136, 0.2245, 0.2058, 0.2152, 0.1944, 0.3976, 0.7304, 0.6621, 0.5809, 0.3848, 0.4202, 0.3591, 0.3785, 0.2017, 0.4937, 0.4479, 0.2194, 0.5753, 0.4148, 0.4444, 0.5026, 0.5864, 0.4326, 0.1811, 0.4041, 0.4054, 0.1804, 0.1836, 0.1849, 0.1835, 0.2003, 0.2141, 0.2067, 0.2077, 0.2037, 0.1857, 0.1999, 0.1983, 0.1878, 0.1808, 0.1926, 0.1892, 0.1941, 0.1861, 0.1711]",0.2113536249999015,0.5912943914489005,0.7303959170021699,0,24.214,85.0,
2025-08-06|lgbm_diario|curva_sel|4|10.0|base|60|todas|onsite,2025-08-06,lgbm_diario,curva_sel,4,10.0,base,60,todas,onsite,48996,3003,51999,4108,936,3172,14399,532,3801,747,0.2285402758198508,162,"{""devolucion_origen"": 83, ""entrega_sin_recogida"": 325, ""fisico"": 408, ""fuera_servicio"": 0, ""tope"": 0, ""visitas"": 0}",7241,7241,0,0,0,4110,2,14,67,0,74,"[0.4447, 0.6327, 0.5822, 0.2614, 0.3128, 0.3931, 0.3032, 0.2349, 0.2112, 0.3784, 0.4603, 0.3456, 0.2345, 0.1709, 0.1771, 0.1774, 0.1739, 0.2044, 0.1795, 0.2061, 0.1964, 0.1874, 0.215, 0.1984, 0.2083, 0.2237, 0.1882, 0.6761, 0.3591, 0.215, 0.4081, 0.9376, 0.4094, 0.6424, 3.9702, 0.4319, 0.3458, 0.4336, 0.6866, 0.4529, 0.3911, 0.6697, 0.4744, 0.5214, 0.7187, 0.311, 0.5947, 0.3228, 0.4862, 0.4672, 0.352, 0.7836, 0.7076, 0.41, 0.4147, 0.2265, 0.2021, 0.2028, 0.185, 0.1843, 0.1848, 0.2105, 0.1933, 0.2097, 0.1848, 0.1807, 0.2026, 0.1748, 0.182, 0.1764, 0.1791, 0.1758, 0.1767, 0.1658]",0.2481494790008582,0.7114934206019824,3.9702374159969622,0,31.211,83.0,
2025-08-08|lgbm_diario|curva_sel|4|10.0|base|60|todas|onsite,2025-08-08,lgbm_diario,curva_sel,4,10.0,base,60,todas,onsite,34910,3145,38055,3617,864,2753,11483,460,2261,425,0.2015924456342893,327,"{""devolucion_origen"": 57, ""entrega_sin_recogida"": 245, ""fisico"": 302, ""fuera_servicio"": 0, ""tope"": 0, ""visitas"": 0}",5770,5770,0,0,0,3625,8,14,67,0,74,"[0.3794, 0.4978, 0.335, 0.6493, 0.7719, 0.2185, 0.336, 0.5122, 0.1909, 0.1978, 0.2026, 0.1955, 0.1992, 0.1741, 0.1759, 0.2025, 0.1844, 0.1954, 0.1779, 0.2059, 0.2327, 0.2395, 0.1908, 0.2049, 0.2213, 0.2008, 0.2235, 0.1908, 0.1925, 0.2319, 0.6516, 0.3853, 0.2107, 0.1893, 0.2136, 1.2022, 1.0039, 0.4264, 0.5568, 0.4261, 0.6775, 0.5448, 0.4111, 0.4184, 0.5756, 0.2922, 0.1856, 0.3008, 0.6233, 0.5098, 0.2254, 0.3577, 0.3702, 0.444, 0.4015, 0.2093, 0.2014, 0.1844, 0.199, 0.1821, 0.1846, 0.1822, 0.1845, 0.1993, 0.181, 0.1849, 0.1845, 0.1883, 0.1803, 0.1851, 0.1889, 0.1844, 0.1825, 0.1705]",0.207565541499207,0.6606989420002718,1.2022026250015188,0,25.743,57.0,
2025-08-09|lgbm_diario|curva_sel|4|10.0|base|60|todas|onsite,2025-08-09,lgbm_diario,curva_sel,4,10.0,base,60,todas,onsite,15833,1351,17184,1631,282,1349,3748,197,504,50,0.2200476391832865,106,"{""devolucion_origen"": 0, ""entrega_sin_recogida"": 3, ""fisico"": 3, ""fuera_servicio"": 0, ""tope"": 0, ""visitas"": 0}",1874,1874,0,0,0,1633,2,14,67,0,74,"[0.1798, 0.183, 0.5632, 0.4024, 0.2283, 0.4308, 0.3908, 0.3881, 0.8043, 0.207, 0.373, 0.2024, 0.3449, 0.514, 1.3469, 0.4768, 0.3654, 0.2184, 0.9284, 0.1884, 0.2112, 0.4771, 0.1941, 0.2113, 0.2056, 0.1838, 0.1847, 0.2025, 0.2035, 0.1878, 0.2008, 0.2024, 0.185, 0.1866, 0.1858, 0.2106, 0.1984, 0.2086, 0.2209, 0.5385, 0.2106, 0.7239, 0.891, 0.1875, 0.7748, 0.2, 0.2194, 0.8164, 0.2065, 0.1919, 0.1947, 0.3399, 0.184, 0.2115, 0.1859, 0.194, 0.2095, 0.2067, 0.2155, 0.2199, 0.1995, 0.2162, 0.1911, 0.209, 0.205, 0.205, 0.2118, 0.1838, 0.1919, 0.1929, 0.179, 0.1922, 0.1908, 0.308]",0.2078348750001168,0.808512077198975,1.3468997080017289,0,24.83,0.0,
2025-08-11|lgbm_diario|curva_sel|4|10.0|base|60|todas|onsite,2025-08-11,lgbm_diario,curva_sel,4,10.0,base,60,todas,onsite,38427,3624,42051,3771,942,2829,12743,652,2780,730,0.2307493686088458,175,"{""devolucion_origen"": 77, ""entrega_sin_recogida"": 253, ""fisico"": 330, ""fuera_servicio"": 0, ""tope"": 0, ""visitas"": 0}",6410,6410,0,0,0,3773,2,14,67,0,74,"[0.3088, 0.7406, 0.454, 0.5858, 0.3446, 0.3493, 0.3844, 0.449, 0.2678, 0.4212, 0.2071, 0.2158, 0.2039, 0.1937, 0.2084, 0.2059, 0.2135, 0.2173, 0.1749, 0.1996, 0.1787, 0.2052, 0.1849, 0.2033, 0.1844, 0.2049, 0.2024, 0.1925, 0.2051, 0.1971, 0.2169, 0.1905, 0.41, 0.4278, 0.7054, 1.4965, 2.3249, 0.8087, 0.7086, 0.4819, 0.4251, 0.4935, 0.5234, 0.5919, 0.2014, 0.279, 0.2936, 0.2775, 0.6853, 0.3484, 0.2948, 0.3246, 0.6977, 0.3042, 0.3031, 0.2086, 0.1926, 0.1824, 0.3536, 0.1868, 0.2086, 0.202, 0.2037, 0.2022, 0.1898, 0.1944, 0.2066, 0.1998, 0.188, 0.1872, 0.18, 0.1936, 0.1839, 0.1802]",0.2110702295012743,0.7197843521003959,2.3248684159989352,0,28.343,77.0,
2025-08-12|lgbm_diario|curva_sel|4|10.0|base|60|todas|onsite,2025-08-12,lgbm_diario,curva_sel,4,10.0,base,60,todas,onsite,54244,4353,58597,4242,998,3244,15017,578,3967,931,0.21114658774506,242,"{""devolucion_origen"": 91, ""entrega_sin_recogida"": 294, ""fisico"": 385, ""fuera_servicio"": 0, ""tope"": 0, ""visitas"": 0}",7554,7554,0,0,0,4242,0,14,67,0,74,"[0.5555, 0.4599, 0.5832, 0.2831, 0.4607, 0.365, 0.6483, 0.304, 0.4843, 0.2421, 0.4368, 0.2737, 0.1968, 0.1908, 0.22, 0.1981, 0.1904, 0.181, 0.1973, 0.178, 0.2001, 0.2033, 0.1808, 0.2058, 0.2167, 0.1845, 0.4103, 0.1996, 0.2026, 0.1849, 0.6108, 0.7735, 0.4043, 0.3612, 0.319, 1.0277, 0.735, 0.5819, 0.4782, 0.1918, 0.3056, 0.3807, 0.3851, 0.3234, 0.5633, 0.1853, 0.3095, 0.4394, 0.3564, 0.4009, 0.5659, 0.3659, 0.6755, 0.9604, 1.122, 1.5407, 0.2039, 0.1839, 0.1802, 0.1882, 0.1807, 0.2078, 0.1996, 0.2008, 0.1962, 0.1918, 0.1845, 0.1876, 0.1758, 0.1838, 0.1763, 0.174, 0.1811, 0.1751]",0.2310606669980188,0.8389057705018775,1.5406796659990505,0,29.005,91.0,
2025-08-13|lgbm_diario|curva_sel|4|10.0|base|60|todas|onsite,2025-08-13,lgbm_diario,curva_sel,4,10.0,base,60,todas,onsite,40476,4596,45072,3671,838,2833,12457,568,2797,698,0.2619063180585151,170,"{""devolucion_origen"": 157, ""entrega_sin_recogida"": 364, ""fisico"": 521, ""fuera_servicio"": 0, ""tope"": 0, ""visitas"": 0}",6307,6307,0,0,0,3673,2,14,67,0,74,"[0.477, 0.2604, 0.408, 0.2437, 0.3229, 0.1994, 0.3342, 0.2312, 0.3243, 0.2869, 0.1804, 0.4729, 0.1912, 0.1996, 0.1814, 0.2052, 0.1723, 0.1781, 0.1944, 0.1753, 0.1755, 0.2071, 0.2112, 0.3716, 0.437, 0.1878, 0.5047, 0.4548, 0.6176, 0.3886, 0.2199, 0.1938, 0.552, 0.2038, 0.3482, 0.6845, 0.6405, 0.1852, 0.4646, 0.5342, 0.3929, 0.533, 0.1863, 0.6289, 0.5065, 0.7044, 0.4963, 0.621, 0.3107, 0.2131, 0.3347, 0.3151, 0.2091, 0.626, 0.744, 0.1902, 0.2197, 0.1916, 0.3654, 0.1888, 0.1881, 0.9132, 0.1921, 0.2024, 0.1819, 0.1861, 0.1836, 0.6385, 0.1978, 0.1772, 0.1942, 0.1741, 0.1894, 0.1768]",0.2255559169989283,0.6559368141506636,0.9131566659998498,0,26.925,157.0,
2025-08-16|lgbm_diario|curva_sel|4|10.0|base|60|todas|onsite,2025-08-16,lgbm_diario,curva_sel,4,10.0,base,60,todas,onsite,25261,1613,26874,1855,273,1582,4177,157,901,67,0.2231972274044757,53,"{""devolucion_origen"": 1, ""entrega_sin_recogida"": 4, ""fisico"": 5, ""fuera_servicio"": 0, ""tope"": 0, ""visitas"": 0}",2089,2089,0,0,0,1857,2,14,67,0,74,"[0.1912, 0.1889, 0.2101, 0.205, 0.1892, 0.2023, 1.8299, 0.3803, 0.3906, 0.4041, 0.4131, 1.0271, 3.1984, 0.4039, 0.5262, 0.9782, 0.3541, 0.3505, 0.3398, 0.4633, 0.2071, 0.4846, 0.2029, 0.1833, 0.1999, 0.1865, 0.7492, 0.2049, 0.187, 0.2199, 0.197, 0.1821, 0.2015, 0.2048, 0.2165, 0.1961, 0.2071, 0.4504, 0.2051, 0.2197, 0.2121, 0.2113, 0.4499, 0.4156, 0.2144, 0.2094, 0.1883, 0.1938, 0.5846, 0.3123, 0.228, 0.2043, 0.1893, 0.2051, 0.5782, 0.5465, 0.3268, 0.2018, 0.2031, 0.2125, 0.192, 0.1931, 0.3987, 0.4925, 0.1839, 0.2017, 0.2066, 0.1937, 0.1793, 0.1846, 0.1784, 0.1825, 0.1752, 0.1792]",0.2070889789993089,0.8293808392496418,3.198354333999305,0,28.488,1.0,
2025-08-18|lgbm_diario|curva_sel|4|10.0|base|60|todas|onsite,2025-08-18,lgbm_diario,curva_sel,4,10.0,base,60,todas,onsite,48023,3390,51413,4023,884,3139,13039,517,3219,743,0.2454946573245531,209,"{""devolucion_origen"": 95, ""entrega_sin_recogida"": 268, ""fisico"": 363, ""fuera_servicio"": 0, ""tope"": 0, ""visitas"": 0}",6567,6567,0,0,0,4025,2,14,67,0,74,"[0.5233, 0.5393, 0.3422, 0.4506, 0.4056, 0.3945, 0.3585, 0.3879, 0.2911, 0.4226, 0.5516, 0.5121, 0.2055, 0.1888, 0.1719, 0.1862, 0.1718, 0.1738, 0.1969, 0.1968, 0.2015, 0.2009, 0.2012, 0.2064, 0.1945, 0.6726, 0.4671, 0.1856, 0.4508, 0.3972, 0.1885, 0.7694, 0.3643, 0.4364, 0.6034, 0.6322, 0.8929, 0.5302, 0.5103, 0.5038, 0.3708, 0.3199, 0.3271, 0.3237, 0.3535, 0.2186, 0.3573, 0.3585, 0.6192, 0.2547, 0.2962, 0.3279, 0.5974, 0.2019, 0.2982, 0.2189, 0.2071, 0.1832, 0.2106, 0.3225, 0.2211, 0.2232, 0.3275, 0.1907, 0.2009, 0.1965, 0.2028, 0.1777, 0.1923, 0.1865, 0.1977, 0.1928, 0.1806, 0.1772]",0.2971915210000588,0.6237494521996267,0.8928814169994439,0,26.936,95.0,
2025-08-23|lgbm_diario|curva_sel|4|10.0|base|60|todas|onsite,2025-08-23,lgbm_diario,curva_sel,4,10.0,base,60,todas,onsite,21327,1277,22604,1916,284,1632,4336,181,749,81,0.225056476568992,71,"{""devolucion_origen"": 2, ""entrega_sin_recogida"": 27, ""fisico"": 29, ""fuera_servicio"": 0, ""tope"": 0, ""visitas"": 0}",2169,2169,0,0,0,1922,6,14,67,0,74,"[0.1849, 0.7079, 0.5554, 0.3798, 0.7092, 0.1844, 0.4232, 4.0921, 0.3554, 0.351, 0.4159, 0.4651, 0.3551, 1.4019, 0.2166, 0.4985, 0.2203, 0.2188, 0.2123, 0.4062, 0.2128, 0.189, 0.1887, 0.3573, 0.4425, 0.2127, 0.1874, 0.5842, 0.2098, 0.2183, 0.2062, 0.1853, 0.186, 0.472, 0.651, 0.2106, 0.1867, 0.5325, 0.1912, 0.3875, 0.5424, 0.1858, 0.6239, 0.2058, 0.2086, 0.2178, 0.6691, 0.2145, 0.1932, 0.2146, 0.7363, 0.4084, 0.1902, 0.3632, 0.1889, 0.2123, 0.7662, 0.213, 0.2132, 0.211, 0.3323, 0.2057, 0.2128, 0.2065, 0.2203, 0.2026, 0.1903, 0.1937, 0.2391, 0.1906, 0.2004, 0.1833, 0.1731, 0.1737]",0.2145769585022208,0.7186738583475742,4.092054958000517,0,30.054,2.0,
2025-08-26|lgbm_diario|curva_sel|4|10.0|base|60|todas|onsite,2025-08-26,lgbm_diario,curva_sel,4,10.0,base,60,todas,onsite,47516,4644,52160,4127,1010,3117,14673,459,4225,1240,0.2409174483384707,377,"{""devolucion_origen"": 91, ""entrega_sin_recogida"": 247, ""fisico"": 338, ""fuera_servicio"": 0, ""tope"": 0, ""visitas"": 0}",7382,7382,0,0,0,4133,6,14,67,0,74,"[0.4736, 0.6229, 0.6974, 0.5284, 0.4323, 0.5159, 0.3813, 0.2803, 0.3431, 0.21, 0.1998, 0.3017, 0.1995, 0.1735, 0.2121, 0.1926, 0.1691, 0.1749, 0.1937, 0.2024, 0.1843, 0.2074, 0.1778, 0.1868, 0.2199, 0.179, 0.217, 0.1839, 0.1836, 0.2097, 0.2222, 0.208, 0.532, 0.6607, 1.1936, 0.6479, 0.8258, 0.4254, 0.3986, 0.7357, 0.4338, 0.8489, 0.5824, 0.6285, 0.2102, 0.2068, 0.6951, 0.513, 0.7317, 0.4571, 0.6327, 0.707, 0.2933, 0.4806, 0.4032, 0.2011, 0.2019, 0.3203, 0.1853, 0.2076, 0.1928, 0.2085, 0.1828, 0.226, 0.183, 0.2055, 0.1843, 0.1823, 0.178, 0.1943, 0.1826, 0.1783, 0.3275, 0.1765]",0.2145478124984947,0.7331151955002496,1.1935752499994123,0,28.516,91.0,
2025-08-27|lgbm_diario|curva_sel|4|10.0|base|60|todas|onsite,2025-08-27,lgbm_diario,curva_sel,4,10.0,base,60,todas,onsite,52101,4784,56885,4081,998,3083,14457,486,4147,1154,0.239998963986469,312,"{""devolucion_origen"": 75, ""entrega_sin_recogida"": 224, ""fisico"": 299, ""fuera_servicio"": 0, ""tope"": 0, ""visitas"": 0}",7266,7266,0,0,0,4083,2,14,67,0,74,"[0.4483, 0.3834, 0.3208, 0.4022, 0.4418, 0.3545, 0.1789, 0.2494, 0.1736, 0.2382, 0.2672, 0.3538, 0.179, 0.3459, 0.1774, 0.1738, 0.1742, 0.2044, 0.1752, 0.1746, 0.1995, 0.3669, 0.2024, 0.1822, 0.2034, 0.182, 0.2029, 0.1794, 0.1845, 0.1886, 0.1843, 0.67, 0.5691, 0.332, 0.473, 0.4134, 0.6092, 0.3882, 0.5263, 0.2146, 0.7814, 0.3038, 0.4906, 0.526, 0.1962, 0.1986, 0.2231, 0.7147, 0.2953, 0.1772, 0.4262, 0.6509, 0.4142, 0.717, 0.6386, 0.403, 0.2037, 0.1815, 0.1829, 0.1949, 0.1866, 0.2132, 0.2152, 0.1824, 0.1851, 0.1875, 0.2015, 0.1772, 0.1935, 0.1827, 0.188, 0.1737, 0.1855, 0.1723]",0.204060500000196,0.6575530188478296,0.7814077500006533,0,24.958,75.0,
2025-08-28|lgbm_diario|curva_sel|4|10.0|base|60|todas|onsite,2025-08-28,lgbm_diario,curva_sel,4,10.0,base,60,todas,onsite,47136,4321,51457,3944,961,2983,13576,500,3485,967,0.2534102143766501,272,"{""devolucion_origen"": 74, ""entrega_sin_recogida"": 258, ""fisico"": 332, ""fuera_servicio"": 0, ""tope"": 0, ""visitas"": 0}",6825,6825,0,0,0,3948,4,14,67,1,74,"[0.5371, 0.3659, 0.5722, 0.2051, 0.3982, 0.2771, 0.1964, 0.2596, 0.3927, 0.3747, 0.4578, 0.2529, 0.2052, 0.1753, 0.1702, 0.1939, 0.1759, 0.1939, 0.1791, 0.2033, 0.196, 0.1849, 0.2113, 0.2226, 0.2214, 0.195, 0.2019, 0.1998, 0.2133, 0.3855, 0.4217, 0.3578, 0.5932, 10.0079, 0.3244, 0.6039, 0.5232, 0.4572, 0.6427, 0.3899, 0.5387, 0.5355, 0.637, 0.4053, 0.3385, 0.3897, 0.6056, 0.5489, 0.2122, 0.2849, 0.3143, 0.4648, 0.3349, 0.3537, 0.3768, 0.2063, 0.2174, 0.4054, 0.1835, 0.1987, 0.2228, 0.1979, 0.1828, 0.1858, 0.2113, 0.183, 0.1982, 0.3173, 0.191, 0.1773, 0.1883, 0.1802, 0.1711, 0.1755]",0.2378517709985317,0.6045015732508545,10.0078835839995,0,35.144,74.0,
2025-08-31|lgbm_diario|curva_sel|4|10.0|base|60|todas|onsite,2025-08-31,lgbm_diario,curva_sel,4,10.0,base,60,todas,onsite,33351,1467,34818,2290,363,1927,5355,257,1770,88,0.22224024595117,76,"{""devolucion_origen"": 17, ""entrega_sin_recogida"": 106, ""fisico"": 123, ""fuera_servicio"": 0, ""tope"": 0, ""visitas"": 0}",2686,2686,0,0,0,2292,2,14,67,0,74,"[0.1833, 0.2204, 0.2214, 0.4332, 0.7766, 0.5432, 0.4511, 0.1863, 0.5134, 0.4752, 0.4705, 0.4266, 0.6711, 0.3251, 0.3798, 0.4849, 0.4815, 0.1857, 0.1828, 0.1859, 0.1874, 0.1921, 0.1824, 0.1815, 0.2143, 0.2121, 0.1844, 0.2045, 0.1866, 0.1887, 0.3825, 0.1938, 0.1856, 0.1845, 0.1913, 0.219, 0.4497, 0.1881, 0.2198, 0.7354, 0.216, 0.1878, 0.4147, 0.7677, 1.3704, 0.1906, 0.1931, 0.4559, 0.6663, 0.5063, 1.6194, 0.1889, 0.203, 1.0671, 0.9743, 0.1967, 0.4346, 0.5608, 0.3125, 0.2253, 0.3206, 0.4168, 0.1844, 0.5238, 0.4201, 0.2171, 0.1842, 0.4804, 0.1963, 0.2438, 0.3428, 0.235, 0.1848, 0.1794]",0.2233633960004226,0.8457682437514439,1.6194205830033752,0,29.615,17.0,
2025-08-01|lgbm_diario|curva_sel|4|15.0|base|60|todas|onsite,2025-08-01,lgbm_diario,curva_sel,4,15.0,base,60,todas,onsite,24753,3435,28188,2950,751,2199,9309,461,1357,394,0.1792844385091832,125,"{""devolucion_origen"": 95, ""entrega_sin_recogida"": 241, ""fisico"": 336, ""fuera_servicio"": 0, ""tope"": 0, ""visitas"": 0}",4702,4702,0,0,0,2950,0,14,67,0,74,"[0.2097, 0.2086, 0.1843, 0.2925, 0.1834, 0.178, 0.1929, 0.1849, 0.2053, 0.2128, 0.2143, 0.2078, 0.2052, 0.2099, 0.2075, 0.2075, 0.209, 0.2082, 0.2113, 0.2041, 0.1821, 0.2062, 0.1849, 0.2228, 0.1879, 0.2143, 0.2054, 0.188, 0.2026, 0.2073, 0.3759, 0.3612, 0.5456, 0.4189, 0.5356, 0.9914, 0.6368, 0.4763, 0.207, 0.6363, 0.3638, 0.3662, 0.1962, 0.2178, 0.3881, 0.5156, 0.575, 0.4295, 0.1846, 0.6249, 0.6404, 0.2076, 0.5647, 0.7988, 0.3893, 0.1843, 0.2212, 0.1999, 0.2152, 0.1895, 0.2181, 0.2142, 0.1829, 0.2009, 0.2126, 0.2001, 0.2005, 0.1971, 0.1986, 0.1801, 1.073, 0.1735, 0.1755, 0.2107]",0.2088071460002538,0.6380894442987483,1.0729605419983272,0,24.704,95.0,
2025-08-04|lgbm_diario|curva_sel|4|15.0|base|60|todas|onsite,2025-08-04,lgbm_diario,curva_sel,4,15.0,base,60,todas,onsite,38703,3961,42664,3739,930,2809,12810,553,2875,928,0.2154318220506589,250,"{""devolucion_origen"": 78, ""entrega_sin_recogida"": 205, ""fisico"": 283, ""fuera_servicio"": 0, ""tope"": 0, ""visitas"": 0}",6444,6444,0,0,0,3739,0,14,67,0,74,"[0.3556, 0.3509, 0.7245, 0.2919, 0.6499, 0.1836, 0.3074, 0.5158, 0.2762, 0.1953, 0.1961, 0.2823, 0.3612, 0.1918, 0.1951, 0.1878, 0.1765, 0.1998, 0.1769, 0.1969, 0.1798, 0.2002, 0.3528, 0.1828, 0.1794, 0.2021, 0.2097, 0.2048, 0.205, 0.2111, 0.1902, 0.2235, 0.2162, 0.2318, 0.2217, 0.5685, 0.5856, 0.3676, 0.3563, 0.9996, 0.3633, 0.3302, 0.3122, 0.3214, 0.5716, 0.664, 0.6442, 0.3703, 0.4568, 0.3583, 0.2977, 0.3079, 0.2939, 0.786, 0.7991, 0.2004, 0.2051, 0.2314, 0.1967, 0.2009, 0.2119, 0.1839, 0.2029, 0.1795, 0.1999, 0.1775, 0.178, 0.1762, 0.1933, 0.1747, 0.1839, 0.1785, 0.1781, 0.2066]",0.2115000840021821,0.6852154710477404,0.9995820830008596,0,25.035,78.0,
2025-08-06|lgbm_diario|curva_sel|4|15.0|base|60|todas|onsite,2025-08-06,lgbm_diario,curva_sel,4,15.0,base,60,todas,onsite,49206,3075,52281,4042,951,3091,14392,532,3788,808,0.2255783416837112,164,"{""devolucion_origen"": 84, ""entrega_sin_recogida"": 324, ""fisico"": 408, ""fuera_servicio"": 0, ""tope"": 0, ""visitas"": 0}",7238,7238,0,0,0,4046,4,14,67,0,74,"[0.4243, 0.6835, 0.5299, 0.279, 0.2699, 0.4038, 0.3261, 0.2394, 0.2053, 0.6412, 0.2411, 0.2042, 0.4957, 0.1966, 0.201, 0.1964, 0.173, 0.1964, 0.1821, 0.1759, 0.2071, 0.1807, 0.2033, 0.1838, 0.2154, 0.2137, 0.2071, 0.3413, 0.3409, 0.4696, 0.4346, 0.5359, 0.5297, 0.475, 0.3609, 0.1836, 0.3444, 0.7913, 0.3304, 0.6258, 0.3414, 0.4212, 0.2718, 0.4346, 0.4068, 0.3802, 0.482, 0.3025, 0.1848, 0.329, 0.438, 0.6546, 0.7126, 0.6193, 0.3144, 0.2053, 0.2098, 0.1928, 0.3739, 0.1865, 0.216, 0.1884, 0.3275, 0.1857, 0.1828, 0.202, 0.1799, 0.1836, 0.1775, 0.1754, 0.1741, 0.1816, 0.1861, 0.1769]",0.2555231250007637,0.6458980562518263,0.7912805000014487,0,26.083,84.0,
2025-08-08|lgbm_diario|curva_sel|4|15.0|base|60|todas|onsite,2025-08-08,lgbm_diario,curva_sel,4,15.0,base,60,todas,onsite,36279,3183,39462,3471,826,2645,11415,467,2412,523,0.1990670507503453,335,"{""devolucion_origen"": 59, ""entrega_sin_recogida"": 230, ""fisico"": 289, ""fuera_servicio"": 0, ""tope"": 0, ""visitas"": 0}",5737,5737,0,0,0,3471,0,14,67,0,74,"[0.3554, 0.4886, 0.2149, 0.3939, 0.5076, 0.2192, 0.5459, 0.2797, 0.1931, 0.2095, 0.1751, 0.2002, 0.178, 0.1715, 0.1735, 0.1771, 0.1797, 0.2049, 0.1817, 0.1833, 0.206, 0.1904, 0.204, 0.1826, 0.2067, 0.2078, 0.192, 0.1861, 0.1992, 0.2145, 0.1859, 0.5209, 0.1845, 0.3309, 0.5111, 0.3712, 0.4994, 0.5852, 0.4821, 0.5314, 0.4211, 0.3569, 0.3832, 0.5443, 0.2292, 0.3233, 0.4288, 0.5304, 0.4034, 0.7546, 0.2949, 0.4154, 0.343, 9.6268, 0.3288, 0.2044, 0.1881, 0.2087, 0.1998, 0.3291, 0.2074, 0.3446, 0.3329, 0.1991, 0.1926, 0.1962, 0.1757, 0.1893, 0.1918, 0.176, 0.1858, 0.1761, 0.1845, 0.1707]",0.2082741249996615,0.5448334085511306,9.626750915998857,0,33.249,59.0,
2025-08-09|lgbm_diario|curva_sel|4|15.0|base|60|todas|onsite,2025-08-09,lgbm_diario,curva_sel,4,15.0,base,60,todas,onsite,15969,1386,17355,1549,245,1304,3736,199,532,55,0.2236018465221405,98,"{""devolucion_origen"": 0, ""entrega_sin_recogida"": 6, ""fisico"": 6, ""fuera_servicio"": 0, ""tope"": 0, ""visitas"": 0}",1868,1868,0,0,0,1551,2,14,67,0,74,"[0.191, 0.1949, 0.3233, 0.3308, 0.2097, 0.5549, 0.3961, 0.5884, 0.3964, 0.1933, 0.3948, 0.3657, 1.0547, 0.1873, 1.3086, 0.5661, 0.4939, 0.1923, 0.1895, 0.1883, 0.2082, 0.3794, 0.2035, 0.2175, 0.2161, 0.2143, 0.1859, 0.1851, 0.2026, 0.1916, 0.1904, 0.2208, 0.1876, 0.2123, 0.2228, 0.2178, 0.2206, 0.641, 0.194, 0.4198, 0.2067, 0.2045, 0.2037, 0.1851, 0.2179, 0.1913, 0.2163, 0.1887, 0.1863, 0.2174, 0.2157, 0.3273, 0.3006, 0.1893, 0.2168, 0.2159, 0.2135, 0.3005, 0.1923, 0.2072, 0.1978, 0.2046, 0.1943, 0.205, 0.1872, 0.221, 0.9596, 0.1949, 0.2066, 0.1859, 0.1822, 0.1845, 0.1837, 0.1663]",0.2076586040002439,0.6067911038491727,1.308624458997656,0,23.197,0.0,
2025-08-11|lgbm_diario|curva_sel|4|15.0|base|60|todas|onsite,2025-08-11,lgbm_diario,curva_sel,4,15.0,base,60,todas,onsite,37492,3468,40960,3697,933,2764,12773,652,2720,734,0.2187658858957129,168,"{""devolucion_origen"": 77, ""entrega_sin_recogida"": 258, ""fisico"": 335, ""fuera_servicio"": 0, ""tope"": 0, ""visitas"": 0}",6425,6425,0,0,0,3697,0,14,67,0,74,"[0.3244, 0.8494, 0.5108, 0.1878, 0.4338, 0.5195, 0.2586, 0.2643, 0.2779, 0.2663, 0.2033, 0.3438, 0.1759, 0.181, 0.1876, 0.1714, 0.1792, 0.1773, 0.2008, 0.1804, 0.1823, 0.2034, 0.1971, 0.1982, 0.2074, 0.1856, 0.2085, 0.186, 0.2323, 0.2089, 0.2161, 0.3896, 0.4942, 0.4289, 0.1916, 0.3282, 0.7646, 0.5958, 0.6902, 0.6776, 0.744, 0.5671, 0.4069, 0.7785, 0.4842, 0.2801, 0.2042, 0.4487, 0.2802, 0.5135, 0.5298, 0.4008, 0.3134, 0.4515, 0.3413, 0.2087, 0.2222, 0.2055, 0.222, 0.1824, 0.1844, 0.1871, 0.2092, 0.1862, 0.1823, 0.1813, 0.1815, 0.1952, 0.1789, 0.1752, 0.1729, 0.1686, 0.1748, 0.1777]",0.2090470004986855,0.7090257770993045,0.8493777080002474,0,25.281,77.0,
2025-08-12|lgbm_diario|curva_sel|4|15.0|base|60|todas|onsite,2025-08-12,lgbm_diario,curva_sel,4,15.0,base,60,todas,onsite,55127,4948,60075,4154,1012,3142,14918,578,4024,994,0.2110833560240436,248,"{""devolucion_origen"": 78, ""entrega_sin_recogida"": 298, ""fisico"": 376, ""fuera_servicio"": 0, ""tope"": 0, ""visitas"": 0}",7498,7498,0,0,0,4154,0,14,67,0,74,"[0.576, 0.4294, 0.5852, 0.2626, 0.3215, 0.51, 0.3532, 0.3234, 0.4119, 0.4192, 0.2698, 0.5147, 0.3513, 0.203, 0.2117, 0.1763, 0.2073, 0.1873, 0.2104, 0.2005, 0.1769, 0.2057, 0.2104, 0.1806, 0.1976, 0.2061, 0.6123, 0.1908, 0.351, 0.1842, 0.1917, 0.5532, 0.3327, 0.4399, 0.4495, 0.4126, 0.5833, 0.811, 0.7935, 0.5034, 0.186, 0.3398, 0.445, 0.5187, 0.3658, 0.2061, 0.2914, 0.1936, 0.3039, 0.3841, 0.6111, 0.2983, 0.3503, 0.3741, 0.376, 0.3091, 0.1821, 0.1807, 0.1925, 0.1777, 0.1799, 0.1853, 0.1856, 0.1808, 0.2008, 0.1779, 0.1819, 0.1968, 0.1879, 0.2028, 0.1823, 0.1775, 0.1792, 0.2121]",0.2373348544988403,0.5942614953986775,0.8109679580011289,0,25.688,78.0,
2025-08-13|lgbm_diario|curva_sel|4|15.0|base|60|todas|onsite,2025-08-13,lgbm_diario,curva_sel,4,15.0,base,60,todas,onsite,41076,4617,45693,3619,850,2769,12472,568,2798,681,0.260199147641538,172,"{""devolucion_origen"": 144, ""entrega_sin_recogida"": 393, ""fisico"": 537, ""fuera_servicio"": 0, ""tope"": 0, ""visitas"": 0}",6308,6308,0,0,0,3623,4,14,67,0,74,"[0.4651, 0.2617, 0.3527, 0.2579, 0.2862, 0.3328, 0.2824, 0.2326, 0.2474, 0.494, 0.4498, 0.3083, 0.2927, 0.1899, 0.1818, 0.1918, 0.1691, 0.1903, 0.1738, 0.198, 0.1779, 0.1959, 0.2008, 0.1975, 0.3649, 0.1876, 0.3852, 0.3729, 0.3399, 0.3292, 0.1889, 0.2152, 0.3327, 0.1916, 1.0211, 0.7101, 0.8145, 0.2157, 0.4922, 0.3609, 0.4727, 0.4571, 0.5816, 0.2912, 0.319, 0.2342, 0.3655, 0.3951, 0.316, 0.3486, 0.5981, 0.3787, 0.201, 0.3404, 0.3672, 0.2021, 0.2109, 0.186, 0.1905, 0.1862, 0.2055, 0.371, 0.1882, 0.2022, 0.1912, 0.1961, 0.2074, 0.2036, 0.1805, 0.1796, 0.1923, 0.1752, 0.1707, 0.203]",0.2408144165019621,0.5873936687483364,1.021079166999698,0,24.663,144.0,
2025-08-16|lgbm_diario|curva_sel|4|15.0|base|60|todas|onsite,2025-08-16,lgbm_diario,curva_sel,4,15.0,base,60,todas,onsite,26970,1737,28707,1830,276,1554,4185,153,1014,88,0.2178204229316123,55,"{""devolucion_origen"": 1, ""entrega_sin_recogida"": 6, ""fisico"": 7, ""fuera_servicio"": 0, ""tope"": 0, ""visitas"": 0}",2093,2093,0,0,0,1834,4,14,67,0,74,"[0.1812, 0.2746, 0.2304, 0.3792, 0.2084, 0.1913, 1.5623, 0.7872, 0.5474, 0.385, 0.6139, 1.2603, 0.3234, 0.2146, 0.4878, 0.5204, 0.6338, 0.3544, 0.4492, 0.4168, 0.2147, 0.4946, 0.1848, 0.1805, 0.1868, 0.1869, 0.2111, 0.2055, 0.1863, 0.1854, 0.1875, 0.1863, 0.1879, 0.1942, 0.3936, 0.3965, 0.2169, 0.537, 0.2148, 0.2136, 0.1886, 0.2237, 2.3479, 0.1901, 0.1927, 0.185, 0.2193, 0.6744, 0.6871, 0.4907, 0.2889, 0.1889, 0.5831, 0.1868, 0.2074, 0.1878, 0.6755, 0.2071, 0.1883, 0.2109, 0.1865, 0.2108, 0.4367, 0.1849, 0.1833, 0.1828, 0.2246, 0.1833, 0.1953, 0.19, 0.201, 0.1861, 0.1837, 0.1965]",0.2109967915002926,0.7221681664514102,2.347934791003354,0,28.381,1.0,
2025-08-18|lgbm_diario|curva_sel|4|15.0|base|60|todas|onsite,2025-08-18,lgbm_diario,curva_sel,4,15.0,base,60,todas,onsite,47889,3732,51621,3958,880,3078,13062,517,3183,784,0.2375475774282283,211,"{""devolucion_origen"": 82, ""entrega_sin_recogida"": 300, ""fisico"": 382, ""fuera_servicio"": 0, ""tope"": 0, ""visitas"": 0}",6572,6572,0,0,0,3962,4,14,67,0,74,"[0.4821, 0.5814, 0.3566, 0.4382, 0.4011, 0.4424, 0.4007, 0.2769, 0.3425, 0.3057, 0.4429, 0.5211, 0.198, 0.1719, 0.1707, 0.1715, 0.1715, 0.1728, 0.1701, 0.1774, 0.1768, 0.1791, 0.183, 0.1857, 0.1855, 0.188, 0.2119, 0.2203, 0.2103, 0.2121, 0.512, 0.4786, 0.4765, 0.5833, 0.7281, 0.3241, 0.3233, 0.5903, 0.547, 0.5663, 0.3337, 0.4704, 0.466, 0.4205, 0.3027, 0.9892, 0.6289, 0.2757, 0.4232, 0.4356, 0.3051, 0.5964, 0.3719, 0.456, 0.3451, 0.3089, 0.2064, 0.2108, 0.2181, 0.1875, 0.202, 0.182, 0.1861, 0.184, 0.1845, 0.1804, 0.176, 0.1745, 0.1796, 0.1758, 0.1756, 0.1878, 0.1752, 0.193]",0.2763053540002147,0.5924038710492823,0.989230958999542,0,26.333,82.0,
2025-08-23|lgbm_diario|curva_sel|4|15.0|base|60|todas|onsite,2025-08-23,lgbm_diario,curva_sel,4,15.0,base,60,todas,onsite,21304,1050,22354,1886,293,1593,4349,190,749,46,0.2205166397605165,67,"{""devolucion_origen"": 1, ""entrega_sin_recogida"": 12, ""fisico"": 13, ""fuera_servicio"": 0, ""tope"": 0, ""visitas"": 0}",2175,2175,0,0,0,1892,6,14,67,0,74,"[0.21, 0.3559, 0.878, 0.3767, 0.8943, 0.4352, 0.1952, 0.6491, 0.604, 0.5257, 0.614, 0.3649, 0.5371, 0.8329, 0.436, 0.5932, 0.2144, 0.2148, 0.2121, 0.2019, 0.7622, 0.2114, 0.1868, 0.1851, 0.1926, 0.1838, 0.1818, 0.8404, 0.2073, 0.1908, 0.1878, 0.2093, 0.1941, 0.1899, 0.2033, 0.7124, 0.2139, 0.4382, 0.2237, 0.365, 0.4393, 0.3716, 0.6327, 0.2109, 0.1902, 0.2141, 0.194, 0.6661, 0.1985, 0.2132, 0.5322, 0.7773, 0.2068, 0.2133, 0.4045, 0.2044, 0.3715, 0.5, 0.2169, 0.1886, 0.2219, 0.1901, 0.2125, 0.1898, 0.1934, 0.3157, 0.1937, 0.1931, 0.9967, 0.1942, 0.201, 0.1939, 0.1895, 0.1716]",0.2136224580008274,0.8354875084500235,0.9967410000026576,0,28.09,1.0,
2025-08-26|lgbm_diario|curva_sel|4|15.0|base|60|todas|onsite,2025-08-26,lgbm_diario,curva_sel,4,15.0,base,60,todas,onsite,47501,4231,51732,3987,963,3024,14432,464,4177,1145,0.2360810249075472,369,"{""devolucion_origen"": 92, ""entrega_sin_recogida"": 237, ""fisico"": 329, ""fuera_servicio"": 0, ""tope"": 0, ""visitas"": 0}",7262,7262,0,0,0,3991,4,14,67,0,74,"[0.4887, 0.8741, 0.5863, 0.2688, 0.4934, 0.6061, 0.3517, 0.4765, 0.2815, 0.4226, 0.2725, 0.5386, 0.1724, 0.1786, 0.1952, 0.195, 0.1915, 0.1753, 0.1904, 0.172, 0.1736, 0.1955, 0.1734, 0.179, 0.1785, 0.1864, 0.1876, 0.1985, 0.1869, 0.3364, 0.7377, 0.2208, 0.1892, 0.8064, 0.5667, 0.674, 0.4035, 0.5049, 0.3746, 0.9957, 0.4088, 1.0324, 0.2863, 0.5897, 0.4334, 0.5919, 0.3595, 0.4593, 0.4538, 0.452, 0.2736, 0.3737, 0.623, 0.7599, 0.5802, 0.1823, 0.1824, 0.3296, 0.1857, 0.2065, 0.1831, 0.1857, 0.1851, 0.1835, 0.1944, 0.1949, 0.1766, 0.1766, 0.1755, 0.1778, 0.1912, 0.1806, 0.1764, 0.1973]",0.2448133755005983,0.7761650210495643,1.032358459000534,0,28.428,92.0,
2025-08-27|lgbm_diario|curva_sel|4|15.0|base|60|todas|onsite,2025-08-27,lgbm_diario,curva_sel,4,15.0,base,60,todas,onsite,52911,5082,57993,3988,973,3015,14406,479,4249,1236,0.236743250253213,316,"{""devolucion_origen"": 74, ""entrega_sin_recogida"": 208, ""fisico"": 282, ""fuera_servicio"": 0, ""tope"": 0, ""visitas"": 0}",7240,7240,0,0,0,3992,4,14,67,0,74,"[0.4584, 0.3792, 0.388, 0.4059, 0.3189, 0.5312, 0.2872, 0.2649, 0.4902, 0.4991, 0.2848, 0.3796, 0.1883, 0.1702, 0.1909, 0.1962, 0.2, 0.2017, 0.2121, 0.208, 0.2073, 0.181, 0.1964, 0.2118, 0.2234, 0.2075, 0.1918, 0.1949, 0.2256, 0.2216, 0.2093, 0.34, 0.358, 0.2161, 0.3486, 0.5989, 0.7656, 0.6554, 0.6417, 0.8155, 0.3055, 0.5006, 0.6012, 0.6387, 0.5199, 0.4389, 0.4145, 0.4016, 0.3296, 0.3887, 0.4182, 0.5028, 0.3225, 0.6842, 0.4712, 0.4547, 0.1814, 0.2137, 0.1825, 0.2047, 0.1869, 0.185, 0.1852, 0.1872, 0.1891, 0.2055, 0.1879, 0.2056, 0.1828, 0.1844, 0.186, 0.1747, 0.1706, 0.1704]",0.2244957920011074,0.6464767481493253,0.815503792000527,0,26.549,74.0,
2025-08-28|lgbm_diario|curva_sel|4|15.0|base|60|todas|onsite,2025-08-28,lgbm_diario,curva_sel,4,15.0,base,60,todas,onsite,47028,4501,51529,3903,970,2933,13631,500,3448,949,0.2489024116207423,253,"{""devolucion_origen"": 79, ""entrega_sin_recogida"": 234, ""fisico"": 313, ""fuera_servicio"": 0, ""tope"": 0, ""visitas"": 0}",6855,6855,0,0,0,3905,2,14,67,0,74,"[0.525, 0.3843, 0.3387, 0.3456, 0.2365, 0.1836, 0.355, 0.2477, 0.2576, 0.2398, 0.4831, 0.2741, 0.3551, 0.2077, 0.2077, 0.1728, 0.2038, 0.2112, 0.1889, 0.2006, 0.1909, 0.1824, 0.1834, 0.2139, 0.1865, 0.1845, 0.2045, 0.1848, 0.3658, 0.3468, 0.1869, 0.3856, 0.6411, 0.7421, 0.3417, 0.6449, 0.2263, 0.6792, 0.7674, 0.5413, 0.547, 0.3411, 0.3647, 0.7055, 0.5191, 0.4335, 0.2123, 0.3488, 0.3183, 0.3562, 0.32, 0.3032, 0.615, 0.5503, 0.6891, 0.2182, 0.2106, 0.2026, 0.2105, 0.2202, 0.219, 0.215, 0.2153, 0.1999, 0.201, 0.1834, 0.1967, 0.1927, 0.182, 0.1824, 0.1796, 0.175, 0.1757, 0.1707]",0.2232488750014454,0.6826400273008403,0.7673640830034856,0,25.871,79.0,
2025-08-31|lgbm_diario|curva_sel|4|15.0|base|60|todas|onsite,2025-08-31,lgbm_diario,curva_sel,4,15.0,base,60,todas,onsite,32357,1477,33834,2201,358,1843,5211,264,1685,85,0.226178234231005,77,"{""devolucion_origen"": 15, ""entrega_sin_recogida"": 123, ""fisico"": 138, ""fuera_servicio"": 0, ""tope"": 0, ""visitas"": 0}",2613,2613,0,0,0,2201,0,14,67,0,74,"[0.1962, 0.1971, 0.2202, 0.5462, 1.0403, 0.7295, 0.3418, 0.1925, 0.5729, 0.9657, 0.3698, 2.4712, 1.1813, 0.469, 0.4143, 1.1678, 0.6154, 0.2309, 0.2111, 0.3591, 0.1876, 0.2045, 0.2101, 0.2053, 0.2088, 0.1869, 0.1827, 0.1961, 0.1858, 0.2074, 0.4067, 0.2058, 0.1817, 0.2014, 0.1882, 0.5083, 2.4645, 0.2132, 0.1902, 0.2121, 0.4458, 0.1915, 0.4005, 0.7353, 0.419, 0.2193, 0.6071, 0.4393, 0.2289, 0.929, 0.2195, 0.2088, 0.2118, 0.3275, 0.2002, 0.22, 0.3433, 0.5201, 0.3371, 0.1818, 0.1949, 0.1846, 0.1869, 0.5046, 0.7467, 0.4705, 0.3486, 0.1984, 0.7132, 0.2572, 0.2596, 0.2434, 0.1823, 0.1665]",0.2298859790007554,1.0849302187485583,2.471168708001642,0,33.4,15.0,
2025-08-01|lgbm_diario|curva_sel|4|20.0|base|60|todas|onsite,2025-08-01,lgbm_diario,curva_sel,4,20.0,base,60,todas,onsite,24597,3306,27903,2813,714,2099,9250,468,1398,434,0.1780907163356269,133,"{""devolucion_origen"": 92, ""entrega_sin_recogida"": 195, ""fisico"": 287, ""fuera_servicio"": 0, ""tope"": 0, ""visitas"": 0}",4671,4671,0,0,0,2813,0,14,67,0,74,"[0.2086, 0.2876, 0.2125, 0.2268, 0.214, 0.211, 0.2771, 0.1826, 0.1804, 0.1817, 0.1902, 0.172, 0.189, 0.1811, 0.183, 0.1849, 0.1902, 0.1778, 0.1806, 0.1805, 0.1823, 0.1817, 0.2092, 0.222, 0.5226, 0.2016, 0.1885, 0.2329, 0.208, 0.2209, 0.218, 0.4455, 0.5067, 0.3371, 0.3355, 0.4024, 0.4414, 0.582, 0.1816, 0.5112, 0.3515, 0.3351, 0.2208, 0.2167, 0.3975, 0.2125, 0.4739, 0.3293, 0.3118, 0.3175, 0.8573, 0.3714, 0.3407, 0.591, 0.4089, 0.2194, 0.2262, 0.2089, 0.21, 0.205, 0.2109, 0.211, 0.2047, 0.1895, 0.2221, 0.1997, 0.1986, 0.1825, 0.1782, 0.2044, 0.3166, 0.1771, 0.1664, 0.2094]",0.2117554169999493,0.5151940435504002,0.857316166999226,0,22.204,92.0,
2025-08-04|lgbm_diario|curva_sel|4|20.0|base|60|todas|onsite,2025-08-04,lgbm_diario,curva_sel,4,20.0,base,60,todas,onsite,38380,4208,42588,3609,916,2693,12653,543,2857,957,0.2226288927304,254,"{""devolucion_origen"": 59, ""entrega_sin_recogida"": 181, ""fisico"": 240, ""fuera_servicio"": 0, ""tope"": 0, ""visitas"": 0}",6356,6356,0,0,0,3609,0,14,67,0,74,"[0.3666, 0.4566, 0.5972, 0.2747, 0.4674, 0.4177, 0.4413, 0.5812, 0.2594, 0.2119, 0.205, 0.4005, 0.2034, 0.2007, 0.215, 0.175, 0.2083, 0.1861, 0.177, 0.1756, 0.1809, 0.2031, 0.1898, 0.201, 0.1856, 0.2052, 0.1854, 0.218, 0.2054, 0.1864, 0.2049, 0.1878, 0.1959, 0.1903, 0.1948, 0.4065, 0.5852, 0.3533, 0.7279, 0.4261, 0.354, 0.3328, 0.4006, 0.3376, 0.1855, 0.5276, 0.3326, 0.3429, 0.4227, 0.4654, 0.2115, 0.4626, 0.3697, 0.9347, 0.5547, 0.2276, 0.1897, 0.2041, 0.1854, 0.1831, 0.2081, 0.1938, 0.1891, 0.1925, 0.1786, 0.1822, 0.1805, 0.1794, 0.185, 0.1961, 0.1794, 0.1835, 0.1818, 0.2243]",0.2052664789989648,0.5826090164511697,0.9347307499992894,0,23.923,59.0,
2025-08-06|lgbm_diario|curva_sel|4|20.0|base|60|todas|onsite,2025-08-06,lgbm_diario,curva_sel,4,20.0,base,60,todas,onsite,49719,3246,52965,3927,930,2997,14272,529,3790,831,0.2262378682695028,176,"{""devolucion_origen"": 92, ""entrega_sin_recogida"": 339, ""fisico"": 431, ""fuera_servicio"": 0, ""tope"": 0, ""visitas"": 0}",7182,7182,0,0,0,3931,4,14,67,0,74,"[0.4649, 0.5791, 0.3581, 0.3474, 0.3731, 0.3148, 0.5605, 0.4621, 0.4609, 0.3489, 0.1725, 0.4414, 0.5016, 0.1756, 0.1725, 0.2018, 0.2028, 0.1813, 0.1788, 0.1804, 0.2096, 0.2058, 0.2014, 0.2081, 0.2173, 0.1943, 0.2055, 0.3846, 0.3533, 0.6128, 0.3907, 0.2151, 0.4776, 0.3543, 0.6806, 1.0633, 0.3576, 0.4365, 0.5745, 0.6283, 0.708, 0.545, 0.5629, 0.3068, 0.5199, 0.4145, 0.6303, 0.4742, 0.3612, 0.3421, 0.4302, 0.4617, 0.307, 0.3187, 0.3588, 0.1866, 0.1809, 0.1825, 0.21, 0.1877, 0.1887, 0.1866, 0.3352, 0.1852, 0.2091, 0.183, 0.1811, 0.1785, 0.1765, 0.181, 0.1746, 0.1866, 0.174, 0.2288]",0.3167751460005092,0.6289621209491087,1.063272874998802,0,27.506,92.0,
2025-08-08|lgbm_diario|curva_sel|4|20.0|base|60|todas|onsite,2025-08-08,lgbm_diario,curva_sel,4,20.0,base,60,todas,onsite,35935,3386,39321,3288,784,2504,11189,453,2339,567,0.1998338469378367,321,"{""devolucion_origen"": 55, ""entrega_sin_recogida"": 236, ""fisico"": 291, ""fuera_servicio"": 0, ""tope"": 0, ""visitas"": 0}",5622,5622,0,0,0,3288,0,14,67,0,74,"[0.3608, 0.7839, 0.3692, 0.4372, 0.3888, 0.2927, 0.3869, 0.4521, 0.2666, 0.1826, 0.1926, 0.2257, 0.1834, 0.2017, 0.1882, 0.174, 0.1804, 0.1917, 0.1826, 0.1793, 0.1799, 0.2048, 0.1873, 0.1813, 0.2038, 0.1827, 0.3973, 0.1876, 0.1884, 0.3805, 0.3688, 0.6454, 0.1926, 0.3866, 0.6721, 0.5094, 0.6409, 0.7171, 0.3169, 0.551, 0.4383, 0.339, 0.3126, 0.3908, 0.5064, 0.5183, 0.574, 0.4556, 0.3827, 0.3634, 0.3183, 0.3094, 0.3245, 0.1953, 0.567, 0.1858, 0.189, 0.2115, 0.1802, 0.1895, 0.1898, 0.1847, 0.1797, 0.1846, 0.1905, 0.1812, 0.1787, 0.1772, 0.1801, 0.1764, 0.1733, 0.1931, 0.1805, 0.2363]",0.2081278544974338,0.6424973959525232,0.7838927500015416,0,25.088,55.0,
2025-08-09|lgbm_diario|curva_sel|4|20.0|base|60|todas|onsite,2025-08-09,lgbm_diario,curva_sel,4,20.0,base,60,todas,onsite,16267,1223,17490,1490,236,1254,3684,200,507,51,0.221046131661288,109,"{""devolucion_origen"": 0, ""entrega_sin_recogida"": 3, ""fisico"": 3, ""fuera_servicio"": 0, ""tope"": 0, ""visitas"": 0}",1842,1842,0,0,0,1492,2,14,67,0,74,"[0.2133, 0.1881, 0.3315, 0.3696, 0.4068, 0.2113, 0.7736, 0.3831, 0.2167, 0.1876, 0.3594, 0.3528, 0.5298, 0.3511, 0.6729, 0.5142, 0.5061, 0.2103, 0.2163, 0.1833, 0.2222, 2.313, 0.198, 0.1903, 0.2203, 0.2055, 0.1872, 0.2065, 0.2102, 0.2188, 0.2062, 0.211, 0.2073, 0.2159, 0.2147, 0.22, 0.2139, 1.0219, 0.4276, 0.81, 0.4832, 0.4596, 0.7165, 0.206, 0.4195, 0.2118, 0.2239, 0.2363, 0.2377, 0.235, 0.2083, 0.4228, 0.3746, 0.3308, 0.2043, 0.2255, 0.2167, 0.1937, 0.1896, 0.257, 0.1975, 0.2123, 0.1893, 0.3141, 0.2174, 0.2548, 1.087, 0.3659, 0.2159, 0.1874, 0.1796, 0.1957, 0.1962, 0.2148]",0.2181150209999032,0.7863617392496961,2.313009375000547,0,27.208,0.0,
2025-08-11|lgbm_diario|curva_sel|4|20.0|base|60|todas|onsite,2025-08-11,lgbm_diario,curva_sel,4,20.0,base,60,todas,onsite,39209,3612,42821,3670,932,2738,12813,652,2868,752,0.2248497360247081,171,"{""devolucion_origen"": 67, ""entrega_sin_recogida"": 254, ""fisico"": 321, ""fuera_servicio"": 0, ""tope"": 0, ""visitas"": 0}",6440,6440,0,0,0,3672,2,14,67,0,74,"[0.3151, 0.7226, 0.5234, 0.2078, 0.3776, 0.2836, 0.2734, 0.4631, 0.4545, 0.2679, 0.1976, 0.4943, 0.1868, 0.1775, 0.1876, 0.1735, 0.2036, 0.1891, 0.2204, 0.2202, 0.2107, 0.1939, 0.2178, 0.2163, 0.2036, 0.1831, 0.2233, 0.1944, 0.2114, 0.1896, 0.2235, 0.4306, 0.3532, 0.468, 0.4598, 0.3289, 0.6626, 0.4199, 0.6334, 0.4079, 0.3453, 0.3398, 0.4065, 0.572, 0.4933, 0.5693, 0.3212, 0.7187, 0.4108, 0.1826, 0.3315, 0.4094, 0.3496, 0.3918, 0.5469, 0.2117, 0.2155, 0.2099, 0.1998, 0.3497, 0.1851, 0.1821, 0.1867, 0.1819, 0.1849, 0.1815, 0.1812, 0.1974, 0.1786, 0.196, 0.1701, 0.1869, 0.1788, 0.2205]",0.2204098960010014,0.5934543745504921,0.7226144580017717,0,25.047,67.0,
2025-08-12|lgbm_diario|curva_sel|4|20.0|base|60|todas|onsite,2025-08-12,lgbm_diario,curva_sel,4,20.0,base,60,todas,onsite,55035,4933,59968,4102,998,3104,14899,578,4055,1048,0.2117153293271102,248,"{""devolucion_origen"": 79, ""entrega_sin_recogida"": 297, ""fisico"": 376, ""fuera_servicio"": 0, ""tope"": 0, ""visitas"": 0}",7489,7489,0,0,0,4102,0,14,67,0,74,"[0.594, 0.4436, 0.6649, 0.2748, 0.4972, 0.1908, 0.2039, 0.6101, 0.5393, 0.267, 0.3438, 0.2508, 0.3271, 0.1798, 0.2124, 0.178, 0.1731, 0.1716, 0.1734, 0.2008, 0.2082, 0.2034, 0.1971, 0.4166, 0.2183, 0.2184, 0.362, 0.2137, 0.3331, 0.2119, 0.3386, 0.5682, 0.5931, 0.3193, 0.1969, 0.4252, 0.704, 0.3328, 0.5665, 0.3088, 0.46, 0.7136, 0.4864, 0.4368, 0.6297, 0.3744, 0.3957, 0.6287, 0.5584, 0.5576, 0.4477, 0.3854, 0.3607, 0.4476, 1.1946, 0.4938, 0.1874, 0.1959, 0.2217, 0.2023, 0.2182, 0.2046, 0.2067, 0.2036, 0.2033, 0.1988, 0.1961, 0.1984, 0.1899, 0.1928, 0.188, 0.1904, 0.1844, 0.232]",0.2709086039994872,0.6420382876012807,1.194625709002139,0,28.116,79.0,
2025-08-13|lgbm_diario|curva_sel|4|20.0|base|60|todas|onsite,2025-08-13,lgbm_diario,curva_sel,4,20.0,base,60,todas,onsite,40678,4383,45061,3485,812,2673,12333,568,2794,682,0.2594679666090785,173,"{""devolucion_origen"": 135, ""entrega_sin_recogida"": 348, ""fisico"": 483, ""fuera_servicio"": 0, ""tope"": 0, ""visitas"": 0}",6234,6234,0,0,0,3489,4,14,67,0,74,"[0.4923, 0.2791, 0.3606, 0.241, 0.3167, 0.1767, 0.3999, 0.4876, 0.3258, 0.2487, 0.3202, 0.448, 0.305, 0.1974, 0.1695, 0.1932, 0.1688, 0.1964, 0.1768, 0.1972, 0.1749, 0.1858, 0.1815, 0.2071, 0.1887, 0.2125, 0.3591, 0.5412, 0.3789, 0.4927, 0.1956, 0.3441, 0.1982, 0.5943, 0.7823, 0.509, 0.3509, 0.4372, 0.7024, 0.3893, 0.4343, 0.454, 0.2143, 0.441, 0.307, 0.3379, 0.4055, 0.3101, 0.294, 0.3198, 0.4, 0.4607, 0.3376, 0.7105, 0.4769, 0.1863, 0.2136, 0.1879, 0.2028, 0.211, 0.1924, 0.3708, 0.1912, 0.179, 0.1788, 0.1797, 0.5612, 5.0388, 0.1819, 0.194, 0.5995, 0.1718, 0.2167, 0.2148]",0.3059971455004415,0.6355013584490729,5.038841792000312,0,30.803,135.0,
2025-08-16|lgbm_diario|curva_sel|4|20.0|base|60|todas|onsite,2025-08-16,lgbm_diario,curva_sel,4,20.0,base,60,todas,onsite,26299,1896,28195,1744,266,1478,4115,153,1018,94,0.2116442061038301,54,"{""devolucion_origen"": 1, ""entrega_sin_recogida"": 8, ""fisico"": 9, ""fuera_servicio"": 0, ""tope"": 0, ""visitas"": 0}",2058,2058,0,0,0,1744,0,14,66,0,74,"[0.1825, 0.2701, 0.278, 0.4255, 0.2151, 0.2119, 0.4144, 0.213, 0.2174, 0.4321, 1.229, 0.3656, 0.5902, 0.6416, 0.535, 0.5975, 0.7666, 0.7285, 0.7308, 7.5952, 0.2021, 0.1888, 0.2071, 0.408, 0.2129, 0.2033, 0.674, 0.2186, 0.2079, 0.2233, 0.1855, 0.1908, 0.2152, 0.2136, 0.2249, 0.3782, 0.4998, 0.2261, 0.209, 0.5041, 0.2064, 0.2129, 0.6821, 0.2158, 0.1847, 0.1843, 0.1907, 0.1904, 0.4817, 0.5741, 0.2132, 0.1904, 0.4288, 0.1869, 0.2251, 1.5425, 0.2199, 0.2096, 0.2163, 0.2197, 0.2051, 0.186, 0.2114, 0.2104, 0.2043, 0.205, 0.2175, 0.186, 0.1933, 0.1814, 0.1924, 0.1775, 0.1844, 0.2168]",0.2155107499984296,0.7433470897005462,7.5952252079987375,0,33.923,1.0,
2025-08-18|lgbm_diario|curva_sel|4|20.0|base|60|todas|onsite,2025-08-18,lgbm_diario,curva_sel,4,20.0,base,60,todas,onsite,48609,3780,52389,3839,848,2991,12967,517,3296,802,0.2471569024780506,207,"{""devolucion_origen"": 77, ""entrega_sin_recogida"": 261, ""fisico"": 338, ""fuera_servicio"": 0, ""tope"": 0, ""visitas"": 0}",6522,6522,0,0,0,3843,4,14,67,0,74,"[0.4827, 0.5622, 0.342, 0.2092, 0.4116, 0.632, 0.2637, 0.3674, 0.4434, 0.294, 0.3146, 0.3862, 0.1993, 0.1771, 0.1992, 0.167, 0.1732, 0.1746, 0.201, 0.2024, 0.2032, 0.1816, 0.201, 0.1855, 0.1957, 0.8463, 0.2182, 0.4268, 0.6044, 1.5344, 0.8614, 0.3677, 0.6529, 0.3488, 0.4589, 0.4037, 0.5894, 0.5086, 0.4002, 0.3251, 0.5911, 0.19, 0.4372, 0.4187, 0.4078, 0.307, 0.4204, 0.2733, 0.3286, 0.5053, 0.5082, 0.3645, 0.3792, 0.4579, 0.2939, 0.4272, 0.1829, 0.2053, 0.2064, 0.2129, 0.1877, 0.2094, 0.1893, 0.1846, 0.1851, 0.205, 0.2002, 0.1842, 0.1843, 0.1973, 0.1885, 0.1873, 0.174, 0.2153]",0.2939361245007603,0.6393220233507235,1.5343840410023404,0,27.921,77.0,
2025-08-23|lgbm_diario|curva_sel|4|20.0|base|60|todas|onsite,2025-08-23,lgbm_diario,curva_sel,4,20.0,base,60,todas,onsite,22172,1058,23230,1764,270,1494,4196,181,742,56,0.2219713951908259,74,"{""devolucion_origen"": 2, ""entrega_sin_recogida"": 23, ""fisico"": 25, ""fuera_servicio"": 0, ""tope"": 0, ""visitas"": 0}",2099,2099,0,0,0,1768,4,14,67,0,74,"[0.1874, 0.8863, 0.6018, 1.5038, 0.8048, 0.9131, 0.2142, 0.7574, 0.6595, 0.3554, 0.3432, 0.4931, 0.3598, 6.267, 0.4097, 0.4898, 0.3585, 0.2061, 0.1877, 0.4967, 0.6493, 0.206, 0.2093, 0.1841, 0.2109, 0.2075, 0.1837, 0.5943, 0.1842, 0.7457, 0.208, 0.2055, 0.2119, 0.2101, 0.209, 0.5175, 0.1994, 0.367, 0.1821, 0.6386, 0.4053, 0.2162, 0.212, 0.1853, 0.2113, 0.2114, 0.2128, 0.2104, 0.2167, 0.1854, 0.1945, 0.5766, 0.1888, 0.1995, 1.1705, 0.1939, 0.2063, 0.8217, 0.3087, 0.2207, 0.2063, 0.214, 0.2176, 0.2115, 0.2311, 0.189, 0.2118, 0.1854, 0.6647, 0.4189, 0.2371, 0.1765, 0.1809, 0.1708]",0.2133802919979643,0.8956845836508363,6.267015000001265,0,34.741,2.0,
2025-08-26|lgbm_diario|curva_sel|4|20.0|base|60|todas|onsite,2025-08-26,lgbm_diario,curva_sel,4,20.0,base,60,todas,onsite,47239,4321,51560,3923,961,2962,14283,490,4180,1188,0.238071421812485,365,"{""devolucion_origen"": 71, ""entrega_sin_recogida"": 268, ""fisico"": 339, ""fuera_servicio"": 0, ""tope"": 0, ""visitas"": 0}",7177,7177,0,0,0,3927,4,14,67,0,74,"[0.5199, 0.359, 0.5668, 0.2836, 0.3717, 0.3693, 0.2704, 0.5119, 0.3563, 0.2687, 0.3378, 0.3691, 0.1713, 0.189, 0.2055, 0.1735, 0.1764, 0.2055, 0.1754, 0.2178, 0.1818, 0.1726, 0.2095, 0.1838, 0.2068, 0.2007, 0.2116, 0.2061, 0.2091, 0.2149, 0.2207, 0.4234, 0.3365, 0.5107, 0.611, 0.5522, 0.4045, 0.886, 0.2179, 0.2016, 0.4121, 0.7451, 0.5064, 0.5705, 0.2797, 0.4259, 0.6366, 0.2867, 0.3647, 0.3882, 0.3412, 0.5766, 0.6703, 0.1887, 0.6014, 0.2119, 0.2022, 0.4211, 0.1828, 0.1843, 0.1956, 0.1909, 0.3619, 0.1812, 0.1847, 0.1779, 0.1744, 0.1795, 0.1778, 0.1874, 0.192, 0.1815, 0.1781, 0.2219]",0.2192779995002638,0.6199977875014154,0.8860174579967861,0,25.883,71.0,
2025-08-27|lgbm_diario|curva_sel|4|20.0|base|60|todas|onsite,2025-08-27,lgbm_diario,curva_sel,4,20.0,base,60,todas,onsite,52035,5186,57221,3887,972,2915,14087,475,4145,1273,0.2376650126800693,306,"{""devolucion_origen"": 55, ""entrega_sin_recogida"": 203, ""fisico"": 258, ""fuera_servicio"": 0, ""tope"": 0, ""visitas"": 0}",7071,7071,0,0,0,3893,6,14,67,0,74,"[0.4484, 0.4413, 0.4218, 0.3078, 0.1932, 0.3169, 0.4784, 0.3022, 0.4426, 0.2598, 0.2984, 0.2695, 0.2022, 0.1925, 0.1872, 0.1942, 0.198, 0.1964, 0.2061, 0.1881, 0.2069, 0.2068, 0.2011, 0.2001, 0.212, 0.2112, 0.2127, 0.1993, 0.2208, 0.1808, 0.1994, 0.4641, 0.4424, 0.3834, 0.3119, 0.5058, 0.1858, 0.3751, 0.5092, 0.3507, 0.6061, 0.3376, 0.3895, 0.4733, 0.379, 0.5095, 0.5096, 0.2063, 0.437, 0.4437, 0.307, 0.2721, 1.0585, 0.1779, 0.7317, 0.3023, 0.1959, 0.2027, 0.2031, 0.2086, 0.2072, 0.2011, 0.2027, 0.1842, 0.1847, 0.2163, 0.184, 0.1746, 0.1886, 0.1789, 0.1866, 0.1891, 0.188, 0.2303]",0.212345562502378,0.5095449557000393,1.0584901250003895,0,24.694,55.0,
2025-08-28|lgbm_diario|curva_sel|4|20.0|base|60|todas|onsite,2025-08-28,lgbm_diario,curva_sel,4,20.0,base,60,todas,onsite,47792,4567,52359,3792,914,2878,13453,500,3482,986,0.2506751324316652,263,"{""devolucion_origen"": 71, ""entrega_sin_recogida"": 244, ""fisico"": 315, ""fuera_servicio"": 0, ""tope"": 0, ""visitas"": 0}",6762,6762,0,0,0,3794,2,14,67,0,74,"[0.5232, 0.3574, 0.5892, 0.2879, 0.2504, 0.3663, 0.5189, 0.4236, 0.3229, 0.3058, 0.4063, 0.3503, 0.1791, 0.1687, 0.1686, 0.1675, 0.179, 0.183, 0.196, 0.1777, 0.1943, 0.2048, 0.1831, 0.3626, 0.1807, 0.182, 0.3394, 0.1975, 0.3412, 0.7393, 0.325, 0.4199, 0.3619, 0.3871, 0.3539, 0.5753, 0.5393, 0.714, 0.5363, 0.3528, 0.4841, 0.5327, 0.4741, 0.4129, 0.5178, 0.3576, 0.1802, 0.4238, 0.2979, 0.3917, 0.5576, 0.3754, 0.3498, 0.6902, 0.1852, 0.1924, 0.1969, 0.351, 0.1802, 0.1816, 0.1891, 0.1853, 0.1834, 0.1839, 0.1878, 0.1823, 0.1852, 0.1776, 0.1734, 0.1761, 0.1933, 0.1709, 0.1806, 0.2384]",0.3018973749985889,0.5801725788502152,0.7393309170001885,0,25.986,71.0,
2025-08-31|lgbm_diario|curva_sel|4|20.0|base|60|todas|onsite,2025-08-31,lgbm_diario,curva_sel,4,20.0,base,60,todas,onsite,33586,1322,34908,2094,335,1759,5210,278,1829,87,0.2211960180904683,86,"{""devolucion_origen"": 18, ""entrega_sin_recogida"": 112, ""fisico"": 130, ""fuera_servicio"": 0, ""tope"": 0, ""visitas"": 0}",2614,2614,0,0,0,2094,0,14,67,0,74,"[0.1833, 0.3949, 0.1891, 0.8447, 0.4746, 0.7223, 0.5654, 0.3768, 0.4092, 0.9466, 0.4835, 1.6898, 1.6738, 0.6029, 0.1837, 0.4798, 0.422, 0.1815, 0.1863, 0.3514, 0.3872, 0.223, 0.2093, 0.2047, 0.2084, 0.3821, 0.2198, 0.2208, 0.2121, 0.1962, 0.3901, 0.1856, 0.1812, 0.1898, 0.1933, 0.1846, 1.1774, 0.4272, 0.2104, 0.492, 0.2251, 0.2147, 4.2545, 0.5708, 0.4189, 0.2082, 0.8827, 0.6036, 0.2194, 0.6749, 0.189, 0.2007, 0.198, 0.2209, 0.1948, 0.1917, 0.3089, 0.1963, 0.1992, 0.4822, 0.4196, 0.1948, 0.213, 0.2042, 0.9435, 0.2235, 0.1985, 0.8741, 0.2082, 0.2553, 0.2627, 0.233, 0.1733, 0.2016]",0.2232772710012796,1.0273801231487585,4.2545114169988665,0,34.848,18.0,
2025-08-01|lgbm_diario|curva_sel|4|30.0|base|60|todas|onsite,2025-08-01,lgbm_diario,curva_sel,4,30.0,base,60,todas,onsite,24694,3223,27917,2520,634,1886,9115,440,1364,464,0.1749605791771085,135,"{""devolucion_origen"": 81, ""entrega_sin_recogida"": 175, ""fisico"": 256, ""fuera_servicio"": 0, ""tope"": 0, ""visitas"": 0}",4598,4598,0,0,0,2520,0,14,67,0,74,"[0.1965, 0.2148, 0.1939, 0.2782, 0.2064, 0.2123, 0.1881, 0.2063, 0.1779, 0.2018, 0.1783, 0.1776, 0.1814, 0.1785, 0.1956, 0.1886, 0.1829, 0.1827, 0.1848, 0.1819, 0.1848, 0.1798, 0.1858, 0.2182, 0.1943, 0.2186, 0.228, 0.212, 0.2198, 0.2036, 0.2146, 0.3956, 0.2118, 0.5788, 0.7254, 0.5078, 0.204, 0.1871, 0.3395, 0.5055, 0.5633, 0.5665, 0.3535, 0.391, 0.4133, 0.3176, 0.3651, 0.4894, 0.362, 0.8554, 0.3277, 0.8078, 0.3258, 0.1923, 0.1869, 0.2209, 0.1949, 0.2115, 0.214, 0.1858, 0.2131, 0.2117, 0.2062, 0.1838, 0.1854, 0.211, 0.2029, 0.1849, 0.1941, 0.1851, 0.1799, 0.1876, 0.2351, 0.2452]",0.2087024579996068,0.5708094210485796,0.855427292000968,0,22.461,81.0,
2025-08-04|lgbm_diario|curva_sel|4|30.0|base|60|todas|onsite,2025-08-04,lgbm_diario,curva_sel,4,30.0,base,60,todas,onsite,39457,4063,43520,3341,866,2475,12212,476,3165,1003,0.2198411687798865,233,"{""devolucion_origen"": 32, ""entrega_sin_recogida"": 153, ""fisico"": 185, ""fuera_servicio"": 0, ""tope"": 0, ""visitas"": 0}",6122,6122,0,0,0,3341,0,14,67,1,74,"[0.3727, 0.5454, 0.3139, 0.4572, 0.2883, 0.4345, 0.4845, 0.287, 0.2722, 0.1956, 0.205, 0.4837, 0.2147, 0.2137, 0.1962, 0.2023, 0.2032, 0.2085, 0.2081, 0.2022, 0.2091, 0.2022, 0.2073, 0.2054, 0.2122, 0.206, 0.2097, 0.1869, 0.2251, 0.1989, 0.2092, 0.2038, 0.1934, 0.1922, 0.2088, 0.3778, 0.4432, 0.3592, 0.5072, 0.3423, 0.506, 0.6874, 0.793, 0.3262, 0.3114, 0.3945, 0.4597, 0.2036, 0.3142, 0.2851, 0.289, 0.3506, 0.4243, 10.0098, 0.6206, 0.1971, 0.1832, 0.21, 0.2031, 0.2129, 0.1912, 0.2165, 0.1989, 0.1995, 0.1794, 0.2102, 0.1883, 0.1914, 0.1946, 0.2024, 0.1822, 0.193, 0.3221, 0.2311]",0.2111753124991082,0.5717200284983842,10.00977475000036,0,33.315,32.0,
2025-08-06|lgbm_diario|curva_sel|4|30.0|base|60|todas|onsite,2025-08-06,lgbm_diario,curva_sel,4,30.0,base,60,todas,onsite,49824,3444,53268,3717,908,2809,13927,528,3808,908,0.2293637232442439,191,"{""devolucion_origen"": 61, ""entrega_sin_recogida"": 340, ""fisico"": 401, ""fuera_servicio"": 0, ""tope"": 0, ""visitas"": 0}",6994,6994,0,0,0,3719,2,14,67,0,74,"[0.4952, 0.5478, 0.5068, 0.2459, 0.2742, 0.449, 0.3436, 0.3914, 0.2796, 0.1758, 0.5881, 0.1955, 0.3621, 0.1733, 0.1753, 0.1725, 0.1971, 0.2056, 0.2009, 0.2034, 0.1838, 0.2084, 0.1942, 0.2067, 0.2196, 0.215, 0.3641, 0.36, 0.2188, 0.5377, 0.3313, 0.3702, 0.1969, 0.496, 0.376, 0.6623, 0.4512, 0.345, 0.4145, 0.3082, 0.5176, 0.3639, 0.3185, 0.3985, 0.399, 0.4852, 0.6226, 0.3689, 0.5949, 0.3671, 0.6533, 0.4346, 0.2169, 0.3077, 0.3143, 0.2127, 0.1949, 0.2141, 0.1932, 0.2005, 0.1912, 0.1967, 0.2065, 0.2134, 0.3563, 0.1763, 0.1815, 0.1762, 0.1745, 0.1875, 0.1712, 0.1737, 0.2484, 0.2222]",0.2612813750001805,0.5904706937477385,0.6623312080009782,0,25.534,61.0,
2025-08-08|lgbm_diario|curva_sel|4|30.0|base|60|todas|onsite,2025-08-08,lgbm_diario,curva_sel,4,30.0,base,60,todas,onsite,36286,3767,40053,3077,752,2325,10965,502,2397,623,0.1985382979397182,318,"{""devolucion_origen"": 53, ""entrega_sin_recogida"": 205, ""fisico"": 258, ""fuera_servicio"": 0, ""tope"": 0, ""visitas"": 0}",5509,5509,0,0,0,3079,2,14,67,0,74,"[0.3768, 0.4678, 0.4361, 0.333, 0.4027, 0.335, 0.4465, 0.5074, 0.2222, 0.215, 0.1796, 0.179, 0.1729, 0.1763, 0.1751, 0.1737, 0.1791, 0.2133, 0.1829, 0.1864, 0.1805, 0.198, 0.2015, 0.1866, 0.187, 0.2113, 0.2043, 0.2123, 0.1889, 0.2151, 0.3873, 0.2106, 0.3539, 0.4326, 0.6768, 0.458, 0.3358, 0.7494, 0.7993, 0.5749, 0.3775, 0.3432, 0.2095, 0.7365, 0.4639, 0.5634, 0.6083, 0.4257, 0.357, 0.5522, 0.2957, 0.4692, 0.3839, 0.2068, 0.2129, 0.223, 0.2133, 0.3624, 0.4665, 0.1928, 0.1896, 0.1872, 0.2048, 0.1829, 0.1882, 0.1841, 0.1785, 0.1787, 0.1821, 0.1736, 0.1794, 0.1769, 0.1709, 0.2557]",0.2133067915001447,0.6322335630511584,0.7993283329997212,0,25.275,53.0,
2025-08-09|lgbm_diario|curva_sel|4|30.0|base|60|todas|onsite,2025-08-09,lgbm_diario,curva_sel,4,30.0,base,60,todas,onsite,16032,1330,17362,1368,229,1139,3490,194,488,62,0.2192603064546831,103,"{""devolucion_origen"": 0, ""entrega_sin_recogida"": 6, ""fisico"": 6, ""fuera_servicio"": 0, ""tope"": 0, ""visitas"": 0}",1745,1745,0,0,0,1370,2,14,67,0,74,"[0.2003, 0.3739, 0.3405, 0.3779, 0.4478, 0.7129, 0.6222, 0.7754, 0.5867, 0.1973, 0.5842, 0.3366, 0.6869, 0.1844, 0.3734, 0.1893, 0.4485, 0.1925, 0.341, 0.219, 0.2118, 0.8204, 0.1894, 0.2169, 0.2159, 0.378, 0.1889, 0.2142, 0.1914, 0.2048, 0.2084, 0.1858, 0.2098, 0.2222, 0.2099, 0.2146, 0.1943, 0.1988, 1.2876, 0.3926, 0.2183, 0.1855, 0.6228, 0.1863, 0.2027, 0.1938, 0.1901, 0.1895, 0.2256, 0.1946, 0.7513, 0.391, 0.1865, 0.1889, 0.3639, 0.1906, 0.2164, 0.1912, 0.2229, 0.2141, 0.2177, 0.1932, 0.1863, 0.2145, 1.0971, 0.3095, 1.3388, 0.1801, 0.1934, 0.1917, 0.1891, 0.1795, 0.1709, 0.1933]",0.2141489999994519,0.7911727171000164,1.338750541999616,0,26.595,0.0,
2025-08-11|lgbm_diario|curva_sel|4|30.0|base|60|todas|onsite,2025-08-11,lgbm_diario,curva_sel,4,30.0,base,60,todas,onsite,39012,3999,43011,3475,883,2592,12477,652,2829,849,0.2212114320884042,165,"{""devolucion_origen"": 49, ""entrega_sin_recogida"": 244, ""fisico"": 293, ""fuera_servicio"": 0, ""tope"": 0, ""visitas"": 0}",6263,6263,0,0,0,3477,2,14,67,0,74,"[0.3054, 0.8301, 0.4869, 0.2177, 0.4072, 0.4306, 0.3172, 0.3102, 0.3762, 0.2932, 0.1808, 0.2061, 0.1886, 0.1979, 0.1818, 0.1738, 0.1948, 0.2076, 0.2103, 0.2012, 0.1801, 0.1955, 0.2049, 0.2099, 0.2166, 0.4567, 0.2112, 0.216, 0.1931, 0.2058, 0.2239, 0.3727, 0.3548, 0.3597, 0.4633, 0.5044, 0.5083, 0.7502, 0.7518, 0.5961, 0.3504, 0.215, 0.7844, 0.4062, 0.4854, 0.3764, 0.3013, 0.1808, 0.556, 0.3209, 0.3682, 0.1872, 0.1827, 0.5541, 0.305, 0.3545, 0.203, 0.202, 0.2083, 0.2137, 0.2079, 0.1874, 0.2065, 0.2043, 0.1941, 0.1851, 0.2046, 0.1964, 0.1788, 0.194, 0.1784, 0.1815, 0.2959, 0.2276]",0.2155162915005348,0.6500360277475912,0.830118207999476,0,25.046,49.0,
2025-08-12|lgbm_diario|curva_sel|4|30.0|base|60|todas|onsite,2025-08-12,lgbm_diario,curva_sel,4,30.0,base,60,todas,onsite,55994,5105,61099,3815,964,2851,14336,574,4171,1077,0.21790521325169,252,"{""devolucion_origen"": 74, ""entrega_sin_recogida"": 306, ""fisico"": 380, ""fuera_servicio"": 0, ""tope"": 0, ""visitas"": 0}",7205,7205,0,0,0,3815,0,14,67,0,74,"[0.5544, 0.4389, 0.4617, 0.2849, 0.4646, 0.209, 0.5064, 0.4267, 0.5725, 0.3132, 0.2644, 0.3464, 0.2717, 0.222, 0.204, 0.1741, 0.2068, 0.1842, 0.1796, 0.2009, 0.2034, 0.2006, 0.1872, 0.2003, 0.1896, 0.2029, 0.2086, 0.2106, 0.3659, 0.2069, 0.3259, 0.1962, 0.5608, 0.3041, 0.5497, 0.456, 0.3818, 0.3033, 0.2147, 0.3468, 0.3256, 0.4798, 0.5154, 0.4801, 0.4664, 0.3613, 0.624, 0.3653, 0.3293, 0.2085, 0.428, 0.2052, 0.3899, 0.512, 0.3343, 0.3168, 0.211, 0.1833, 0.2067, 0.1796, 0.2085, 0.2127, 0.2421, 0.2212, 0.2121, 0.1806, 0.1969, 0.1977, 0.1771, 0.1927, 0.1836, 0.1839, 0.2477, 0.2469]",0.2445046249995357,0.5513445583506836,0.6240499999985332,0,24.783,74.0,
2025-08-13|lgbm_diario|curva_sel|4|30.0|base|60|todas|onsite,2025-08-13,lgbm_diario,curva_sel,4,30.0,base,60,todas,onsite,41339,4246,45585,3293,788,2505,12185,568,2810,695,0.2557421727386445,182,"{""devolucion_origen"": 107, ""entrega_sin_recogida"": 321, ""fisico"": 428, ""fuera_servicio"": 0, ""tope"": 0, ""visitas"": 0}",6146,6146,0,0,0,3293,0,14,67,0,74,"[0.5287, 0.2852, 0.4172, 0.4036, 0.2179, 0.3251, 0.3306, 0.4003, 0.1922, 0.3938, 0.1925, 0.4412, 0.2691, 0.1929, 0.171, 0.2858, 0.1752, 0.1997, 0.2072, 0.1778, 0.2028, 0.183, 0.18, 0.2022, 0.3983, 0.1811, 0.2133, 0.4207, 0.3807, 0.3767, 0.1867, 0.3564, 0.4212, 0.4816, 0.3657, 0.5892, 0.3797, 0.6713, 0.6544, 0.4626, 0.5051, 0.5961, 0.4465, 0.32, 0.3748, 0.2891, 0.4529, 0.343, 0.2097, 0.4051, 0.3854, 0.5118, 0.355, 1.6949, 0.2094, 0.3428, 0.2213, 0.206, 0.1877, 0.3699, 0.1952, 0.4035, 0.2077, 0.2022, 0.1964, 0.2072, 0.2024, 0.1969, 0.1989, 0.1821, 0.8572, 0.2657, 0.1935, 0.2365]",0.3045577085013065,0.616513866898276,1.6948997499966936,0,27.621,107.0,
2025-08-16|lgbm_diario|curva_sel|4|30.0|base|60|todas|onsite,2025-08-16,lgbm_diario,curva_sel,4,30.0,base,60,todas,onsite,27604,1745,29349,1639,241,1398,3994,156,998,72,0.215492449626512,58,"{""devolucion_origen"": 2, ""entrega_sin_recogida"": 3, ""fisico"": 5, ""fuera_servicio"": 0, ""tope"": 0, ""visitas"": 0}",1998,1998,0,0,0,1639,0,14,57,0,74,"[0.2032, 0.1847, 0.2818, 0.4527, 0.1871, 0.219, 0.8774, 0.5447, 0.3921, 0.4945, 0.6749, 0.6054, 0.3633, 0.62, 0.3644, 0.6035, 0.527, 0.5892, 0.1884, 0.5145, 0.1872, 0.1827, 0.2094, 0.1863, 0.2087, 0.1819, 0.3795, 0.1923, 0.2092, 0.1884, 0.1805, 0.2112, 0.1897, 0.2126, 0.376, 0.4155, 0.6946, 0.5575, 0.4202, 0.1874, 0.4152, 0.1867, 0.5016, 0.1919, 0.2143, 0.1921, 0.2067, 0.2201, 0.3582, 6.2643, 0.407, 0.1916, 0.4169, 0.2222, 0.192, 0.6348, 0.2229, 0.1876, 0.2202, 0.4611, 0.2134, 0.1942, 0.4142, 0.2192, 0.2147, 0.4113, 0.2034, 0.2029, 0.6016, 0.1839, 0.1947, 0.1827, 0.1821, 0.2012]",0.2191211459994519,0.6488098898003952,6.264312750001409,0,32.044,2.0,
2025-08-18|lgbm_diario|curva_sel|4|30.0|base|60|todas|onsite,2025-08-18,lgbm_diario,curva_sel,4,30.0,base,60,todas,onsite,48756,3613,52369,3611,817,2794,12547,441,3400,791,0.2502342615596007,217,"{""devolucion_origen"": 61, ""entrega_sin_recogida"": 249, ""fisico"": 310, ""fuera_servicio"": 0, ""tope"": 0, ""visitas"": 0}",6304,6304,0,0,0,3613,2,14,67,0,74,"[0.482, 0.5143, 0.322, 0.3131, 0.5784, 0.3472, 0.2854, 0.2605, 0.4275, 0.3028, 0.2509, 0.1978, 0.1707, 0.1901, 0.1876, 0.1878, 0.1994, 0.1762, 0.1713, 0.2144, 0.2208, 0.2303, 0.2012, 0.2087, 0.2285, 0.4665, 0.1873, 0.3781, 0.1951, 0.6777, 0.6565, 0.4053, 0.6173, 0.616, 0.2, 0.5623, 0.4992, 0.6485, 0.3356, 0.5509, 0.3343, 0.4809, 0.5362, 0.3074, 0.4422, 0.4572, 0.3087, 0.3763, 0.5385, 0.7433, 0.3499, 0.4855, 0.4, 0.5708, 0.3545, 0.45, 0.3359, 0.2056, 0.1884, 0.1812, 0.1844, 0.2001, 0.2007, 0.2101, 0.1877, 0.1812, 0.2011, 0.1931, 0.198, 0.1932, 0.1754, 0.1928, 0.1692, 0.2428]",0.2940728750018024,0.6282042353012001,0.7432752089989663,0,27.012,61.0,
2025-08-23|lgbm_diario|curva_sel|4|30.0|base|60|todas|onsite,2025-08-23,lgbm_diario,curva_sel,4,30.0,base,60,todas,onsite,22919,1085,24004,1713,265,1448,4229,189,787,66,0.223002503705379,73,"{""devolucion_origen"": 1, ""entrega_sin_recogida"": 16, ""fisico"": 17, ""fuera_servicio"": 0, ""tope"": 0, ""visitas"": 0}",2115,2115,0,0,0,1713,0,14,65,0,74,"[0.1832, 1.1152, 0.3856, 0.3534, 0.5514, 0.413, 1.4928, 0.6283, 0.3496, 0.4292, 0.1871, 1.1011, 0.5781, 0.3453, 0.7625, 0.4976, 0.4472, 0.2235, 0.2108, 0.182, 0.3451, 0.1866, 0.202, 0.1859, 0.184, 0.2014, 0.1827, 0.5062, 0.1984, 0.3451, 0.2108, 0.3889, 0.2067, 0.1902, 0.2215, 0.4149, 0.4267, 0.5402, 0.1903, 0.3749, 0.3844, 0.3766, 0.195, 0.1858, 0.1896, 0.5052, 0.2245, 0.4143, 0.4115, 0.6133, 0.4702, 0.5519, 0.2149, 0.2131, 0.2188, 0.1894, 0.4563, 0.4769, 0.2148, 0.3455, 0.5689, 0.1939, 0.1825, 0.1947, 0.1887, 0.1802, 0.2, 0.1966, 0.954, 0.202, 0.2435, 0.1813, 0.1797, 0.1708]",0.2340038124984857,0.8295221057012885,1.49277791699933,0,28.864,1.0,
2025-08-26|lgbm_diario|curva_sel|4|30.0|base|60|todas|onsite,2025-08-26,lgbm_diario,curva_sel,4,30.0,base,60,todas,onsite,47010,4694,51704,3713,939,2774,14085,481,4294,1240,0.2392561459511636,381,"{""devolucion_origen"": 71, ""entrega_sin_recogida"": 239, ""fisico"": 310, ""fuera_servicio"": 0, ""tope"": 0, ""visitas"": 0}",7078,7078,0,0,0,3715,2,14,67,0,74,"[0.5298, 0.3647, 0.5459, 0.4631, 0.2797, 0.2693, 0.2964, 0.1979, 0.3567, 0.492, 0.2508, 0.2455, 0.1737, 0.1719, 0.1817, 0.2036, 0.1716, 0.1782, 0.2044, 0.2052, 0.1993, 0.2038, 0.2092, 0.2038, 0.2109, 0.1867, 0.2101, 0.2178, 0.1927, 0.2301, 0.2223, 0.3978, 0.6008, 0.4489, 0.7582, 0.5005, 0.4774, 0.3129, 0.6884, 0.5164, 0.5034, 0.4643, 0.5449, 0.7072, 0.4273, 0.6438, 0.339, 0.4407, 0.407, 0.2787, 0.3955, 0.9437, 0.6357, 0.577, 0.5679, 0.1818, 0.2179, 0.3061, 0.1899, 0.3194, 0.2084, 0.1891, 0.1821, 0.1997, 0.2141, 0.1895, 0.1782, 0.1927, 0.1847, 0.1905, 0.19, 0.1873, 0.1703, 0.2335]",0.2395314374989539,0.6594193606502811,0.943702292002854,0,27.111,71.0,
2025-08-27|lgbm_diario|curva_sel|4|30.0|base|60|todas|onsite,2025-08-27,lgbm_diario,curva_sel,4,30.0,base,60,todas,onsite,52016,5026,57042,3667,943,2724,13769,465,4223,1254,0.2298661188897238,334,"{""devolucion_origen"": 45, ""entrega_sin_recogida"": 213, ""fisico"": 258, ""fuera_servicio"": 0, ""tope"": 0, ""visitas"": 0}",6907,6907,0,0,0,3669,2,14,67,0,74,"[0.4326, 0.4634, 0.5371, 0.2847, 0.4339, 0.3852, 0.3103, 0.3957, 0.4453, 0.3365, 0.2657, 0.1758, 0.2701, 0.179, 0.1689, 0.2024, 0.1738, 0.2008, 0.1736, 0.1793, 0.199, 0.1768, 0.1822, 0.2074, 0.2061, 0.2166, 0.2005, 0.2122, 0.2165, 0.2086, 0.3485, 0.3358, 0.4216, 0.4591, 0.6057, 0.4853, 0.4025, 0.4854, 0.534, 0.5302, 0.3397, 0.3769, 0.3484, 0.3108, 0.291, 0.4645, 0.5209, 0.3827, 0.3724, 0.1877, 0.5377, 0.5206, 0.3234, 0.6579, 0.5364, 0.2759, 0.2134, 0.5175, 0.1792, 0.1803, 0.1821, 0.1797, 0.202, 0.2131, 0.1901, 0.2041, 0.2023, 0.1918, 0.1819, 0.1804, 0.1946, 0.1857, 0.2473, 0.2276]",0.2679253754995443,0.5366231476002212,0.6579384579999896,0,25.469,45.0,
2025-08-28|lgbm_diario|curva_sel|4|30.0|base|60|todas|onsite,2025-08-28,lgbm_diario,curva_sel,4,30.0,base,60,todas,onsite,48069,4473,52542,3590,891,2699,13165,477,3607,1002,0.2493233939086847,239,"{""devolucion_origen"": 61, ""entrega_sin_recogida"": 235, ""fisico"": 296, ""fuera_servicio"": 0, ""tope"": 0, ""visitas"": 0}",6613,6613,0,0,0,3590,0,14,67,0,74,"[0.5089, 0.3888, 0.6268, 0.4774, 0.3922, 0.3909, 0.4074, 0.348, 0.202, 0.3151, 0.3987, 0.2991, 0.1787, 0.1975, 0.1827, 0.1945, 0.1948, 0.204, 0.2079, 0.2193, 0.2175, 0.1987, 0.1974, 0.2136, 0.2151, 0.1886, 0.3906, 0.1889, 0.1973, 0.3483, 0.3623, 0.4015, 0.3442, 0.4918, 0.2138, 0.3492, 0.5835, 0.5695, 0.4117, 0.5058, 0.7032, 0.2853, 0.5996, 0.2048, 0.5472, 0.2849, 0.3508, 0.2813, 0.3283, 0.6616, 0.7781, 0.4131, 0.5397, 0.6654, 0.7378, 0.2076, 0.2148, 0.3555, 0.2085, 0.1976, 0.2149, 0.2052, 0.2183, 0.2041, 0.2082, 0.1925, 0.204, 0.1971, 0.1911, 0.1963, 0.1794, 0.1768, 0.3149, 0.2439]",0.2830803750002815,0.6629482727974391,0.7780908339991583,0,26.91,61.0,
2025-08-31|lgbm_diario|curva_sel|4|30.0|base|60|todas|onsite,2025-08-31,lgbm_diario,curva_sel,4,30.0,base,60,todas,onsite,34541,1452,35993,1921,325,1596,4994,239,1793,95,0.219863541962962,91,"{""devolucion_origen"": 16, ""entrega_sin_recogida"": 91, ""fisico"": 107, ""fuera_servicio"": 0, ""tope"": 0, ""visitas"": 0}",2505,2505,0,0,0,1923,2,14,66,0,74,"[0.1983, 0.4317, 0.2095, 0.6511, 0.4967, 0.6362, 0.373, 0.3676, 0.3946, 0.3778, 0.3517, 3.3026, 0.6727, 0.7428, 0.3429, 0.626, 0.3219, 0.179, 0.1883, 0.2392, 0.3464, 0.2005, 0.1839, 0.2059, 0.2021, 0.2234, 0.2005, 0.1808, 0.1899, 0.2099, 0.1849, 0.1948, 0.202, 0.1809, 0.1926, 0.6141, 0.7208, 0.2169, 0.2137, 0.4248, 0.1859, 0.1912, 0.7486, 0.2086, 0.81, 0.1997, 0.5234, 0.5038, 0.6349, 2.7393, 0.8079, 0.1922, 0.199, 0.3786, 0.6478, 0.21, 0.5647, 0.2168, 0.1947, 0.4527, 0.2232, 0.38, 0.3336, 0.2056, 0.2122, 0.2064, 0.2036, 0.1948, 0.1907, 0.7344, 0.2935, 0.4171, 0.1855, 0.2188]",0.2232918954996421,0.769335656249677,3.3025727499989443,0,33.085,16.0,
2025-08-01|lgbm_diario|curva_sel|4|45.0|base|60|todas|onsite,2025-08-01,lgbm_diario,curva_sel,4,45.0,base,60,todas,onsite,25995,3329,29324,2188,550,1638,8821,390,1468,529,0.1801705180893161,152,"{""devolucion_origen"": 59, ""entrega_sin_recogida"": 111, ""fisico"": 170, ""fuera_servicio"": 0, ""tope"": 0, ""visitas"": 0}",4440,4440,0,0,0,2188,0,14,67,0,74,"[0.2251, 0.1969, 0.315, 0.3686, 0.2966, 0.3077, 0.1853, 0.2093, 0.1977, 0.1788, 0.2078, 0.2138, 0.1817, 0.182, 0.2074, 0.1842, 0.2043, 0.1781, 0.1838, 0.2077, 0.216, 0.1828, 0.1893, 0.1925, 0.2534, 0.2005, 0.2107, 0.2028, 0.2232, 0.2113, 0.2098, 0.2068, 0.3469, 0.1946, 0.5325, 0.2093, 0.2089, 0.8181, 0.1881, 0.3102, 0.4187, 0.4223, 0.4874, 0.3692, 0.3649, 0.2199, 0.4552, 0.5993, 0.4727, 0.3553, 0.3318, 0.6576, 0.5751, 1.0038, 0.47, 0.2058, 0.2118, 0.2102, 0.3909, 0.2048, 0.2099, 0.2061, 0.1908, 0.1857, 0.1973, 0.2052, 0.1818, 0.2, 0.1799, 0.3537, 0.1751, 0.1827, 0.2744, 0.2393]",0.2098563954987184,0.5835790521003217,1.003755165998882,0,23.39,59.0,
2025-08-04|lgbm_diario|curva_sel|4|45.0|base|60|todas|onsite,2025-08-04,lgbm_diario,curva_sel,4,45.0,base,60,todas,onsite,42325,4287,46612,2971,770,2201,11611,444,3563,1059,0.2315289096954903,264,"{""devolucion_origen"": 31, ""entrega_sin_recogida"": 135, ""fisico"": 166, ""fuera_servicio"": 0, ""tope"": 0, ""visitas"": 0}",5821,5821,0,0,0,2971,0,14,67,0,74,"[0.3651, 0.3122, 0.2913, 0.2887, 0.2858, 0.2194, 0.5229, 0.2776, 0.4598, 0.2813, 0.3208, 0.4629, 0.2055, 0.1909, 0.1754, 0.1761, 0.1755, 0.2109, 0.1919, 0.203, 0.2086, 0.1826, 0.2113, 0.1997, 0.2109, 0.2002, 0.2069, 0.2136, 0.4686, 0.2308, 0.2057, 0.2174, 0.1913, 0.1894, 0.2114, 0.3548, 0.1887, 0.4683, 0.4957, 0.3991, 0.4921, 0.3987, 0.4259, 0.5434, 0.4547, 0.4431, 0.2728, 0.3503, 0.4915, 0.6571, 0.542, 0.3479, 0.3553, 0.635, 0.3843, 0.3438, 0.2005, 0.2189, 0.3192, 0.1922, 0.2097, 0.1828, 0.1803, 0.1803, 0.2003, 0.2042, 0.1788, 0.1828, 0.1804, 0.1803, 0.1863, 0.3339, 0.2663, 0.2251]",0.2222615000009682,0.5296048307001909,0.6571054170017305,0,24.252,31.0,
2025-08-06|lgbm_diario|curva_sel|4|45.0|base|60|todas|onsite,2025-08-06,lgbm_diario,curva_sel,4,45.0,base,60,todas,onsite,52630,3655,56285,3265,829,2436,13212,473,4035,893,0.2307443726655157,198,"{""devolucion_origen"": 48, ""entrega_sin_recogida"": 311, ""fisico"": 359, ""fuera_servicio"": 0, ""tope"": 0, ""visitas"": 0}",6630,6630,0,0,0,3265,0,14,67,0,74,"[0.4406, 0.3944, 0.388, 0.6891, 0.2608, 0.2078, 0.3068, 0.3167, 0.2782, 0.2608, 0.2635, 0.3257, 0.1659, 0.1684, 0.1832, 0.17, 0.1758, 0.1804, 0.1768, 0.1894, 0.1758, 0.1817, 0.2042, 0.1799, 0.1866, 0.2065, 0.2189, 0.3625, 0.364, 0.4082, 0.2164, 0.3699, 0.3582, 0.3538, 0.3324, 0.3173, 0.5917, 0.5609, 0.4915, 0.3838, 0.6139, 0.2207, 0.4271, 0.4273, 0.3831, 0.3211, 0.593, 0.1784, 0.385, 0.4331, 0.1785, 0.5348, 0.3434, 0.3441, 0.4408, 0.3617, 0.1861, 0.4256, 0.2051, 0.35, 0.2147, 0.1862, 0.2074, 0.1804, 0.1817, 0.3335, 0.1765, 0.1892, 0.3597, 0.1754, 0.1848, 0.1734, 0.2586, 0.2318]",0.2708729794994724,0.5716816247990207,0.6891087919975689,0,24.846,48.0,
2025-08-08|lgbm_diario|curva_sel|4|45.0|base|60|todas|onsite,2025-08-08,lgbm_diario,curva_sel,4,45.0,base,60,todas,onsite,37627,3631,41258,2685,645,2040,10289,503,2622,616,0.2087687039250222,331,"{""devolucion_origen"": 19, ""entrega_sin_recogida"": 197, ""fisico"": 216, ""fuera_servicio"": 0, ""tope"": 0, ""visitas"": 0}",5154,5154,0,0,0,2685,0,14,67,0,74,"[0.3681, 0.3258, 0.311, 0.2803, 0.4191, 0.1825, 0.2591, 0.4698, 0.305, 0.3195, 0.3043, 0.3012, 0.1991, 0.1923, 0.2108, 0.1813, 0.1749, 0.1921, 0.1784, 0.2039, 0.1911, 0.2029, 0.2029, 0.2139, 0.1888, 0.199, 0.2099, 0.2106, 0.1913, 0.1926, 0.3757, 0.3848, 0.3709, 0.4595, 0.5808, 0.2016, 0.4698, 0.7207, 0.7229, 0.4368, 0.4764, 0.6507, 0.4806, 0.6024, 0.5497, 0.4168, 0.2981, 0.2147, 0.5348, 0.393, 0.3541, 0.4833, 0.3547, 0.5287, 0.6157, 0.3395, 0.2133, 0.5424, 0.3481, 0.2138, 0.1864, 0.1867, 0.1856, 0.201, 0.2146, 0.1808, 0.2081, 0.1911, 0.1921, 0.1827, 0.1772, 0.186, 0.277, 0.28]",0.2784986460010259,0.60704800404892,0.7229167500008771,0,26.001,19.0,
2025-08-09|lgbm_diario|curva_sel|4|45.0|base|60|todas|onsite,2025-08-09,lgbm_diario,curva_sel,4,45.0,base,60,todas,onsite,18001,1587,19588,1256,209,1047,3430,194,544,64,0.2127836851219627,104,"{""devolucion_origen"": 0, ""entrega_sin_recogida"": 2, ""fisico"": 2, ""fuera_servicio"": 0, ""tope"": 0, ""visitas"": 0}",1715,1715,0,0,0,1258,2,14,64,0,74,"[0.2092, 0.3652, 0.4091, 0.4398, 0.4097, 0.4068, 0.4576, 0.7342, 0.8202, 0.35, 0.4074, 0.4398, 0.4116, 0.686, 0.3683, 0.7482, 0.183, 0.3427, 0.4876, 0.2208, 0.1891, 0.2085, 0.1914, 0.213, 0.1921, 0.4563, 0.2092, 0.1873, 0.2061, 0.1958, 0.18, 0.1872, 0.2173, 0.1863, 0.2046, 0.1897, 0.2155, 0.2124, 0.8064, 0.7933, 0.4118, 0.2017, 1.0395, 0.2093, 0.6099, 0.2147, 0.5525, 0.5383, 0.2098, 0.1903, 1.6139, 0.7255, 0.3503, 0.2223, 0.3458, 0.1867, 0.1886, 0.1855, 0.2128, 0.3064, 0.2171, 0.1961, 0.2283, 0.2012, 0.2129, 0.264, 0.3559, 0.3004, 0.2032, 0.1932, 0.1862, 0.1852, 0.1783, 0.1726]",0.2171989164999104,0.7979017704004945,1.6138546660004067,0,28.004,0.0,
2025-08-11|lgbm_diario|curva_sel|4|45.0|base|60|todas|onsite,2025-08-11,lgbm_diario,curva_sel,4,45.0,base,60,todas,onsite,40952,4059,45011,3114,795,2319,11904,628,3229,888,0.2220528561990371,183,"{""devolucion_origen"": 58, ""entrega_sin_recogida"": 222, ""fisico"": 280, ""fuera_servicio"": 0, ""tope"": 0, ""visitas"": 0}",5981,5981,0,0,0,3116,2,14,67,0,74,"[0.3, 0.7515, 0.4029, 0.5563, 0.3995, 0.2059, 0.2819, 0.1995, 0.5117, 0.2144, 0.2808, 0.3211, 0.2017, 0.2152, 0.1818, 0.1773, 0.1826, 0.1763, 0.1748, 0.1989, 0.2109, 0.1804, 0.2049, 0.1792, 0.1829, 0.1844, 0.1827, 0.1867, 0.2094, 0.2175, 0.2187, 0.224, 0.4054, 0.2148, 0.399, 0.5471, 0.5454, 0.4166, 0.5705, 0.4664, 0.4971, 0.4538, 0.5923, 0.3685, 0.517, 0.3899, 0.3236, 0.3539, 0.6224, 0.3449, 0.2763, 0.3447, 0.4905, 0.3166, 0.3303, 0.3473, 0.2194, 0.1875, 0.2162, 0.2084, 0.1889, 0.2065, 0.1855, 0.1848, 0.2083, 0.1872, 0.1822, 0.197, 0.1891, 0.1865, 0.1797, 0.1896, 0.2533, 0.2619]",0.2180959790002816,0.5612864891476419,0.7515037920020404,0,24.385,58.0,
2025-08-12|lgbm_diario|curva_sel|4|45.0|base|60|todas|onsite,2025-08-12,lgbm_diario,curva_sel,4,45.0,base,60,todas,onsite,57088,5108,62196,3449,874,2575,13667,506,4555,1084,0.2291696054963156,255,"{""devolucion_origen"": 53, ""entrega_sin_recogida"": 258, ""fisico"": 311, ""fuera_servicio"": 0, ""tope"": 0, ""visitas"": 0}",6860,6860,0,0,0,3449,0,14,67,0,74,"[0.4797, 0.5102, 0.3625, 0.474, 0.4458, 0.3047, 0.4492, 0.1802, 0.4122, 0.2784, 0.3076, 0.2621, 0.2967, 0.1766, 0.1951, 0.168, 0.1736, 0.174, 0.1775, 0.1749, 0.1772, 0.1992, 0.2034, 0.2069, 0.2035, 0.2069, 0.2126, 0.2135, 0.3569, 0.2168, 0.2208, 0.2075, 0.3599, 0.3392, 0.4351, 0.7961, 0.5706, 0.4686, 0.4361, 0.4903, 0.4405, 0.5695, 0.3666, 0.3652, 0.4132, 0.3617, 0.1768, 0.2677, 0.5172, 0.3703, 0.3318, 0.4407, 0.2046, 0.4784, 0.3309, 0.3072, 0.3488, 0.3435, 0.2072, 0.2085, 0.2102, 0.2048, 0.2051, 0.1865, 0.2045, 0.1772, 0.1743, 0.1765, 0.1803, 0.1732, 0.1787, 0.1846, 0.2672, 0.2473]",0.2646497704990906,0.5126521038504506,0.7961271669992129,0,24.804,53.0,
2025-08-13|lgbm_diario|curva_sel|4|45.0|base|60|todas|onsite,2025-08-13,lgbm_diario,curva_sel,4,45.0,base,60,todas,onsite,40311,4309,44620,2879,731,2148,11514,498,2689,717,0.2599022730258119,184,"{""devolucion_origen"": 90, ""entrega_sin_recogida"": 287, ""fisico"": 377, ""fuera_servicio"": 0, ""tope"": 0, ""visitas"": 0}",5802,5802,0,0,0,2879,0,14,67,0,74,"[0.4857, 0.2709, 0.2709, 0.3459, 0.3864, 0.4379, 0.2824, 0.3989, 0.2484, 0.2752, 0.4373, 0.2365, 0.3037, 0.1667, 0.1729, 0.1648, 0.178, 0.1995, 0.1737, 0.207, 0.1782, 0.1772, 0.2095, 0.1826, 0.1996, 0.1799, 0.1929, 0.219, 0.4319, 0.3745, 0.1897, 0.4055, 0.3344, 0.3769, 0.4621, 0.4185, 0.667, 0.6023, 0.4037, 0.5785, 0.5745, 0.5486, 0.2944, 0.4571, 0.3074, 0.3574, 0.4574, 0.3792, 0.1863, 0.4617, 0.5637, 0.3055, 0.5889, 0.5361, 0.6934, 0.1834, 0.1836, 0.211, 0.2226, 0.1906, 0.1984, 0.1866, 0.3824, 0.2145, 0.1836, 0.1852, 0.1947, 0.1797, 0.1848, 0.1852, 0.1924, 0.1699, 0.2574, 0.315]",0.2709337079995748,0.582169123148742,0.6933714580009109,0,25.487,90.0,
2025-08-16|lgbm_diario|curva_sel|4|45.0|base|60|todas|onsite,2025-08-16,lgbm_diario,curva_sel,4,45.0,base,60,todas,onsite,28502,2326,30828,1464,230,1234,3747,161,1033,91,0.2150399844508477,67,"{""devolucion_origen"": 1, ""entrega_sin_recogida"": 4, ""fisico"": 5, ""fuera_servicio"": 0, ""tope"": 0, ""visitas"": 0}",1874,1874,0,0,0,1464,0,14,51,0,74,"[0.2086, 0.4015, 0.2107, 0.408, 0.2104, 0.198, 0.6066, 0.3642, 0.4012, 0.3789, 0.8029, 0.4977, 0.6094, 0.1849, 0.3869, 0.6026, 0.5185, 0.5943, 0.342, 0.3607, 0.1912, 0.2136, 0.2163, 0.2056, 0.2215, 0.1841, 0.4205, 0.2207, 0.1975, 0.3884, 0.184, 0.2175, 0.2167, 0.2023, 0.2174, 0.3869, 0.39, 0.1897, 0.4458, 0.2041, 0.2174, 0.2013, 0.4673, 0.1815, 0.1918, 0.2096, 0.2028, 0.1888, 0.996, 0.2179, 0.9857, 0.1915, 0.5927, 0.3255, 0.1955, 0.6768, 0.4293, 0.2041, 0.1833, 0.1989, 0.1979, 0.2108, 0.192, 0.2058, 0.2196, 0.3877, 0.1989, 0.1783, 0.3669, 0.1822, 0.1932, 0.1786, 0.2514, 0.3276]",0.2173846035002498,0.6330000084491981,0.996033625000564,0,25.863,1.0,
2025-08-18|lgbm_diario|curva_sel|4|45.0|base|60|todas|onsite,2025-08-18,lgbm_diario,curva_sel,4,45.0,base,60,todas,onsite,49284,3821,53105,3158,721,2437,11724,467,3428,801,0.2588251594250375,220,"{""devolucion_origen"": 24, ""entrega_sin_recogida"": 223, ""fisico"": 247, ""fuera_servicio"": 0, ""tope"": 0, ""visitas"": 0}",5874,5874,0,0,0,3160,2,14,67,0,74,"[0.4831, 0.4125, 0.4411, 0.3989, 0.4315, 0.5352, 0.331, 0.1747, 0.5289, 0.291, 0.3372, 0.5322, 0.2046, 0.197, 0.1787, 0.1924, 0.2058, 0.197, 0.2043, 0.1771, 0.2136, 0.1997, 0.1818, 0.2144, 0.1827, 0.6419, 0.1872, 0.3571, 0.365, 0.4618, 0.5529, 0.1806, 0.6736, 0.4106, 0.582, 0.3566, 0.6066, 0.565, 0.6639, 0.6094, 0.5075, 0.3191, 0.3098, 0.2094, 0.4637, 0.3698, 0.3391, 0.3606, 0.3004, 0.3553, 0.471, 0.4611, 0.4707, 0.546, 0.3011, 0.198, 0.3371, 0.3357, 0.2209, 0.1858, 0.1828, 0.1818, 0.1894, 0.2155, 0.1829, 0.1875, 0.2016, 0.1869, 0.1969, 0.1822, 0.1761, 0.286, 0.2595, 0.2625]",0.3054776459994173,0.6075843563508897,0.6736105419986416,0,26.969,24.0,
2025-08-23|lgbm_diario|curva_sel|4|45.0|base|60|todas|onsite,2025-08-23,lgbm_diario,curva_sel,4,45.0,base,60,todas,onsite,23550,1172,24722,1515,227,1288,4046,170,742,56,0.223222838217417,67,"{""devolucion_origen"": 4, ""entrega_sin_recogida"": 8, ""fisico"": 12, ""fuera_servicio"": 0, ""tope"": 0, ""visitas"": 0}",2025,2025,0,0,0,1515,0,14,59,0,74,"[0.1899, 0.358, 0.3779, 0.3619, 0.4457, 0.5157, 0.412, 0.5361, 0.5116, 0.2119, 0.3734, 0.654, 0.3705, 0.3305, 0.7349, 0.4805, 0.3605, 0.382, 0.3513, 0.3695, 0.5436, 0.3756, 0.2081, 0.3905, 0.1897, 0.2269, 0.2135, 0.191, 0.613, 0.1963, 0.4696, 0.1909, 0.1943, 0.3968, 0.209, 0.517, 0.4032, 0.2141, 0.2175, 0.5506, 0.3975, 0.3884, 0.3594, 0.222, 0.2316, 0.1908, 0.1908, 0.4084, 0.41, 0.1895, 0.5376, 0.5699, 0.1998, 0.2164, 0.3681, 0.2264, 0.6142, 0.4271, 0.1922, 0.468, 0.2204, 0.206, 0.1872, 0.1854, 0.1843, 0.4417, 0.1875, 0.3051, 1.4299, 0.2427, 0.2439, 0.1913, 0.2464, 0.1713]",0.3586982915021508,0.6134457142512474,1.4298965410016535,0,28.128,4.0,
2025-08-26|lgbm_diario|curva_sel|4|45.0|base|60|todas|onsite,2025-08-26,lgbm_diario,curva_sel,4,45.0,base,60,todas,onsite,49823,5266,55089,3341,869,2472,13381,476,4675,1405,0.2556586742748445,420,"{""devolucion_origen"": 37, ""entrega_sin_recogida"": 178, ""fisico"": 215, ""fuera_servicio"": 0, ""tope"": 0, ""visitas"": 0}",6709,6709,0,0,0,3341,0,14,67,0,74,"[0.3688, 0.313, 0.3084, 0.5682, 0.181, 0.1807, 0.4072, 0.4046, 0.4178, 0.5296, 0.2573, 0.2482, 0.1902, 0.1893, 0.1742, 0.1875, 0.175, 0.1978, 0.2025, 0.1941, 0.195, 0.1762, 0.1793, 0.223, 0.1855, 0.2047, 0.1781, 0.1808, 0.2071, 0.1832, 0.4327, 0.3572, 0.3716, 0.5378, 0.5099, 0.4871, 0.3224, 0.5587, 0.7396, 0.4329, 0.4844, 0.4884, 0.5925, 0.4348, 0.498, 0.3429, 0.3181, 0.2923, 0.476, 0.4508, 0.3347, 0.4491, 0.4286, 0.3746, 0.6869, 0.2116, 0.1989, 0.2955, 0.1829, 0.2087, 0.1904, 0.2114, 0.1814, 0.2045, 0.184, 0.1981, 0.201, 0.1801, 0.1824, 0.181, 0.1995, 0.1734, 0.2681, 0.4226]",0.25277014600033,0.5619898767514314,0.7395746669972141,0,25.535,37.0,
2025-08-27|lgbm_diario|curva_sel|4|45.0|base|60|todas|onsite,2025-08-27,lgbm_diario,curva_sel,4,45.0,base,60,todas,onsite,55809,5807,61616,3256,849,2407,13071,492,4737,1435,0.2536859050031865,354,"{""devolucion_origen"": 21, ""entrega_sin_recogida"": 195, ""fisico"": 216, ""fuera_servicio"": 0, ""tope"": 0, ""visitas"": 0}",6546,6546,0,0,0,3258,2,14,67,0,74,"[0.3079, 0.5697, 0.3484, 0.5634, 0.6215, 0.3304, 0.2366, 0.173, 0.6366, 0.2018, 0.6811, 0.2972, 0.2078, 0.2068, 0.2123, 0.1817, 0.2082, 0.2063, 0.213, 0.1851, 0.2016, 0.2187, 0.2114, 0.1845, 0.2022, 0.1884, 0.2151, 0.3726, 0.2046, 0.2114, 0.2149, 0.3408, 0.22, 0.764, 0.4439, 0.5429, 0.4674, 0.9214, 0.7956, 0.461, 0.4462, 0.6629, 0.412, 0.71, 0.3928, 0.3358, 0.1837, 0.4078, 0.3364, 0.3654, 0.7708, 0.3742, 0.4734, 0.29, 0.5955, 0.3111, 0.3421, 0.3162, 0.1865, 0.1844, 0.2153, 0.1776, 0.1897, 0.1979, 0.1943, 0.1863, 0.2058, 0.1771, 0.1918, 0.1785, 0.1774, 0.2783, 0.2996, 0.2727]",0.2754970005007635,0.7288876772008731,0.9213596249974216,0,27.612,21.0,
2025-08-28|lgbm_diario|curva_sel|4|45.0|base|60|todas|onsite,2025-08-28,lgbm_diario,curva_sel,4,45.0,base,60,todas,onsite,49939,4702,54641,3160,800,2360,12454,462,3775,1140,0.2577224904450511,287,"{""devolucion_origen"": 44, ""entrega_sin_recogida"": 214, ""fisico"": 258, ""fuera_servicio"": 0, ""tope"": 0, ""visitas"": 0}",6249,6249,0,0,0,3160,0,14,67,0,74,"[0.4971, 0.422, 0.379, 0.4009, 0.2759, 0.2452, 0.1859, 0.2619, 0.4481, 0.4618, 0.1997, 0.3577, 0.2018, 0.2073, 0.169, 0.1684, 0.2027, 0.1728, 0.1787, 0.1808, 0.1848, 0.2039, 0.1762, 0.1826, 0.1855, 0.1806, 0.3948, 0.2056, 0.3399, 0.355, 0.4257, 0.3726, 0.4433, 0.4785, 0.3453, 0.5637, 0.7916, 0.5452, 0.621, 0.4182, 0.1794, 0.8836, 0.3798, 0.5241, 0.1845, 0.3397, 0.3687, 0.4513, 0.3999, 0.5648, 0.3297, 0.3743, 0.3826, 0.8114, 0.3516, 0.3414, 0.1895, 0.2129, 0.2129, 0.1995, 0.1878, 0.1852, 0.205, 0.18, 0.1864, 0.1806, 0.1895, 0.1792, 0.2013, 0.1901, 0.1823, 0.1854, 0.2715, 0.2622]",0.2620441875005781,0.584465306250058,0.8835738329980813,0,25.971,44.0,
2025-08-31|lgbm_diario|curva_sel|4|45.0|base|60|todas|onsite,2025-08-31,lgbm_diario,curva_sel,4,45.0,base,60,todas,onsite,34866,1644,36510,1673,278,1395,4679,234,1722,96,0.2200863497164523,90,"{""devolucion_origen"": 13, ""entrega_sin_recogida"": 82, ""fisico"": 95, ""fuera_servicio"": 0, ""tope"": 0, ""visitas"": 0}",2346,2346,0,0,0,1673,0,14,64,0,74,"[0.2009, 0.4218, 0.1911, 0.2149, 0.1918, 0.5834, 0.6291, 0.3956, 0.3964, 0.4143, 0.3403, 0.4157, 0.5149, 0.5104, 0.3556, 0.4236, 0.5855, 0.1906, 0.2243, 0.3688, 0.3999, 0.2104, 0.205, 0.2005, 0.2018, 0.406, 0.2134, 0.2104, 0.2119, 0.2115, 0.2121, 0.1815, 0.2035, 0.2139, 0.1901, 0.3733, 0.4658, 0.1898, 0.1962, 0.1945, 0.6496, 0.3733, 0.5111, 0.2085, 1.252, 0.2084, 0.5219, 0.8719, 0.6412, 0.2082, 0.6854, 0.2051, 0.2027, 0.424, 0.49, 0.2177, 0.3125, 0.2159, 0.2139, 0.3768, 0.4212, 0.2112, 0.2206, 0.3156, 0.4435, 0.3031, 0.3888, 0.1848, 0.6156, 0.7434, 0.3518, 0.186, 0.1665, 0.2275]",0.3077783539993106,0.6621167454015447,1.2520494579985098,0,28.247,13.0,
2025-08-01|lgbm_diario|curva_sel|4|60.0|base|60|todas|onsite,2025-08-01,lgbm_diario,curva_sel,4,60.0,base,60,todas,onsite,28724,3843,32567,1933,527,1406,8055,413,1659,542,0.1944226530938795,174,"{""devolucion_origen"": 35, ""entrega_sin_recogida"": 88, ""fisico"": 123, ""fuera_servicio"": 0, ""tope"": 0, ""visitas"": 0}",4045,4045,0,0,0,1933,0,14,64,0,74,"[0.2042, 0.1952, 0.3689, 0.3781, 0.3055, 0.3141, 0.3082, 0.3072, 0.1788, 0.2015, 0.1782, 0.2072, 0.1797, 0.2102, 0.2085, 0.2046, 0.1849, 0.1811, 0.205, 0.2176, 0.1779, 0.1946, 0.1779, 0.1949, 0.1985, 0.1927, 0.4432, 0.1955, 0.2114, 0.1889, 0.189, 0.3857, 0.2105, 0.2139, 0.3281, 0.4244, 0.6946, 0.212, 0.3276, 0.3948, 0.5, 0.3517, 0.3895, 0.3463, 0.2083, 0.4372, 0.1912, 0.4276, 0.5776, 0.5609, 0.4027, 0.446, 0.1825, 0.7101, 0.4277, 0.477, 0.2241, 0.419, 0.2039, 0.1846, 0.1866, 0.2168, 0.1794, 0.2022, 0.1807, 0.1992, 0.2054, 0.2069, 0.2041, 0.18, 0.1988, 0.2894, 0.2792, 0.1805]",0.2093660624996118,0.5212781693007852,0.7101433749994612,0,23.099,35.0,
2025-08-04|lgbm_diario|curva_sel|4|60.0|base|60|todas|onsite,2025-08-04,lgbm_diario,curva_sel,4,60.0,base,60,todas,onsite,45196,4470,49666,2583,681,1902,10958,451,3886,1143,0.2432570251602942,272,"{""devolucion_origen"": 6, ""entrega_sin_recogida"": 103, ""fisico"": 109, ""fuera_servicio"": 0, ""tope"": 0, ""visitas"": 0}",5482,5482,0,0,0,2583,0,14,67,0,74,"[0.3666, 0.1975, 0.339, 0.434, 0.3719, 0.3216, 0.3002, 0.9, 0.3815, 0.2615, 0.308, 0.3029, 0.1997, 0.2061, 0.1987, 0.1955, 0.2084, 0.2033, 0.2094, 0.2042, 0.1979, 0.1968, 0.1784, 0.2024, 0.2252, 0.2058, 0.2011, 0.2079, 0.1893, 0.2017, 0.3526, 0.1902, 0.2127, 0.1997, 0.1912, 0.2073, 0.1868, 0.3511, 0.8002, 0.4447, 0.4521, 0.6214, 0.2055, 0.5951, 0.3211, 0.573, 0.3006, 0.4438, 0.4654, 0.4284, 0.3806, 0.4056, 0.3328, 0.6866, 0.5316, 0.1821, 0.2061, 0.1863, 0.2169, 0.1772, 0.1853, 0.206, 0.1779, 0.1992, 0.1799, 0.2075, 0.1976, 0.1852, 0.1823, 0.1842, 0.1867, 0.2882, 0.1682, 0.1664]",0.2074038124992512,0.6043099999014884,0.9000419170006353,0,24.11,6.0,
2025-08-06|lgbm_diario|curva_sel|4|60.0|base|60|todas|onsite,2025-08-06,lgbm_diario,curva_sel,4,60.0,base,60,todas,onsite,56373,3843,60216,2915,758,2157,12526,484,4380,924,0.2437073452921714,201,"{""devolucion_origen"": 36, ""entrega_sin_recogida"": 308, ""fisico"": 344, ""fuera_servicio"": 0, ""tope"": 0, ""visitas"": 0}",6281,6281,0,0,0,2915,0,14,67,0,74,"[0.4834, 0.3482, 0.3211, 0.5982, 0.2097, 0.3499, 0.2879, 0.1873, 0.473, 0.3113, 0.2631, 0.3296, 0.3844, 0.1643, 0.2798, 0.1694, 0.1737, 0.2103, 0.1763, 0.1782, 0.2041, 0.201, 0.2144, 0.1821, 0.1898, 0.2135, 0.1868, 0.3663, 0.4234, 0.4168, 0.3587, 0.184, 0.3275, 0.3583, 0.378, 0.3595, 0.3284, 0.4931, 0.5461, 0.5071, 0.5516, 0.3309, 0.2077, 0.4116, 0.3077, 0.3461, 0.3657, 0.3777, 0.3174, 0.1785, 0.4338, 0.3053, 0.2905, 0.2872, 0.2957, 0.324, 0.3779, 0.4492, 0.3244, 0.3391, 0.2091, 0.4207, 0.1794, 0.197, 0.1941, 0.1827, 0.2014, 0.1784, 0.1836, 0.1821, 0.2799, 0.1685, 0.2617, 0.1835]",0.3005197705006139,0.4979770563502824,0.5982397090010636,0,24.598,36.0,
2025-08-08|lgbm_diario|curva_sel|4|60.0|base|60|todas|onsite,2025-08-08,lgbm_diario,curva_sel,4,60.0,base,60,todas,onsite,39416,3982,43398,2350,593,1757,9952,427,2843,619,0.2111557611769127,365,"{""devolucion_origen"": 22, ""entrega_sin_recogida"": 152, ""fisico"": 174, ""fuera_servicio"": 0, ""tope"": 0, ""visitas"": 0}",4987,4987,0,0,0,2350,0,14,64,0,74,"[0.3228, 0.3141, 0.324, 0.3141, 0.186, 0.3603, 0.2798, 0.4447, 0.2625, 0.3195, 0.3289, 0.2715, 0.2799, 0.178, 0.2988, 0.1724, 0.1767, 0.2102, 0.175, 0.1849, 0.1822, 0.2121, 0.1797, 0.1883, 0.1808, 0.2011, 0.1869, 0.219, 0.3775, 0.2073, 0.3865, 0.4063, 0.4532, 0.3744, 0.3779, 0.4512, 0.1858, 0.3906, 0.2192, 0.8814, 0.6437, 0.5132, 0.3733, 0.4078, 0.61, 0.423, 0.502, 0.2073, 0.4789, 0.1894, 0.4992, 0.6143, 0.5021, 0.1812, 0.363, 0.3553, 0.1842, 0.3647, 0.3879, 0.1854, 0.1952, 0.2155, 0.1892, 0.2076, 0.1927, 0.2036, 0.2118, 0.1782, 0.2039, 0.1775, 0.1888, 0.2986, 0.2688, 0.1789]",0.2701943119991483,0.5471032751009256,0.8813979160004237,0,24.992,22.0,
2025-08-09|lgbm_diario|curva_sel|4|60.0|base|60|todas|onsite,2025-08-09,lgbm_diario,curva_sel,4,60.0,base,60,todas,onsite,18304,1666,19970,1149,202,947,3330,187,546,56,0.2191033347740216,100,"{""devolucion_origen"": 0, ""entrega_sin_recogida"": 5, ""fisico"": 5, ""fuera_servicio"": 0, ""tope"": 0, ""visitas"": 0}",1665,1665,0,0,0,1151,2,14,54,0,74,"[0.18, 0.4049, 0.3544, 0.3782, 0.3888, 0.4096, 0.58, 0.7439, 0.6464, 0.4145, 0.3651, 0.3843, 0.4832, 0.5038, 0.4062, 0.2158, 0.4752, 0.3363, 0.5635, 0.3568, 0.2157, 0.7318, 0.2102, 0.1804, 0.5051, 0.5009, 0.2078, 0.2103, 0.1943, 0.1901, 0.2139, 0.1867, 0.2111, 0.2063, 0.2093, 0.2111, 0.2328, 0.2184, 0.5625, 0.1877, 0.5403, 0.5415, 0.1904, 0.4118, 0.2444, 0.1932, 0.1884, 0.5442, 0.1869, 0.1945, 0.3662, 0.4929, 0.3693, 0.2246, 0.4272, 0.1937, 0.2132, 0.202, 0.204, 0.1989, 0.1904, 0.1943, 0.1996, 0.1862, 0.2644, 0.2717, 0.3664, 0.1792, 0.1866, 0.1751, 0.31, 0.2271, 0.1813, 0.1725]",0.2258714789986697,0.5692741289516561,0.7439095420013473,0,25.439,0.0,
2025-08-11|lgbm_diario|curva_sel|4|60.0|base|60|todas|onsite,2025-08-11,lgbm_diario,curva_sel,4,60.0,base,60,todas,onsite,44820,4617,49437,2714,697,2017,11277,510,3628,949,0.2428723775642576,203,"{""devolucion_origen"": 33, ""entrega_sin_recogida"": 178, ""fisico"": 211, ""fuera_servicio"": 0, ""tope"": 0, ""visitas"": 0}",5655,5655,0,0,0,2718,4,14,67,0,74,"[0.3331, 0.215, 0.2814, 0.3405, 0.3481, 0.4267, 0.3588, 0.396, 0.4188, 0.2768, 0.2668, 0.3479, 0.4325, 0.1841, 0.303, 0.1983, 0.1957, 0.1987, 0.192, 0.2054, 0.367, 0.2067, 0.2019, 0.2068, 0.2133, 0.1997, 0.2186, 0.2168, 0.2126, 0.2177, 0.1999, 0.4096, 0.3477, 0.3529, 0.3453, 0.39, 0.6631, 0.3689, 0.3585, 0.3281, 0.7326, 0.4714, 0.4177, 0.3882, 0.5484, 0.6187, 0.4742, 0.3266, 0.3316, 0.5009, 0.4928, 0.3552, 0.381, 0.4449, 0.3988, 0.3775, 0.3952, 0.3798, 0.3518, 0.193, 0.1955, 0.1887, 0.1838, 0.1914, 0.1833, 0.1959, 0.1841, 0.2021, 0.183, 0.1794, 0.3148, 0.2918, 0.183, 0.1706]",0.3273618544990313,0.5175128062481232,0.7326134159993671,0,25.746,33.0,
2025-08-12|lgbm_diario|curva_sel|4|60.0|base|60|todas|onsite,2025-08-12,lgbm_diario,curva_sel,4,60.0,base,60,todas,onsite,60463,5838,66301,3019,775,2244,12832,488,4983,1260,0.2447454869604804,282,"{""devolucion_origen"": 26, ""entrega_sin_recogida"": 238, ""fisico"": 264, ""fuera_servicio"": 0, ""tope"": 0, ""visitas"": 0}",6429,6429,0,0,0,3019,0,14,67,0,74,"[0.6053, 0.4555, 0.365, 0.2992, 0.581, 0.4529, 0.4722, 0.3163, 0.2894, 0.2552, 0.3552, 0.5904, 0.1754, 0.1714, 0.206, 0.1712, 0.1945, 0.1798, 0.2008, 0.2134, 0.1864, 0.1897, 0.1802, 0.2074, 0.1791, 0.3934, 0.3546, 0.3535, 0.2209, 0.1844, 0.4066, 0.3213, 0.4671, 0.3, 0.3059, 0.3082, 0.6092, 0.5206, 0.4742, 0.6829, 0.4463, 0.3358, 0.3894, 0.4527, 0.3815, 0.3221, 0.4503, 0.1864, 0.342, 0.3068, 0.3875, 0.3035, 0.3505, 0.4389, 0.404, 0.3814, 0.3651, 0.1818, 0.1787, 0.1961, 0.1792, 0.2175, 0.1869, 0.1836, 0.1802, 0.1844, 0.1777, 0.1755, 0.1731, 0.1775, 0.3077, 0.2853, 0.2782, 0.1675]",0.3047222084987879,0.5843048539503797,0.6828967910005304,0,25.479,26.0,
2025-08-13|lgbm_diario|curva_sel|4|60.0|base|60|todas|onsite,2025-08-13,lgbm_diario,curva_sel,4,60.0,base,60,todas,onsite,41704,3975,45679,2517,660,1857,10924,481,2695,692,0.2607587383275024,182,"{""devolucion_origen"": 40, ""entrega_sin_recogida"": 243, ""fisico"": 283, ""fuera_servicio"": 0, ""tope"": 0, ""visitas"": 0}",5482,5482,0,0,0,2517,0,14,67,0,74,"[0.388, 0.3309, 0.2817, 0.3384, 0.5052, 0.5257, 0.6272, 0.2563, 0.4118, 0.438, 0.1822, 0.1764, 0.1696, 0.1997, 0.2059, 0.3094, 0.1918, 0.1965, 0.1782, 0.2032, 0.1959, 0.1876, 0.1785, 0.1991, 0.216, 0.1818, 0.3861, 0.5015, 0.3743, 0.3495, 0.4218, 0.1893, 0.1981, 0.3519, 0.5085, 0.5165, 0.6063, 0.6618, 0.4508, 0.4495, 0.5019, 0.4002, 0.493, 0.3661, 0.3699, 0.5917, 0.5884, 0.5275, 0.3567, 0.334, 0.4084, 0.5188, 0.2185, 0.7149, 0.3967, 0.4043, 0.3523, 0.2087, 0.1858, 0.3813, 0.1878, 0.1918, 0.3637, 0.2096, 0.2098, 0.2035, 0.4397, 0.2019, 0.1906, 0.1811, 0.1991, 0.3011, 0.253, 0.1692]",0.3362126660013018,0.5968266289477469,0.7149260000005597,0,27.158,40.0,
2025-08-16|lgbm_diario|curva_sel|4|60.0|base|60|todas|onsite,2025-08-16,lgbm_diario,curva_sel,4,60.0,base,60,todas,onsite,30707,2455,33162,1293,194,1099,3484,146,1076,82,0.2127401244066675,64,"{""devolucion_origen"": 0, ""entrega_sin_recogida"": 4, ""fisico"": 4, ""fuera_servicio"": 0, ""tope"": 0, ""visitas"": 0}",1742,1742,0,0,0,1293,0,14,40,0,74,"[0.2037, 0.2174, 0.2257, 0.2017, 0.2124, 0.4029, 0.4016, 0.6785, 0.5978, 0.3673, 0.4179, 0.3729, 0.3441, 0.219, 0.7033, 0.5379, 0.4449, 0.4037, 0.2052, 0.7603, 0.1908, 0.1837, 0.1947, 0.3357, 0.3773, 0.2041, 0.3579, 0.2077, 0.1817, 0.1902, 0.1834, 0.2049, 0.1939, 0.2151, 0.4285, 0.4173, 0.1993, 0.3734, 0.4677, 0.1799, 0.463, 0.1872, 0.4193, 0.2221, 0.1905, 0.5185, 0.1968, 0.2031, 0.5614, 0.1889, 0.447, 0.1831, 0.5537, 0.4528, 0.1917, 0.4465, 0.2328, 0.1922, 0.2247, 0.609, 0.5172, 0.2059, 0.952, 0.2107, 0.2072, 0.6036, 0.1871, 0.1816, 0.3869, 0.2012, 0.195, 0.1717, 0.1914, 0.1676]",0.2205715210002381,0.6333319369496162,0.9520036670000992,0,26.358,0.0,
2025-08-18|lgbm_diario|curva_sel|4|60.0|base|60|todas|onsite,2025-08-18,lgbm_diario,curva_sel,4,60.0,base,60,todas,onsite,51318,4578,55896,2858,682,2176,11253,495,3667,906,0.2599552487070624,228,"{""devolucion_origen"": 9, ""entrega_sin_recogida"": 192, ""fisico"": 201, ""fuera_servicio"": 0, ""tope"": 0, ""visitas"": 0}",5631,5631,0,0,0,2858,0,14,67,0,74,"[0.6486, 0.3101, 0.2814, 0.3816, 0.4001, 0.3466, 0.3689, 0.1923, 0.3111, 0.2676, 0.2649, 0.4007, 0.2925, 0.3566, 0.2097, 0.207, 0.2096, 0.1878, 0.1973, 0.2095, 0.1936, 0.2153, 0.2038, 0.2162, 0.2187, 0.1803, 0.2161, 0.2096, 0.2073, 0.5064, 0.3623, 0.5151, 0.4174, 0.2056, 0.3532, 0.1981, 0.4264, 0.5265, 0.5555, 0.4753, 0.3612, 0.6648, 0.1998, 0.6354, 0.3833, 0.3162, 0.2936, 0.4355, 0.4252, 0.7079, 0.2031, 0.326, 0.4198, 0.3664, 0.3186, 0.4904, 0.3411, 0.3659, 0.2161, 0.3472, 0.2049, 0.1876, 0.2151, 0.1829, 0.1899, 0.1985, 0.1997, 0.176, 0.1979, 0.1923, 0.181, 0.3096, 0.2982, 0.219]",0.2930724375000864,0.5834998103000539,0.7079145419993438,0,25.591,9.0,
2025-08-23|lgbm_diario|curva_sel|4|60.0|base|60|todas|onsite,2025-08-23,lgbm_diario,curva_sel,4,60.0,base,60,todas,onsite,25180,1427,26607,1371,217,1154,3810,169,791,67,0.2269037630761283,70,"{""devolucion_origen"": 2, ""entrega_sin_recogida"": 15, ""fisico"": 17, ""fuera_servicio"": 0, ""tope"": 0, ""visitas"": 0}",1906,1906,0,0,0,1371,0,14,46,0,74,"[0.2161, 0.2213, 0.405, 0.3822, 0.4158, 0.4602, 0.5089, 0.4713, 0.6087, 0.3393, 0.6344, 0.3617, 0.3937, 0.5814, 0.7247, 0.4701, 0.5024, 0.3848, 0.3642, 0.3377, 0.7998, 0.3908, 0.2074, 0.2149, 0.1871, 0.1915, 0.2083, 0.2033, 0.1837, 0.3821, 0.2109, 0.2085, 0.3704, 0.6872, 0.2188, 0.3564, 0.2207, 0.2134, 0.4151, 0.5183, 0.186, 0.4464, 0.2124, 0.2014, 0.1867, 0.2113, 0.2029, 0.5216, 0.5062, 0.1914, 0.2196, 0.6976, 0.5132, 0.2083, 0.1969, 0.2153, 0.2111, 0.7924, 0.3962, 0.1917, 0.2018, 0.21, 0.1871, 0.4313, 0.2057, 0.1837, 0.1987, 0.192, 1.8634, 0.2626, 0.1891, 0.1705, 0.2497, 0.1783]",0.2354886665016238,0.7071189937501912,1.8634072080021724,0,28.437,2.0,
2025-08-26|lgbm_diario|curva_sel|4|60.0|base|60|todas|onsite,2025-08-26,lgbm_diario,curva_sel,4,60.0,base,60,todas,onsite,52735,5690,58425,2989,803,2186,12496,458,5007,1506,0.2630971268796531,420,"{""devolucion_origen"": 28, ""entrega_sin_recogida"": 185, ""fisico"": 213, ""fuera_servicio"": 0, ""tope"": 0, ""visitas"": 0}",6262,6262,0,0,0,2989,0,14,67,0,74,"[0.195, 0.2036, 0.3953, 0.1924, 0.2062, 0.2648, 0.4052, 0.31, 0.2453, 0.2561, 0.2997, 0.4934, 0.1722, 0.174, 0.1717, 0.1691, 0.1701, 0.1756, 0.2166, 0.1707, 0.176, 0.179, 0.1789, 0.2253, 0.1964, 0.2137, 0.3671, 0.1881, 0.2056, 0.201, 0.3765, 0.3038, 0.3708, 0.326, 0.3485, 0.4112, 0.4357, 0.5484, 0.5742, 0.4197, 0.315, 0.6954, 0.6444, 0.3349, 0.3853, 0.3916, 0.4529, 0.4148, 0.2726, 0.4695, 0.4396, 0.3959, 0.3355, 0.595, 0.3075, 0.3515, 0.3148, 0.3106, 0.2182, 0.186, 0.1885, 0.1994, 0.1813, 0.2025, 0.2084, 0.1781, 0.1728, 0.179, 0.1887, 0.1888, 0.1809, 0.301, 0.2697, 0.1806]",0.2604507295000076,0.5573896312494979,0.6954470000018773,0,24.287,28.0,
2025-08-27|lgbm_diario|curva_sel|4|60.0|base|60|todas|onsite,2025-08-27,lgbm_diario,curva_sel,4,60.0,base,60,todas,onsite,56899,6383,63282,2888,770,2118,12302,496,4952,1508,0.260831099353849,356,"{""devolucion_origen"": 6, ""entrega_sin_recogida"": 198, ""fisico"": 204, ""fuera_servicio"": 0, ""tope"": 0, ""visitas"": 0}",6154,6154,0,0,0,2888,0,14,67,0,74,"[0.3643, 0.2795, 0.3629, 0.4021, 0.3466, 0.5965, 0.2959, 0.6491, 0.293, 0.2731, 0.2518, 0.4362, 0.1899, 0.1737, 0.1944, 0.1963, 0.196, 0.1829, 0.1989, 0.1808, 0.1753, 0.18, 0.2165, 0.2081, 0.2178, 0.1891, 0.4764, 0.3557, 0.1847, 0.2226, 0.18, 0.2133, 0.3636, 0.3679, 0.4097, 0.3924, 0.4826, 0.4724, 0.4699, 0.4877, 0.3754, 0.3419, 0.3209, 0.419, 0.4567, 0.3377, 0.4018, 0.1972, 0.6852, 0.528, 0.3255, 0.3015, 0.3834, 0.3116, 0.5747, 0.3336, 0.4518, 0.3172, 0.1826, 0.3513, 0.2145, 0.1797, 0.217, 0.1831, 0.1841, 0.2029, 0.1819, 0.1984, 0.1838, 0.1793, 0.1845, 0.2916, 0.288, 0.1809]",0.2923021874994447,0.544379433099675,0.6851737090000825,0,25.31,6.0,
2025-08-28|lgbm_diario|curva_sel|4|60.0|base|60|todas|onsite,2025-08-28,lgbm_diario,curva_sel,4,60.0,base,60,todas,onsite,52088,4875,56963,2767,720,2047,11729,467,4003,1122,0.2618024073926342,303,"{""devolucion_origen"": 31, ""entrega_sin_recogida"": 171, ""fisico"": 202, ""fuera_servicio"": 0, ""tope"": 0, ""visitas"": 0}",5880,5880,0,0,0,2767,0,14,67,0,74,"[0.5002, 0.5284, 0.3582, 0.4986, 0.6189, 0.2762, 0.1776, 0.6107, 0.1994, 0.1768, 0.3025, 0.2578, 0.1786, 0.1759, 0.1932, 0.167, 0.181, 0.1997, 0.1764, 0.176, 0.2031, 0.1814, 0.2118, 0.2288, 0.1966, 0.2184, 0.2091, 0.2067, 0.4004, 0.346, 0.2076, 0.2106, 0.3482, 0.1847, 0.3072, 0.4574, 0.206, 0.5026, 0.5401, 0.4239, 0.6267, 0.3425, 0.4764, 0.4196, 0.5655, 0.3557, 0.321, 0.2769, 0.4537, 0.5049, 0.2071, 0.402, 0.3925, 0.3425, 0.389, 0.4287, 0.225, 0.4688, 0.1852, 0.2109, 0.2053, 0.2121, 0.219, 0.2042, 0.1882, 0.1999, 0.1906, 0.191, 0.1817, 0.1881, 0.321, 0.2832, 0.2654, 0.1658]",0.2268982705008966,0.5489947625008424,0.6267450829982408,0,24.843,31.0,
2025-08-31|lgbm_diario|curva_sel|4|60.0|base|60|todas|onsite,2025-08-31,lgbm_diario,curva_sel,4,60.0,base,60,todas,onsite,35452,1684,37136,1492,261,1231,4491,237,1631,96,0.2228140444427223,84,"{""devolucion_origen"": 15, ""entrega_sin_recogida"": 72, ""fisico"": 87, ""fuera_servicio"": 0, ""tope"": 0, ""visitas"": 0}",2253,2253,0,0,0,1492,0,14,58,0,74,"[0.1786, 0.3768, 0.1992, 0.229, 0.1995, 0.5824, 0.4133, 0.3575, 0.4209, 0.6298, 0.3442, 0.4667, 0.4018, 0.6341, 0.3561, 0.4548, 0.2197, 0.3865, 0.223, 0.3261, 0.3357, 0.383, 0.2156, 0.2065, 0.207, 0.2181, 0.1806, 0.2045, 0.2138, 0.2104, 0.186, 0.1783, 0.1815, 0.1925, 0.2165, 0.3903, 0.3777, 0.4249, 0.1828, 0.4278, 0.2113, 0.4128, 0.5308, 0.4335, 0.7783, 0.2096, 0.2028, 0.6684, 0.5339, 0.5424, 0.4775, 0.5568, 0.2296, 0.6483, 0.3501, 0.2291, 0.3393, 0.2143, 0.3542, 0.2173, 0.5995, 0.1884, 0.1919, 0.1865, 0.4128, 0.3052, 0.2087, 0.1762, 0.3863, 2.0942, 0.1893, 0.1837, 0.1755, 0.1704]",0.3156593335006619,0.6390496119491217,2.094186250000348,0,28.236,15.0,
2025-08-01|oraculo_directo|curva_sel|4|10.0|base|60|todas|onsite,2025-08-01,oraculo_directo,curva_sel,4,10.0,base,60,todas,onsite,9000,1428,10428,2830,795,2035,8357,350,376,212,0.1426818630689887,33,"{""devolucion_origen"": 3, ""entrega_sin_recogida"": 214, ""fisico"": 217, ""fuera_servicio"": 0, ""tope"": 0, ""visitas"": 0}",4180,4180,0,0,0,2840,10,14,67,0,74,"[0.2117, 0.193, 0.193, 0.2137, 0.1865, 0.1868, 0.2134, 0.2227, 0.1811, 0.2036, 0.1857, 0.1903, 0.2087, 0.186, 0.2142, 0.1848, 0.1855, 0.2123, 0.2076, 0.2085, 0.2209, 0.3298, 0.4047, 3.8174, 0.3152, 0.219, 0.2062, 0.2955, 0.3823, 0.3202, 0.2338, 0.2425, 0.3115, 0.5861, 0.5091, 0.7061, 0.3424, 0.6923, 0.881, 0.3252, 0.3428, 0.2148, 0.3858, 0.3244, 0.4871, 0.5923, 0.3909, 0.3258, 0.3612, 0.5399, 0.3879, 0.3095, 0.3114, 0.2191, 0.1933, 0.2201, 0.1899, 0.2113, 0.1878, 0.22, 0.2068, 0.2143, 0.2058, 0.2007, 0.2098, 0.2033, 0.1979, 0.2391, 0.3844, 0.3028, 0.4115, 0.7213, 0.2798, 0.5102]",0.2217584164991421,0.6971233169999322,3.8174404580022383,0,28.203,3.0,
2025-08-04|oraculo_directo|curva_sel|4|10.0|base|60|todas|onsite,2025-08-04,oraculo_directo,curva_sel,4,10.0,base,60,todas,onsite,13994,2195,16189,3427,974,2453,12070,467,864,648,0.1566789354401262,85,"{""devolucion_origen"": 12, ""entrega_sin_recogida"": 424, ""fisico"": 436, ""fuera_servicio"": 0, ""tope"": 0, ""visitas"": 0}",6041,6041,0,0,0,3437,10,14,67,0,74,"[0.1829, 0.4205, 0.3105, 0.1871, 0.3263, 0.5033, 0.2904, 0.3885, 0.2557, 0.3607, 0.2559, 0.2187, 0.1813, 0.2136, 0.2766, 0.1776, 0.1769, 0.1785, 0.1821, 0.1885, 0.1871, 0.2903, 0.3014, 0.303, 0.1903, 0.3364, 0.2254, 0.2369, 0.7462, 0.2, 3.5488, 0.3355, 0.6401, 0.3083, 1.2868, 0.5405, 0.5546, 0.5942, 0.3044, 0.3918, 0.3652, 0.2663, 0.5279, 0.4985, 0.4536, 0.2677, 0.5483, 0.1856, 0.4892, 0.6784, 0.5577, 0.2172, 0.4388, 0.3271, 0.3811, 0.2858, 0.1927, 0.1919, 0.2327, 0.1919, 0.1905, 0.2297, 0.2296, 0.6583, 0.1924, 0.225, 0.3081, 0.6917, 0.7802, 3.4368, 0.7032, 0.2188, 0.1756, 0.2977]",0.2995454789997893,0.7580897476995231,3.5488198329985607,0,34.754,12.0,
2025-08-06|oraculo_directo|curva_sel|4|10.0|base|60|todas|onsite,2025-08-06,oraculo_directo,curva_sel,4,10.0,base,60,todas,onsite,18993,2011,21004,3601,1022,2579,12640,430,1323,613,0.2099917049967949,64,"{""devolucion_origen"": 12, ""entrega_sin_recogida"": 582, ""fisico"": 594, ""fuera_servicio"": 0, ""tope"": 0, ""visitas"": 0}",6326,6326,0,0,0,3607,6,14,67,0,74,"[0.3056, 0.7692, 0.3627, 0.7393, 0.2853, 0.3955, 0.4227, 0.418, 0.2273, 0.2564, 0.2989, 0.4552, 0.3876, 0.2555, 0.1858, 0.2111, 0.2123, 0.2237, 0.2088, 0.2353, 0.2138, 0.221, 0.2015, 0.1921, 0.2001, 0.5409, 0.1944, 0.3972, 0.3046, 0.4094, 0.3491, 0.6352, 0.7616, 0.3062, 0.5533, 0.3223, 0.4064, 0.2107, 0.5288, 0.5474, 0.267, 0.6424, 0.2643, 0.2518, 0.5495, 0.2079, 0.2225, 0.4035, 0.3666, 0.5905, 0.3219, 0.4186, 0.188, 0.2989, 0.2784, 0.2179, 0.4013, 0.3146, 0.1976, 0.2195, 0.1887, 0.2232, 0.2106, 0.4386, 0.208, 0.2444, 0.2025, 0.2561, 0.1914, 0.4089, 0.6117, 0.218, 0.5589, 0.1802]",0.2920549795016995,0.6377136084489393,0.7692185830019298,0,27.451,12.0,
2025-08-08|oraculo_directo|curva_sel|4|10.0|base|60|todas|onsite,2025-08-08,oraculo_directo,curva_sel,4,10.0,base,60,todas,onsite,14600,2038,16638,3326,868,2458,10120,362,663,364,0.1434613434757564,181,"{""devolucion_origen"": 16, ""entrega_sin_recogida"": 434, ""fisico"": 450, ""fuera_servicio"": 0, ""tope"": 0, ""visitas"": 0}",5068,5068,0,0,0,3342,16,14,67,0,74,"[0.2086, 0.1864, 0.3924, 0.3404, 0.2913, 0.3306, 0.3899, 0.6413, 0.1832, 0.2193, 0.1783, 0.1998, 0.176, 0.2174, 0.3084, 0.1867, 0.1821, 0.1981, 0.1797, 0.2986, 0.215, 0.1858, 0.1951, 0.4439, 0.1978, 0.8277, 0.3812, 0.703, 0.4931, 0.3656, 0.471, 0.4624, 0.7393, 0.3997, 0.3532, 0.4127, 0.2737, 0.3467, 0.3728, 0.2322, 0.1999, 0.6936, 0.3118, 0.4367, 0.4264, 0.338, 0.4752, 0.5189, 0.3563, 0.2911, 0.2532, 0.3493, 0.3044, 0.2806, 0.2035, 0.215, 0.2073, 0.322, 0.2051, 0.2113, 0.1912, 0.2124, 0.2467, 0.2336, 0.2302, 0.1846, 0.2379, 0.3445, 0.8763, 1.1663, 0.548, 0.2107, 0.8061, 0.1701]",0.2949845415005256,0.7626656538497624,1.1663405830004194,0,27.977,16.0,
2025-08-09|oraculo_directo|curva_sel|4|10.0|base|60|todas|onsite,2025-08-09,oraculo_directo,curva_sel,4,10.0,base,60,todas,onsite,5509,328,5837,1030,217,813,2294,158,52,3,0.1773046127742121,36,"{""devolucion_origen"": 0, ""entrega_sin_recogida"": 16, ""fisico"": 16, ""fuera_servicio"": 0, ""tope"": 0, ""visitas"": 0}",1147,1147,0,0,0,1030,0,14,67,0,74,"[0.1937, 0.2092, 0.2061, 0.1968, 0.2183, 0.5634, 0.2118, 0.2322, 0.3388, 0.2202, 0.2221, 0.5202, 0.1915, 0.2333, 0.2252, 0.2166, 0.2151, 0.2135, 0.3484, 0.19, 0.3177, 0.6814, 0.2077, 1.0051, 0.2229, 0.2475, 0.3106, 0.2235, 0.5812, 0.7713, 0.4028, 0.2349, 0.2253, 0.2307, 0.2347, 0.2226, 0.2777, 0.2525, 0.3182, 0.3044, 0.329, 0.2321, 0.2673, 0.4184, 0.2525, 0.2217, 0.2316, 0.305, 0.238, 0.8355, 0.2391, 0.2043, 0.2124, 0.2903, 0.2224, 0.2374, 0.4869, 0.2171, 0.2323, 0.2912, 0.2363, 0.2432, 0.2277, 0.2973, 0.2793, 0.2933, 0.2051, 0.2502, 0.1779, 0.2425, 0.3339, 0.2488, 0.3424, 0.184]",0.2368778544987435,0.6162903829013879,1.005134499999258,0,23.967,0.0,
2025-08-11|oraculo_directo|curva_sel|4|10.0|base|60|todas|onsite,2025-08-11,oraculo_directo,curva_sel,4,10.0,base,60,todas,onsite,13011,2151,15162,3380,870,2510,10944,412,900,562,0.1873600500354624,56,"{""devolucion_origen"": 22, ""entrega_sin_recogida"": 376, ""fisico"": 398, ""fuera_servicio"": 0, ""tope"": 0, ""visitas"": 0}",5483,5483,0,0,0,3388,8,14,67,0,74,"[0.1832, 0.1972, 0.5738, 0.3596, 0.3199, 0.3533, 0.5393, 0.2892, 0.1931, 0.2125, 0.1784, 0.2207, 0.2298, 0.1877, 0.1952, 0.1776, 0.1846, 0.1716, 0.1891, 0.2205, 0.1899, 0.1896, 0.3013, 0.3182, 0.2178, 0.481, 0.4134, 0.2377, 0.2195, 0.2888, 0.3817, 0.3634, 0.3978, 0.5537, 0.4893, 0.6426, 0.6258, 0.5629, 0.6937, 0.2753, 0.1929, 0.3497, 0.4411, 0.2826, 0.3075, 0.3956, 0.4434, 0.3155, 0.4535, 0.3033, 0.3451, 0.2167, 0.4, 0.3011, 0.6529, 0.2272, 0.1873, 0.3205, 0.2172, 0.1923, 0.2374, 0.2064, 0.2193, 0.5339, 0.2067, 0.1999, 0.1744, 0.2273, 0.2046, 0.1735, 0.2338, 0.2241, 0.1713, 0.1726]",0.2375744585006032,0.5919725686477247,0.6936867090007581,0,25.02,22.0,
2025-08-12|oraculo_directo|curva_sel|4|10.0|base|60|todas|onsite,2025-08-12,oraculo_directo,curva_sel,4,10.0,base,60,todas,onsite,22768,2840,25608,3706,1029,2677,13442,500,1675,725,0.1827118054331369,95,"{""devolucion_origen"": 10, ""entrega_sin_recogida"": 521, ""fisico"": 531, ""fuera_servicio"": 0, ""tope"": 0, ""visitas"": 0}",6726,6726,0,0,0,3710,4,14,67,0,74,"[0.6476, 0.4377, 0.4181, 0.3332, 0.3761, 0.4013, 0.2067, 0.2342, 0.4326, 0.2572, 0.3462, 0.4214, 0.2149, 0.1797, 0.3118, 0.5023, 0.2181, 0.1755, 0.1808, 0.2146, 0.2137, 0.1854, 0.2249, 0.2239, 0.2251, 0.1942, 1.0966, 0.3985, 0.2883, 0.4871, 0.5793, 0.5887, 0.5202, 0.2085, 0.2824, 0.5931, 0.4976, 0.4917, 0.4658, 0.3448, 0.2861, 0.425, 0.4227, 0.2817, 0.454, 0.201, 0.3442, 0.3328, 0.5063, 0.4698, 0.3289, 0.3422, 0.1917, 0.1856, 0.5236, 0.4161, 0.1878, 0.6572, 0.2108, 0.1948, 0.1877, 0.2018, 0.2218, 0.8369, 0.6908, 0.2167, 0.2467, 0.2776, 0.5653, 0.2101, 0.2192, 0.2155, 0.9849, 0.9635]",0.3308591660006641,0.7419215790487206,1.0966399169992656,0,30.009,10.0,
2025-08-13|oraculo_directo|curva_sel|4|10.0|base|60|todas|onsite,2025-08-13,oraculo_directo,curva_sel,4,10.0,base,60,todas,onsite,15928,2213,18141,2917,701,2216,9200,429,968,311,0.2385226048565382,86,"{""devolucion_origen"": 4, ""entrega_sin_recogida"": 390, ""fisico"": 394, ""fuera_servicio"": 0, ""tope"": 0, ""visitas"": 0}",4602,4602,0,0,0,2921,4,14,67,0,74,"[0.328, 0.2652, 0.6879, 0.3166, 0.6811, 0.3538, 0.6237, 0.1728, 0.4439, 0.2264, 0.2122, 0.2998, 0.2158, 0.1766, 0.4075, 0.3177, 0.2081, 0.1882, 0.1827, 0.1971, 0.4511, 0.5707, 0.1916, 0.3632, 0.5221, 1.0401, 0.3836, 0.3225, 0.3299, 0.3535, 0.778, 0.3202, 0.2161, 0.2025, 0.3434, 0.2935, 0.315, 0.1938, 0.5745, 0.6637, 0.3226, 0.3647, 0.3397, 0.6343, 0.3333, 0.2144, 0.3028, 0.3489, 0.6288, 0.3614, 0.5382, 0.375, 0.3561, 0.3359, 0.3654, 0.3498, 0.3042, 0.2181, 0.223, 0.2159, 0.1951, 0.2184, 0.2231, 0.2073, 0.1981, 0.2229, 0.2345, 0.3712, 0.5815, 0.4944, 0.8662, 0.2226, 0.2148, 0.6023]",0.3253388960001757,0.6834814142510367,1.0400869579971186,0,29.129,4.0,
2025-08-16|oraculo_directo|curva_sel|4|10.0|base|60|todas|onsite,2025-08-16,oraculo_directo,curva_sel,4,10.0,base,60,todas,onsite,7289,398,7687,1386,237,1149,3264,125,97,2,0.1991621535152306,17,"{""devolucion_origen"": 0, ""entrega_sin_recogida"": 21, ""fisico"": 21, ""fuera_servicio"": 0, ""tope"": 0, ""visitas"": 0}",1632,1632,0,0,0,1392,6,14,67,0,74,"[0.2011, 0.1912, 0.1942, 0.2213, 0.2536, 0.3149, 0.3555, 0.2208, 0.3733, 0.2097, 0.297, 0.189, 0.3165, 0.338, 0.4954, 0.4315, 0.4431, 0.2998, 0.2962, 0.448, 0.5204, 0.1899, 0.286, 0.4696, 0.4371, 0.2907, 0.3415, 0.3695, 0.807, 0.1923, 0.2219, 0.5332, 0.1998, 0.1997, 0.6444, 0.4947, 0.3257, 0.2181, 0.2854, 0.2189, 0.3438, 0.4959, 0.2237, 3.1043, 0.4151, 0.2895, 0.3873, 0.2229, 0.3429, 0.3273, 0.3614, 0.2086, 0.3433, 0.3845, 0.1936, 0.2055, 0.2257, 0.2294, 0.2015, 0.2269, 0.2092, 0.2, 0.2345, 0.6269, 0.2257, 0.196, 0.1913, 0.177, 0.2984, 0.2592, 0.1902, 0.2221, 0.1792, 0.1744]",0.285705208498257,0.566006153500893,3.104277959002502,0,27.497,0.0,
2025-08-18|oraculo_directo|curva_sel|4|10.0|base|60|todas|onsite,2025-08-18,oraculo_directo,curva_sel,4,10.0,base,60,todas,onsite,15849,2027,17876,3665,993,2672,12071,391,1139,580,0.2287267714952418,73,"{""devolucion_origen"": 5, ""entrega_sin_recogida"": 482, ""fisico"": 487, ""fuera_servicio"": 0, ""tope"": 0, ""visitas"": 0}",6038,6038,0,0,0,3683,18,14,67,0,74,"[0.342, 0.2919, 0.4671, 0.2987, 0.3564, 0.3204, 0.4268, 0.5993, 0.4008, 0.2401, 0.2158, 0.3477, 0.1712, 0.1893, 0.1887, 0.1763, 0.1895, 0.1788, 0.3849, 0.2907, 0.2754, 0.403, 0.2049, 0.3262, 0.5823, 1.6231, 0.7169, 0.3309, 0.5145, 0.7501, 0.4866, 1.2045, 0.2879, 0.2123, 0.5141, 0.4899, 0.1884, 0.3645, 0.7559, 0.3734, 0.3824, 0.2774, 0.3232, 0.5488, 0.4847, 0.1839, 0.3146, 0.238, 0.4882, 0.4092, 0.6804, 0.3495, 0.3114, 0.4749, 0.9183, 0.2041, 0.2062, 0.205, 0.211, 0.1971, 0.1906, 0.3168, 0.2062, 0.2265, 0.2125, 0.2111, 0.3024, 0.1867, 0.47, 0.3863, 0.1754, 0.3916, 0.1715, 0.1802]",0.3185790000006818,0.752099764700688,1.6230984579997312,0,29.998,5.0,
2025-08-23|oraculo_directo|curva_sel|4|10.0|base|60|todas|onsite,2025-08-23,oraculo_directo,curva_sel,4,10.0,base,60,todas,onsite,5744,586,6330,1387,258,1129,3058,161,86,8,0.1938257312901979,37,"{""devolucion_origen"": 0, ""entrega_sin_recogida"": 30, ""fisico"": 30, ""fuera_servicio"": 0, ""tope"": 0, ""visitas"": 0}",1529,1529,0,0,0,1391,4,14,67,0,74,"[0.2129, 0.2182, 0.2046, 0.2105, 0.2013, 0.3711, 0.4428, 0.2123, 0.3523, 0.2209, 0.3515, 0.3391, 0.2029, 0.222, 0.4901, 0.435, 0.3388, 0.6806, 0.4483, 0.6943, 0.7733, 0.3338, 0.6296, 0.3511, 0.2964, 0.3361, 0.211, 0.1947, 0.6302, 0.3057, 0.3676, 0.3681, 0.2189, 0.5805, 0.1966, 0.2101, 0.1943, 0.195, 0.1867, 0.2093, 0.2613, 0.2166, 0.2137, 0.1973, 0.2206, 0.4792, 0.3394, 1.4526, 0.1981, 0.5365, 0.3862, 0.1975, 0.3935, 0.1923, 0.197, 0.2168, 0.2108, 0.2102, 0.2968, 0.6925, 0.2184, 0.2551, 0.3961, 0.2816, 0.6612, 0.4695, 0.1879, 0.1973, 0.1804, 0.4623, 0.1984, 0.7292, 0.1785, 0.1761]",0.2582131455001217,0.6931668546001675,1.452638457998546,0,27.32,0.0,
2025-08-26|oraculo_directo|curva_sel|4|10.0|base|60|todas|onsite,2025-08-26,oraculo_directo,curva_sel,4,10.0,base,60,todas,onsite,21513,2512,24025,3767,1041,2726,14283,455,1845,965,0.2174178604883628,172,"{""devolucion_origen"": 17, ""entrega_sin_recogida"": 491, ""fisico"": 508, ""fuera_servicio"": 0, ""tope"": 0, ""visitas"": 0}",7150,7150,0,0,0,3783,16,14,67,0,74,"[0.3222, 0.2989, 0.3743, 0.5006, 0.6849, 0.2688, 0.4435, 0.4734, 0.2022, 0.4446, 0.2081, 0.2655, 0.1804, 0.2135, 0.1802, 0.3293, 0.2187, 0.2117, 0.2177, 0.2064, 0.1803, 0.2118, 0.2101, 0.2768, 0.3881, 0.5726, 0.1848, 0.3825, 0.9376, 0.9675, 0.2901, 0.6557, 0.294, 0.3498, 0.5517, 0.406, 0.1888, 0.6909, 0.7219, 0.3658, 0.4256, 0.4984, 0.4335, 0.3024, 0.2148, 0.2954, 0.4859, 0.2644, 0.2613, 0.5605, 0.3156, 0.3529, 0.5084, 0.3272, 0.1929, 0.3581, 0.4117, 0.2229, 0.2936, 0.2104, 0.1886, 0.2181, 0.2983, 0.2275, 0.2017, 0.2309, 0.2067, 0.1967, 0.2351, 0.3935, 0.4422, 0.7867, 0.7341, 0.2769]",0.2986056869995082,0.7261541454990946,0.9675362080015476,0,29.074,17.0,
2025-08-27|oraculo_directo|curva_sel|4|10.0|base|60|todas|onsite,2025-08-27,oraculo_directo,curva_sel,4,10.0,base,60,todas,onsite,20027,2765,22792,3677,994,2683,13488,439,1616,848,0.2385260105285248,149,"{""devolucion_origen"": 8, ""entrega_sin_recogida"": 528, ""fisico"": 536, ""fuera_servicio"": 0, ""tope"": 0, ""visitas"": 0}",6748,6748,0,0,0,3685,8,14,67,0,74,"[0.2173, 0.2199, 0.7137, 0.5038, 0.4853, 0.5976, 0.3476, 0.2612, 0.312, 0.2209, 0.2259, 0.2514, 0.5243, 0.1734, 0.1691, 0.3229, 0.2688, 0.2039, 0.2054, 0.299, 0.2007, 0.21, 0.2234, 0.2135, 0.2158, 0.2213, 0.3992, 1.0577, 0.4673, 0.3815, 0.2892, 0.5729, 0.2853, 0.6758, 0.8066, 0.4477, 0.5169, 0.5178, 0.6319, 0.4251, 0.4254, 0.2895, 0.2838, 0.2819, 0.4516, 0.3508, 0.4226, 0.3066, 0.285, 0.5798, 0.318, 0.4616, 0.4694, 0.2632, 0.42, 0.8955, 0.2706, 0.1936, 0.213, 0.1842, 0.1909, 0.2212, 0.2149, 0.3093, 0.2285, 0.843, 0.2258, 0.2153, 0.2385, 0.2424, 0.1925, 0.1832, 0.2445, 0.1719]",0.2851801039996644,0.7462368272006638,1.057712875001016,0,28.831,8.0,
2025-08-28|oraculo_directo|curva_sel|4|10.0|base|60|todas|onsite,2025-08-28,oraculo_directo,curva_sel,4,10.0,base,60,todas,onsite,18998,2066,21064,3512,932,2580,12472,455,1310,571,0.2271340853142904,103,"{""devolucion_origen"": 10, ""entrega_sin_recogida"": 503, ""fisico"": 513, ""fuera_servicio"": 0, ""tope"": 0, ""visitas"": 0}",6241,6241,0,0,0,3530,18,14,67,0,74,"[0.3001, 0.3831, 0.53, 0.2084, 0.6382, 0.3476, 0.3141, 0.2808, 0.4598, 0.3492, 0.2817, 0.4028, 0.4457, 0.4538, 0.5898, 0.2986, 0.3478, 0.2272, 0.2146, 0.226, 0.2348, 0.225, 0.2298, 0.4821, 0.342, 0.4996, 0.3098, 0.8162, 1.8439, 0.1957, 0.5377, 0.2807, 0.8646, 0.5171, 0.5379, 0.2845, 0.3407, 0.7151, 0.192, 0.5989, 0.5086, 0.4569, 0.5251, 0.4075, 0.298, 0.4961, 0.4233, 0.4548, 0.6873, 0.8021, 0.2726, 0.3154, 0.3133, 0.2991, 0.4276, 0.1915, 0.3348, 0.1889, 0.2227, 0.1953, 0.22, 0.2049, 0.1962, 0.2307, 0.2111, 0.2235, 0.4669, 0.3595, 0.2747, 0.2406, 0.2215, 0.2565, 0.1721, 0.171]",0.314786582999659,0.7455692396997615,1.8438547080004355,0,30.926,10.0,
2025-08-31|oraculo_directo|curva_sel|4|10.0|base|60|todas|onsite,2025-08-31,oraculo_directo,curva_sel,4,10.0,base,60,todas,onsite,8413,665,9078,1399,269,1130,2974,158,126,11,0.1881465127275362,15,"{""devolucion_origen"": 0, ""entrega_sin_recogida"": 38, ""fisico"": 38, ""fuera_servicio"": 0, ""tope"": 0, ""visitas"": 0}",1487,1487,0,0,0,1407,8,14,67,0,74,"[0.2191, 0.1976, 0.2037, 0.5196, 0.4681, 0.2196, 0.2033, 0.3401, 0.397, 0.3333, 0.3975, 0.4546, 0.5421, 0.3153, 0.7243, 0.3172, 0.2183, 0.2178, 0.2071, 0.4474, 0.454, 0.3703, 0.365, 0.928, 0.2009, 0.4406, 0.3028, 0.5949, 0.4064, 0.2189, 0.2961, 0.4657, 0.6493, 0.1955, 0.1905, 0.815, 0.1928, 0.22, 0.1934, 0.2371, 0.4056, 0.3546, 0.2935, 0.1974, 0.3357, 0.2821, 0.2065, 1.3489, 0.22, 0.2279, 0.2293, 0.9317, 0.2901, 0.2212, 0.2354, 0.2203, 2.0576, 0.2139, 0.6426, 0.2543, 0.2285, 0.2676, 0.2458, 0.7492, 0.3548, 0.7934, 0.2743, 0.473, 0.1894, 0.1823, 0.1933, 0.2315, 0.2324, 0.5533]",0.2917839165002078,0.8545110068014758,2.057588083000155,0,30.815,0.0,
2025-08-01|oraculo_directo|curva_sel|4|15.0|base|60|todas|onsite,2025-08-01,oraculo_directo,curva_sel,4,15.0,base,60,todas,onsite,9277,1554,10831,2507,715,1792,8127,330,395,264,0.1337664600786265,54,"{""devolucion_origen"": 1, ""entrega_sin_recogida"": 200, ""fisico"": 201, ""fuera_servicio"": 0, ""tope"": 0, ""visitas"": 0}",4064,4064,0,0,0,2515,8,14,67,0,74,"[0.2201, 0.2079, 0.2232, 0.207, 0.1892, 0.1988, 0.2233, 0.2086, 0.2034, 0.1893, 0.1832, 0.1853, 0.1896, 0.2236, 0.1847, 0.1824, 0.189, 0.1851, 0.1981, 0.2055, 0.209, 0.3811, 0.3806, 0.521, 0.3788, 0.1992, 0.2091, 0.2173, 0.2128, 0.2241, 0.3164, 0.197, 0.2237, 0.6218, 0.3196, 0.4604, 0.4214, 0.1823, 0.5513, 0.371, 0.4636, 0.6598, 0.4602, 0.5973, 0.3262, 0.6262, 0.2255, 0.5625, 0.1936, 0.5573, 0.2956, 0.2889, 0.2219, 0.225, 0.1934, 0.2089, 0.2184, 0.355, 0.2046, 0.2, 0.3358, 0.2191, 0.2003, 0.233, 0.1866, 0.2037, 0.1982, 0.2727, 0.9521, 0.2865, 1.0856, 2.8225, 0.5825, 0.1864]",0.2225868125005945,0.637954004397943,2.8225040420002188,0,27.636,1.0,
2025-08-04|oraculo_directo|curva_sel|4|15.0|base|60|todas|onsite,2025-08-04,oraculo_directo,curva_sel,4,15.0,base,60,todas,onsite,13823,2315,16138,3289,951,2338,11745,492,853,730,0.1592468054978424,88,"{""devolucion_origen"": 13, ""entrega_sin_recogida"": 433, ""fisico"": 446, ""fuera_servicio"": 0, ""tope"": 0, ""visitas"": 0}",5879,5879,0,0,0,3301,12,14,67,0,74,"[0.2003, 0.5337, 0.2054, 0.1957, 0.4321, 0.4569, 0.3155, 0.2553, 0.2125, 0.2748, 0.2405, 0.2064, 0.2104, 0.2202, 0.2095, 0.2177, 0.2046, 0.2006, 0.1955, 0.2141, 0.2099, 0.188, 0.3043, 0.5828, 0.1913, 0.2197, 0.1909, 0.3298, 0.2274, 0.3336, 0.3583, 0.3254, 0.3637, 0.6765, 0.8167, 0.4207, 0.3754, 0.335, 0.4591, 0.6142, 0.3512, 0.409, 0.4962, 0.2881, 0.5008, 0.4883, 0.4943, 0.3776, 0.3231, 0.2758, 0.4387, 0.3517, 0.2617, 0.187, 0.2839, 0.2868, 0.2074, 0.2181, 0.2153, 0.2255, 0.2222, 0.1963, 0.2052, 0.3141, 0.2291, 0.233, 0.4506, 0.7218, 0.4267, 1.7617, 0.2238, 0.2659, 0.1942, 0.1887]",0.2752890414994908,0.6359838630491137,1.761680666997563,0,27.421,13.0,
2025-08-06|oraculo_directo|curva_sel|4|15.0|base|60|todas|onsite,2025-08-06,oraculo_directo,curva_sel,4,15.0,base,60,todas,onsite,20821,2096,22917,3430,972,2458,12379,435,1517,624,0.2134021062533373,70,"{""devolucion_origen"": 15, ""entrega_sin_recogida"": 579, ""fisico"": 594, ""fuera_servicio"": 0, ""tope"": 0, ""visitas"": 0}",6197,6197,0,0,0,3436,6,14,67,0,74,"[0.3108, 0.6855, 0.3504, 0.6044, 0.3698, 0.5112, 0.4602, 0.4513, 0.4118, 0.401, 0.4219, 0.2359, 0.4795, 0.4288, 0.2713, 0.2043, 0.1717, 0.1955, 0.2024, 0.2186, 0.2093, 0.1888, 0.1912, 0.2784, 0.1945, 0.2833, 0.2918, 0.2871, 0.1957, 0.4682, 0.3482, 0.2289, 0.3549, 0.3206, 0.5675, 0.5961, 0.4703, 0.2199, 0.2886, 0.1871, 0.3587, 0.4036, 0.4214, 0.4789, 0.6177, 0.4342, 0.5774, 0.2245, 0.2691, 0.3893, 0.4457, 0.3149, 0.2593, 0.3411, 0.3109, 0.5725, 0.2878, 0.2853, 0.328, 0.3352, 0.2482, 0.22, 0.2228, 0.2898, 0.2219, 0.2657, 0.28, 0.2497, 0.1937, 0.3697, 0.6928, 0.748, 0.1829, 0.1794]",0.3108754790009698,0.609055253497172,0.748030208000273,0,27.893,15.0,
2025-08-08|oraculo_directo|curva_sel|4|15.0|base|60|todas|onsite,2025-08-08,oraculo_directo,curva_sel,4,15.0,base,60,todas,onsite,14979,2101,17080,3069,805,2264,9907,365,703,440,0.1511591549350926,186,"{""devolucion_origen"": 9, ""entrega_sin_recogida"": 437, ""fisico"": 446, ""fuera_servicio"": 0, ""tope"": 0, ""visitas"": 0}",4958,4958,0,0,0,3081,12,14,67,0,74,"[0.2018, 0.2193, 0.3017, 0.4677, 0.3151, 0.1946, 0.2684, 0.3128, 0.1833, 0.2227, 0.2223, 0.2111, 0.1981, 0.2072, 0.3242, 0.3466, 0.2246, 0.1891, 0.2001, 0.4306, 0.313, 0.2087, 0.4189, 0.4253, 0.3385, 0.2216, 0.2188, 0.9238, 0.3206, 0.3348, 0.5627, 0.2186, 0.4181, 0.5076, 0.4827, 0.4215, 0.2133, 0.5519, 0.5609, 0.6315, 0.4326, 0.5279, 0.5222, 0.2854, 0.2593, 0.5385, 0.9914, 0.2943, 0.3435, 0.2875, 0.1904, 0.2038, 0.205, 0.5907, 0.1939, 0.2215, 0.1926, 0.2177, 0.1894, 0.1921, 0.2009, 0.2177, 0.201, 0.2213, 0.1935, 0.1936, 0.2701, 0.6427, 1.4573, 3.6735, 0.5187, 0.421, 0.3712, 0.1759]",0.2864510835006513,0.7410948664482915,3.67354054200041,0,31.608,9.0,
2025-08-09|oraculo_directo|curva_sel|4|15.0|base|60|todas|onsite,2025-08-09,oraculo_directo,curva_sel,4,15.0,base,60,todas,onsite,5877,347,6224,987,203,784,2367,140,50,6,0.2122383821918194,37,"{""devolucion_origen"": 1, ""entrega_sin_recogida"": 21, ""fisico"": 22, ""fuera_servicio"": 0, ""tope"": 0, ""visitas"": 0}",1184,1184,0,0,0,989,2,14,67,0,74,"[0.1898, 0.4252, 0.2267, 0.1947, 0.232, 0.3969, 0.2327, 0.3242, 0.3544, 0.2168, 0.2122, 0.7129, 0.3224, 0.231, 0.1974, 0.199, 0.3493, 0.55, 0.2043, 0.2376, 0.4076, 0.3643, 0.316, 0.3296, 0.2175, 0.4166, 0.3273, 0.216, 0.4544, 0.2031, 0.5647, 0.2038, 0.1969, 0.2012, 0.3033, 0.2025, 0.4195, 0.3035, 0.2027, 0.2124, 0.3167, 0.272, 0.2612, 0.1974, 0.6155, 0.2097, 0.2113, 0.3438, 0.2111, 0.6773, 0.2468, 0.3954, 0.254, 0.2128, 0.6583, 0.2137, 0.8457, 0.2697, 0.265, 0.2269, 0.2208, 0.2119, 0.2175, 0.9598, 0.9138, 0.9969, 0.1931, 0.2645, 0.1881, 0.2477, 0.1906, 0.3395, 0.1842, 0.1824]",0.2472545625005295,0.7593550311481514,0.9969406249983876,0,26.3,1.0,
2025-08-11|oraculo_directo|curva_sel|4|15.0|base|60|todas|onsite,2025-08-11,oraculo_directo,curva_sel,4,15.0,base,60,todas,onsite,13485,2170,15655,3186,840,2346,10827,420,901,647,0.1807760557330934,55,"{""devolucion_origen"": 13, ""entrega_sin_recogida"": 369, ""fisico"": 382, ""fuera_servicio"": 0, ""tope"": 0, ""visitas"": 0}",5420,5420,0,0,0,3190,4,14,67,0,74,"[0.1826, 0.204, 0.4443, 0.3467, 0.3516, 0.4538, 0.4643, 0.4873, 0.346, 0.2469, 0.1893, 0.1809, 0.1946, 0.1787, 0.1838, 0.1854, 0.1862, 0.1895, 0.1837, 0.1852, 0.1908, 0.2804, 0.1975, 0.3075, 0.2007, 0.3046, 0.3038, 0.3111, 0.302, 0.569, 0.8603, 0.1935, 0.3055, 0.316, 0.5186, 0.5393, 0.2913, 0.3128, 0.478, 0.3756, 0.3515, 0.7073, 0.2004, 0.2589, 0.4702, 0.254, 0.337, 0.253, 0.4404, 0.4578, 0.3181, 0.387, 0.6033, 0.4918, 0.4186, 0.1907, 0.1955, 0.399, 0.1963, 0.1944, 0.2, 0.3095, 0.1924, 0.6159, 0.4799, 0.1989, 1.3395, 0.2565, 0.1827, 0.1829, 0.2373, 0.7986, 0.1703, 0.176]",0.3028996670000197,0.6478574869508515,1.339528792002966,0,27.394,13.0,
2025-08-12|oraculo_directo|curva_sel|4|15.0|base|60|todas|onsite,2025-08-12,oraculo_directo,curva_sel,4,15.0,base,60,todas,onsite,22595,2865,25460,3558,988,2570,13283,498,1638,776,0.1808460366190428,100,"{""devolucion_origen"": 5, ""entrega_sin_recogida"": 469, ""fisico"": 474, ""fuera_servicio"": 0, ""tope"": 0, ""visitas"": 0}",6644,6644,0,0,0,3562,4,14,67,0,74,"[0.546, 0.3508, 0.3316, 0.3168, 0.3019, 0.7598, 0.39, 0.4507, 0.4435, 0.2525, 0.3073, 0.2789, 0.3907, 0.1745, 0.4076, 0.5288, 0.1733, 0.1817, 0.2898, 0.1828, 0.1849, 0.185, 0.2042, 0.2084, 0.1879, 0.3052, 0.371, 0.503, 0.5212, 0.5238, 0.526, 0.4767, 0.4824, 0.3604, 0.3087, 0.188, 0.4074, 0.6812, 0.1925, 0.4741, 0.4938, 0.1863, 0.2704, 0.4571, 0.259, 0.4994, 0.3408, 0.318, 0.1899, 0.3969, 0.3573, 0.3983, 0.4387, 0.3935, 0.5654, 0.3552, 0.693, 0.4499, 0.2016, 0.3531, 0.1918, 0.1911, 0.1951, 0.2159, 0.235, 0.2009, 0.2008, 0.1888, 0.2554, 0.2099, 0.2334, 0.7386, 0.3765, 0.1823]",0.3247875204997399,0.6059342289501721,0.7598471669989522,0,27.79,5.0,
2025-08-13|oraculo_directo|curva_sel|4|15.0|base|60|todas|onsite,2025-08-13,oraculo_directo,curva_sel,4,15.0,base,60,todas,onsite,15972,2270,18242,2772,671,2101,9011,424,963,342,0.2313265143089906,79,"{""devolucion_origen"": 3, ""entrega_sin_recogida"": 405, ""fisico"": 408, ""fuera_servicio"": 0, ""tope"": 0, ""visitas"": 0}",4507,4507,0,0,0,2778,6,14,67,0,74,"[0.3082, 0.2732, 0.6485, 0.2882, 0.3836, 0.3804, 0.453, 0.1736, 0.3845, 0.5273, 0.1917, 0.2308, 0.3147, 0.1812, 0.1765, 0.3736, 0.1892, 0.1909, 0.1911, 0.1875, 0.2694, 0.3174, 0.3686, 0.1983, 0.4773, 0.6086, 0.3116, 0.4938, 0.3181, 0.3067, 0.2138, 0.2942, 0.2016, 0.3064, 0.3131, 0.6286, 0.3146, 0.4911, 0.5218, 0.3593, 0.5393, 0.5417, 0.3297, 0.7304, 0.3146, 0.3121, 0.322, 0.3109, 0.4174, 0.377, 0.4263, 0.4251, 0.1982, 0.1916, 0.2955, 0.5186, 0.312, 0.3294, 0.328, 0.2064, 0.3166, 0.1996, 0.2062, 0.2126, 0.4644, 0.204, 0.2321, 0.5542, 0.4774, 0.5953, 0.6402, 0.5316, 0.2372, 0.1821]",0.3146524789990508,0.615576800000781,0.7303577920029056,0,27.919,3.0,
2025-08-16|oraculo_directo|curva_sel|4|15.0|base|60|todas|onsite,2025-08-16,oraculo_directo,curva_sel,4,15.0,base,60,todas,onsite,7659,415,8074,1277,220,1057,3172,125,100,3,0.1967975998814326,17,"{""devolucion_origen"": 0, ""entrega_sin_recogida"": 27, ""fisico"": 27, ""fuera_servicio"": 0, ""tope"": 0, ""visitas"": 0}",1586,1586,0,0,0,1279,2,14,67,0,74,"[0.1894, 0.1935, 0.2047, 0.4797, 0.3288, 0.2139, 0.2072, 0.1988, 0.1969, 0.2121, 0.2144, 0.3543, 0.5303, 0.1938, 0.3335, 0.5734, 0.4952, 0.1975, 0.5417, 0.5603, 0.7335, 0.6361, 0.3106, 0.424, 0.5062, 0.2905, 0.201, 0.5271, 0.1913, 0.2017, 0.3899, 0.2878, 0.4295, 0.1922, 0.3439, 0.1948, 0.2954, 0.3246, 0.205, 0.4014, 0.3268, 0.3967, 0.2061, 0.3256, 0.3989, 0.3015, 0.3204, 0.4289, 0.3135, 0.5365, 0.3319, 0.3199, 0.3316, 0.3203, 0.3187, 0.1988, 0.3549, 0.3071, 0.395, 0.2055, 0.2125, 0.2056, 0.1988, 0.2953, 0.2208, 0.1941, 0.1849, 0.1805, 0.2005, 0.4166, 0.1856, 1.0911, 0.1734, 0.1745]",0.308827625001868,0.5648916643494885,1.0910640000001877,0,25.98,0.0,
2025-08-18|oraculo_directo|curva_sel|4|15.0|base|60|todas|onsite,2025-08-18,oraculo_directo,curva_sel,4,15.0,base,60,todas,onsite,15729,2216,17945,3521,965,2556,11896,398,1121,630,0.2280979462202615,72,"{""devolucion_origen"": 4, ""entrega_sin_recogida"": 493, ""fisico"": 497, ""fuera_servicio"": 0, ""tope"": 0, ""visitas"": 0}",5950,5950,0,0,0,3525,4,14,67,0,74,"[0.3312, 0.2798, 0.3444, 0.2908, 0.4208, 0.2531, 0.3497, 0.2513, 0.3587, 0.278, 0.4909, 0.288, 0.1701, 0.1723, 0.2962, 0.1701, 0.1835, 0.187, 0.2578, 0.6808, 0.1964, 0.2693, 0.3001, 0.4562, 0.5115, 1.0728, 0.5827, 0.1911, 0.2907, 0.6192, 0.4731, 0.4452, 0.3028, 0.7604, 0.3416, 0.6048, 0.2972, 0.4264, 0.7542, 0.3566, 0.516, 0.6283, 0.3248, 0.3186, 0.5005, 0.4625, 0.2631, 0.5016, 0.2636, 0.3429, 0.5005, 0.4821, 0.5469, 0.301, 0.4944, 0.1787, 0.1841, 0.1828, 0.1958, 0.1849, 0.3006, 0.3414, 0.1932, 0.1935, 0.6318, 0.2158, 0.2032, 0.2962, 0.4659, 0.2596, 0.1862, 0.653, 0.1801, 0.1702]",0.3019062705006945,0.6627518102019165,1.0728499159995408,0,29.251,4.0,
2025-08-23|oraculo_directo|curva_sel|4|15.0|base|60|todas|onsite,2025-08-23,oraculo_directo,curva_sel,4,15.0,base,60,todas,onsite,6541,613,7154,1256,229,1027,2888,136,94,9,0.2017286899365257,39,"{""devolucion_origen"": 0, ""entrega_sin_recogida"": 30, ""fisico"": 30, ""fuera_servicio"": 0, ""tope"": 0, ""visitas"": 0}",1444,1444,0,0,0,1260,4,14,67,0,74,"[0.1873, 0.2035, 0.4135, 0.3943, 0.2011, 0.3357, 0.197, 0.3472, 0.5088, 0.315, 0.3388, 0.3886, 0.2099, 0.1907, 0.4775, 0.2921, 0.3041, 0.8705, 0.309, 0.4018, 0.2002, 0.4328, 0.3965, 0.5097, 0.7422, 0.1963, 0.4545, 0.1845, 0.3663, 0.3762, 0.3417, 0.1902, 0.2084, 0.4388, 0.5853, 0.1988, 0.1955, 0.2071, 0.1924, 0.1887, 0.1963, 0.2013, 0.2066, 0.2002, 0.4194, 0.3731, 0.5865, 0.533, 0.2458, 0.3637, 0.4351, 0.4585, 0.4852, 0.197, 0.3313, 0.383, 0.1906, 0.2513, 0.3064, 0.3232, 0.6738, 0.2762, 0.2054, 0.5848, 0.9197, 0.2067, 0.9837, 0.1781, 0.1816, 0.9403, 0.1807, 0.234, 0.2118, 0.1779]",0.3119694795004761,0.7871232329991464,0.9837299579994578,0,27.953,0.0,
2025-08-26|oraculo_directo|curva_sel|4|15.0|base|60|todas|onsite,2025-08-26,oraculo_directo,curva_sel,4,15.0,base,60,todas,onsite,21252,2323,23575,3591,1014,2577,14068,468,1876,957,0.2143364285582329,170,"{""devolucion_origen"": 14, ""entrega_sin_recogida"": 474, ""fisico"": 488, ""fuera_servicio"": 0, ""tope"": 0, ""visitas"": 0}",7041,7041,0,0,0,3599,8,14,67,0,74,"[0.3504, 0.3065, 0.3448, 0.6262, 0.3409, 0.3442, 0.2839, 0.3336, 0.3172, 0.4609, 0.3074, 0.1852, 0.1805, 0.1664, 0.1847, 0.5258, 0.1886, 0.1876, 0.1748, 0.1907, 0.1894, 0.1899, 0.2004, 0.1998, 0.2167, 0.548, 0.3102, 0.1967, 0.6648, 0.6682, 0.1933, 0.3004, 0.3023, 0.565, 0.4776, 0.4302, 0.5746, 0.309, 0.4949, 0.3625, 0.2002, 0.4427, 0.2586, 0.5725, 0.2722, 0.4057, 0.1968, 0.522, 0.4565, 0.3164, 0.3011, 0.3059, 0.3477, 0.4989, 0.3786, 0.4171, 0.5031, 0.2793, 0.4951, 0.192, 0.2071, 0.1982, 0.1901, 0.205, 0.2007, 0.2267, 0.2054, 0.204, 0.2122, 0.2198, 0.8957, 0.6112, 0.3102, 0.2079]",0.3062273124996864,0.6164514773005065,0.8957182499980263,0,27.193,14.0,
2025-08-27|oraculo_directo|curva_sel|4|15.0|base|60|todas|onsite,2025-08-27,oraculo_directo,curva_sel,4,15.0,base,60,todas,onsite,21778,2899,24677,3539,960,2579,13442,445,1804,911,0.2405787285827655,141,"{""devolucion_origen"": 6, ""entrega_sin_recogida"": 518, ""fisico"": 524, ""fuera_servicio"": 0, ""tope"": 0, ""visitas"": 0}",6724,6724,0,0,0,3549,10,14,67,0,74,"[0.2032, 0.1936, 0.611, 0.3841, 0.4049, 0.5918, 0.2561, 0.3576, 0.1814, 0.4644, 0.2412, 0.3106, 0.1758, 0.1901, 0.3886, 0.534, 0.4078, 0.1755, 0.1933, 0.4009, 0.2012, 0.1937, 0.1962, 0.1943, 0.206, 0.1975, 0.347, 0.401, 0.3355, 0.3179, 0.2134, 0.4341, 0.5091, 1.8956, 0.3349, 0.4445, 0.5367, 0.5703, 0.5649, 0.4076, 0.2946, 0.4588, 0.5605, 0.3667, 0.5279, 0.2972, 0.4303, 0.6292, 0.4979, 0.5919, 0.2477, 0.6845, 0.3876, 0.4209, 0.6015, 0.4319, 0.3538, 0.1929, 0.1851, 0.1859, 0.371, 0.2081, 0.2114, 0.1983, 0.3228, 0.2116, 0.1889, 0.2029, 0.4024, 0.2142, 0.2318, 0.2268, 0.1824, 0.1802]",0.3351704999986395,0.6048323021992473,1.895646624998335,0,29.155,6.0,
2025-08-28|oraculo_directo|curva_sel|4|15.0|base|60|todas|onsite,2025-08-28,oraculo_directo,curva_sel,4,15.0,base,60,todas,onsite,19252,1997,21249,3339,899,2440,12366,459,1315,612,0.2252416041448879,107,"{""devolucion_origen"": 10, ""entrega_sin_recogida"": 493, ""fisico"": 503, ""fuera_servicio"": 0, ""tope"": 0, ""visitas"": 0}",6188,6188,0,0,0,3347,8,14,67,0,74,"[0.2762, 0.3888, 0.5082, 0.2793, 0.5355, 0.3275, 0.4389, 0.2401, 0.1888, 0.2433, 0.2509, 0.2442, 0.5281, 0.5588, 0.4481, 0.4921, 0.3124, 0.195, 0.1954, 0.1892, 0.2001, 0.194, 0.2014, 0.3125, 0.3575, 0.1859, 0.2939, 0.6157, 0.4028, 0.5236, 0.3029, 0.4636, 0.3027, 0.4674, 0.2001, 0.3565, 0.3567, 0.3006, 0.4135, 0.6575, 0.4783, 0.2056, 0.5962, 0.4296, 0.2719, 0.4405, 0.2848, 0.3264, 0.4671, 0.3067, 0.3469, 0.2043, 0.3477, 0.4303, 0.6233, 0.2959, 0.2105, 0.1961, 0.2068, 0.2036, 0.2052, 0.2083, 0.1963, 0.2025, 0.2078, 0.258, 0.1976, 0.44, 0.4174, 0.9355, 0.5096, 0.2576, 0.4667, 0.1795]",0.3047701455016067,0.6030239352010539,0.9355392910001684,0,27.82,10.0,
2025-08-31|oraculo_directo|curva_sel|4|15.0|base|60|todas|onsite,2025-08-31,oraculo_directo,curva_sel,4,15.0,base,60,todas,onsite,8843,748,9591,1279,236,1043,2950,150,133,9,0.1973473110929181,18,"{""devolucion_origen"": 0, ""entrega_sin_recogida"": 21, ""fisico"": 21, ""fuera_servicio"": 0, ""tope"": 0, ""visitas"": 0}",1475,1475,0,0,0,1285,6,14,67,0,74,"[0.1806, 0.1854, 0.1889, 0.2102, 0.419, 0.1914, 0.3616, 0.1936, 0.2009, 0.3801, 0.5038, 0.3424, 0.2074, 0.1895, 0.3551, 0.1937, 0.3654, 0.4842, 0.2189, 0.1914, 0.4587, 0.3128, 0.2092, 0.962, 0.2099, 0.355, 0.3013, 0.6018, 0.5433, 0.4197, 0.5671, 0.1975, 0.2852, 0.2361, 0.1938, 0.3067, 0.3788, 0.1906, 0.339, 0.2146, 0.526, 0.3201, 0.2018, 0.3434, 0.4738, 0.2875, 0.308, 0.3482, 0.1908, 0.1909, 0.4703, 0.2085, 0.2912, 0.2028, 0.1941, 0.2102, 0.3123, 0.197, 0.2738, 0.2563, 0.1993, 0.1908, 0.4758, 0.6167, 0.4696, 0.6626, 0.7047, 0.7136, 0.1749, 0.4185, 0.1857, 0.9578, 0.4397, 0.1808]",0.2962499584991747,0.6773209085507913,0.961985874997481,0,26.94,0.0,
2025-08-01|oraculo_directo|curva_sel|4|20.0|base|60|todas|onsite,2025-08-01,oraculo_directo,curva_sel,4,20.0,base,60,todas,onsite,9544,1616,11160,2324,642,1682,8037,307,437,288,0.1337410811054008,46,"{""devolucion_origen"": 1, ""entrega_sin_recogida"": 181, ""fisico"": 182, ""fuera_servicio"": 0, ""tope"": 0, ""visitas"": 0}",4019,4019,0,0,0,2328,4,14,67,0,74,"[0.2037, 0.2095, 0.2094, 0.2069, 0.2001, 0.202, 0.2986, 0.1928, 0.2037, 0.2023, 0.1872, 0.1868, 0.1978, 0.2027, 0.1989, 0.2952, 0.184, 0.1871, 0.193, 0.3175, 0.2046, 0.3432, 0.428, 0.352, 0.5676, 0.3181, 0.2106, 0.2122, 0.2174, 0.3132, 0.3492, 0.3033, 0.2096, 0.411, 0.2946, 0.3177, 0.3866, 0.4117, 0.5019, 0.3156, 0.3687, 0.3624, 0.6204, 0.4179, 0.3115, 0.4074, 0.3688, 0.2105, 0.3659, 0.5357, 0.3009, 0.3106, 0.2853, 0.1885, 0.3328, 0.2011, 0.3647, 0.2022, 0.1991, 0.2118, 0.1989, 0.1973, 0.2009, 0.2108, 0.2104, 0.195, 0.2097, 0.365, 1.5225, 0.5643, 0.9636, 0.194, 2.0235, 0.1914]",0.2513947290008218,0.5860620727997227,2.023499625000113,0,26.826,1.0,
2025-08-04|oraculo_directo|curva_sel|4|20.0|base|60|todas|onsite,2025-08-04,oraculo_directo,curva_sel,4,20.0,base,60,todas,onsite,14600,2266,16866,3106,881,2225,11537,463,1015,719,0.16735426899631,99,"{""devolucion_origen"": 9, ""entrega_sin_recogida"": 423, ""fisico"": 432, ""fuera_servicio"": 0, ""tope"": 0, ""visitas"": 0}",5773,5773,0,0,0,3114,8,14,67,0,74,"[0.1801, 0.5863, 0.3379, 0.1953, 0.2614, 0.3112, 0.1877, 0.2958, 0.5175, 0.2563, 0.4677, 0.1991, 0.1905, 0.1957, 0.18, 0.2598, 0.1921, 0.1785, 0.1955, 0.2028, 0.1891, 0.299, 0.1973, 0.3119, 0.1891, 0.3265, 0.1956, 0.3164, 0.3274, 0.2111, 0.3149, 0.4049, 0.3648, 0.8028, 0.3089, 0.6482, 0.7311, 0.1873, 0.5417, 0.2629, 0.3426, 0.2734, 0.3131, 0.4994, 0.3462, 0.3718, 0.1939, 0.3319, 0.2073, 0.4037, 0.5643, 0.1797, 0.2807, 0.3882, 0.3758, 0.414, 0.1816, 0.3, 0.1868, 0.2087, 0.206, 0.2118, 0.1923, 0.2076, 0.1838, 0.2131, 0.2735, 0.6533, 0.2497, 0.6029, 0.5702, 0.2303, 0.2532, 0.1825]",0.2681225420001283,0.6187857231489031,0.8027683750005963,0,25.367,9.0,
2025-08-06|oraculo_directo|curva_sel|4|20.0|base|60|todas|onsite,2025-08-06,oraculo_directo,curva_sel,4,20.0,base,60,todas,onsite,21048,1978,23026,3326,928,2398,12235,436,1602,639,0.2042112729764608,77,"{""devolucion_origen"": 7, ""entrega_sin_recogida"": 559, ""fisico"": 566, ""fuera_servicio"": 0, ""tope"": 0, ""visitas"": 0}",6121,6121,0,0,0,3332,6,14,67,0,74,"[0.2874, 1.0539, 0.5054, 0.5617, 0.2434, 0.1938, 0.416, 0.1914, 0.238, 0.361, 0.623, 0.324, 0.3714, 0.3721, 0.1932, 0.1773, 0.3266, 0.1997, 0.1962, 0.1979, 0.2017, 0.1805, 0.1871, 0.2096, 0.2034, 0.2047, 0.2024, 0.3233, 0.1936, 0.3421, 0.5489, 0.4016, 0.682, 0.3911, 0.4751, 0.5025, 0.6138, 0.3088, 0.2966, 0.3178, 0.4557, 0.2055, 0.3165, 0.2793, 0.3003, 0.2713, 0.2578, 0.291, 0.3146, 0.347, 0.4413, 0.3273, 0.2792, 0.2835, 0.328, 0.3369, 0.3255, 0.412, 0.2971, 0.2881, 0.1981, 0.1847, 0.201, 0.1936, 0.2025, 0.2244, 0.3114, 0.2998, 0.1897, 0.5388, 0.8374, 0.6057, 0.1778, 0.1833]",0.2984510000023874,0.6170261311504873,1.05391520899866,0,26.779,7.0,
2025-08-08|oraculo_directo|curva_sel|4|20.0|base|60|todas|onsite,2025-08-08,oraculo_directo,curva_sel,4,20.0,base,60,todas,onsite,15418,2137,17555,2869,723,2146,9819,377,829,429,0.1637580777119394,194,"{""devolucion_origen"": 9, ""entrega_sin_recogida"": 390, ""fisico"": 399, ""fuera_servicio"": 0, ""tope"": 0, ""visitas"": 0}",4914,4914,0,0,0,2875,6,14,67,0,74,"[0.2105, 0.1948, 0.3039, 0.2793, 0.2061, 0.2116, 0.1945, 0.5185, 0.1991, 0.1962, 0.2855, 0.2761, 0.1967, 0.1921, 0.3964, 0.4502, 0.3818, 0.1867, 0.1966, 0.358, 0.5739, 0.205, 0.194, 0.3828, 0.3727, 0.5075, 0.2939, 0.4251, 0.6348, 0.5592, 0.3448, 0.4627, 0.4962, 0.3511, 0.5562, 0.2662, 0.568, 0.266, 0.2582, 0.3647, 0.3217, 0.2854, 0.499, 0.3016, 0.2758, 0.3608, 0.5552, 0.2927, 0.3195, 0.3906, 0.2486, 0.2904, 0.2885, 0.1959, 0.194, 0.2019, 0.1891, 0.3162, 0.2155, 0.2103, 0.2086, 0.2055, 0.203, 0.2056, 0.2048, 0.2019, 0.2715, 0.3672, 0.219, 0.308, 0.2517, 0.5748, 0.8579, 0.1769]",0.2854782915019314,0.5700924603015665,0.8579007910011569,0,25.951,9.0,
2025-08-09|oraculo_directo|curva_sel|4|20.0|base|60|todas|onsite,2025-08-09,oraculo_directo,curva_sel,4,20.0,base,60,todas,onsite,6302,455,6757,948,200,748,2333,135,55,10,0.220317195354662,38,"{""devolucion_origen"": 1, ""entrega_sin_recogida"": 17, ""fisico"": 18, ""fuera_servicio"": 0, ""tope"": 0, ""visitas"": 0}",1167,1167,0,0,0,948,0,14,67,0,74,"[0.1864, 0.4163, 0.1937, 0.203, 0.3703, 0.3572, 0.2083, 0.3597, 0.2132, 0.2168, 0.3319, 0.1943, 0.3476, 0.344, 0.1957, 0.206, 0.3331, 0.3318, 0.3189, 0.1912, 0.2059, 0.3669, 0.3266, 0.3102, 0.3124, 0.3097, 0.3148, 0.2116, 0.5546, 0.3284, 0.4185, 0.2198, 0.2113, 0.2887, 0.3558, 0.2602, 0.1966, 0.2034, 0.2062, 0.2022, 0.3238, 0.2153, 0.3467, 0.2118, 0.2128, 0.2031, 0.3434, 0.3634, 0.2155, 0.3212, 0.211, 0.3781, 0.3047, 0.5862, 0.3016, 0.2164, 0.2262, 0.216, 0.2246, 0.2123, 0.204, 0.2081, 0.2174, 0.2433, 0.9036, 0.4474, 0.3, 0.4781, 0.1906, 0.9519, 0.1836, 0.199, 0.1873, 0.1817]",0.2347717499997088,0.5048723231520849,0.9519034999975702,0,23.736,1.0,
2025-08-11|oraculo_directo|curva_sel|4|20.0|base|60|todas|onsite,2025-08-11,oraculo_directo,curva_sel,4,20.0,base,60,todas,onsite,13894,2321,16215,3021,780,2241,10651,405,940,669,0.1876662817181608,60,"{""devolucion_origen"": 11, ""entrega_sin_recogida"": 320, ""fisico"": 331, ""fuera_servicio"": 0, ""tope"": 0, ""visitas"": 0}",5331,5331,0,0,0,3029,8,14,67,0,74,"[0.1839, 0.1834, 0.4552, 0.3405, 0.3027, 0.3316, 0.2616, 0.2621, 0.2535, 0.257, 0.1965, 0.4308, 0.1843, 0.171, 0.1934, 0.1908, 0.1858, 0.1766, 0.1848, 0.1941, 0.1883, 0.184, 0.302, 0.3158, 0.323, 0.2044, 0.282, 0.2977, 0.3283, 0.2949, 0.4496, 0.5009, 0.4003, 0.2142, 0.5458, 0.7505, 0.1912, 0.3679, 0.4496, 0.3203, 0.4877, 0.2671, 0.2933, 0.2661, 0.3869, 0.3501, 0.1883, 0.3618, 0.4144, 0.2827, 0.1975, 0.287, 0.3598, 0.347, 0.4031, 0.2001, 0.1843, 0.1979, 0.1856, 0.1927, 0.1983, 0.2035, 0.2012, 0.5234, 0.6132, 0.2078, 0.2702, 0.2061, 0.2907, 0.2636, 0.4638, 0.6643, 0.1718, 0.1723]",0.2686438749988156,0.5312180402488592,0.75045137500274,0,24.289,11.0,
2025-08-12|oraculo_directo|curva_sel|4|20.0|base|60|todas|onsite,2025-08-12,oraculo_directo,curva_sel,4,20.0,base,60,todas,onsite,23240,2973,26213,3454,958,2496,13045,483,1673,785,0.1829737758498611,101,"{""devolucion_origen"": 5, ""entrega_sin_recogida"": 451, ""fisico"": 456, ""fuera_servicio"": 0, ""tope"": 0, ""visitas"": 0}",6525,6525,0,0,0,3454,0,14,67,0,74,"[0.6049, 0.3717, 0.357, 0.3364, 0.3876, 0.327, 0.2752, 0.3382, 0.1943, 0.3317, 0.2498, 0.3945, 0.3545, 0.1906, 0.1733, 0.1757, 0.1945, 0.2454, 0.1921, 0.1906, 0.1943, 0.2687, 0.1988, 0.3732, 0.2018, 0.2048, 0.2942, 0.4522, 0.2942, 0.5424, 0.4359, 0.4884, 0.4484, 0.3504, 0.4125, 0.385, 0.5028, 0.8116, 0.4212, 0.2799, 0.3781, 0.412, 0.3856, 0.4992, 0.2982, 0.2418, 0.2601, 0.3559, 0.3022, 0.4702, 0.2753, 0.4243, 0.3138, 0.2934, 0.3124, 0.6265, 0.2995, 0.4764, 0.3305, 0.3255, 0.188, 0.215, 0.1859, 0.2866, 0.3095, 0.2054, 0.1921, 0.188, 0.187, 0.2501, 0.2231, 0.2178, 0.207, 0.1763]",0.3008374170003662,0.5166809225991527,0.8115987499986659,0,26.048,5.0,
2025-08-13|oraculo_directo|curva_sel|4|20.0|base|60|todas|onsite,2025-08-13,oraculo_directo,curva_sel,4,20.0,base,60,todas,onsite,16203,2347,18550,2688,648,2040,8989,430,973,404,0.2256586521400112,84,"{""devolucion_origen"": 3, ""entrega_sin_recogida"": 403, ""fisico"": 406, ""fuera_servicio"": 0, ""tope"": 0, ""visitas"": 0}",4496,4496,0,0,0,2688,0,14,67,0,74,"[0.3265, 0.2831, 0.6535, 0.4028, 0.6668, 0.3007, 0.3332, 0.333, 0.1727, 0.3554, 0.1807, 0.2457, 0.1947, 0.205, 0.3686, 0.2994, 0.1857, 0.1963, 0.1859, 0.1849, 0.5585, 0.2733, 0.3286, 0.1853, 0.1979, 0.3997, 0.1927, 0.4168, 0.201, 0.2102, 0.2032, 0.3171, 0.3786, 0.2869, 0.2076, 0.4237, 0.4281, 0.3711, 0.4241, 0.382, 0.3883, 0.4571, 0.3417, 0.6368, 0.5404, 0.2864, 0.3473, 0.3736, 0.4973, 0.3926, 0.3014, 0.2965, 0.3138, 0.2077, 0.5578, 0.4159, 0.3986, 0.3445, 0.3522, 0.2141, 0.1998, 0.187, 0.1941, 0.2417, 0.237, 0.1889, 0.2131, 0.5591, 0.1871, 0.3019, 0.6842, 0.8181, 0.7006, 0.1858]",0.315432895999038,0.6581835472510646,0.818104708003375,0,27.116,3.0,
2025-08-16|oraculo_directo|curva_sel|4|20.0|base|60|todas|onsite,2025-08-16,oraculo_directo,curva_sel,4,20.0,base,60,todas,onsite,8370,402,8772,1236,212,1024,3202,128,113,4,0.2021517803252199,25,"{""devolucion_origen"": 0, ""entrega_sin_recogida"": 17, ""fisico"": 17, ""fuera_servicio"": 0, ""tope"": 0, ""visitas"": 0}",1601,1601,0,0,0,1238,2,14,67,0,74,"[0.1898, 0.1981, 0.1966, 0.3823, 0.2016, 0.2166, 0.3453, 0.2126, 0.2069, 0.2036, 0.212, 0.3253, 0.4048, 0.2151, 0.2189, 0.204, 0.3204, 0.3161, 0.3127, 0.5273, 0.5625, 0.3725, 0.3598, 0.3283, 0.3286, 0.3343, 0.3137, 0.4501, 0.2883, 0.363, 0.3034, 0.2131, 0.4543, 0.1891, 0.4294, 0.5406, 0.3253, 0.3151, 0.3411, 0.363, 0.1933, 0.3863, 0.2261, 0.3975, 0.4952, 0.3175, 0.6302, 0.2109, 0.5194, 0.3652, 0.1965, 0.31, 0.3287, 0.469, 0.1933, 0.4035, 0.2743, 0.3311, 0.3338, 0.2167, 0.2009, 0.2002, 0.2621, 0.8052, 0.2534, 0.3308, 0.2052, 0.188, 0.1813, 0.3474, 0.1873, 1.0747, 0.1817, 0.1774]",0.3156180624991975,0.5482660854026107,1.0747396250008023,0,25.912,0.0,
2025-08-18|oraculo_directo|curva_sel|4|20.0|base|60|todas|onsite,2025-08-18,oraculo_directo,curva_sel,4,20.0,base,60,todas,onsite,15987,2195,18182,3394,928,2466,11737,409,1160,628,0.2275941915747714,68,"{""devolucion_origen"": 9, ""entrega_sin_recogida"": 478, ""fisico"": 487, ""fuera_servicio"": 0, ""tope"": 0, ""visitas"": 0}",5873,5873,0,0,0,3402,8,14,67,0,74,"[0.3369, 0.3098, 0.3584, 0.2915, 0.1945, 0.1795, 0.3237, 0.5188, 0.2642, 0.1922, 0.5473, 0.6322, 0.1699, 0.3017, 0.1703, 0.1913, 0.1776, 0.1803, 0.3677, 0.409, 0.2905, 0.275, 0.3182, 0.5032, 0.6934, 0.5478, 0.3334, 0.7042, 0.483, 0.2881, 0.4928, 0.4685, 0.3196, 0.5601, 0.3094, 0.3076, 0.2872, 0.37, 0.3255, 0.27, 0.3283, 0.1853, 0.2604, 0.1839, 0.2657, 0.5967, 0.4523, 0.1801, 0.1913, 0.4836, 0.4513, 0.1827, 0.2803, 0.3276, 0.3564, 0.2018, 0.2036, 0.1889, 0.1906, 0.1871, 0.2046, 0.1911, 0.1991, 0.3407, 0.4864, 0.2073, 0.201, 0.2121, 0.6516, 0.2239, 0.3392, 0.3738, 0.1763, 0.1745]",0.2966120834989851,0.6091435752010509,0.7041995420004241,0,26.173,9.0,
2025-08-23|oraculo_directo|curva_sel|4|20.0|base|60|todas|onsite,2025-08-23,oraculo_directo,curva_sel,4,20.0,base,60,todas,onsite,6896,645,7541,1209,214,995,2842,141,111,8,0.2074591261987752,43,"{""devolucion_origen"": 0, ""entrega_sin_recogida"": 32, ""fisico"": 32, ""fuera_servicio"": 0, ""tope"": 0, ""visitas"": 0}",1421,1421,0,0,0,1209,0,14,67,0,74,"[0.184, 0.1897, 0.2152, 0.4567, 0.2058, 0.2077, 0.3346, 0.3053, 0.3888, 0.191, 0.3558, 0.4099, 0.3576, 0.1969, 0.328, 0.3698, 0.3915, 0.3254, 0.3402, 0.3077, 0.4054, 0.4755, 0.5135, 0.3265, 0.5096, 0.3006, 0.4129, 0.1871, 0.3128, 0.2999, 0.1967, 0.2989, 0.5667, 0.3177, 0.5318, 0.4759, 0.1851, 0.3479, 0.1907, 0.2053, 0.1915, 0.4143, 0.2207, 0.3542, 0.1904, 0.2138, 0.2798, 0.5076, 0.2952, 0.3074, 0.2739, 0.2533, 0.2024, 0.1975, 0.2106, 0.3211, 0.4477, 0.1936, 0.4939, 1.0198, 0.2195, 0.3247, 0.2091, 0.6892, 0.7798, 0.2054, 0.5244, 0.1852, 0.1837, 0.2662, 0.1835, 0.1912, 0.1951, 0.1788]",0.3029868124995118,0.5439995669014023,1.0197823330017854,0,25.906,0.0,
2025-08-26|oraculo_directo|curva_sel|4|20.0|base|60|todas|onsite,2025-08-26,oraculo_directo,curva_sel,4,20.0,base,60,todas,onsite,21876,2632,24508,3441,977,2464,13669,442,1930,1008,0.2154114371486122,174,"{""devolucion_origen"": 7, ""entrega_sin_recogida"": 475, ""fisico"": 482, ""fuera_servicio"": 0, ""tope"": 0, ""visitas"": 0}",6838,6838,0,0,0,3447,6,14,67,0,74,"[0.3118, 0.2869, 0.3012, 0.2967, 0.4076, 0.4647, 0.4516, 0.6316, 0.3659, 0.3364, 0.2177, 0.2791, 0.1938, 0.1669, 0.1805, 0.2692, 0.1788, 0.1881, 0.2594, 0.1796, 0.1754, 0.1798, 0.3015, 0.2847, 0.199, 0.1945, 0.3016, 0.3087, 0.4593, 0.548, 0.2129, 0.685, 0.1917, 0.6919, 0.5338, 0.3202, 0.3745, 0.3894, 0.3571, 0.2797, 0.2727, 0.2491, 0.4936, 0.2998, 0.3376, 0.287, 0.3024, 0.4533, 0.294, 0.4297, 0.2428, 0.2929, 0.7092, 0.3098, 0.1939, 0.3168, 0.3019, 0.4165, 0.2925, 0.1966, 0.1848, 0.2013, 0.1863, 0.2112, 0.1963, 0.1922, 0.1903, 0.1899, 0.2934, 0.1976, 0.2362, 0.6947, 0.7096, 0.1881]",0.2926652290007041,0.6874512398000661,0.7095935420002206,0,25.803,7.0,
2025-08-27|oraculo_directo|curva_sel|4|20.0|base|60|todas|onsite,2025-08-27,oraculo_directo,curva_sel,4,20.0,base,60,todas,onsite,22538,3129,25667,3389,915,2474,13102,427,1953,987,0.2304761513586893,152,"{""devolucion_origen"": 6, ""entrega_sin_recogida"": 496, ""fisico"": 502, ""fuera_servicio"": 0, ""tope"": 0, ""visitas"": 0}",6554,6554,0,0,0,3395,6,14,67,0,74,"[0.1848, 0.2068, 0.6348, 0.4733, 0.4368, 0.4107, 0.3268, 0.5285, 0.3363, 0.3179, 0.2745, 0.2961, 0.4646, 0.1872, 0.2459, 0.2662, 0.303, 0.1904, 0.1838, 0.2728, 0.5115, 0.1978, 0.1862, 0.1962, 0.1889, 0.3281, 0.1861, 0.3775, 0.1846, 0.4457, 0.4143, 0.4033, 0.3053, 0.7486, 0.4113, 0.543, 0.4042, 0.5123, 0.1888, 0.315, 0.4156, 0.3873, 0.2983, 0.271, 0.2784, 0.3697, 0.1829, 0.3516, 0.3705, 0.4574, 0.3558, 0.4853, 0.2861, 0.3977, 0.594, 0.3587, 0.4335, 0.1902, 0.2006, 0.2868, 0.1869, 0.1931, 0.2012, 0.2044, 0.192, 0.2719, 0.1908, 0.2007, 0.1915, 0.2029, 0.2615, 0.2169, 0.1896, 0.2014]",0.2914330625026196,0.5335993687491281,0.7485763750009937,0,25.791,6.0,
2025-08-28|oraculo_directo|curva_sel|4|20.0|base|60|todas|onsite,2025-08-28,oraculo_directo,curva_sel,4,20.0,base,60,todas,onsite,19540,2094,21634,3177,844,2333,12035,470,1389,654,0.2169319554844231,112,"{""devolucion_origen"": 7, ""entrega_sin_recogida"": 474, ""fisico"": 481, ""fuera_servicio"": 0, ""tope"": 0, ""visitas"": 0}",6021,6021,0,0,0,3185,8,14,67,0,74,"[0.273, 0.5288, 0.3453, 0.4506, 0.3902, 0.4482, 0.7097, 0.3204, 0.4485, 0.4481, 0.175, 0.4756, 0.2509, 0.3674, 0.2419, 0.4102, 0.2567, 0.1808, 0.1975, 0.1964, 0.1954, 0.2086, 0.1917, 0.3479, 0.1942, 0.3361, 0.4381, 0.5017, 0.7337, 0.4884, 0.3629, 0.4861, 0.2976, 0.4618, 0.6283, 0.5616, 0.4576, 0.2013, 0.2688, 0.4932, 0.185, 0.4875, 0.6784, 0.1887, 0.281, 0.3142, 0.2725, 0.3187, 0.1882, 0.3166, 0.2964, 0.2694, 0.5031, 0.4027, 0.3706, 0.2721, 0.2055, 0.1877, 0.1924, 0.215, 0.2072, 0.1952, 0.1939, 0.2168, 0.2106, 0.2755, 0.1944, 0.1877, 0.2626, 0.5238, 0.6249, 0.1966, 0.2807, 0.175]",0.2887244999983522,0.6261051646994019,0.7337159170019731,0,27.132,7.0,
2025-08-31|oraculo_directo|curva_sel|4|20.0|base|60|todas|onsite,2025-08-31,oraculo_directo,curva_sel,4,20.0,base,60,todas,onsite,9682,851,10533,1224,230,994,2858,147,144,11,0.1985295566189638,20,"{""devolucion_origen"": 0, ""entrega_sin_recogida"": 38, ""fisico"": 38, ""fuera_servicio"": 0, ""tope"": 0, ""visitas"": 0}",1429,1429,0,0,0,1228,4,14,67,0,74,"[0.18, 0.1945, 0.198, 0.4095, 0.4511, 0.2137, 0.3813, 0.3705, 0.6279, 0.371, 0.3444, 0.399, 0.4636, 0.316, 0.3756, 0.3906, 0.1996, 0.4196, 0.4668, 0.2083, 0.3257, 0.3625, 0.453, 0.522, 0.4088, 0.2101, 0.3309, 0.2162, 0.465, 0.1915, 0.4166, 0.4857, 0.3291, 0.2826, 0.221, 0.4393, 0.2008, 0.5088, 0.3147, 0.3186, 0.3337, 0.3127, 0.2979, 0.2252, 0.2223, 0.1949, 0.2015, 0.3192, 0.3484, 0.1989, 0.3745, 0.5921, 0.5007, 0.2076, 0.2082, 1.22, 0.2006, 0.2182, 0.1921, 0.2798, 0.3546, 0.1851, 0.4035, 0.5105, 0.9062, 0.3749, 0.2236, 0.7222, 0.1897, 0.2999, 0.1906, 1.074, 0.7059, 0.172]",0.3300278125007025,0.7115704376992652,1.22001604199977,0,28.867,0.0,
2025-08-01|oraculo_directo|curva_sel|4|30.0|base|60|todas|onsite,2025-08-01,oraculo_directo,curva_sel,4,30.0,base,60,todas,onsite,11073,1891,12964,2005,568,1437,7699,300,498,348,0.1479052554705462,52,"{""devolucion_origen"": 3, ""entrega_sin_recogida"": 170, ""fisico"": 173, ""fuera_servicio"": 0, ""tope"": 0, ""visitas"": 0}",3851,3851,0,0,0,2005,0,14,67,0,74,"[0.1877, 0.206, 0.2065, 0.2066, 0.1991, 0.3138, 0.3011, 0.2003, 0.2018, 0.201, 0.1806, 0.2025, 0.1996, 0.204, 0.2066, 0.2941, 0.1828, 0.1911, 0.3285, 0.3211, 0.446, 0.4525, 0.3355, 0.36, 0.3082, 0.3207, 0.1963, 0.3418, 0.1919, 0.2908, 0.2023, 0.3081, 0.3035, 0.2873, 0.3212, 0.3214, 0.6764, 0.411, 0.6728, 0.3785, 0.5005, 0.4559, 0.5163, 0.5828, 0.2999, 0.3619, 0.326, 0.2843, 0.3254, 0.4929, 0.5506, 0.2888, 0.3338, 0.3469, 0.331, 0.1916, 0.2045, 0.3217, 0.1842, 0.2049, 0.1874, 0.2054, 0.1876, 0.2008, 0.1907, 0.1914, 0.2031, 0.183, 0.1901, 0.1765, 0.3436, 0.2637, 0.1913, 0.1702]",0.2880662705010763,0.5282987567990857,0.6763905829975556,0,23.7,3.0,
2025-08-04|oraculo_directo|curva_sel|4|30.0|base|60|todas|onsite,2025-08-04,oraculo_directo,curva_sel,4,30.0,base,60,todas,onsite,16991,2299,19290,2662,759,1903,10880,414,1295,740,0.1693659454375383,97,"{""devolucion_origen"": 8, ""entrega_sin_recogida"": 350, ""fisico"": 358, ""fuera_servicio"": 0, ""tope"": 0, ""visitas"": 0}",5444,5444,0,0,0,2664,2,14,67,0,74,"[0.197, 0.4811, 0.3041, 0.3217, 0.2003, 0.2016, 0.3095, 0.2626, 0.3296, 0.3086, 0.2687, 0.2417, 0.1793, 0.1857, 0.3309, 0.1764, 0.1921, 0.1776, 0.1897, 0.183, 0.2725, 0.2925, 0.2026, 0.3165, 0.3596, 0.2081, 0.3111, 0.3427, 0.3252, 0.2845, 0.4186, 0.3851, 0.2873, 0.1976, 0.2802, 0.5728, 0.6758, 0.3437, 0.3404, 0.3727, 0.5685, 0.4061, 0.3683, 0.2892, 0.34, 0.2391, 0.2949, 0.2588, 0.2482, 0.2684, 0.1809, 0.1948, 0.1795, 0.5851, 0.1812, 0.3581, 0.211, 0.2137, 0.3211, 0.2081, 0.2084, 0.3518, 0.2099, 0.2039, 0.3939, 0.2273, 0.2821, 0.186, 0.2927, 0.3189, 0.6177, 0.785, 0.188, 0.1853]",0.283260958001847,0.5771164643503652,0.7850458329994581,0,24.431,8.0,
2025-08-06|oraculo_directo|curva_sel|4|30.0|base|60|todas|onsite,2025-08-06,oraculo_directo,curva_sel,4,30.0,base,60,todas,onsite,23380,2194,25574,3021,863,2158,11843,443,1845,695,0.2112709709206219,85,"{""devolucion_origen"": 5, ""entrega_sin_recogida"": 532, ""fisico"": 537, ""fuera_servicio"": 0, ""tope"": 0, ""visitas"": 0}",5924,5924,0,0,0,3023,2,14,67,0,74,"[0.2935, 0.2937, 0.3853, 0.1788, 0.3123, 0.2425, 0.7805, 0.2934, 0.1739, 0.273, 0.5021, 0.3422, 0.3706, 0.2309, 0.3209, 0.185, 0.3397, 0.2003, 0.1998, 0.2998, 0.2011, 0.2891, 0.1993, 0.1941, 0.3171, 0.3553, 0.1897, 0.2948, 0.3416, 0.1995, 0.3374, 0.2744, 0.5328, 0.4517, 0.3703, 0.3324, 0.7639, 0.3771, 0.3007, 0.4452, 0.6192, 0.1851, 0.4451, 0.255, 0.1939, 0.3212, 0.3059, 0.2902, 0.3448, 0.2723, 0.5176, 0.3125, 0.2759, 0.5611, 0.4465, 0.2688, 0.1907, 0.4173, 0.4026, 0.2948, 0.3021, 0.3166, 0.1953, 0.1972, 0.2025, 0.2727, 0.203, 0.3164, 0.2165, 0.3455, 0.9662, 0.6845, 0.1828, 0.1806]",0.3002456254998833,0.6420541123979998,0.9662015840003731,0,26.733,5.0,
2025-08-08|oraculo_directo|curva_sel|4|30.0|base|60|todas|onsite,2025-08-08,oraculo_directo,curva_sel,4,30.0,base,60,todas,onsite,17287,2418,19705,2482,631,1851,9456,365,975,551,0.1685639676309034,211,"{""devolucion_origen"": 6, ""entrega_sin_recogida"": 375, ""fisico"": 381, ""fuera_servicio"": 0, ""tope"": 0, ""visitas"": 0}",4731,4731,0,0,0,2484,2,14,67,0,74,"[0.2045, 0.1946, 0.3026, 0.2025, 0.2948, 0.2058, 0.2768, 0.2785, 0.2918, 0.1938, 0.2774, 0.2728, 0.4178, 0.1872, 0.2568, 0.2655, 0.2012, 0.2021, 0.179, 0.2835, 0.4181, 0.2054, 0.2145, 0.3608, 0.197, 0.6664, 0.4117, 0.2084, 0.3142, 0.3642, 0.3135, 0.4762, 0.3254, 0.4128, 0.486, 0.4083, 0.5729, 0.5668, 0.7389, 0.1993, 0.4086, 0.6746, 0.1984, 0.4415, 0.4305, 0.3643, 0.2729, 0.2663, 0.2655, 0.5835, 0.3956, 0.3134, 0.288, 0.3452, 0.2882, 0.3053, 0.2276, 0.1912, 0.2091, 0.208, 0.1872, 0.207, 0.2017, 0.215, 0.2084, 0.1883, 0.2001, 0.3823, 0.2834, 0.5012, 0.2909, 0.2651, 0.1776, 0.1735]",0.2779155414991692,0.5766364562499802,0.7388951249995444,0,25.241,6.0,
2025-08-09|oraculo_directo|curva_sel|4|30.0|base|60|todas|onsite,2025-08-09,oraculo_directo,curva_sel,4,30.0,base,60,todas,onsite,7376,446,7822,861,181,680,2230,125,71,10,0.2091948720894606,41,"{""devolucion_origen"": 0, ""entrega_sin_recogida"": 11, ""fisico"": 11, ""fuera_servicio"": 0, ""tope"": 0, ""visitas"": 0}",1115,1115,0,0,0,861,0,14,67,0,74,"[0.1832, 0.196, 0.4521, 0.2106, 0.2055, 0.2101, 0.349, 0.3551, 0.2143, 0.1956, 0.3264, 0.2195, 0.196, 0.2062, 0.2048, 0.1964, 0.1886, 0.3146, 0.3033, 0.3203, 0.2006, 0.3203, 0.3714, 0.3156, 0.3355, 0.3047, 0.1909, 0.2111, 0.2081, 0.1928, 0.1972, 0.3012, 0.3061, 0.3248, 0.2074, 0.2998, 0.2198, 0.2121, 0.4835, 0.3472, 0.3008, 0.5951, 0.3838, 0.2122, 0.2098, 0.3281, 0.3913, 0.3515, 0.2074, 0.5058, 0.376, 0.3574, 0.422, 0.495, 0.4349, 0.2121, 1.035, 0.3122, 0.3477, 0.3165, 0.2034, 0.2156, 0.2092, 0.6099, 1.179, 1.1486, 0.1905, 1.071, 0.2056, 1.0057, 7.1896, 0.1937, 0.1831, 0.1815]",0.3022648124988336,1.0475696067976967,7.189626082999894,0,34.045,0.0,
2025-08-11|oraculo_directo|curva_sel|4|30.0|base|60|todas|onsite,2025-08-11,oraculo_directo,curva_sel,4,30.0,base,60,todas,onsite,15227,2382,17609,2651,716,1935,10354,374,1019,680,0.1889567720981018,65,"{""devolucion_origen"": 10, ""entrega_sin_recogida"": 291, ""fisico"": 301, ""fuera_servicio"": 0, ""tope"": 0, ""visitas"": 0}",5182,5182,0,0,0,2651,0,14,67,0,74,"[0.1941, 0.2035, 0.427, 0.3531, 0.2654, 0.2661, 0.2801, 0.1988, 0.2624, 0.2689, 0.241, 0.2502, 0.1753, 0.1911, 0.1904, 0.1756, 0.1898, 0.1764, 0.1867, 0.179, 0.2024, 0.3122, 0.3016, 0.3074, 0.3056, 0.3172, 0.2982, 0.3162, 0.2172, 0.2845, 0.4388, 0.5925, 0.2599, 0.4955, 0.1861, 0.5226, 0.4238, 2.9099, 0.5992, 0.3944, 0.3687, 0.2758, 0.2867, 0.2709, 0.3931, 0.2775, 0.2842, 0.2553, 0.2676, 0.4873, 0.4192, 0.3273, 0.4478, 0.383, 0.2009, 0.3358, 0.2059, 0.2029, 0.1817, 0.1962, 0.2104, 0.2019, 0.1952, 0.3712, 0.4996, 0.1966, 0.7169, 0.2015, 0.3108, 0.2141, 0.2811, 0.2254, 0.1948, 0.177]",0.2699245415005862,0.5470647664513304,2.9099022499976854,0,26.594,10.0,
2025-08-12|oraculo_directo|curva_sel|4|30.0|base|60|todas|onsite,2025-08-12,oraculo_directo,curva_sel,4,30.0,base,60,todas,onsite,25293,3138,28431,3043,852,2191,12399,517,1961,773,0.1943124758265682,113,"{""devolucion_origen"": 7, ""entrega_sin_recogida"": 428, ""fisico"": 435, ""fuera_servicio"": 0, ""tope"": 0, ""visitas"": 0}",6203,6203,0,0,0,3047,4,14,67,0,74,"[0.5138, 0.3424, 0.2724, 0.2913, 0.4736, 0.3092, 0.3479, 0.2949, 0.4778, 0.258, 0.2723, 0.2713, 0.3975, 0.1719, 0.2396, 0.249, 0.2476, 0.2407, 0.1744, 0.1786, 0.3576, 0.3907, 0.1853, 0.3639, 0.3153, 0.1952, 0.3776, 0.3004, 0.1914, 0.3185, 0.4756, 0.5024, 0.2947, 0.5418, 0.5707, 0.3269, 0.3356, 0.2907, 0.279, 0.3109, 0.2813, 0.3479, 0.3026, 0.3913, 0.3535, 0.2665, 0.1947, 0.2495, 0.1816, 0.2842, 0.3063, 0.3638, 0.188, 0.4761, 0.2809, 0.3092, 0.3109, 0.4722, 0.2946, 0.3056, 0.2115, 0.1938, 0.2029, 0.2054, 0.2016, 0.1992, 0.2007, 0.1879, 0.1898, 0.1791, 0.2299, 0.4129, 0.2015, 0.1727]",0.2909972499983269,0.4863947897010801,0.5707459590012149,0,24.333,7.0,
2025-08-13|oraculo_directo|curva_sel|4|30.0|base|60|todas|onsite,2025-08-13,oraculo_directo,curva_sel,4,30.0,base,60,todas,onsite,18330,2367,20697,2404,600,1804,8628,456,1042,406,0.2378404760080238,97,"{""devolucion_origen"": 2, ""entrega_sin_recogida"": 353, ""fisico"": 355, ""fuera_servicio"": 0, ""tope"": 0, ""visitas"": 0}",4315,4315,0,0,0,2404,0,14,67,0,74,"[0.3152, 0.2793, 0.3552, 0.3158, 0.3315, 0.4507, 0.2654, 0.2552, 0.3107, 0.459, 0.3385, 0.2464, 0.5146, 0.1876, 0.3519, 0.2557, 0.1869, 0.1806, 0.1839, 0.2666, 0.2008, 0.3083, 0.3211, 0.3519, 0.3048, 0.5865, 0.3093, 0.3127, 0.2983, 0.2041, 0.1993, 0.2128, 0.3167, 0.3541, 0.813, 0.6676, 0.3223, 0.4614, 0.3371, 0.4202, 0.3968, 0.4312, 0.2865, 0.622, 0.5691, 0.1869, 0.3595, 0.3541, 0.3716, 0.3331, 0.3271, 0.2931, 0.3202, 0.3507, 0.4295, 0.3183, 0.4297, 0.4322, 0.3264, 0.3392, 0.1979, 0.3471, 0.3819, 0.1932, 0.1954, 0.1991, 0.199, 0.1989, 0.1973, 0.7137, 0.6379, 1.19, 0.1771, 0.1764]",0.3206802915010485,0.6483314369510479,1.1900322080000478,0,27.965,2.0,
2025-08-16|oraculo_directo|curva_sel|4|30.0|base|60|todas|onsite,2025-08-16,oraculo_directo,curva_sel,4,30.0,base,60,todas,onsite,9621,519,10140,1051,189,862,2936,126,123,4,0.2033229715367815,24,"{""devolucion_origen"": 0, ""entrega_sin_recogida"": 18, ""fisico"": 18, ""fuera_servicio"": 0, ""tope"": 0, ""visitas"": 0}",1468,1468,0,0,0,1051,0,14,57,0,74,"[0.2042, 0.2095, 0.2088, 0.4052, 0.3941, 0.1991, 0.3698, 0.2107, 0.2088, 0.2146, 0.211, 0.3376, 0.3056, 0.1946, 0.2933, 0.302, 0.3948, 0.3147, 0.3097, 0.5239, 0.189, 0.6437, 0.3173, 0.2922, 0.2929, 0.3112, 0.3449, 0.2933, 0.3116, 0.4639, 0.3399, 0.279, 0.3759, 0.1863, 0.3006, 0.3145, 0.2134, 0.2999, 0.2915, 0.3258, 0.2122, 0.3315, 0.2146, 0.4307, 0.4534, 0.3322, 0.3214, 0.3712, 0.3132, 0.1943, 0.1925, 0.322, 0.343, 0.4229, 0.2154, 0.3944, 0.4469, 0.368, 0.2142, 0.3487, 0.3294, 0.2013, 0.1894, 0.3633, 0.2439, 0.4787, 0.1938, 0.1908, 0.1959, 0.2774, 1.4096, 0.2231, 0.1838, 0.1746]",0.3037931045018922,0.4691026590018736,1.4095638329999929,0,25.168,0.0,
2025-08-18|oraculo_directo|curva_sel|4|30.0|base|60|todas|onsite,2025-08-18,oraculo_directo,curva_sel,4,30.0,base,60,todas,onsite,17638,2367,20005,2949,807,2142,11114,413,1355,639,0.2251048757790657,94,"{""devolucion_origen"": 8, ""entrega_sin_recogida"": 422, ""fisico"": 430, ""fuera_servicio"": 0, ""tope"": 0, ""visitas"": 0}",5561,5561,0,0,0,2949,0,14,67,0,74,"[0.416, 0.3021, 0.459, 0.4801, 0.3989, 0.3257, 0.2821, 0.3166, 0.2243, 0.2551, 0.2494, 0.2591, 0.2334, 0.1797, 0.4, 0.1897, 0.2399, 0.1895, 0.1814, 0.4064, 0.2731, 0.3351, 0.3985, 0.2992, 0.6242, 0.3129, 0.5252, 0.3002, 0.3572, 0.3426, 0.6183, 0.5295, 0.3516, 0.6151, 0.4094, 0.3413, 0.3606, 0.3362, 0.3761, 0.1993, 0.1992, 0.3668, 0.3342, 0.3167, 0.1823, 0.2061, 0.3289, 0.3826, 0.3899, 0.3209, 0.1987, 0.2477, 0.3, 0.3879, 0.3034, 0.3121, 0.3557, 0.2003, 0.1856, 0.2006, 0.1867, 0.189, 0.1899, 0.2026, 0.1955, 0.1945, 0.1782, 0.2645, 0.2744, 0.2763, 0.1862, 0.2573, 0.1876, 0.2044]",0.3000795834996097,0.5266914710478886,0.624162833999435,0,24.779,8.0,
2025-08-23|oraculo_directo|curva_sel|4|30.0|base|60|todas|onsite,2025-08-23,oraculo_directo,curva_sel,4,30.0,base,60,todas,onsite,8175,705,8880,1061,190,871,2712,123,115,12,0.2094016759395642,48,"{""devolucion_origen"": 0, ""entrega_sin_recogida"": 35, ""fisico"": 35, ""fuera_servicio"": 0, ""tope"": 0, ""visitas"": 0}",1356,1356,0,0,0,1061,0,14,67,0,74,"[0.1866, 0.1887, 0.1962, 0.2265, 0.2003, 0.197, 0.3465, 0.3488, 0.191, 0.3212, 0.3019, 0.3416, 0.3353, 0.3536, 0.1912, 0.1899, 0.8049, 0.3183, 0.5753, 0.1937, 0.3123, 0.4503, 0.8313, 0.654, 0.3063, 0.3649, 0.3327, 0.1987, 0.3684, 0.3009, 0.455, 0.2853, 0.1916, 0.4068, 0.3087, 0.3225, 0.2068, 0.3295, 0.3145, 0.211, 0.1966, 0.4827, 0.189, 0.2004, 0.3207, 0.1855, 0.1892, 0.2711, 0.3142, 0.8729, 0.9642, 0.4457, 0.1874, 0.2065, 0.9183, 0.4165, 1.1593, 0.5749, 0.7065, 0.6262, 0.4749, 0.4522, 0.3775, 0.804, 0.6195, 0.1895, 1.2841, 0.1985, 0.1902, 0.1981, 0.1773, 0.1817, 0.1795, 0.1823]",0.3143530209999881,0.8887683208504311,1.2841228329998555,0,29.944,0.0,
2025-08-26|oraculo_directo|curva_sel|4|30.0|base|60|todas|onsite,2025-08-26,oraculo_directo,curva_sel,4,30.0,base,60,todas,onsite,24248,2630,26878,3048,877,2171,12866,457,2317,1026,0.2214332628771145,185,"{""devolucion_origen"": 10, ""entrega_sin_recogida"": 455, ""fisico"": 465, ""fuera_servicio"": 0, ""tope"": 0, ""visitas"": 0}",6438,6438,0,0,0,3052,4,14,67,0,74,"[0.3163, 0.3165, 0.2915, 0.267, 0.3829, 0.2709, 0.3723, 0.2415, 0.3448, 0.2609, 0.377, 0.3214, 0.1653, 0.1673, 0.1922, 0.2669, 0.1668, 0.1935, 0.1708, 0.1928, 0.1965, 0.1793, 0.2041, 0.2928, 0.2954, 0.313, 0.3064, 0.3065, 0.4556, 0.1959, 0.2693, 0.2846, 0.2036, 0.659, 0.3937, 0.5817, 0.2896, 0.5365, 0.2856, 0.3419, 0.2784, 0.1822, 0.3182, 0.3251, 0.2783, 0.3614, 0.3022, 0.3315, 0.2991, 0.3494, 0.3176, 0.3139, 0.3491, 0.3224, 0.2985, 0.4911, 0.3233, 0.2742, 0.1877, 0.2231, 0.1846, 0.2112, 0.2054, 0.2948, 0.1981, 0.1984, 0.3425, 0.19, 0.2009, 0.1951, 0.2374, 0.1882, 0.2109, 0.1781]",0.2851057290026801,0.4680036084482706,0.6589977910007292,0,23.376,10.0,
2025-08-27|oraculo_directo|curva_sel|4|30.0|base|60|todas|onsite,2025-08-27,oraculo_directo,curva_sel,4,30.0,base,60,todas,onsite,26274,3246,29520,3081,810,2271,12229,445,2544,1024,0.2385381552899963,177,"{""devolucion_origen"": 3, ""entrega_sin_recogida"": 446, ""fisico"": 449, ""fuera_servicio"": 0, ""tope"": 0, ""visitas"": 0}",6116,6116,0,0,0,3085,4,14,67,0,74,"[0.1864, 0.5322, 0.4623, 0.2536, 0.3119, 0.3141, 0.4013, 0.2833, 0.3001, 0.3912, 0.3307, 0.5028, 0.1886, 0.1819, 0.2492, 0.3074, 0.2871, 0.1883, 0.1889, 0.1814, 0.1981, 0.5004, 0.1971, 0.1921, 0.2095, 0.2931, 0.3547, 0.3342, 0.3212, 0.3309, 0.303, 0.3665, 0.4015, 0.5312, 0.3814, 0.5403, 0.446, 0.3833, 0.3833, 0.3452, 0.3572, 0.3443, 0.1882, 0.3283, 0.3317, 0.3509, 0.2577, 0.2814, 0.3219, 0.4196, 0.6384, 0.4792, 0.3556, 0.3527, 0.4411, 0.3714, 0.2649, 0.1936, 0.2769, 0.3179, 0.3602, 0.1851, 0.2845, 0.1992, 0.1807, 0.1837, 0.1877, 0.1876, 0.3165, 0.1888, 0.1992, 0.1845, 0.359, 0.1738]",0.3152825209981529,0.5127381250986217,0.638354792001337,0,25.523,3.0,
2025-08-28|oraculo_directo|curva_sel|4|30.0|base|60|todas|onsite,2025-08-28,oraculo_directo,curva_sel,4,30.0,base,60,todas,onsite,21031,2182,23213,2861,777,2084,11583,466,1624,673,0.2191673699802283,127,"{""devolucion_origen"": 5, ""entrega_sin_recogida"": 444, ""fisico"": 449, ""fuera_servicio"": 0, ""tope"": 0, ""visitas"": 0}",5794,5794,0,0,0,2861,0,14,67,0,74,"[0.2746, 0.4655, 0.4829, 0.2772, 0.2744, 0.2624, 0.3911, 0.3284, 0.2387, 0.1742, 0.5592, 0.3188, 0.4468, 0.1908, 0.434, 0.3747, 0.3301, 0.1909, 0.1974, 0.1963, 0.2957, 0.2002, 0.2063, 0.2818, 0.216, 0.2763, 0.2906, 0.3106, 0.3687, 0.5927, 0.4419, 0.367, 0.3676, 0.5351, 0.6208, 0.4305, 0.3741, 0.5193, 0.2806, 0.3017, 0.3431, 0.267, 0.279, 0.3719, 0.3006, 0.2107, 0.2009, 0.2839, 0.3872, 0.2045, 0.296, 0.3904, 0.2829, 0.3184, 0.2957, 0.2736, 0.1943, 0.1964, 0.1895, 0.3113, 0.2157, 0.2039, 0.2041, 0.1942, 0.2958, 0.2052, 0.192, 0.2079, 0.497, 0.2098, 1.1448, 0.2569, 0.2165, 0.1856]",0.2833799584986991,0.5434923005506788,1.1448077079985524,0,25.815,5.0,
2025-08-31|oraculo_directo|curva_sel|4|30.0|base|60|todas|onsite,2025-08-31,oraculo_directo,curva_sel,4,30.0,base,60,todas,onsite,10890,949,11839,1098,208,890,2722,131,138,12,0.2202032711924646,23,"{""devolucion_origen"": 0, ""entrega_sin_recogida"": 44, ""fisico"": 44, ""fuera_servicio"": 0, ""tope"": 0, ""visitas"": 0}",1361,1361,0,0,0,1102,4,14,67,0,74,"[0.203, 0.2162, 0.2105, 0.3972, 0.1929, 0.1909, 0.2063, 0.3462, 0.505, 0.3453, 0.3086, 0.6189, 0.3103, 0.3324, 0.5395, 0.3714, 0.2326, 0.4272, 0.3074, 0.2037, 0.2162, 0.459, 0.5401, 0.2892, 0.6929, 0.318, 0.3287, 0.3929, 0.2146, 0.3012, 0.3871, 0.3116, 0.3104, 0.321, 0.3148, 0.4298, 0.2304, 0.4298, 0.3339, 0.2929, 0.3103, 0.3622, 0.201, 0.4039, 0.3246, 0.3538, 0.192, 0.4037, 0.3874, 0.3628, 0.3725, 0.2145, 0.3587, 0.211, 0.3864, 0.3642, 0.3268, 0.1947, 0.9595, 0.5305, 0.3681, 0.1895, 0.6291, 0.9585, 0.8473, 0.5006, 0.2076, 0.8463, 0.1929, 0.1758, 0.1981, 0.6997, 0.1788, 0.1773]",0.3277489170013723,0.7509728168994108,0.9594601669996335,0,28.906,0.0,
2025-08-01|oraculo_directo|curva_sel|4|45.0|base|60|todas|onsite,2025-08-01,oraculo_directo,curva_sel,4,45.0,base,60,todas,onsite,13902,2433,16335,1608,466,1142,7473,296,685,377,0.1484232506168473,67,"{""devolucion_origen"": 1, ""entrega_sin_recogida"": 98, ""fisico"": 99, ""fuera_servicio"": 0, ""tope"": 0, ""visitas"": 0}",3737,3737,0,0,0,1608,0,14,58,0,74,"[0.1841, 0.2148, 0.2106, 0.2095, 0.202, 0.1902, 0.1977, 0.2047, 0.188, 0.1811, 0.2011, 0.2962, 0.1958, 0.2018, 0.179, 0.2912, 0.2004, 0.2064, 0.204, 0.1983, 0.3231, 0.3057, 0.3382, 0.3725, 0.417, 0.2922, 0.3698, 0.2088, 0.3583, 0.1889, 0.219, 0.2216, 0.2145, 0.2109, 0.2023, 0.3226, 0.3426, 0.4437, 0.4035, 0.3145, 0.3227, 0.6488, 0.3217, 0.4931, 0.3667, 0.3801, 0.8282, 0.4422, 0.1903, 0.3179, 0.3209, 0.1786, 0.3285, 0.1855, 0.5536, 0.3183, 0.3168, 0.3417, 0.3403, 0.2078, 0.2154, 0.184, 0.2034, 0.2126, 0.207, 0.3241, 0.3072, 0.1985, 0.2045, 0.3227, 0.3958, 0.1788, 0.1704, 0.1708]",0.217169854498934,0.4609859397003671,0.8282484590017702,0,22.969,1.0,
2025-08-04|oraculo_directo|curva_sel|4|45.0|base|60|todas|onsite,2025-08-04,oraculo_directo,curva_sel,4,45.0,base,60,todas,onsite,22664,3313,25977,2268,647,1621,10120,416,1953,986,0.1987783069289945,121,"{""devolucion_origen"": 4, ""entrega_sin_recogida"": 271, ""fisico"": 275, ""fuera_servicio"": 0, ""tope"": 0, ""visitas"": 0}",5062,5062,0,0,0,2268,0,14,66,0,74,"[0.1976, 0.2978, 0.2979, 0.2772, 0.3008, 0.2766, 0.2474, 0.1939, 0.2586, 0.3888, 0.2769, 0.2509, 0.1871, 0.2572, 0.1991, 0.1744, 0.1718, 0.1863, 0.1849, 0.1995, 0.1792, 0.3091, 0.297, 0.3346, 0.3862, 0.3193, 0.2175, 0.3394, 0.318, 0.3112, 0.2789, 0.3856, 0.2835, 0.3358, 0.2982, 0.2866, 0.295, 0.1836, 0.6861, 0.1999, 0.6058, 0.4333, 0.4406, 0.3649, 0.417, 0.3334, 0.4103, 0.2483, 0.2554, 0.1849, 0.3703, 0.3565, 0.2923, 0.3128, 0.259, 0.2973, 0.3799, 0.3024, 0.4023, 0.2086, 0.2097, 0.1828, 0.1789, 0.1858, 0.1965, 0.1842, 0.193, 0.2015, 0.198, 0.3122, 0.1809, 0.1916, 0.1813, 0.1736]",0.2770811245009099,0.4226942107514332,0.6861019170028158,0,22.964,4.0,
2025-08-06|oraculo_directo|curva_sel|4|45.0|base|60|todas|onsite,2025-08-06,oraculo_directo,curva_sel,4,45.0,base,60,todas,onsite,28809,2446,31255,2562,713,1849,10707,454,2154,751,0.2187598418614584,100,"{""devolucion_origen"": 1, ""entrega_sin_recogida"": 432, ""fisico"": 433, ""fuera_servicio"": 0, ""tope"": 0, ""visitas"": 0}",5354,5354,0,0,0,2562,0,14,67,0,74,"[0.2959, 0.6289, 0.1989, 0.194, 0.2358, 0.179, 0.2982, 0.2654, 0.2748, 0.2379, 0.2569, 0.3516, 0.5312, 0.2421, 0.196, 0.2891, 0.2805, 0.1799, 0.1821, 0.1893, 0.2066, 0.2005, 0.1931, 0.2019, 0.1848, 0.2885, 0.3105, 0.2951, 0.2045, 0.183, 0.2962, 0.3205, 0.2688, 0.4463, 0.3351, 0.3243, 0.4652, 0.4123, 0.4959, 0.4864, 0.3425, 0.3047, 0.5195, 0.361, 0.484, 0.2382, 0.4391, 0.1792, 0.2827, 0.3641, 0.2947, 0.4006, 0.3815, 0.3345, 0.2867, 0.3241, 0.3009, 0.29, 0.3093, 0.3028, 0.3281, 0.3925, 0.4223, 0.3164, 0.336, 0.1819, 0.3455, 0.1913, 0.1886, 0.3338, 0.1883, 0.1869, 0.1745, 0.1789]",0.294896166999024,0.4897313733481496,0.6288673749986629,0,24.393,1.0,
2025-08-08|oraculo_directo|curva_sel|4|45.0|base|60|todas|onsite,2025-08-08,oraculo_directo,curva_sel,4,45.0,base,60,todas,onsite,21988,2502,24490,2008,517,1491,8562,350,1261,482,0.192841911313903,215,"{""devolucion_origen"": 4, ""entrega_sin_recogida"": 298, ""fisico"": 302, ""fuera_servicio"": 0, ""tope"": 0, ""visitas"": 0}",4283,4283,0,0,0,2008,0,14,67,0,74,"[0.2179, 0.1995, 0.3012, 0.2057, 0.2133, 0.2852, 0.3796, 0.2722, 0.275, 0.1827, 0.188, 0.1772, 0.2049, 0.1702, 0.3682, 0.2847, 0.174, 0.3645, 0.3155, 0.2077, 0.357, 0.3269, 0.3747, 0.2163, 0.205, 0.3816, 0.3577, 0.3209, 0.4864, 0.202, 0.4671, 0.2051, 0.3783, 0.3343, 0.6776, 0.4668, 0.2688, 0.4643, 0.1986, 0.6302, 0.352, 0.3252, 0.4612, 0.3981, 0.5745, 0.618, 0.5682, 0.3651, 0.407, 0.5324, 0.5873, 0.1839, 0.2778, 0.2854, 0.4247, 0.3005, 0.307, 0.4536, 0.3265, 0.2053, 0.316, 0.2026, 0.1846, 0.1921, 0.2126, 0.3444, 0.2012, 0.438, 0.3427, 0.3088, 0.2951, 0.1924, 0.1769, 0.1758]",0.3078954584998428,0.578964706698025,0.6776250829971104,0,26.054,4.0,
2025-08-09|oraculo_directo|curva_sel|4|45.0|base|60|todas|onsite,2025-08-09,oraculo_directo,curva_sel,4,45.0,base,60,todas,onsite,9939,857,10796,719,153,566,2084,101,85,12,0.2190456141011357,59,"{""devolucion_origen"": 0, ""entrega_sin_recogida"": 12, ""fisico"": 12, ""fuera_servicio"": 0, ""tope"": 0, ""visitas"": 0}",1042,1042,0,0,0,719,0,14,61,0,74,"[0.1837, 0.4201, 0.1906, 0.3918, 0.2136, 0.3911, 0.4371, 0.3424, 0.3522, 0.2078, 0.2043, 0.2196, 0.3245, 0.3279, 0.5936, 0.203, 0.1813, 0.3477, 0.3227, 0.3165, 0.2097, 0.1887, 0.3341, 0.3289, 0.2153, 0.2107, 0.3113, 0.2106, 0.2069, 0.3125, 0.3132, 0.3011, 0.3144, 0.3535, 0.188, 0.1877, 0.3101, 0.1875, 0.4606, 0.3136, 0.1879, 0.2978, 0.3453, 0.3316, 0.3485, 0.2231, 0.1984, 0.3781, 0.2049, 0.2072, 0.4236, 0.5464, 0.2169, 0.4125, 0.4082, 0.443, 1.6397, 0.4194, 0.4253, 0.4363, 0.3465, 0.2187, 0.3836, 0.3442, 0.22, 0.339, 0.4084, 0.3237, 0.1909, 0.1982, 0.2766, 0.1875, 0.1804, 0.184]",0.3134111250001297,0.4491518790482586,1.639694249999593,0,25.406,0.0,
2025-08-11|oraculo_directo|curva_sel|4|45.0|base|60|todas|onsite,2025-08-11,oraculo_directo,curva_sel,4,45.0,base,60,todas,onsite,19203,3309,22512,2254,611,1643,9747,427,1329,910,0.1992028243934233,82,"{""devolucion_origen"": 9, ""entrega_sin_recogida"": 202, ""fisico"": 211, ""fuera_servicio"": 0, ""tope"": 0, ""visitas"": 0}",4878,4878,0,0,0,2254,0,14,67,0,74,"[0.174, 0.1864, 0.2682, 0.2512, 0.1821, 0.1779, 0.3033, 0.2783, 0.2547, 0.3113, 0.1993, 0.277, 0.1896, 0.1682, 0.1915, 0.1816, 0.1679, 0.2016, 0.2082, 0.2135, 0.1883, 0.1795, 0.3433, 0.1855, 0.1792, 0.2943, 0.3074, 0.4545, 0.1878, 0.3041, 0.3014, 0.299, 0.2785, 0.2672, 0.3639, 0.3093, 0.2032, 0.2012, 0.5673, 0.3644, 0.3471, 0.1959, 0.5157, 0.2656, 0.4088, 0.2809, 0.4713, 0.2619, 0.3985, 0.3702, 0.3714, 0.3267, 0.4862, 0.2029, 0.3711, 0.3485, 0.3678, 0.3013, 0.319, 0.1919, 0.1906, 0.1964, 0.1839, 0.191, 0.3546, 0.1897, 0.303, 0.1869, 0.1769, 0.3012, 0.2882, 0.213, 0.1863, 0.1782]",0.2664213545012899,0.4603710958481314,0.5673420839993923,0,22.266,9.0,
2025-08-12|oraculo_directo|curva_sel|4|45.0|base|60|todas|onsite,2025-08-12,oraculo_directo,curva_sel,4,45.0,base,60,todas,onsite,32581,3708,36289,2570,703,1867,11332,467,2683,919,0.2227202753991288,160,"{""devolucion_origen"": 0, ""entrega_sin_recogida"": 357, ""fisico"": 357, ""fuera_servicio"": 0, ""tope"": 0, ""visitas"": 0}",5666,5666,0,0,0,2570,0,14,67,0,74,"[0.5353, 0.2997, 0.4136, 0.3152, 0.2855, 0.259, 0.3243, 0.2417, 0.2478, 0.3039, 0.1926, 0.2491, 0.2473, 0.2259, 0.3282, 0.5297, 0.7065, 0.1915, 0.1982, 0.1975, 0.2001, 0.2882, 0.2807, 0.3303, 0.2849, 0.2944, 0.3274, 0.3463, 0.348, 0.2761, 0.1955, 0.3616, 0.4004, 0.3604, 0.2695, 0.509, 0.5643, 0.3041, 0.2477, 0.1994, 0.2789, 0.6618, 0.1971, 0.5174, 0.2518, 0.258, 0.3301, 0.325, 0.1772, 0.1754, 0.281, 0.5094, 0.2612, 0.5456, 0.3112, 0.2059, 0.3218, 0.3197, 0.3878, 0.507, 0.3613, 0.3331, 0.3443, 0.1971, 0.2079, 0.3164, 0.2043, 0.2014, 0.2005, 0.2772, 0.1857, 0.1951, 0.1701, 0.1753]",0.2852101245007361,0.5389390504506081,0.7064584590007144,0,25.138,0.0,
2025-08-13|oraculo_directo|curva_sel|4|45.0|base|60|todas|onsite,2025-08-13,oraculo_directo,curva_sel,4,45.0,base,60,todas,onsite,21953,2298,24251,2060,510,1550,8125,452,1274,490,0.2451255519294788,109,"{""devolucion_origen"": 3, ""entrega_sin_recogida"": 299, ""fisico"": 302, ""fuera_servicio"": 0, ""tope"": 0, ""visitas"": 0}",4064,4064,0,0,0,2060,0,14,67,0,74,"[0.3179, 0.194, 0.2556, 0.2763, 0.2713, 0.3446, 0.3544, 0.2605, 0.2668, 0.3126, 0.2714, 0.2221, 0.2409, 0.1786, 0.5306, 0.2584, 0.1747, 0.1947, 0.1899, 0.1768, 0.2714, 0.1792, 0.2863, 0.299, 0.1958, 0.3471, 0.1943, 0.2114, 0.2874, 0.435, 0.2933, 0.2803, 0.2989, 0.2827, 0.7394, 0.2879, 0.577, 0.3458, 0.316, 0.3658, 0.3141, 0.2972, 0.196, 0.3525, 0.506, 0.2825, 0.4103, 0.3396, 0.4455, 0.2916, 0.2826, 0.3931, 0.5497, 0.1938, 0.2029, 0.5534, 0.3599, 0.4678, 0.3088, 0.3292, 0.1884, 0.1899, 0.539, 0.1869, 0.199, 0.2009, 0.2008, 0.369, 0.1814, 0.2995, 0.6456, 0.1923, 0.1775, 0.1765]",0.2844977500008099,0.5509806625996134,0.7394134169990139,0,24.728,3.0,
2025-08-16|oraculo_directo|curva_sel|4|45.0|base|60|todas|onsite,2025-08-16,oraculo_directo,curva_sel,4,45.0,base,60,todas,onsite,12243,969,13212,898,157,741,2712,104,142,9,0.2053596002881295,33,"{""devolucion_origen"": 0, ""entrega_sin_recogida"": 20, ""fisico"": 20, ""fuera_servicio"": 0, ""tope"": 0, ""visitas"": 0}",1356,1356,0,0,0,898,0,14,49,0,74,"[0.1857, 0.2227, 0.1941, 0.2151, 0.3846, 0.2148, 0.3443, 0.2134, 0.2191, 0.2122, 0.213, 0.2126, 0.3138, 0.1962, 0.2129, 0.29, 0.3101, 0.3131, 0.3227, 0.187, 0.1852, 0.1837, 0.3096, 0.3002, 0.3791, 0.3041, 0.548, 0.299, 0.3241, 0.4443, 0.2707, 0.2722, 0.3132, 0.2951, 0.3071, 0.3149, 0.3053, 0.2834, 0.2895, 0.3357, 0.3055, 0.3175, 0.3661, 0.2087, 0.3467, 0.3635, 0.3235, 0.3329, 0.3176, 0.3166, 0.3277, 0.3174, 0.4274, 0.4291, 0.3774, 0.4655, 0.3654, 0.3931, 0.3501, 0.3346, 0.3434, 0.3827, 0.3622, 0.3545, 0.2056, 0.2148, 0.3177, 0.1966, 0.207, 0.4323, 0.1831, 0.1853, 0.1836, 0.195]",0.3098525834993779,0.4302379268478034,0.5479915830001119,0,23.939,0.0,
2025-08-18|oraculo_directo|curva_sel|4|45.0|base|60|todas|onsite,2025-08-18,oraculo_directo,curva_sel,4,45.0,base,60,todas,onsite,22640,2708,25348,2442,661,1781,10060,392,1819,720,0.2304157446147978,100,"{""devolucion_origen"": 6, ""entrega_sin_recogida"": 368, ""fisico"": 374, ""fuera_servicio"": 0, ""tope"": 0, ""visitas"": 0}",5033,5033,0,0,0,2442,0,14,67,0,74,"[0.3945, 0.3652, 0.2854, 0.6058, 0.2323, 0.4102, 0.2787, 0.2658, 0.1867, 0.2444, 0.3172, 0.3158, 0.2849, 0.1858, 0.3172, 0.1881, 0.1927, 0.278, 0.193, 0.2651, 0.3057, 0.2986, 0.3516, 0.3126, 0.3033, 0.7235, 0.5638, 0.1978, 0.5807, 0.5895, 0.2058, 0.2831, 0.2718, 0.6043, 0.5162, 0.65, 0.29, 0.5452, 0.2032, 0.4058, 0.2868, 0.4943, 0.2412, 0.3751, 0.1974, 0.3974, 0.2638, 0.1981, 0.2441, 0.2794, 0.3563, 0.2607, 0.2705, 0.3858, 0.4833, 0.2637, 0.332, 0.3111, 0.299, 0.1979, 0.1812, 0.1971, 0.1953, 0.1949, 0.2071, 0.1792, 0.1863, 0.1993, 0.1952, 0.3094, 0.2827, 0.1767, 0.1782, 0.1728]",0.2810401035003451,0.5946593021993976,0.7235394579984131,0,25.196,6.0,
2025-08-23|oraculo_directo|curva_sel|4|45.0|base|60|todas|onsite,2025-08-23,oraculo_directo,curva_sel,4,45.0,base,60,todas,onsite,11031,853,11884,890,158,732,2581,127,138,18,0.2104669747597243,44,"{""devolucion_origen"": 1, ""entrega_sin_recogida"": 19, ""fisico"": 20, ""fuera_servicio"": 0, ""tope"": 0, ""visitas"": 0}",1291,1291,0,0,0,890,0,14,55,0,74,"[0.1855, 0.213, 0.1881, 0.2055, 0.1993, 0.1972, 0.356, 0.344, 0.1849, 0.3223, 0.3578, 0.3024, 0.3676, 0.3726, 0.2043, 0.2988, 0.1805, 0.349, 0.3182, 0.3873, 0.3176, 0.2886, 0.3125, 0.3209, 0.3851, 0.2014, 0.5246, 0.3395, 0.2983, 0.3662, 0.3315, 0.569, 0.1979, 0.3209, 0.2912, 0.4627, 0.1889, 0.317, 0.1957, 0.3576, 0.3343, 0.2093, 0.3308, 0.198, 0.3335, 0.337, 0.1914, 0.2166, 0.3524, 0.3554, 0.8876, 0.2008, 0.204, 0.1936, 0.3955, 0.3859, 0.4376, 0.4129, 0.4757, 0.4965, 0.4846, 0.4088, 0.1972, 0.4539, 0.4027, 0.288, 0.2988, 0.1843, 0.2604, 0.2562, 0.1791, 0.1957, 0.1968, 0.1732]",0.3172731249997014,0.4888015793991143,0.8876238750017365,0,24.895,1.0,
2025-08-26|oraculo_directo|curva_sel|4|45.0|base|60|todas|onsite,2025-08-26,oraculo_directo,curva_sel,4,45.0,base,60,todas,onsite,29386,2926,32312,2612,728,1884,12029,461,2858,1135,0.2322981995452427,233,"{""devolucion_origen"": 5, ""entrega_sin_recogida"": 342, ""fisico"": 347, ""fuera_servicio"": 0, ""tope"": 0, ""visitas"": 0}",6017,6017,0,0,0,2614,2,14,67,0,74,"[0.3632, 0.3042, 0.2004, 0.1811, 0.3037, 0.3433, 0.3842, 0.3159, 0.1723, 0.213, 0.2584, 0.1927, 0.4394, 0.2956, 0.1799, 0.3966, 0.1777, 0.1928, 0.2495, 0.1887, 0.1884, 0.1894, 0.285, 0.3602, 0.2848, 0.3007, 0.2907, 0.2745, 0.2736, 0.3499, 0.2656, 0.3287, 0.268, 0.3296, 0.3218, 0.2892, 0.3614, 0.2968, 0.2492, 0.4528, 0.2017, 0.258, 0.3127, 0.313, 0.3034, 0.3372, 0.2567, 0.369, 0.3367, 0.1971, 0.2016, 0.262, 0.2901, 0.2777, 0.3108, 0.5582, 0.2968, 0.546, 0.5126, 0.3881, 0.3146, 0.3329, 0.3309, 0.2038, 0.2011, 0.2127, 0.2022, 0.199, 0.197, 0.1836, 0.1859, 0.1947, 0.1757, 0.1781]",0.2849113125012081,0.4441156334494734,0.5582065000016883,0,23.271,5.0,
2025-08-27|oraculo_directo|curva_sel|4|45.0|base|60|todas|onsite,2025-08-27,oraculo_directo,curva_sel,4,45.0,base,60,todas,onsite,32322,3400,35722,2643,691,1952,11490,482,3148,1034,0.253223367569346,199,"{""devolucion_origen"": 0, ""entrega_sin_recogida"": 413, ""fisico"": 413, ""fuera_servicio"": 0, ""tope"": 0, ""visitas"": 0}",5745,5745,0,0,0,2643,0,14,67,0,74,"[0.2003, 0.282, 0.5598, 0.2748, 0.342, 0.311, 0.4903, 0.2863, 0.1787, 0.2298, 0.2662, 0.3052, 0.5312, 0.2838, 0.4397, 0.5256, 0.294, 0.2753, 0.1759, 0.3993, 0.3003, 0.2788, 0.3443, 0.1869, 0.3286, 0.2152, 0.3071, 0.3057, 0.3162, 0.2807, 0.205, 0.2841, 0.3777, 0.4548, 0.681, 0.5212, 0.6618, 0.3834, 0.1799, 0.4437, 0.2645, 0.5638, 0.4054, 0.2496, 0.3207, 0.1978, 0.3662, 0.2561, 0.2016, 0.2615, 0.5031, 0.4152, 0.3236, 0.4045, 0.4131, 0.2959, 0.2884, 0.2798, 0.4408, 0.2706, 0.3179, 0.2983, 0.1855, 0.1958, 0.1882, 0.3354, 0.1916, 0.1819, 0.1931, 0.1873, 0.1905, 0.1739, 0.2632, 0.1737]",0.291187645500031,0.5411833374999331,0.6809522500007006,0,25.859,0.0,
2025-08-28|oraculo_directo|curva_sel|4|45.0|base|60|todas|onsite,2025-08-28,oraculo_directo,curva_sel,4,45.0,base,60,todas,onsite,24705,2320,27025,2372,638,1734,10605,490,1924,736,0.2204540936269364,142,"{""devolucion_origen"": 7, ""entrega_sin_recogida"": 335, ""fisico"": 342, ""fuera_servicio"": 0, ""tope"": 0, ""visitas"": 0}",5306,5306,0,0,0,2372,0,14,67,0,74,"[0.2704, 0.4756, 0.5885, 0.3792, 0.3245, 0.308, 0.471, 0.2256, 0.2383, 0.4168, 0.1671, 0.4144, 0.6553, 0.4119, 0.3165, 0.4416, 0.279, 0.1852, 0.1806, 0.4002, 0.3041, 0.3261, 0.2023, 0.3117, 0.3313, 0.3481, 0.1836, 0.1891, 0.2751, 0.5736, 0.3202, 0.2939, 0.3118, 0.1905, 0.3748, 0.5782, 0.29, 0.2913, 0.5574, 0.4242, 0.3366, 0.6151, 0.2885, 0.3421, 0.1964, 0.268, 0.3171, 0.3548, 0.3303, 0.6636, 0.3685, 0.4451, 0.4174, 0.3369, 0.326, 0.4527, 0.3244, 0.2922, 0.1902, 0.3254, 0.3391, 0.1906, 0.1848, 0.2085, 0.1894, 0.3442, 0.2063, 0.1986, 0.191, 0.1833, 0.1869, 0.3755, 0.1806, 0.1733]",0.3186721664969809,0.5818382187504539,0.6636102500015113,0,26.441,7.0,
2025-08-31|oraculo_directo|curva_sel|4|45.0|base|60|todas|onsite,2025-08-31,oraculo_directo,curva_sel,4,45.0,base,60,todas,onsite,14184,1264,15448,924,172,752,2500,118,167,10,0.2132347077812898,33,"{""devolucion_origen"": 0, ""entrega_sin_recogida"": 30, ""fisico"": 30, ""fuera_servicio"": 0, ""tope"": 0, ""visitas"": 0}",1250,1250,0,0,0,924,0,14,67,0,74,"[0.1889, 0.1902, 0.2087, 0.1844, 0.4952, 0.3722, 0.2165, 0.2, 0.3951, 0.367, 0.3364, 0.4028, 0.5897, 0.3151, 0.3042, 0.3657, 0.3608, 0.302, 0.4883, 0.3865, 0.2139, 0.3015, 0.3546, 0.4328, 0.3116, 0.2061, 0.3079, 0.3843, 0.2093, 0.2961, 0.5113, 0.2916, 0.3322, 0.2997, 0.3574, 0.3038, 0.4403, 0.4132, 0.348, 0.1899, 0.3211, 0.3662, 0.3536, 0.3288, 0.346, 0.4052, 0.3336, 0.4738, 0.5312, 0.4648, 0.3842, 0.435, 0.4022, 0.3608, 0.3413, 0.4553, 0.3574, 0.2162, 0.405, 0.5782, 0.4271, 0.3834, 0.2013, 0.2185, 0.4112, 0.3928, 0.2747, 1.158, 0.3541, 0.1777, 0.1783, 0.183, 0.1788, 0.1728]",0.3507625624988577,0.5182692817990754,1.1580362079985207,0,27.674,0.0,
2025-08-01|oraculo_directo|curva_sel|4|60.0|base|60|todas|onsite,2025-08-01,oraculo_directo,curva_sel,4,60.0,base,60,todas,onsite,17666,3606,21272,1430,409,1021,7074,298,902,473,0.1548011604300867,82,"{""devolucion_origen"": 2, ""entrega_sin_recogida"": 60, ""fisico"": 62, ""fuera_servicio"": 0, ""tope"": 0, ""visitas"": 0}",3538,3538,0,0,0,1430,0,14,41,0,74,"[0.1948, 0.2029, 0.2018, 0.3074, 0.3661, 0.2065, 0.2134, 0.2971, 0.181, 0.1998, 0.1979, 0.1901, 0.1854, 0.1966, 0.1954, 0.1988, 0.1818, 0.1992, 0.2005, 0.2079, 0.1831, 0.3322, 0.3185, 0.1869, 0.3018, 0.2041, 0.3053, 0.1898, 0.1877, 0.1836, 0.1904, 0.1882, 0.3332, 0.3302, 0.2959, 0.3657, 0.306, 0.302, 0.489, 0.3257, 0.3128, 0.391, 0.2996, 0.5457, 0.1855, 0.1978, 0.5452, 0.1976, 0.3013, 0.3094, 0.1982, 0.2753, 0.2649, 0.4077, 0.4559, 0.4664, 0.3808, 0.3176, 0.3208, 0.2056, 0.2001, 0.4069, 0.1913, 0.2038, 0.3229, 0.1806, 0.1971, 0.1885, 0.3362, 0.3133, 0.2245, 0.1787, 0.1902, 0.1819]",0.2071890835013619,0.4595802046012976,0.5456814999997732,0,21.798,2.0,
2025-08-04|oraculo_directo|curva_sel|4|60.0|base|60|todas|onsite,2025-08-04,oraculo_directo,curva_sel,4,60.0,base,60,todas,onsite,27162,3751,30913,2037,556,1481,9750,402,2429,1161,0.2123037105623979,147,"{""devolucion_origen"": 2, ""entrega_sin_recogida"": 169, ""fisico"": 171, ""fuera_servicio"": 0, ""tope"": 0, ""visitas"": 0}",4876,4876,0,0,0,2037,0,14,58,0,74,"[0.1903, 0.1865, 0.1953, 0.2661, 0.1826, 0.177, 0.4281, 0.1962, 0.3417, 0.2471, 0.2742, 0.2594, 0.1964, 0.1914, 0.1921, 0.2009, 0.1673, 0.182, 0.1987, 0.1799, 0.1789, 0.3002, 0.2827, 0.3176, 0.2984, 0.3475, 0.2941, 0.3064, 0.2038, 0.3056, 0.3696, 0.3078, 0.441, 0.3161, 0.5129, 0.282, 0.2578, 0.2985, 0.3985, 0.2728, 0.1915, 0.4115, 0.2506, 0.6591, 0.3119, 0.4123, 0.1944, 0.2481, 0.3574, 0.3523, 0.4535, 0.1982, 0.3384, 0.1921, 0.7331, 0.3145, 0.3794, 0.2066, 0.3056, 0.3104, 0.3787, 0.3267, 0.219, 0.2071, 0.1802, 0.1939, 0.2078, 0.1988, 0.2009, 0.1888, 0.1813, 0.179, 0.1795, 0.1736]",0.2586035414988146,0.4453566567995948,0.7331381249969127,0,22.826,2.0,
2025-08-06|oraculo_directo|curva_sel|4|60.0|base|60|todas|onsite,2025-08-06,oraculo_directo,curva_sel,4,60.0,base,60,todas,onsite,34421,2898,37319,2308,624,1684,10066,425,2836,836,0.2432962137400448,127,"{""devolucion_origen"": 4, ""entrega_sin_recogida"": 406, ""fisico"": 410, ""fuera_servicio"": 0, ""tope"": 0, ""visitas"": 0}",5035,5035,0,0,0,2308,0,14,67,0,74,"[0.2875, 0.2865, 0.1917, 0.5426, 0.2438, 0.2595, 0.4753, 0.3483, 0.473, 0.2365, 0.2368, 0.2549, 0.2691, 0.29, 0.255, 0.1907, 0.2738, 0.1942, 0.1992, 0.1926, 0.1984, 0.1939, 0.1795, 0.2027, 0.1793, 0.3036, 0.2997, 0.2055, 0.423, 0.3825, 0.3096, 0.3131, 0.2035, 0.349, 0.2124, 0.2839, 0.2731, 0.2833, 0.3237, 0.7402, 0.2631, 0.3646, 0.38, 0.4064, 0.3268, 0.4799, 0.2394, 0.1867, 0.4261, 0.2926, 0.3567, 0.2566, 0.3805, 0.3014, 0.6084, 0.4245, 0.2061, 0.4286, 0.4331, 0.5912, 0.3489, 0.327, 0.3336, 0.3428, 0.3372, 0.1768, 0.3288, 0.2025, 0.1948, 0.1775, 0.1935, 0.1822, 0.1713, 0.1823]",0.285200229000111,0.501805716550734,0.7401960839997628,0,24.69,4.0,
2025-08-08|oraculo_directo|curva_sel|4|60.0|base|60|todas|onsite,2025-08-08,oraculo_directo,curva_sel,4,60.0,base,60,todas,onsite,25213,3527,28740,1794,451,1343,8101,397,1497,687,0.2016932326749728,251,"{""devolucion_origen"": 3, ""entrega_sin_recogida"": 246, ""fisico"": 249, ""fuera_servicio"": 0, ""tope"": 0, ""visitas"": 0}",4052,4052,0,0,0,1794,0,14,67,0,74,"[0.1903, 0.3099, 0.184, 0.2736, 0.2931, 0.2965, 0.2881, 0.2246, 0.1829, 0.3645, 0.1738, 0.2579, 0.2495, 0.1826, 0.2948, 0.1778, 0.2778, 0.1887, 0.1948, 0.1881, 0.1912, 0.1842, 0.1849, 0.213, 0.3297, 0.3145, 0.2041, 0.3243, 0.2124, 0.2783, 0.3708, 0.2866, 0.2763, 0.4148, 0.3291, 0.3031, 0.2643, 0.3752, 0.4768, 0.442, 0.2049, 0.5405, 0.4415, 0.2545, 0.4195, 0.469, 0.4367, 0.2709, 0.5486, 0.3208, 0.5398, 0.5641, 0.1767, 0.4275, 0.2887, 0.3657, 0.3002, 0.1974, 0.2827, 0.195, 0.3526, 0.1892, 0.3584, 0.3248, 0.1873, 0.1835, 0.2033, 0.1884, 0.3802, 0.3323, 0.1971, 0.1732, 0.1735, 0.1713]",0.2780553960001271,0.4988325668995454,0.5640856249992794,0,23.655,3.0,
2025-08-09|oraculo_directo|curva_sel|4|60.0|base|60|todas|onsite,2025-08-09,oraculo_directo,curva_sel,4,60.0,base,60,todas,onsite,11946,1337,13283,644,130,514,1900,119,111,15,0.1853151929883063,65,"{""devolucion_origen"": 0, ""entrega_sin_recogida"": 12, ""fisico"": 12, ""fuera_servicio"": 0, ""tope"": 0, ""visitas"": 0}",950,950,0,0,0,644,0,14,54,0,74,"[0.2047, 0.3877, 0.2149, 0.3993, 0.2064, 0.3633, 0.3494, 0.3679, 0.356, 0.2132, 0.1856, 0.3163, 0.2101, 0.1912, 0.2074, 0.2072, 0.1854, 0.3335, 0.1955, 0.309, 0.1935, 0.3604, 0.2013, 0.2064, 0.198, 0.3122, 0.3919, 0.3453, 0.4465, 0.3249, 0.3084, 0.3087, 0.339, 0.195, 0.2078, 0.3186, 0.2962, 0.2094, 0.2888, 0.3703, 0.2169, 0.3327, 0.3586, 0.2117, 0.3355, 0.1856, 0.1915, 0.3978, 0.4187, 0.2055, 0.1933, 0.1913, 0.213, 0.3752, 0.4292, 0.4311, 0.477, 0.4424, 0.4465, 0.3367, 0.4272, 0.2246, 0.379, 0.1953, 0.3998, 0.3199, 0.1991, 0.1953, 0.2093, 0.3178, 0.1762, 0.1806, 0.1817, 0.1758]",0.3023022290017252,0.4350524142493668,0.4770485829976678,0,23.063,0.0,
2025-08-11|oraculo_directo|curva_sel|4|60.0|base|60|todas|onsite,2025-08-11,oraculo_directo,curva_sel,4,60.0,base,60,todas,onsite,24661,4366,29027,2043,541,1502,9289,415,1859,1119,0.2124224064570851,122,"{""devolucion_origen"": 3, ""entrega_sin_recogida"": 168, ""fisico"": 171, ""fuera_servicio"": 0, ""tope"": 0, ""visitas"": 0}",4646,4646,0,0,0,2043,0,14,67,0,74,"[0.1789, 0.1837, 0.5459, 0.1964, 0.2391, 0.2073, 0.3268, 0.2961, 0.2468, 0.1995, 0.1917, 0.256, 0.2288, 0.2668, 0.2602, 0.1705, 0.1643, 0.1649, 0.1729, 0.1921, 0.1913, 0.1752, 0.28, 0.3801, 0.187, 0.4027, 0.2054, 0.3853, 0.2753, 0.3047, 0.2095, 0.3714, 0.305, 0.3301, 0.3685, 0.2653, 0.2643, 0.2757, 0.343, 0.2552, 0.2287, 0.2868, 0.1825, 0.2664, 0.3828, 0.306, 0.4085, 0.2584, 0.3229, 0.4008, 0.4245, 0.3567, 0.2834, 0.6125, 0.3428, 0.355, 0.3204, 0.3267, 0.3093, 0.376, 0.2011, 0.197, 0.1943, 0.2145, 0.1892, 0.2049, 0.1963, 0.1878, 0.1988, 0.181, 0.192, 0.1788, 0.174, 0.176]",0.2572286250015168,0.4047304106510637,0.6125345420005033,0,22.095,3.0,
2025-08-12|oraculo_directo|curva_sel|4|60.0|base|60|todas|onsite,2025-08-12,oraculo_directo,curva_sel,4,60.0,base,60,todas,onsite,41447,4532,45979,2355,593,1762,10718,491,3594,1135,0.258612930861808,182,"{""devolucion_origen"": 2, ""entrega_sin_recogida"": 274, ""fisico"": 276, ""fuera_servicio"": 0, ""tope"": 0, ""visitas"": 0}",5360,5360,0,0,0,2355,0,14,67,0,74,"[0.3073, 0.212, 0.2804, 0.2834, 0.2529, 0.3176, 0.3272, 0.1862, 0.3441, 0.4605, 0.2464, 0.1682, 0.2206, 0.2584, 0.1749, 0.3631, 0.24, 0.1828, 0.252, 0.1883, 0.178, 0.1744, 0.1798, 0.3677, 0.288, 0.2773, 0.1998, 0.4487, 0.3226, 0.2826, 0.3561, 0.2805, 0.4254, 0.3995, 0.2955, 0.239, 0.3468, 0.1772, 0.4961, 0.3436, 0.4795, 0.1795, 0.2595, 0.2592, 0.2494, 0.5522, 0.2387, 0.3638, 0.2539, 0.2672, 0.3359, 0.1805, 0.2677, 0.3032, 0.2846, 0.28, 0.3006, 0.6545, 0.1868, 0.3364, 0.4683, 0.3738, 0.3232, 0.372, 0.3293, 0.2055, 0.188, 0.1826, 0.3078, 0.1829, 0.2924, 0.2938, 0.1758, 0.1718]",0.2804181245010113,0.4722206687491052,0.6544982089981204,0,23.694,2.0,
2025-08-13|oraculo_directo|curva_sel|4|60.0|base|60|todas|onsite,2025-08-13,oraculo_directo,curva_sel,4,60.0,base,60,todas,onsite,25498,2656,28154,1839,453,1386,7897,454,1496,583,0.2614445296275606,121,"{""devolucion_origen"": 5, ""entrega_sin_recogida"": 219, ""fisico"": 224, ""fuera_servicio"": 0, ""tope"": 0, ""visitas"": 0}",3951,3951,0,0,0,1839,0,14,67,0,74,"[0.3326, 0.2672, 0.1794, 0.356, 0.1752, 0.3531, 0.266, 0.1941, 0.2563, 0.2253, 0.2926, 0.213, 0.4621, 0.2606, 0.3795, 0.2725, 0.1696, 0.1994, 0.2632, 0.1781, 0.2685, 0.1768, 0.3473, 0.2792, 0.3371, 0.3169, 0.2817, 0.2747, 0.2984, 0.1779, 0.2076, 0.2785, 0.3051, 0.3366, 0.2995, 0.3141, 0.2878, 0.3721, 0.2037, 0.1816, 0.3344, 0.5677, 0.4042, 0.4079, 0.4097, 0.3158, 0.3003, 0.5717, 0.4063, 0.3298, 0.3047, 0.3685, 0.4671, 0.5186, 0.4162, 0.3891, 0.5278, 0.4623, 0.3671, 0.3537, 0.2106, 0.1874, 0.4738, 0.1898, 0.3284, 0.1905, 0.1893, 0.3318, 0.3195, 0.1933, 0.2188, 0.1773, 0.1711, 0.1719]",0.2989223124986893,0.4894820623001576,0.5716725410020445,0,24.552,5.0,
2025-08-16|oraculo_directo|curva_sel|4|60.0|base|60|todas|onsite,2025-08-16,oraculo_directo,curva_sel,4,60.0,base,60,todas,onsite,14007,1649,15656,818,142,676,2518,111,219,12,0.1782771775360783,36,"{""devolucion_origen"": 0, ""entrega_sin_recogida"": 14, ""fisico"": 14, ""fuera_servicio"": 0, ""tope"": 0, ""visitas"": 0}",1259,1259,0,0,0,818,0,14,39,0,74,"[0.189, 0.2007, 0.3937, 0.1967, 0.3563, 0.2102, 0.2082, 0.2277, 0.1997, 0.2072, 0.2106, 0.1964, 0.2114, 0.3292, 0.3377, 0.3197, 0.3114, 0.3185, 0.2052, 0.2053, 0.2656, 0.1794, 0.2694, 0.2814, 0.4142, 0.3023, 0.299, 0.3754, 0.2093, 0.3972, 0.2872, 0.2973, 0.2946, 0.3063, 0.3077, 0.3233, 0.4129, 0.2833, 0.5112, 0.3714, 0.3198, 0.3012, 0.3148, 0.2773, 0.5265, 0.3044, 0.3083, 0.4188, 0.4116, 0.3194, 0.3319, 0.316, 0.301, 0.3615, 0.3591, 0.3226, 0.4436, 0.3555, 0.2069, 0.2024, 0.3651, 0.4004, 0.3521, 0.4354, 0.2138, 0.1999, 0.4107, 0.1925, 0.1889, 0.1869, 0.1911, 0.1851, 0.1999, 0.1756]",0.3017408960004104,0.4246095329996023,0.5265025409971713,0,23.759,0.0,
2025-08-18|oraculo_directo|curva_sel|4|60.0|base|60|todas|onsite,2025-08-18,oraculo_directo,curva_sel,4,60.0,base,60,todas,onsite,28360,3297,31657,2213,578,1635,9593,408,2196,855,0.2493521089688343,125,"{""devolucion_origen"": 3, ""entrega_sin_recogida"": 305, ""fisico"": 308, ""fuera_servicio"": 0, ""tope"": 0, ""visitas"": 0}",4798,4798,0,0,0,2213,0,14,67,0,74,"[0.3846, 0.1835, 0.3477, 0.3706, 0.2367, 0.2867, 0.2926, 0.2315, 0.32, 0.2925, 0.2339, 0.3723, 0.2457, 0.2873, 0.5508, 0.1918, 0.1702, 0.1707, 0.1779, 0.262, 0.1825, 0.1901, 0.3878, 0.3688, 0.1871, 0.2692, 0.2664, 0.3846, 0.5756, 0.4401, 0.5364, 0.5244, 0.6514, 0.3707, 0.2877, 0.2982, 0.3019, 0.7968, 0.3391, 0.4023, 0.2787, 0.6285, 0.536, 0.3959, 0.2932, 0.2801, 0.1824, 0.3279, 0.4024, 0.3876, 0.332, 0.1782, 0.3242, 0.352, 0.5923, 0.3021, 0.4557, 0.3366, 0.3602, 0.2101, 0.3311, 0.325, 0.1962, 0.1771, 0.2187, 0.1856, 0.1851, 0.2011, 0.1906, 0.3398, 0.1775, 0.1804, 0.1756, 0.1735]",0.2956580000009126,0.5814812392507519,0.7968065829991247,0,25.79,3.0,
2025-08-23|oraculo_directo|curva_sel|4|60.0|base|60|todas|onsite,2025-08-23,oraculo_directo,curva_sel,4,60.0,base,60,todas,onsite,12890,1176,14066,822,148,674,2484,111,183,16,0.2027728409405675,48,"{""devolucion_origen"": 0, ""entrega_sin_recogida"": 17, ""fisico"": 17, ""fuera_servicio"": 0, ""tope"": 0, ""visitas"": 0}",1242,1242,0,0,0,822,0,14,50,0,74,"[0.4425, 0.2116, 0.1936, 0.4453, 0.1871, 0.2085, 0.2019, 0.1861, 0.202, 0.2052, 0.2026, 0.393, 0.3495, 0.344, 0.1959, 0.3396, 0.1798, 0.3055, 0.2017, 0.5476, 0.3381, 0.3252, 0.3218, 0.1813, 0.3472, 0.2825, 0.3715, 0.2973, 0.447, 0.4004, 0.1855, 0.1974, 0.3267, 0.3034, 0.3796, 0.501, 0.3114, 0.3314, 0.2126, 0.358, 0.3405, 0.1949, 0.3603, 0.4035, 0.3468, 0.3456, 0.2088, 0.2071, 0.5172, 0.5423, 0.4574, 0.3923, 0.3661, 0.1978, 0.4306, 0.4881, 0.9145, 0.5122, 0.4768, 0.4978, 0.427, 0.4205, 0.489, 0.4413, 0.1999, 0.2058, 0.3889, 0.1978, 0.1795, 0.4199, 0.1773, 0.1738, 0.1776, 0.1756]",0.3347440204979648,0.5139815295995503,0.9145347499979836,0,26.129,0.0,
2025-08-26|oraculo_directo|curva_sel|4|60.0|base|60|todas|onsite,2025-08-26,oraculo_directo,curva_sel,4,60.0,base,60,todas,onsite,35228,4037,39265,2315,644,1671,11196,498,3456,1367,0.2446357833251299,270,"{""devolucion_origen"": 4, ""entrega_sin_recogida"": 262, ""fisico"": 266, ""fuera_servicio"": 0, ""tope"": 0, ""visitas"": 0}",5600,5600,0,0,0,2315,0,14,67,0,74,"[0.2111, 0.2915, 0.336, 0.281, 0.2479, 0.3897, 0.2286, 0.2289, 0.3797, 0.173, 0.1907, 0.2254, 0.237, 0.2919, 0.186, 0.1659, 0.1875, 0.1868, 0.1857, 0.191, 0.2425, 0.1744, 0.2602, 0.248, 0.198, 0.3742, 0.3294, 0.476, 0.2692, 0.3798, 0.3564, 0.3098, 0.2747, 0.2032, 0.2729, 0.3424, 0.3066, 0.355, 0.3335, 0.2433, 0.4277, 0.3487, 0.4649, 0.2844, 0.2057, 0.2951, 0.4047, 0.4728, 0.3012, 0.6935, 0.3062, 0.2693, 0.1762, 0.302, 0.6264, 0.4203, 0.2785, 0.3293, 0.2009, 0.2887, 0.3041, 0.3142, 0.3346, 0.324, 0.3403, 0.2093, 0.4036, 0.203, 0.3356, 0.1875, 0.303, 0.1918, 0.1733, 0.1783]",0.28657050000038,0.4676738079999267,0.6935139160013932,0,23.998,4.0,
2025-08-27|oraculo_directo|curva_sel|4|60.0|base|60|todas|onsite,2025-08-27,oraculo_directo,curva_sel,4,60.0,base,60,todas,onsite,39293,3702,42995,2356,601,1755,10591,462,3879,1073,0.2766007932104952,251,"{""devolucion_origen"": 3, ""entrega_sin_recogida"": 343, ""fisico"": 346, ""fuera_servicio"": 0, ""tope"": 0, ""visitas"": 0}",5297,5297,0,0,0,2356,0,14,67,0,74,"[0.1891, 0.2991, 0.263, 0.5223, 0.2885, 0.2955, 0.247, 0.2409, 0.2338, 0.2514, 0.2633, 0.2475, 0.2695, 0.1697, 0.1871, 0.1659, 0.1892, 0.1799, 0.1881, 0.4005, 0.3271, 0.1928, 0.1787, 0.327, 0.3798, 0.341, 0.4113, 0.3535, 0.3238, 0.2818, 0.1908, 0.32, 0.3479, 0.385, 0.2598, 0.2779, 0.3317, 0.6271, 0.5952, 0.2635, 0.439, 0.6959, 0.2635, 0.2956, 0.3348, 0.3814, 0.2553, 0.3641, 0.1828, 0.177, 0.2541, 0.5367, 0.3126, 0.485, 0.6111, 0.5701, 0.1963, 0.1991, 0.4862, 0.1803, 0.1793, 0.3954, 0.3069, 0.3127, 0.1982, 0.1855, 0.1856, 0.1858, 0.1931, 0.1948, 0.1753, 0.2801, 0.2853, 0.1746]",0.273702062000666,0.5789053398004397,0.695942082998954,0,24.608,3.0,
2025-08-28|oraculo_directo|curva_sel|4|60.0|base|60|todas|onsite,2025-08-28,oraculo_directo,curva_sel,4,60.0,base,60,todas,onsite,30273,2432,32705,2165,559,1606,10037,464,2439,773,0.2383019694123641,181,"{""devolucion_origen"": 1, ""entrega_sin_recogida"": 314, ""fisico"": 315, ""fuera_servicio"": 0, ""tope"": 0, ""visitas"": 0}",5019,5019,0,0,0,2165,0,14,67,0,74,"[0.2621, 0.2791, 0.4353, 0.2526, 0.6399, 0.4852, 0.239, 0.3557, 0.3623, 0.538, 0.3423, 0.2553, 0.3333, 0.2486, 0.377, 0.2846, 0.3936, 0.2822, 0.1739, 0.336, 0.2781, 0.189, 0.212, 0.2166, 0.3255, 0.4819, 0.3045, 0.1834, 0.2947, 0.3315, 0.2903, 0.2934, 0.429, 0.2756, 0.5689, 0.4331, 0.2935, 0.446, 0.6062, 0.3859, 0.2762, 0.3399, 0.1982, 0.2829, 0.3634, 0.4419, 0.2763, 0.2679, 0.2679, 0.461, 0.5297, 0.3124, 0.3493, 0.2783, 0.6688, 0.3179, 0.4039, 0.5198, 0.3628, 0.2094, 0.3521, 0.3459, 0.2095, 0.3239, 0.2084, 0.2039, 0.201, 0.1901, 0.1829, 0.1854, 0.2018, 0.1847, 0.1794, 0.1756]",0.2940884585004824,0.5488252206010655,0.6687942499993369,0,26.27,1.0,
2025-08-31|oraculo_directo|curva_sel|4|60.0|base|60|todas|onsite,2025-08-31,oraculo_directo,curva_sel,4,60.0,base,60,todas,onsite,16357,1531,17888,876,156,720,2408,105,207,8,0.213819656659812,32,"{""devolucion_origen"": 0, ""entrega_sin_recogida"": 29, ""fisico"": 29, ""fuera_servicio"": 0, ""tope"": 0, ""visitas"": 0}",1204,1204,0,0,0,876,0,14,67,1,74,"[0.2004, 0.1891, 0.1884, 0.202, 0.4525, 0.1993, 0.3724, 0.3373, 0.3535, 0.2977, 0.4065, 0.288, 0.3428, 0.3029, 0.3571, 0.3384, 0.3197, 0.3333, 0.2955, 0.2308, 0.2953, 0.4147, 0.3246, 0.2999, 0.2936, 0.1903, 0.3691, 0.302, 0.2063, 0.3089, 0.2056, 0.1878, 0.3249, 0.2916, 0.3284, 0.2055, 0.3235, 0.3735, 0.2224, 0.3882, 0.3363, 0.3268, 0.3508, 0.3299, 0.331, 0.3615, 0.348, 0.3507, 0.3515, 0.3925, 0.4157, 0.2049, 0.4113, 0.3568, 0.374, 0.3765, 0.4077, 0.185, 0.4515, 0.5714, 0.5296, 0.2126, 0.1851, 0.415, 0.2102, 0.1994, 0.1797, 10.0061, 0.1826, 0.1785, 0.1854, 0.1799, 0.1803, 0.18]",0.3240415000000212,0.4518726164513282,10.006072167001548,0,34.058,0.0,
2025-08-01|lgbm_directo|curva_sel|4|10.0|base|60|todas|onsite,2025-08-01,lgbm_directo,curva_sel,4,10.0,base,60,todas,onsite,22513,2866,25379,3420,814,2606,12075,541,1402,218,0.1834754916370788,113,"{""devolucion_origen"": 107, ""entrega_sin_recogida"": 368, ""fisico"": 475, ""fuera_servicio"": 0, ""tope"": 0, ""visitas"": 0}",6091,6091,0,0,0,3422,2,14,67,0,74,"[1.2584, 0.1877, 0.2079, 0.2052, 0.2875, 0.1882, 0.3522, 0.1884, 0.2215, 0.2093, 0.1794, 0.1804, 0.1951, 0.1816, 0.1966, 0.1828, 0.1838, 0.2191, 0.5759, 0.1872, 0.1862, 0.2005, 0.6856, 0.4424, 0.2124, 0.1899, 0.2151, 0.4138, 0.2056, 0.1966, 0.3852, 1.5053, 0.1883, 0.6516, 1.4451, 0.6011, 0.5692, 0.6916, 0.2128, 0.4626, 0.5817, 0.7504, 0.1936, 0.2185, 0.193, 0.1929, 0.3271, 0.3234, 0.629, 0.8314, 0.3398, 0.3807, 0.6112, 0.3352, 0.382, 0.1991, 0.2071, 0.1948, 0.1859, 0.2024, 0.1857, 0.2019, 0.196, 0.1865, 0.1882, 0.1808, 0.1865, 0.1798, 0.1891, 0.1818, 0.5254, 0.1785, 0.1743, 0.1741]",0.2053810415000043,0.7787611692992864,1.5053087080013938,0,27.562,107.0,
2025-08-04|lgbm_directo|curva_sel|4|10.0|base|60|todas|onsite,2025-08-04,lgbm_directo,curva_sel,4,10.0,base,60,todas,onsite,37531,2967,40498,3956,966,2990,14636,553,3050,793,0.2114593760985401,254,"{""devolucion_origen"": 90, ""entrega_sin_recogida"": 266, ""fisico"": 356, ""fuera_servicio"": 0, ""tope"": 0, ""visitas"": 0}",7363,7363,0,0,0,3956,0,14,67,0,74,"[1.5806, 0.4583, 0.2723, 0.2999, 0.4485, 0.3829, 0.4212, 0.5387, 0.3549, 0.345, 0.4853, 0.4512, 0.1765, 0.201, 0.1749, 0.1836, 0.1896, 0.2107, 0.1782, 0.1821, 0.1846, 0.1833, 0.1943, 0.1884, 0.1969, 1.0016, 0.2036, 0.2079, 0.1899, 0.2205, 0.1983, 0.2275, 0.208, 0.4134, 0.1922, 0.5316, 0.4255, 0.579, 0.4131, 0.4203, 0.4249, 0.4766, 0.3871, 0.6421, 0.3597, 0.1888, 0.2187, 0.3449, 0.3343, 0.3987, 0.307, 0.6826, 0.297, 0.3605, 0.4054, 0.187, 0.1984, 0.2036, 0.2021, 0.1822, 0.1787, 0.1873, 0.1818, 0.2019, 0.1831, 0.1816, 0.1792, 0.1886, 0.1779, 0.1799, 0.1777, 0.1818, 0.1909, 0.1726]",0.2079316244999063,0.6011015961499648,1.5805927500005057,0,25.579,90.0,
2025-08-06|lgbm_directo|curva_sel|4|10.0|base|60|todas|onsite,2025-08-06,lgbm_directo,curva_sel,4,10.0,base,60,todas,onsite,47324,3035,50359,4232,971,3261,15609,547,3926,725,0.2257034399097498,198,"{""devolucion_origen"": 107, ""entrega_sin_recogida"": 477, ""fisico"": 584, ""fuera_servicio"": 0, ""tope"": 0, ""visitas"": 0}",7858,7858,0,0,0,4234,2,14,67,0,74,"[1.6322, 0.4794, 0.5934, 0.4911, 0.3651, 0.3193, 0.2538, 0.3296, 0.5111, 0.3105, 0.2606, 0.493, 0.6956, 0.2167, 0.1839, 0.178, 0.1896, 0.2042, 0.1792, 0.1766, 0.179, 0.1797, 0.2042, 0.2091, 0.1856, 0.1989, 0.8611, 0.3503, 0.6037, 0.4435, 0.7117, 0.363, 0.5803, 0.6687, 0.186, 0.1853, 0.527, 0.4108, 0.21, 0.4207, 0.3828, 0.5616, 0.3653, 0.8276, 0.5629, 0.3631, 0.4702, 0.4651, 0.1877, 0.4937, 0.4896, 0.3205, 0.3233, 0.1986, 0.3113, 0.5014, 0.7452, 0.3454, 0.3216, 0.3988, 0.1848, 0.2048, 0.1879, 0.2059, 0.1886, 0.1829, 0.1973, 0.1773, 0.1752, 0.1757, 0.1809, 0.1789, 0.1781, 0.292]",0.3198872709999705,0.7233945120497081,1.6321832909998193,0,29.393,107.0,
2025-08-08|lgbm_directo|curva_sel|4|10.0|base|60|todas|onsite,2025-08-08,lgbm_directo,curva_sel,4,10.0,base,60,todas,onsite,34294,3008,37302,3741,870,2871,13186,517,2504,388,0.2048719552726684,316,"{""devolucion_origen"": 66, ""entrega_sin_recogida"": 455, ""fisico"": 521, ""fuera_servicio"": 0, ""tope"": 0, ""visitas"": 0}",6626,6626,0,0,0,3747,6,14,67,0,74,"[1.426, 0.3491, 0.7969, 0.5662, 0.3311, 0.5484, 0.3326, 0.4891, 0.1876, 0.1761, 0.1788, 0.4328, 0.1716, 0.1964, 0.1816, 0.1798, 0.1987, 0.203, 0.1796, 0.2088, 0.1859, 0.1981, 0.2225, 0.1932, 0.2219, 0.2168, 0.2327, 0.7184, 0.1988, 0.2069, 0.6064, 0.4573, 0.9455, 0.383, 0.368, 0.4657, 0.4729, 0.3543, 0.344, 0.4348, 0.7104, 0.3982, 0.8405, 0.4358, 0.6212, 0.2153, 0.5371, 0.5143, 0.2722, 0.4816, 0.7925, 0.3236, 0.182, 0.8873, 0.663, 0.3931, 0.3683, 0.1847, 0.1954, 0.1834, 0.4333, 0.22, 0.1864, 0.1981, 0.1876, 0.1799, 0.1822, 0.1883, 0.1788, 0.1878, 0.1759, 0.1868, 0.1755, 0.1669]",0.2276450204990396,0.8121585266517284,1.426024584001425,0,29.123,66.0,
2025-08-09|lgbm_directo|curva_sel|4|10.0|base|60|todas|onsite,2025-08-09,lgbm_directo,curva_sel,4,10.0,base,60,todas,onsite,15690,949,16639,1817,281,1536,4952,245,659,26,0.2143389760216867,98,"{""devolucion_origen"": 0, ""entrega_sin_recogida"": 13, ""fisico"": 13, ""fuera_servicio"": 0, ""tope"": 0, ""visitas"": 0}",2476,2476,0,0,0,1817,0,14,67,0,74,"[1.1045, 0.2011, 0.6981, 0.7924, 0.1962, 0.527, 0.5868, 0.3397, 0.2012, 0.1838, 0.4996, 0.3613, 0.3421, 0.1875, 0.9018, 0.3792, 0.5517, 0.386, 0.4503, 0.3671, 0.2054, 0.1958, 0.2071, 0.1851, 0.6677, 0.1884, 0.1908, 0.2076, 0.2071, 0.1847, 0.2107, 0.192, 0.2107, 0.2332, 0.1896, 0.1911, 0.1875, 0.2095, 0.5159, 0.4196, 0.437, 0.8447, 0.5305, 0.1836, 0.5895, 0.1825, 0.1873, 0.2005, 0.2049, 0.1981, 0.3455, 0.3208, 0.4041, 0.1889, 0.2059, 0.2041, 0.1992, 0.2492, 0.1978, 0.2085, 0.5446, 0.1999, 0.1955, 0.2135, 0.1942, 0.1994, 0.2004, 0.9071, 0.189, 0.3361, 0.1795, 0.1758, 0.2247, 0.1702]",0.2073372709983232,0.8107109835491425,1.104509875000076,0,26.282,0.0,
2025-08-11|lgbm_directo|curva_sel|4|10.0|base|60|todas|onsite,2025-08-11,lgbm_directo,curva_sel,4,10.0,base,60,todas,onsite,37618,2825,40443,3892,966,2926,14560,646,3090,706,0.2248645223150738,171,"{""devolucion_origen"": 50, ""entrega_sin_recogida"": 382, ""fisico"": 432, ""fuera_servicio"": 0, ""tope"": 0, ""visitas"": 0}",7305,7305,0,0,0,3898,6,14,67,0,74,"[1.4311, 0.3056, 0.3131, 0.3197, 0.5678, 0.2972, 0.3565, 0.5588, 0.3502, 0.3572, 0.4496, 0.452, 0.5714, 0.2292, 0.4228, 0.1921, 0.1999, 0.2091, 0.1858, 0.2076, 0.1943, 0.1818, 0.1868, 0.1841, 0.2139, 0.3612, 0.1852, 0.185, 0.4236, 0.1943, 0.5036, 0.1933, 0.816, 0.5663, 1.4245, 0.5274, 0.5532, 0.4321, 0.5028, 0.3967, 0.7284, 0.2155, 0.527, 0.5008, 0.3458, 0.2957, 0.3466, 0.3085, 0.4037, 0.6841, 0.3674, 0.36, 0.7055, 0.7151, 0.3402, 0.2219, 0.1849, 0.2211, 0.1855, 0.2056, 0.2173, 0.1857, 0.2097, 0.2051, 0.1841, 0.1974, 0.1808, 0.1798, 0.1788, 0.1883, 0.1749, 0.174, 0.2051, 0.1793]",0.3014005420009198,0.7197157226975832,1.431095459000062,0,28.948,50.0,
2025-08-12|lgbm_directo|curva_sel|4|10.0|base|60|todas|onsite,2025-08-12,lgbm_directo,curva_sel,4,10.0,base,60,todas,onsite,53390,4273,57663,4314,986,3328,16150,571,4405,978,0.2168954603680952,254,"{""devolucion_origen"": 64, ""entrega_sin_recogida"": 425, ""fisico"": 489, ""fuera_servicio"": 0, ""tope"": 0, ""visitas"": 0}",8107,8107,0,0,0,4320,6,14,67,0,74,"[1.3766, 0.1809, 0.394, 0.4598, 0.183, 0.1833, 0.4107, 0.4549, 0.4367, 0.3534, 0.3533, 0.2575, 0.1906, 0.3656, 0.1914, 0.1746, 0.1912, 0.1723, 0.1767, 0.17, 0.177, 0.1827, 0.2051, 0.2031, 0.2159, 1.5368, 0.3446, 0.355, 0.5512, 0.5451, 0.348, 0.3479, 1.0225, 0.6327, 0.341, 0.7138, 0.361, 0.4673, 0.3612, 0.5939, 0.3471, 0.4658, 0.53, 0.3397, 0.3344, 0.484, 0.4837, 0.2629, 0.7813, 0.4283, 0.438, 0.4038, 0.4289, 0.4721, 0.3294, 0.4016, 0.3121, 0.2038, 0.1821, 0.187, 0.1891, 0.2073, 0.1804, 0.1948, 0.1932, 0.2055, 0.1953, 0.1854, 0.19, 0.3337, 0.188, 0.1818, 0.1714, 0.1736]",0.3370604169995204,0.7374353459497793,1.5367938750023311,0,29.236,64.0,
2025-08-13|lgbm_directo|curva_sel|4|10.0|base|60|todas|onsite,2025-08-13,lgbm_directo,curva_sel,4,10.0,base,60,todas,onsite,38917,4206,43123,3841,884,2957,13891,557,2825,599,0.2585150300106887,182,"{""devolucion_origen"": 151, ""entrega_sin_recogida"": 513, ""fisico"": 664, ""fuera_servicio"": 0, ""tope"": 0, ""visitas"": 0}",7021,7021,0,0,0,3841,0,14,67,0,74,"[1.3811, 0.2114, 0.4607, 0.3279, 0.3259, 0.2863, 0.3624, 0.3212, 0.3628, 0.2551, 0.3811, 0.5148, 0.5562, 0.1989, 0.2174, 0.1863, 0.2048, 0.2079, 0.2024, 0.2021, 0.2189, 0.2025, 0.2086, 0.3519, 0.5467, 0.7045, 0.4629, 0.4153, 0.1977, 0.4089, 0.2168, 0.3959, 0.9094, 0.4707, 0.5684, 0.4119, 2.3823, 0.6198, 0.5532, 0.4054, 0.5469, 0.6455, 0.5204, 0.3081, 0.3236, 0.3682, 0.4288, 0.5701, 0.1868, 0.1986, 0.4764, 0.3294, 0.3226, 0.7197, 0.6655, 0.5647, 0.1811, 0.2086, 0.1906, 0.2048, 0.2099, 0.4415, 0.2179, 0.1873, 0.2119, 0.2006, 0.1951, 0.7223, 0.9116, 0.3718, 0.1905, 0.1818, 0.2302, 0.1812]",0.3286170205010421,0.7877623477981605,2.3822670839981583,0,32.523,151.0,
2025-08-16|lgbm_directo|curva_sel|4|10.0|base|60|todas|onsite,2025-08-16,lgbm_directo,curva_sel,4,10.0,base,60,todas,onsite,21957,997,22954,2110,294,1816,5497,210,950,41,0.2161795454454261,66,"{""devolucion_origen"": 5, ""entrega_sin_recogida"": 29, ""fisico"": 34, ""fuera_servicio"": 0, ""tope"": 0, ""visitas"": 0}",2751,2751,0,0,0,2112,2,14,67,0,74,"[1.0866, 0.2034, 0.1933, 0.7986, 0.6036, 0.1921, 0.7859, 0.5558, 0.3736, 0.3395, 0.3707, 1.1602, 0.6152, 0.1907, 0.6228, 0.3384, 0.3522, 0.4316, 0.3696, 0.3838, 0.2186, 0.1922, 0.2187, 0.1872, 0.4438, 0.1906, 0.8029, 0.1853, 0.1848, 0.3752, 0.207, 0.5005, 0.1791, 0.6139, 0.1866, 0.2015, 0.4963, 0.8875, 0.4311, 0.1884, 0.2036, 0.2155, 0.445, 0.4918, 0.1892, 2.0078, 0.2218, 0.7604, 0.2077, 0.361, 0.4256, 0.1903, 0.3048, 0.2937, 0.1873, 0.237, 0.5286, 0.2188, 0.194, 0.4312, 0.4042, 0.1954, 0.2038, 0.2108, 0.1835, 0.4712, 0.4345, 0.1782, 0.188, 0.1872, 0.2497, 0.1908, 0.2123, 0.1851]",0.2716948540000885,0.8325203057980611,2.007802542000718,0,30.505,5.0,
2025-08-18|lgbm_directo|curva_sel|4|10.0|base|60|todas|onsite,2025-08-18,lgbm_directo,curva_sel,4,10.0,base,60,todas,onsite,45942,2975,48917,4160,935,3225,14849,528,3291,688,0.2552349141010597,211,"{""devolucion_origen"": 67, ""entrega_sin_recogida"": 455, ""fisico"": 522, ""fuera_servicio"": 0, ""tope"": 0, ""visitas"": 0}",7458,7458,0,0,0,4162,2,14,67,0,74,"[1.5133, 0.475, 0.337, 0.3548, 0.2119, 0.2679, 0.6008, 0.3182, 0.2905, 0.3609, 0.2858, 0.5855, 0.4539, 0.4652, 0.2079, 0.4995, 0.1727, 0.2085, 0.2049, 0.176, 0.1772, 0.2074, 0.1833, 0.2113, 0.195, 0.4173, 0.1875, 0.9086, 0.437, 1.0922, 0.481, 0.5954, 0.3554, 0.5456, 0.3611, 0.3471, 0.5025, 0.8062, 0.4872, 0.7324, 0.4967, 0.4395, 0.6896, 0.3804, 0.5071, 0.3076, 0.3283, 0.7013, 0.3694, 0.7773, 0.6251, 0.4794, 0.4036, 0.2986, 0.6647, 0.7383, 0.2123, 0.2148, 0.2137, 0.209, 0.1844, 0.3421, 0.1836, 0.2058, 0.1819, 0.1804, 0.1984, 0.197, 0.1959, 0.2027, 0.1903, 0.1874, 0.2287, 0.183]",0.339553062500272,0.7874204726002061,1.513313500003278,0,31.44,67.0,
2025-08-23|lgbm_directo|curva_sel|4|10.0|base|60|todas|onsite,2025-08-23,lgbm_directo,curva_sel,4,10.0,base,60,todas,onsite,20010,695,20705,2295,363,1932,5948,227,807,34,0.2209718032881088,61,"{""devolucion_origen"": 2, ""entrega_sin_recogida"": 57, ""fisico"": 59, ""fuera_servicio"": 0, ""tope"": 0, ""visitas"": 0}",2975,2975,0,0,0,2305,10,14,67,0,74,"[1.0876, 0.222, 0.5737, 0.4196, 0.401, 0.6792, 0.4027, 0.4411, 0.3797, 0.3967, 0.8425, 0.1844, 0.4687, 0.5888, 5.3309, 0.3404, 0.1889, 0.1857, 0.2228, 1.4097, 0.2055, 0.2042, 0.2108, 0.2039, 0.189, 0.2185, 0.189, 0.6921, 0.3845, 0.4094, 0.1902, 1.2332, 0.6061, 0.1844, 0.209, 0.3755, 0.2057, 1.3669, 0.1886, 0.2221, 0.4104, 0.1885, 0.1935, 0.1968, 0.186, 0.1863, 0.4155, 0.1927, 0.4309, 0.5039, 0.1892, 0.3729, 2.2811, 0.221, 0.2815, 0.192, 0.7702, 0.2224, 0.3025, 0.2094, 0.2278, 0.2099, 0.1927, 0.214, 0.2069, 0.2003, 0.5907, 0.1945, 0.2871, 0.2427, 0.1752, 0.1713, 0.1779, 0.9537]",0.222596749999866,1.2800411498012174,5.330932916000165,0,36.393,2.0,
2025-08-26|lgbm_directo|curva_sel|4|10.0|base|60|todas|onsite,2025-08-26,lgbm_directo,curva_sel,4,10.0,base,60,todas,onsite,46774,4352,51126,4225,1031,3194,15531,523,4247,1262,0.2374919315037137,381,"{""devolucion_origen"": 103, ""entrega_sin_recogida"": 365, ""fisico"": 468, ""fuera_servicio"": 0, ""tope"": 0, ""visitas"": 0}",7817,7817,0,0,0,4227,2,14,67,0,74,"[1.4077, 0.5291, 0.5367, 0.45, 0.2944, 0.3792, 0.3331, 0.3564, 0.173, 0.3918, 0.4962, 0.1721, 0.1709, 0.1698, 0.1724, 0.2013, 0.1666, 0.1782, 0.1702, 0.209, 0.1962, 0.1915, 0.207, 0.2415, 0.2067, 0.2074, 0.2254, 0.2211, 0.2387, 0.3973, 0.7913, 0.3666, 0.4872, 0.394, 0.7697, 0.4986, 0.4277, 0.4381, 0.2073, 0.5473, 0.3274, 0.4583, 0.3025, 0.3245, 0.3604, 0.2799, 0.4749, 0.1831, 0.5227, 0.5586, 0.5011, 0.2983, 0.3294, 0.5598, 0.3822, 0.1881, 0.1868, 0.1802, 0.2134, 0.1812, 0.1868, 0.1798, 0.1976, 0.1827, 0.185, 0.2137, 0.1824, 0.1759, 0.191, 0.1943, 0.1866, 0.1906, 0.1874, 0.1803]",0.2232299170009355,0.5590158295015499,1.4076528330006113,0,26.103,103.0,
2025-08-27|lgbm_directo|curva_sel|4|10.0|base|60|todas|onsite,2025-08-27,lgbm_directo,curva_sel,4,10.0,base,60,todas,onsite,49344,4593,53937,4146,1000,3146,15385,485,4301,1175,0.2331197420002366,290,"{""devolucion_origen"": 47, ""entrega_sin_recogida"": 310, ""fisico"": 357, ""fuera_servicio"": 0, ""tope"": 0, ""visitas"": 0}",7716,7716,0,0,0,4152,6,14,67,0,74,"[1.57, 0.4222, 0.4099, 0.3994, 0.3522, 0.2764, 0.4105, 0.4183, 0.3256, 0.4428, 0.2458, 0.4927, 0.2511, 0.1711, 0.2762, 0.1735, 0.1803, 0.1724, 0.2086, 0.1949, 0.1856, 0.1769, 0.1798, 0.207, 0.1818, 0.1833, 0.2043, 0.1901, 0.1863, 0.6821, 0.1893, 0.1901, 0.3418, 0.8636, 0.3369, 0.7714, 0.9099, 0.8428, 0.6323, 0.4626, 0.6769, 0.5337, 0.4212, 0.6514, 0.4243, 0.3561, 0.6624, 0.3868, 0.3133, 0.4768, 0.6826, 0.1804, 0.4238, 0.5924, 0.342, 0.312, 0.4144, 0.4173, 0.1816, 0.2039, 0.1823, 0.1882, 0.2013, 0.1836, 0.1867, 0.3774, 0.179, 0.1755, 0.1763, 0.1931, 0.1812, 0.1706, 0.221, 0.1729]",0.2942217294985312,0.7964122834493533,1.5700396659995022,0,29.157,47.0,
2025-08-28|lgbm_directo|curva_sel|4|10.0|base|60|todas|onsite,2025-08-28,lgbm_directo,curva_sel,4,10.0,base,60,todas,onsite,45334,3980,49314,4054,963,3091,14868,508,3546,912,0.251829126706758,269,"{""devolucion_origen"": 60, ""entrega_sin_recogida"": 330, ""fisico"": 390, ""fuera_servicio"": 0, ""tope"": 0, ""visitas"": 0}",7464,7464,0,0,0,4054,0,14,67,0,74,"[1.2542, 0.6055, 0.3654, 0.295, 0.3537, 0.2614, 0.4149, 0.1792, 0.2911, 0.2965, 0.2475, 0.3607, 0.3156, 0.1976, 0.2018, 0.359, 0.1796, 0.2142, 0.1946, 0.177, 0.213, 0.2125, 0.2043, 0.1789, 0.1914, 0.6504, 0.4918, 0.2153, 0.3546, 0.3658, 0.3715, 0.2204, 0.3576, 0.6183, 0.3761, 0.2017, 0.2147, 0.3213, 0.4163, 0.4657, 0.3032, 0.4965, 0.5613, 0.3351, 0.3188, 0.2355, 0.2678, 0.3081, 0.6319, 0.3603, 0.3346, 0.8789, 0.6343, 0.3197, 0.5448, 0.3478, 0.2247, 0.2171, 0.1801, 0.2132, 0.2068, 0.223, 0.1978, 0.1905, 0.2078, 0.185, 0.1926, 0.1968, 0.1949, 0.173, 0.184, 0.1807, 0.1773, 0.1819]",0.2645856039998762,0.6327400391512128,1.254187250000541,0,26.223,60.0,
2025-08-31|lgbm_directo|curva_sel|4|10.0|base|60|todas|onsite,2025-08-31,lgbm_directo,curva_sel,4,10.0,base,60,todas,onsite,32120,1037,33157,2690,436,2254,7109,344,2106,90,0.2192459785636907,86,"{""devolucion_origen"": 31, ""entrega_sin_recogida"": 155, ""fisico"": 186, ""fuera_servicio"": 0, ""tope"": 0, ""visitas"": 0}",3570,3570,0,0,0,2696,6,14,67,0,74,"[1.0701, 0.497, 0.215, 0.653, 0.4505, 0.3963, 0.5235, 1.5192, 1.3416, 0.5923, 0.6015, 0.732, 0.718, 0.7687, 0.7424, 0.3569, 0.8185, 0.2209, 0.2033, 0.6683, 0.4141, 0.2136, 0.227, 0.2108, 0.1862, 0.2221, 0.7588, 0.1832, 0.2176, 0.7398, 0.4925, 0.1906, 0.1915, 0.2034, 0.1843, 0.3715, 0.5851, 0.4049, 1.1124, 0.19, 0.1905, 0.4936, 0.1865, 0.4852, 0.4943, 0.5018, 0.3136, 0.2268, 0.7274, 0.2072, 0.5934, 0.2021, 0.1929, 0.4044, 0.2265, 0.2116, 0.2149, 0.2125, 0.2234, 0.5708, 0.4568, 0.3974, 0.3807, 0.409, 0.3283, 0.3461, 0.2009, 0.1916, 0.4768, 0.3086, 0.1839, 0.1807, 0.1836, 0.1828]",0.3642071869999199,0.9065579396019516,1.5191793330013752,0,33.539,31.0,
2025-08-01|lgbm_directo|curva_sel|4|15.0|base|60|todas|onsite,2025-08-01,lgbm_directo,curva_sel,4,15.0,base,60,todas,onsite,23137,3049,26186,3296,799,2497,12158,582,1437,328,0.1795101666747672,116,"{""devolucion_origen"": 100, ""entrega_sin_recogida"": 340, ""fisico"": 440, ""fuera_servicio"": 0, ""tope"": 0, ""visitas"": 0}",6129,6129,0,0,0,3298,2,14,67,0,74,"[1.2309, 0.2191, 0.1865, 0.3147, 0.3187, 0.2004, 0.224, 0.1926, 0.2014, 0.1926, 0.2193, 0.1893, 0.1829, 0.1815, 0.2007, 0.2143, 0.2021, 0.1896, 0.9041, 0.2074, 0.1914, 0.2069, 0.2104, 0.1966, 0.2344, 0.2063, 0.4563, 0.4191, 0.3719, 0.6138, 0.2188, 0.1917, 0.4929, 0.3355, 0.4063, 0.6466, 0.3658, 0.3846, 0.2163, 0.6532, 0.4761, 0.472, 0.1898, 0.222, 0.3286, 0.3075, 0.3488, 0.4189, 0.9288, 0.6886, 0.3432, 0.7428, 0.4303, 0.4277, 0.2005, 0.2135, 0.2087, 0.1974, 0.2223, 0.1917, 0.2209, 0.2395, 0.2077, 0.2223, 0.1946, 0.1945, 0.1884, 0.1793, 0.2141, 0.186, 0.1886, 0.1967, 0.183, 0.2096]",0.2175397085011354,0.70760332499849,1.2308521250015474,0,25.564,100.0,
2025-08-04|lgbm_directo|curva_sel|4|15.0|base|60|todas|onsite,2025-08-04,lgbm_directo,curva_sel,4,15.0,base,60,todas,onsite,37828,3302,41130,3866,952,2914,14622,556,3081,848,0.2080323371757974,264,"{""devolucion_origen"": 88, ""entrega_sin_recogida"": 236, ""fisico"": 324, ""fuera_servicio"": 0, ""tope"": 0, ""visitas"": 0}",7355,7355,0,0,0,3866,0,14,67,0,74,"[1.4601, 0.48, 0.3548, 0.3812, 0.5445, 0.5716, 0.6585, 0.3939, 0.4077, 0.1921, 0.3656, 0.5409, 0.1797, 0.2147, 0.1782, 0.1777, 0.2116, 0.1817, 0.2092, 0.1806, 0.1928, 0.1833, 0.2174, 0.2229, 0.1902, 0.4418, 0.2189, 0.1856, 0.2003, 0.2223, 0.2131, 0.2197, 0.1916, 0.5709, 0.3738, 0.2227, 0.1984, 0.4902, 0.405, 0.8464, 0.1887, 0.1947, 0.5744, 0.5925, 0.4155, 0.3119, 0.7034, 0.577, 0.3723, 0.2886, 0.3129, 0.5854, 0.5359, 0.3086, 0.4286, 0.2146, 0.186, 0.217, 0.2062, 0.2164, 0.2068, 0.3375, 0.1873, 0.2052, 0.2008, 0.2034, 0.202, 0.191, 0.1788, 0.18, 0.1851, 0.1874, 0.182, 0.1767]",0.2172017704997415,0.6156206056999505,1.4601332909987832,0,26.516,88.0,
2025-08-06|lgbm_directo|curva_sel|4|15.0|base|60|todas|onsite,2025-08-06,lgbm_directo,curva_sel,4,15.0,base,60,todas,onsite,48066,3069,51135,4139,943,3196,15553,559,3870,790,0.2220273768223098,193,"{""devolucion_origen"": 91, ""entrega_sin_recogida"": 486, ""fisico"": 577, ""fuera_servicio"": 0, ""tope"": 0, ""visitas"": 0}",7822,7822,0,0,0,4139,0,14,67,0,74,"[1.6174, 0.5435, 0.7149, 0.529, 0.2706, 0.2454, 0.2004, 0.356, 0.2925, 0.2788, 0.3682, 0.4707, 0.3434, 0.2055, 0.1675, 0.1731, 0.1793, 0.2058, 0.2145, 0.2164, 0.1825, 0.1976, 0.1876, 0.1824, 0.1877, 0.2195, 0.3571, 0.2213, 0.3946, 1.297, 0.3351, 0.5105, 0.5716, 0.1854, 0.9748, 0.5708, 0.421, 0.7282, 0.523, 0.4022, 0.4501, 0.7263, 0.4845, 0.1837, 0.4061, 0.6029, 0.5236, 0.2017, 0.5838, 0.2126, 0.2944, 0.5117, 0.2906, 0.5359, 0.3313, 0.3019, 0.5178, 0.1833, 0.2077, 0.2216, 0.2009, 0.1835, 0.2166, 0.2101, 0.1938, 0.202, 0.1999, 0.211, 0.2025, 0.1921, 0.1799, 0.1838, 0.1712, 0.1709]",0.2579975624994404,0.7269677100997797,1.617361582997546,0,29.134,91.0,
2025-08-08|lgbm_directo|curva_sel|4|15.0|base|60|todas|onsite,2025-08-08,lgbm_directo,curva_sel,4,15.0,base,60,todas,onsite,34463,3177,37640,3627,854,2773,13095,528,2498,488,0.2005296264488923,321,"{""devolucion_origen"": 75, ""entrega_sin_recogida"": 438, ""fisico"": 513, ""fuera_servicio"": 0, ""tope"": 0, ""visitas"": 0}",6585,6585,0,0,0,3629,2,14,67,0,74,"[1.4043, 0.337, 0.4402, 0.5645, 0.6161, 0.2993, 0.351, 0.4157, 0.2808, 0.1828, 0.1802, 0.4094, 0.1807, 0.1972, 0.2348, 0.2165, 0.2122, 0.2229, 0.1849, 0.1874, 0.2119, 0.1931, 0.1929, 0.2119, 0.2223, 0.1982, 0.1858, 0.3997, 0.2123, 0.189, 0.2125, 0.4922, 1.0739, 0.6905, 0.5245, 0.3286, 0.3403, 0.4914, 0.547, 0.5434, 0.4823, 0.3436, 0.8204, 0.5651, 0.4667, 0.4289, 0.382, 0.3826, 0.328, 0.1842, 0.9358, 0.3196, 0.2052, 0.3502, 0.3762, 0.8889, 0.3576, 0.21, 0.2173, 0.2096, 0.1911, 0.1876, 0.1836, 0.1855, 0.1819, 0.1774, 0.1876, 0.1967, 0.1926, 0.1796, 0.1778, 0.184, 0.1907, 0.2197]",0.222580020499663,0.8443836562490101,1.4043330000022252,0,28.069,75.0,
2025-08-09|lgbm_directo|curva_sel|4|15.0|base|60|todas|onsite,2025-08-09,lgbm_directo,curva_sel,4,15.0,base,60,todas,onsite,15464,1026,16490,1774,290,1484,4932,247,626,32,0.2141668663895446,106,"{""devolucion_origen"": 0, ""entrega_sin_recogida"": 8, ""fisico"": 8, ""fuera_servicio"": 0, ""tope"": 0, ""visitas"": 0}",2466,2466,0,0,0,1774,0,14,67,0,74,"[1.1266, 0.1883, 0.5226, 0.6351, 0.2317, 0.2374, 0.9928, 0.5134, 0.1979, 0.2089, 0.3335, 0.7052, 0.7557, 0.3633, 0.6466, 0.6774, 0.5226, 0.2279, 0.2154, 0.2206, 0.2198, 0.2237, 0.2124, 0.3992, 1.9467, 0.2211, 0.1925, 0.2167, 0.193, 0.2253, 0.2207, 0.2116, 0.2162, 0.2156, 0.2254, 0.5771, 0.2208, 0.4502, 0.7191, 0.5272, 0.488, 0.1889, 0.418, 0.1927, 0.1936, 0.221, 0.2167, 0.2235, 0.234, 0.2096, 0.2249, 0.2328, 0.3479, 0.1896, 0.3606, 0.1959, 0.1879, 0.2033, 0.2, 0.2075, 0.2023, 0.1928, 0.1892, 0.2167, 0.1912, 0.2078, 0.1898, 0.4639, 0.1965, 0.4548, 0.2058, 0.1887, 0.817, 0.9632]",0.2210541244985506,0.8682136545994572,1.9467335420013112,0,28.848,0.0,
2025-08-11|lgbm_directo|curva_sel|4|15.0|base|60|todas|onsite,2025-08-11,lgbm_directo,curva_sel,4,15.0,base,60,todas,onsite,37459,3110,40569,3833,954,2879,14551,646,3007,727,0.2243377044031229,168,"{""devolucion_origen"": 49, ""entrega_sin_recogida"": 371, ""fisico"": 420, ""fuera_servicio"": 0, ""tope"": 0, ""visitas"": 0}",7300,7300,0,0,0,3839,6,14,67,0,74,"[1.4196, 0.3109, 0.2733, 0.3097, 0.5744, 0.3924, 0.344, 0.3262, 0.3027, 0.282, 0.3675, 0.3064, 0.2845, 0.2037, 0.5013, 0.1733, 0.1779, 0.1974, 0.2024, 0.1999, 0.1847, 0.1816, 0.2248, 0.1858, 0.1894, 0.1896, 0.1924, 0.4038, 0.8014, 0.2193, 1.1132, 0.378, 0.6706, 0.6825, 0.3925, 0.5749, 0.6535, 0.359, 0.3677, 0.6381, 0.4549, 0.3537, 0.3639, 0.5066, 0.5618, 0.5261, 0.2846, 0.4058, 0.5784, 0.2917, 0.6089, 0.4572, 0.8439, 0.7845, 0.416, 0.1856, 0.207, 0.1853, 0.2151, 0.2077, 0.2102, 0.3985, 0.1831, 0.2181, 0.1863, 0.2036, 0.1851, 0.1781, 0.1829, 0.1921, 0.1955, 0.182, 0.1838, 0.1725]",0.2971991039976274,0.790382219300045,1.419618708001508,0,29.388,49.0,
2025-08-12|lgbm_directo|curva_sel|4|15.0|base|60|todas|onsite,2025-08-12,lgbm_directo,curva_sel,4,15.0,base,60,todas,onsite,53611,4401,58012,4235,983,3252,16130,571,4311,1019,0.2162460289438687,255,"{""devolucion_origen"": 74, ""entrega_sin_recogida"": 399, ""fisico"": 473, ""fuera_servicio"": 0, ""tope"": 0, ""visitas"": 0}",8102,8102,0,0,0,4239,4,14,67,0,74,"[1.3421, 0.1818, 0.3776, 0.4472, 0.4008, 0.3773, 0.36, 0.3884, 0.3326, 0.337, 0.2124, 0.3365, 0.1696, 0.2981, 0.171, 0.184, 0.1895, 0.1851, 0.1742, 0.1753, 0.1814, 0.2148, 0.2185, 0.1998, 0.2104, 0.6703, 0.8592, 0.4309, 0.4974, 0.5215, 0.5134, 0.6005, 0.3869, 0.4204, 0.3458, 0.4626, 0.4431, 0.3653, 0.3371, 0.4891, 0.3915, 0.34, 0.3937, 0.3747, 0.5502, 0.3636, 0.289, 0.5407, 0.3284, 0.8067, 0.576, 0.6802, 0.7168, 0.4158, 0.6332, 0.3692, 0.1868, 0.1877, 0.1985, 0.1911, 0.2144, 0.222, 0.2179, 0.3693, 0.1941, 0.1979, 0.1873, 0.1975, 0.1826, 0.1795, 0.1736, 0.1739, 0.2125, 0.2097]",0.3370110209998529,0.6929960271010712,1.3421146660002703,0,28.901,74.0,
2025-08-13|lgbm_directo|curva_sel|4|15.0|base|60|todas|onsite,2025-08-13,lgbm_directo,curva_sel,4,15.0,base,60,todas,onsite,39368,4150,43518,3711,859,2852,13719,557,2856,651,0.2553564853908451,189,"{""devolucion_origen"": 161, ""entrega_sin_recogida"": 477, ""fisico"": 638, ""fuera_servicio"": 0, ""tope"": 0, ""visitas"": 0}",6940,6940,0,0,0,3713,2,14,67,0,74,"[1.3891, 0.1996, 0.448, 0.2973, 0.437, 0.4219, 0.1746, 0.5407, 0.3926, 0.2602, 0.1899, 0.3692, 0.5876, 0.1792, 0.172, 0.1948, 0.2184, 0.195, 0.2183, 0.1932, 0.187, 0.2146, 0.1852, 0.6657, 1.112, 0.6615, 0.1988, 0.3528, 0.3808, 0.5652, 0.2047, 0.4826, 0.3765, 0.7343, 0.6492, 0.4729, 0.7082, 0.4579, 0.5282, 0.3977, 0.5073, 0.7558, 0.5004, 0.4675, 0.1914, 0.3661, 0.3475, 0.2809, 0.3384, 0.2097, 0.3161, 0.3293, 0.351, 0.9154, 0.6329, 0.3871, 0.1907, 0.1941, 0.2108, 0.187, 0.2081, 1.9256, 0.1848, 0.2055, 0.1885, 0.2105, 0.1859, 0.683, 0.2029, 0.1996, 0.1778, 0.1873, 0.1803, 0.1703]",0.3227371664997918,0.8116446876989348,1.925604708998435,0,31.46,161.0,
2025-08-16|lgbm_directo|curva_sel|4|15.0|base|60|todas|onsite,2025-08-16,lgbm_directo,curva_sel,4,15.0,base,60,todas,onsite,23796,1020,24816,2082,298,1784,5586,206,1042,36,0.2152744070823357,66,"{""devolucion_origen"": 10, ""entrega_sin_recogida"": 24, ""fisico"": 34, ""fuera_servicio"": 0, ""tope"": 0, ""visitas"": 0}",2798,2798,0,0,0,2084,2,14,67,1,74,"[1.0919, 0.2069, 0.1975, 0.5409, 0.2042, 0.1894, 0.3992, 0.1933, 0.573, 0.3557, 0.2158, 0.8673, 0.6211, 0.19, 10.0057, 0.5214, 0.3756, 0.4713, 1.186, 0.6448, 0.1906, 0.189, 0.1854, 0.2129, 0.2072, 0.2015, 0.7063, 0.2021, 0.1865, 0.3747, 0.2213, 0.669, 0.2104, 0.1893, 0.2152, 0.4609, 0.4296, 0.1933, 0.6184, 0.194, 0.188, 0.2074, 1.1333, 0.2189, 0.1891, 0.6728, 0.2161, 0.4807, 0.5891, 0.433, 0.6596, 0.1908, 0.7436, 0.6722, 0.2167, 0.8973, 0.2267, 0.2056, 0.195, 0.684, 0.1999, 0.1866, 0.2079, 0.1933, 0.2152, 5.9909, 0.3878, 0.1933, 0.2082, 0.1826, 0.1888, 0.1972, 0.1766, 0.1708]",0.2154953959998238,1.1063874108504022,10.005712083999242,0,44.91,10.0,
2025-08-18|lgbm_directo|curva_sel|4|15.0|base|60|todas|onsite,2025-08-18,lgbm_directo,curva_sel,4,15.0,base,60,todas,onsite,46565,3371,49936,4097,951,3146,14695,528,3309,787,0.2521007170072809,209,"{""devolucion_origen"": 71, ""entrega_sin_recogida"": 424, ""fisico"": 495, ""fuera_servicio"": 0, ""tope"": 0, ""visitas"": 0}",7383,7383,0,0,0,4097,0,14,67,0,74,"[1.4524, 0.4308, 0.3831, 0.5694, 0.2618, 0.4189, 0.2781, 0.3057, 0.2778, 0.3159, 0.2586, 0.2758, 0.3255, 0.1893, 0.1748, 0.3019, 0.177, 0.184, 0.1862, 0.1863, 0.1855, 0.1891, 0.1812, 0.1962, 0.1858, 0.4005, 0.2133, 0.369, 0.2137, 0.7912, 0.6101, 0.4991, 0.3868, 0.4472, 0.6446, 0.3609, 0.6377, 0.9391, 0.5522, 0.5928, 0.5013, 0.2972, 0.1843, 0.3922, 0.5339, 0.4551, 0.4266, 0.4853, 0.319, 0.8092, 0.325, 0.5925, 0.5066, 0.1932, 0.5336, 0.4438, 0.188, 0.1881, 0.1855, 0.1912, 0.1887, 0.2304, 0.2, 0.2169, 0.1828, 0.185, 0.1963, 0.2097, 0.2122, 0.1796, 0.1759, 0.1921, 0.2071, 0.194]",0.2779540414994699,0.695914839249962,1.4524090419981803,0,28.415,71.0,
2025-08-23|lgbm_directo|curva_sel|4|15.0|base|60|todas|onsite,2025-08-23,lgbm_directo,curva_sel,4,15.0,base,60,todas,onsite,20694,741,21435,2205,340,1865,5944,234,871,35,0.2144532008684582,69,"{""devolucion_origen"": 2, ""entrega_sin_recogida"": 35, ""fisico"": 37, ""fuera_servicio"": 0, ""tope"": 0, ""visitas"": 0}",2973,2973,0,0,0,2209,4,14,67,0,74,"[1.1104, 0.2117, 0.7788, 0.4986, 0.5842, 0.4048, 3.0764, 0.3525, 0.5416, 2.2675, 1.3929, 1.6289, 0.9915, 0.3992, 2.7484, 0.4088, 0.3697, 0.3728, 0.3555, 2.7369, 0.1906, 0.19, 0.217, 0.2164, 0.2121, 0.3671, 0.4634, 0.5172, 0.1977, 0.5513, 0.1914, 0.476, 0.871, 0.2231, 0.1911, 0.3806, 0.1958, 0.4169, 0.1852, 0.6479, 0.1891, 0.189, 0.1881, 0.1924, 0.2792, 0.1972, 0.5958, 0.1968, 0.191, 0.2174, 0.4199, 0.3614, 0.4092, 0.2243, 0.4518, 0.1978, 0.4213, 0.1869, 0.2061, 0.1997, 0.2182, 0.2045, 0.2036, 0.2097, 0.2014, 0.1841, 0.1861, 0.1803, 0.2844, 0.232, 0.1841, 0.1718, 0.1712, 0.1762]",0.2281577915000525,1.8523804393502323,3.0763832919983543,0,38.51,2.0,
2025-08-26|lgbm_directo|curva_sel|4|15.0|base|60|todas|onsite,2025-08-26,lgbm_directo,curva_sel,4,15.0,base,60,todas,onsite,46754,4466,51220,4115,1023,3092,15466,535,4219,1318,0.238116396003725,368,"{""devolucion_origen"": 92, ""entrega_sin_recogida"": 353, ""fisico"": 445, ""fuera_servicio"": 0, ""tope"": 0, ""visitas"": 0}",7779,7779,0,0,0,4121,6,14,67,0,74,"[1.446, 0.3906, 0.357, 0.575, 0.6174, 0.5328, 0.6673, 0.4256, 0.1796, 0.2556, 0.3313, 0.2991, 0.1724, 0.1724, 0.1779, 0.1746, 0.1665, 0.1766, 0.1734, 0.178, 0.2106, 0.1849, 0.2098, 0.1835, 0.25, 0.1879, 0.3781, 0.1881, 0.1945, 0.1834, 0.1915, 0.3385, 0.7567, 0.3437, 0.4131, 0.5629, 0.3494, 0.5218, 0.6345, 0.1923, 0.5862, 0.5047, 0.2191, 0.2779, 0.1826, 0.4524, 0.2873, 0.6049, 0.2719, 0.4939, 0.7546, 0.3672, 0.3033, 0.5318, 0.5804, 0.222, 0.1865, 0.1838, 0.1817, 0.1877, 0.2587, 0.1838, 0.1885, 0.1884, 0.205, 0.2039, 0.1859, 0.2027, 0.1993, 0.1984, 0.1927, 0.1836, 0.1848, 0.1698]",0.2148372084993752,0.6460100266504012,1.4460314579991973,0,26.539,92.0,
2025-08-27|lgbm_directo|curva_sel|4|15.0|base|60|todas|onsite,2025-08-27,lgbm_directo,curva_sel,4,15.0,base,60,todas,onsite,49327,4789,54116,4099,999,3100,15526,491,4346,1226,0.2331992378528394,286,"{""devolucion_origen"": 38, ""entrega_sin_recogida"": 303, ""fisico"": 341, ""fuera_servicio"": 0, ""tope"": 0, ""visitas"": 0}",7782,7782,0,0,0,4103,4,14,67,0,74,"[1.5449, 0.4933, 0.3416, 0.3502, 0.373, 0.4308, 0.2761, 0.4213, 0.6249, 0.4907, 0.5014, 0.5113, 0.1773, 0.1785, 0.1781, 0.1763, 0.1999, 0.1772, 0.2066, 0.1781, 0.1778, 0.2124, 0.1937, 0.2222, 0.2232, 0.2017, 0.1838, 0.1897, 0.2181, 0.5479, 0.1996, 0.2129, 0.6451, 0.8216, 0.7673, 0.6749, 0.5726, 0.7466, 0.5441, 0.6714, 0.7202, 0.5815, 0.1849, 0.8007, 0.5088, 0.396, 0.4329, 0.3806, 0.4244, 0.4114, 0.1759, 0.6813, 0.31, 0.3966, 0.7116, 0.4782, 0.4173, 0.5143, 0.206, 0.2142, 0.1839, 0.2128, 0.1851, 0.2176, 0.2172, 0.1829, 0.1808, 0.1785, 0.1784, 0.1864, 0.1812, 0.1828, 0.1732, 0.2038]",0.2496403330005705,0.753847747698819,1.5448624580021717,0,30.118,38.0,
2025-08-28|lgbm_directo|curva_sel|4|15.0|base|60|todas|onsite,2025-08-28,lgbm_directo,curva_sel,4,15.0,base,60,todas,onsite,45584,4060,49644,4013,943,3070,14830,518,3603,960,0.2494160633568322,276,"{""devolucion_origen"": 50, ""entrega_sin_recogida"": 360, ""fisico"": 410, ""fuera_servicio"": 0, ""tope"": 0, ""visitas"": 0}",7440,7440,0,0,0,4013,0,14,67,0,74,"[1.2564, 0.5003, 0.5345, 0.3989, 0.4339, 0.4864, 0.2206, 0.2684, 0.2459, 0.3435, 0.2717, 0.3589, 0.405, 0.2067, 0.165, 0.5186, 0.1745, 0.2155, 0.1817, 0.1946, 0.2183, 0.2105, 0.2051, 0.2188, 0.2194, 0.382, 0.4423, 0.2223, 0.6576, 0.5174, 0.1972, 0.7539, 0.3222, 0.3855, 0.7174, 0.7051, 0.4615, 0.4974, 0.3794, 0.5931, 0.4033, 0.3468, 0.7821, 0.192, 0.7075, 0.2843, 0.2859, 0.2029, 0.6172, 0.3423, 0.3292, 0.5283, 0.3566, 0.7032, 0.59, 0.3601, 0.1895, 0.227, 0.3701, 0.2103, 0.221, 0.2205, 0.3973, 0.1967, 0.2211, 0.213, 0.2093, 0.2, 0.1941, 0.192, 0.18, 0.1807, 0.1803, 0.1704]",0.3040424584978609,0.7109814436505985,1.2563825830002315,0,29.163,50.0,
2025-08-31|lgbm_directo|curva_sel|4|15.0|base|60|todas|onsite,2025-08-31,lgbm_directo,curva_sel,4,15.0,base,60,todas,onsite,30779,1094,31873,2550,421,2129,7023,337,1944,69,0.2137761390524576,85,"{""devolucion_origen"": 25, ""entrega_sin_recogida"": 150, ""fisico"": 175, ""fuera_servicio"": 0, ""tope"": 0, ""visitas"": 0}",3524,3524,0,0,0,2562,12,14,67,0,74,"[1.0798, 0.4149, 0.2183, 0.6761, 0.4447, 0.7185, 0.9622, 0.2297, 0.5883, 0.4455, 0.8964, 0.186, 0.8593, 0.963, 0.6405, 0.465, 0.6765, 0.1885, 0.2147, 0.3497, 0.2223, 0.187, 0.1923, 0.2503, 0.2105, 0.3999, 0.1872, 0.2111, 0.5376, 0.4295, 0.3752, 0.1898, 0.1841, 0.4243, 0.2195, 0.1897, 0.574, 0.5232, 0.4266, 0.3968, 0.1829, 0.1892, 0.2307, 0.4149, 1.4968, 0.4365, 0.3306, 0.5112, 0.4091, 0.1928, 0.2933, 0.2227, 0.1851, 0.19, 0.1919, 0.4719, 0.9752, 0.186, 0.2204, 0.1872, 0.5203, 0.5791, 0.1945, 1.5598, 0.4331, 0.2079, 0.2002, 0.1929, 0.1756, 0.1858, 0.1958, 0.1858, 0.1843, 0.1731]",0.2717963329996564,0.9672489601984124,1.5598285839987511,0,32.057,25.0,
2025-08-01|lgbm_directo|curva_sel|4|20.0|base|60|todas|onsite,2025-08-01,lgbm_directo,curva_sel,4,20.0,base,60,todas,onsite,22843,3132,25975,3173,762,2411,11939,562,1426,350,0.1797344169130524,100,"{""devolucion_origen"": 95, ""entrega_sin_recogida"": 305, ""fisico"": 400, ""fuera_servicio"": 0, ""tope"": 0, ""visitas"": 0}",6017,6017,0,0,0,3175,2,14,67,0,74,"[1.2197, 0.2128, 0.208, 0.3756, 0.3784, 0.2159, 0.302, 0.2757, 0.2096, 0.2022, 0.2093, 0.1905, 0.1807, 0.1917, 0.1845, 0.2098, 0.2031, 0.2236, 0.487, 0.3796, 0.1876, 0.218, 0.1949, 0.187, 0.2164, 0.1908, 0.5549, 0.2256, 0.6318, 0.5573, 0.5637, 0.5046, 0.8899, 0.4911, 0.3578, 0.5031, 0.1887, 0.5047, 0.3092, 0.645, 0.8043, 0.5457, 0.3579, 0.3549, 0.3879, 0.3529, 0.7161, 0.657, 0.3414, 1.3965, 0.3462, 0.6861, 0.3802, 0.3605, 0.1989, 0.2196, 0.2042, 0.3572, 0.2232, 0.213, 0.1868, 0.2189, 0.2066, 0.1851, 0.1878, 0.2103, 0.1851, 0.1921, 0.2015, 0.1764, 0.7971, 0.1995, 0.2025, 0.2359]",0.2246037080021778,0.799643083450428,1.3965332080006192,0,28.844,95.0,
2025-08-04|lgbm_directo|curva_sel|4|20.0|base|60|todas|onsite,2025-08-04,lgbm_directo,curva_sel,4,20.0,base,60,todas,onsite,37961,3267,41228,3732,926,2806,14466,554,3081,916,0.2172098967398336,262,"{""devolucion_origen"": 78, ""entrega_sin_recogida"": 255, ""fisico"": 333, ""fuera_servicio"": 0, ""tope"": 0, ""visitas"": 0}",7272,7272,0,0,0,3732,0,14,67,0,74,"[1.5537, 0.4529, 0.6002, 0.4495, 0.3375, 0.4478, 0.5715, 0.3339, 0.2588, 0.5915, 0.2662, 0.4474, 0.176, 0.1731, 0.2073, 0.1746, 0.1778, 0.2139, 0.2004, 0.1796, 0.1953, 0.1834, 0.1864, 0.1919, 0.223, 0.2006, 0.2007, 0.1844, 0.1906, 0.1981, 0.1872, 0.1983, 0.186, 0.5386, 0.1864, 0.3642, 0.4363, 0.337, 0.6428, 0.3839, 0.3084, 0.4696, 0.6328, 0.3497, 0.3239, 0.3528, 0.6886, 0.5625, 0.3641, 0.5536, 0.4197, 0.1878, 0.4661, 0.3306, 0.3768, 0.3172, 0.1826, 0.1887, 0.2055, 0.1843, 0.1842, 0.2015, 0.179, 0.1895, 0.1996, 0.18, 0.1807, 0.1819, 0.1774, 0.1782, 0.1863, 0.1895, 0.1772, 0.2073]",0.206425707998278,0.6115817500991396,1.5536974579990783,0,25.776,78.0,
2025-08-06|lgbm_directo|curva_sel|4|20.0|base|60|todas|onsite,2025-08-06,lgbm_directo,curva_sel,4,20.0,base,60,todas,onsite,48534,2941,51475,4082,970,3112,15490,557,3888,817,0.223221179655015,188,"{""devolucion_origen"": 86, ""entrega_sin_recogida"": 483, ""fisico"": 569, ""fuera_servicio"": 0, ""tope"": 0, ""visitas"": 0}",7788,7788,0,0,0,4086,4,14,67,0,74,"[1.6988, 0.3377, 0.5589, 0.4648, 0.5881, 0.3484, 0.4068, 0.5134, 0.2333, 0.3467, 0.5439, 0.3893, 0.6302, 0.398, 0.1719, 0.1877, 0.1955, 0.1726, 0.1778, 0.1814, 0.1826, 0.1871, 0.2171, 0.204, 0.2278, 0.1861, 0.3887, 0.6038, 0.4898, 0.5128, 0.5141, 0.4163, 0.6471, 0.6159, 0.3364, 0.9685, 0.4968, 0.1995, 0.8157, 0.3048, 0.3597, 0.4411, 0.8492, 0.2226, 0.6723, 0.2933, 0.4924, 0.3775, 0.4877, 0.5319, 0.4685, 0.2925, 0.3929, 0.314, 0.5355, 0.1804, 0.4896, 0.1851, 0.1973, 0.3325, 0.2157, 0.1869, 0.1812, 0.184, 0.4983, 0.1817, 0.2012, 0.3356, 0.2005, 0.1827, 0.1769, 0.1812, 0.1824, 0.2073]",0.3370511875000375,0.7225329767512441,1.6987832500017248,0,30.754,86.0,
2025-08-08|lgbm_directo|curva_sel|4|20.0|base|60|todas|onsite,2025-08-08,lgbm_directo,curva_sel,4,20.0,base,60,todas,onsite,34052,3328,37380,3509,833,2676,13124,543,2455,532,0.2010403571349104,327,"{""devolucion_origen"": 72, ""entrega_sin_recogida"": 412, ""fisico"": 484, ""fuera_servicio"": 0, ""tope"": 0, ""visitas"": 0}",6598,6598,0,0,0,3509,0,14,67,0,74,"[1.4647, 0.5571, 0.3331, 0.7381, 0.3258, 0.1893, 0.363, 0.3003, 0.2934, 0.2101, 0.2059, 0.4214, 0.2046, 0.199, 0.1903, 0.2045, 0.2147, 0.1807, 0.2028, 0.1822, 0.1834, 0.1892, 0.2193, 0.1819, 0.1878, 0.2164, 0.1932, 0.3992, 0.5883, 0.1857, 0.4692, 0.3953, 0.851, 0.5128, 0.2116, 0.5378, 0.3378, 0.1888, 0.591, 0.6854, 0.3457, 0.7322, 0.3191, 0.4151, 0.3939, 0.3155, 0.3497, 0.5284, 0.2975, 0.2808, 0.534, 0.3445, 0.3144, 0.3506, 0.1829, 0.6925, 0.3845, 0.3542, 0.1853, 0.21, 0.2011, 0.2198, 0.3739, 0.2053, 0.2031, 0.192, 0.1894, 0.3507, 0.1778, 0.1853, 0.1949, 0.1891, 0.1787, 0.2302]",0.2870928749998711,0.7063671045012595,1.4646872500015888,0,27.301,72.0,
2025-08-09|lgbm_directo|curva_sel|4|20.0|base|60|todas|onsite,2025-08-09,lgbm_directo,curva_sel,4,20.0,base,60,todas,onsite,15901,930,16831,1712,292,1420,4858,246,613,30,0.2171578432355612,108,"{""devolucion_origen"": 0, ""entrega_sin_recogida"": 16, ""fisico"": 16, ""fuera_servicio"": 0, ""tope"": 0, ""visitas"": 0}",2429,2429,0,0,0,1712,0,14,67,0,74,"[1.0928, 0.3657, 0.2148, 0.682, 0.4362, 0.2325, 0.3783, 0.3735, 0.4605, 0.3652, 0.935, 0.3375, 0.6125, 0.1883, 0.7212, 0.2222, 1.0604, 0.3824, 0.5684, 0.6553, 0.1875, 0.7433, 0.1908, 1.2997, 0.2231, 0.2116, 0.2119, 0.2296, 0.2172, 0.2216, 0.2099, 0.2217, 0.2142, 0.2211, 0.2254, 0.4838, 0.1847, 0.185, 0.3998, 0.8268, 0.6287, 0.1966, 0.4187, 0.2191, 0.8221, 0.2178, 0.228, 0.203, 0.2023, 0.2196, 0.2315, 0.3867, 0.858, 0.2182, 0.3333, 0.2104, 0.2026, 0.2323, 0.2381, 0.2175, 0.6644, 0.195, 0.2201, 0.2183, 0.2113, 0.2136, 0.2165, 0.2112, 0.2831, 0.1801, 0.193, 0.2353, 0.8116, 0.2071]",0.2267037085002812,0.8849761357492748,1.299745874999644,0,29.786,0.0,
2025-08-11|lgbm_directo|curva_sel|4|20.0|base|60|todas|onsite,2025-08-11,lgbm_directo,curva_sel,4,20.0,base,60,todas,onsite,37112,2910,40022,3762,944,2818,14515,646,2992,741,0.2238209620286077,170,"{""devolucion_origen"": 45, ""entrega_sin_recogida"": 390, ""fisico"": 435, ""fuera_servicio"": 0, ""tope"": 0, ""visitas"": 0}",7280,7280,0,0,0,3768,6,14,67,0,74,"[1.4184, 0.2924, 0.288, 0.3138, 0.412, 0.4442, 0.3542, 0.4219, 0.3713, 0.2789, 0.2696, 0.308, 0.3863, 0.1929, 0.1962, 0.172, 0.1854, 0.2175, 0.1872, 0.223, 0.1994, 0.1863, 0.2153, 0.1877, 0.2159, 0.1834, 0.1947, 0.1923, 0.2329, 0.2161, 0.9934, 0.3712, 0.4383, 0.5344, 0.5102, 0.2277, 0.3277, 0.3375, 0.3923, 0.3519, 0.4117, 0.3233, 0.6415, 0.5519, 0.5661, 0.3151, 0.6146, 0.7972, 0.5082, 0.2837, 0.3301, 0.4453, 0.3809, 0.3545, 0.5793, 0.2213, 0.1882, 0.2181, 0.1877, 0.1927, 0.189, 0.1876, 0.2172, 0.1823, 0.2139, 0.1845, 0.1784, 0.1794, 0.1808, 0.1778, 0.1758, 0.1785, 0.1893, 0.2142]",0.2512554170007206,0.6240297377022215,1.418365540997911,0,26.481,45.0,
2025-08-12|lgbm_directo|curva_sel|4|20.0|base|60|todas|onsite,2025-08-12,lgbm_directo,curva_sel,4,20.0,base,60,todas,onsite,54251,4600,58851,4196,975,3221,15913,571,4401,1039,0.2212898112233712,240,"{""devolucion_origen"": 65, ""entrega_sin_recogida"": 393, ""fisico"": 458, ""fuera_servicio"": 0, ""tope"": 0, ""visitas"": 0}",7989,7989,0,0,0,4200,4,14,67,0,74,"[1.3712, 0.2131, 0.3315, 0.55, 0.5294, 0.4071, 0.6111, 0.4078, 0.3071, 0.2423, 0.2965, 0.6421, 0.3675, 0.3364, 0.1791, 0.2074, 0.175, 0.2042, 0.1929, 0.1747, 0.2124, 0.1907, 0.2214, 0.1867, 0.2187, 0.3743, 0.804, 0.1946, 0.5633, 0.5776, 0.4385, 0.5936, 0.5157, 0.7084, 0.8194, 0.3491, 0.3302, 0.5312, 0.6022, 0.6785, 0.6614, 0.5114, 0.8165, 0.7462, 0.4228, 0.6726, 0.4518, 0.1758, 0.2709, 0.6303, 0.6599, 0.7339, 0.7204, 0.5027, 0.1864, 0.4829, 0.3205, 0.3529, 0.2007, 0.1978, 0.1829, 0.3767, 0.1804, 0.186, 0.2365, 0.1813, 0.2091, 0.1992, 0.1798, 0.3264, 0.178, 0.1765, 0.1826, 0.2295]",0.3339282295000885,0.7664035751986372,1.371231416000228,0,32.044,65.0,
2025-08-13|lgbm_directo|curva_sel|4|20.0|base|60|todas|onsite,2025-08-13,lgbm_directo,curva_sel,4,20.0,base,60,todas,onsite,39746,4294,44040,3668,860,2808,13719,557,2891,649,0.2569609495560431,184,"{""devolucion_origen"": 171, ""entrega_sin_recogida"": 488, ""fisico"": 659, ""fuera_servicio"": 0, ""tope"": 0, ""visitas"": 0}",6945,6945,0,0,0,3672,4,14,67,0,74,"[1.3943, 0.213, 0.4326, 0.3937, 0.6036, 0.4709, 0.3372, 0.3533, 0.2493, 0.3343, 0.2661, 0.1969, 0.3445, 0.3576, 0.1703, 0.1781, 0.1709, 0.1794, 0.1997, 0.1972, 0.2029, 0.1853, 0.1963, 0.1846, 0.6463, 0.2111, 0.3629, 0.3871, 0.3725, 0.3427, 0.2191, 0.1998, 0.4033, 0.5882, 1.0171, 0.4327, 0.1839, 0.517, 0.3368, 0.5982, 0.4619, 0.4961, 0.3756, 0.4001, 0.3915, 0.3544, 0.1838, 0.3, 0.3233, 0.2114, 0.3724, 0.3339, 0.3182, 0.4258, 0.3403, 0.3688, 0.1861, 0.1938, 0.2146, 0.1908, 0.2033, 0.3872, 0.2175, 0.1892, 0.2087, 0.2044, 0.1865, 0.8931, 0.1901, 0.3701, 0.1899, 0.1864, 0.3667, 0.2171]",0.328625791500599,0.6185095683000325,1.3942770829999065,0,27.356,171.0,
2025-08-16|lgbm_directo|curva_sel|4|20.0|base|60|todas|onsite,2025-08-16,lgbm_directo,curva_sel,4,20.0,base,60,todas,onsite,23758,1065,24823,1987,302,1685,5445,211,1012,39,0.2188228215480359,64,"{""devolucion_origen"": 7, ""entrega_sin_recogida"": 21, ""fisico"": 28, ""fuera_servicio"": 0, ""tope"": 0, ""visitas"": 0}",2726,2726,0,0,0,1989,2,14,67,0,74,"[1.0928, 0.2222, 0.2885, 1.6183, 0.1971, 0.1882, 0.503, 0.4405, 0.757, 0.3671, 0.3868, 0.9562, 1.1522, 0.4615, 0.6368, 0.3922, 0.8965, 1.2934, 1.3282, 0.4168, 0.1861, 0.2117, 0.2412, 0.1946, 0.2086, 0.1937, 0.5749, 0.2172, 0.2218, 0.397, 0.1918, 0.8588, 0.182, 0.1979, 0.2205, 0.181, 1.0777, 0.4325, 0.5481, 0.2196, 0.2136, 0.193, 0.1935, 0.4626, 0.6704, 0.4268, 0.2091, 0.3344, 0.1937, 0.5592, 0.5364, 0.1908, 1.0004, 0.3087, 0.1938, 0.2139, 0.1926, 0.2156, 0.921, 0.584, 0.3207, 0.2161, 0.2174, 0.2151, 0.1873, 0.4558, 0.524, 0.3521, 0.193, 0.1857, 0.1775, 0.1823, 0.1838, 0.1741]",0.2648577500003739,1.1135555164513786,1.618255790999683,0,33.836,7.0,
2025-08-18|lgbm_directo|curva_sel|4|20.0|base|60|todas|onsite,2025-08-18,lgbm_directo,curva_sel,4,20.0,base,60,todas,onsite,46864,3239,50103,4020,918,3102,14617,534,3359,733,0.2524474538148862,208,"{""devolucion_origen"": 75, ""entrega_sin_recogida"": 428, ""fisico"": 503, ""fuera_servicio"": 0, ""tope"": 0, ""visitas"": 0}",7346,7346,0,0,0,4020,0,14,67,0,74,"[1.4718, 0.4345, 0.3251, 0.2923, 0.1846, 0.475, 0.5864, 0.3763, 0.2919, 0.2512, 0.4925, 0.4332, 0.3209, 0.1867, 0.1834, 0.3148, 0.1718, 0.2081, 0.2066, 0.1802, 0.1966, 0.2159, 0.2017, 0.1867, 0.1851, 0.3816, 0.1891, 0.386, 0.5185, 0.6438, 0.4815, 0.6703, 0.6097, 0.5848, 0.7466, 0.536, 0.5929, 0.3865, 0.5095, 0.4673, 0.3527, 0.5319, 0.3678, 0.7045, 0.6991, 0.4772, 0.2044, 0.7711, 0.4696, 0.5068, 0.5544, 0.4416, 0.1939, 0.1872, 0.4277, 0.7048, 0.35, 0.2113, 0.1905, 0.1816, 0.1932, 0.2164, 0.1851, 0.1795, 0.1873, 0.2071, 0.2023, 0.1984, 0.1848, 0.1798, 0.1765, 0.1825, 0.1771, 0.2134]",0.3178730204999738,0.704595883550428,1.4718397079996066,0,29.62,75.0,
2025-08-23|lgbm_directo|curva_sel|4|20.0|base|60|todas|onsite,2025-08-23,lgbm_directo,curva_sel,4,20.0,base,60,todas,onsite,21260,771,22031,2122,329,1793,5845,221,861,44,0.2148367494989124,63,"{""devolucion_origen"": 1, ""entrega_sin_recogida"": 47, ""fisico"": 48, ""fuera_servicio"": 0, ""tope"": 0, ""visitas"": 0}",2923,2923,0,0,0,2126,4,14,67,0,74,"[1.0995, 0.2184, 0.6337, 0.4552, 0.3893, 0.4983, 0.6302, 0.357, 0.8774, 0.3344, 0.5626, 1.0155, 0.4096, 0.8102, 0.3553, 0.6118, 0.4722, 0.3744, 0.1935, 0.2263, 0.2089, 0.2301, 0.2029, 0.2097, 0.2233, 0.3882, 0.1902, 0.5216, 0.4641, 0.362, 0.2185, 0.4048, 0.4158, 0.1945, 0.2205, 0.5777, 0.3663, 0.9196, 0.2018, 0.4555, 0.9982, 0.3774, 0.1872, 0.1859, 0.2171, 0.5902, 0.198, 0.6378, 0.4439, 0.1916, 0.5083, 0.5126, 0.9978, 0.2948, 0.6331, 0.6174, 0.4034, 0.1966, 0.1852, 0.1919, 0.198, 0.1863, 0.2105, 0.1882, 0.2214, 0.1877, 0.2106, 0.1856, 0.6751, 0.2736, 0.1755, 0.4939, 0.1897, 0.1685]",0.3595217920010327,0.9469911397000028,1.0995092500015744,0,31.672,1.0,
2025-08-26|lgbm_directo|curva_sel|4|20.0|base|60|todas|onsite,2025-08-26,lgbm_directo,curva_sel,4,20.0,base,60,todas,onsite,46637,4432,51069,4036,1024,3012,15379,549,4249,1328,0.2388275674602316,380,"{""devolucion_origen"": 105, ""entrega_sin_recogida"": 345, ""fisico"": 450, ""fuera_servicio"": 0, ""tope"": 0, ""visitas"": 0}",7742,7742,0,0,0,4042,6,14,67,0,74,"[1.4292, 0.2968, 0.5133, 0.4192, 0.1966, 0.2628, 0.1907, 0.4811, 0.3873, 0.4215, 0.1899, 0.2701, 0.2001, 0.1747, 0.1721, 0.1762, 0.1714, 0.1694, 0.1708, 0.2128, 0.2157, 0.2133, 0.1808, 0.2222, 0.1815, 0.2054, 0.1846, 0.225, 0.3395, 0.2256, 0.9312, 0.2218, 0.6175, 0.7341, 0.4097, 0.55, 0.5086, 0.4205, 0.5891, 0.4058, 0.5256, 0.4359, 0.6072, 0.2934, 0.2771, 0.3154, 0.2727, 0.4418, 0.5817, 0.4382, 0.5687, 0.6979, 0.4912, 0.5889, 0.3506, 0.1836, 0.1919, 0.5273, 0.2006, 0.1979, 0.1923, 0.1894, 0.1878, 0.1828, 0.1825, 0.1899, 0.2136, 0.1958, 0.1778, 0.1826, 0.1915, 0.1841, 0.1815, 0.2113]",0.2236014789996261,0.6456653856484986,1.4292084579974471,0,27.405,105.0,
2025-08-27|lgbm_directo|curva_sel|4|20.0|base|60|todas|onsite,2025-08-27,lgbm_directo,curva_sel,4,20.0,base,60,todas,onsite,49908,4746,54654,3985,966,3019,15299,509,4379,1246,0.2380407270764376,313,"{""devolucion_origen"": 51, ""entrega_sin_recogida"": 304, ""fisico"": 355, ""fuera_servicio"": 0, ""tope"": 0, ""visitas"": 0}",7675,7675,0,0,0,3987,2,14,67,0,74,"[1.5889, 0.4974, 0.5568, 0.3529, 0.5425, 0.2743, 0.6765, 0.3661, 0.3283, 0.2031, 0.2634, 0.2636, 0.2064, 0.1718, 0.3054, 0.2024, 0.1698, 0.2017, 0.2115, 0.1782, 0.1901, 0.213, 0.2125, 0.2182, 0.2007, 0.2259, 0.2176, 0.2158, 0.1925, 0.3887, 0.2234, 0.5987, 0.351, 0.6085, 0.5677, 0.445, 0.5462, 0.616, 0.37, 0.413, 0.6388, 0.1903, 0.3184, 0.5234, 0.3276, 0.4071, 0.4822, 0.3133, 0.2693, 0.5391, 0.4078, 0.4675, 0.5731, 0.531, 0.4807, 0.3146, 0.3118, 0.4409, 0.189, 0.1766, 0.1842, 0.198, 0.2131, 0.1843, 0.185, 0.1817, 0.1772, 0.1954, 0.183, 0.191, 0.1959, 0.1778, 0.176, 0.2184]",0.2664576460010721,0.6111459334511892,1.588868625000032,0,27.683,51.0,
2025-08-28|lgbm_directo|curva_sel|4|20.0|base|60|todas|onsite,2025-08-28,lgbm_directo,curva_sel,4,20.0,base,60,todas,onsite,46156,4067,50223,3947,944,3003,14762,503,3649,997,0.2555428756236273,266,"{""devolucion_origen"": 54, ""entrega_sin_recogida"": 336, ""fisico"": 390, ""fuera_servicio"": 0, ""tope"": 0, ""visitas"": 0}",7408,7408,0,0,0,3947,0,14,67,0,74,"[1.2489, 0.6464, 0.4688, 0.2652, 0.2843, 0.4567, 0.4783, 0.2738, 0.2262, 0.4179, 0.3132, 0.3171, 0.1714, 0.2006, 0.1807, 0.1788, 0.2043, 0.1824, 0.2037, 0.1765, 0.1815, 0.2056, 0.1804, 0.2126, 0.2137, 0.1945, 0.519, 0.1989, 0.6203, 0.1889, 0.4547, 0.4396, 0.3697, 0.8083, 0.1801, 0.6963, 0.5497, 0.451, 0.3808, 0.3561, 0.3234, 0.3096, 0.455, 0.2917, 0.475, 0.3875, 0.4461, 0.5454, 0.3809, 0.513, 0.5806, 0.349, 0.6097, 0.3248, 0.3914, 0.367, 0.207, 0.3616, 0.3808, 0.1962, 0.2301, 0.2008, 0.2015, 0.1871, 0.3572, 0.1802, 0.2063, 0.1878, 0.1763, 0.1804, 0.1807, 0.1759, 0.187, 0.2307]",0.3006414584997401,0.6294156516478323,1.2488799999991895,0,27.483,54.0,
2025-08-31|lgbm_directo|curva_sel|4|20.0|base|60|todas|onsite,2025-08-31,lgbm_directo,curva_sel,4,20.0,base,60,todas,onsite,32536,1063,33599,2458,398,2060,6944,347,2028,82,0.2191907640130878,82,"{""devolucion_origen"": 22, ""entrega_sin_recogida"": 132, ""fisico"": 154, ""fuera_servicio"": 0, ""tope"": 0, ""visitas"": 0}",3483,3483,0,0,0,2464,6,14,67,0,74,"[1.0803, 0.4396, 0.223, 0.6334, 0.1915, 0.4628, 0.2159, 0.6336, 0.2214, 0.7178, 0.4054, 0.9092, 0.4078, 0.8534, 0.7207, 0.5372, 0.3557, 0.2203, 0.2169, 0.2201, 0.3484, 0.1862, 0.2163, 0.2122, 0.2163, 0.2409, 0.1954, 0.2152, 0.6571, 0.594, 0.4247, 0.229, 0.1883, 0.2268, 0.2249, 0.4072, 1.2373, 1.9098, 0.204, 0.4294, 0.2247, 0.4034, 0.1969, 0.702, 0.2211, 0.4627, 0.4718, 0.238, 0.5415, 0.3063, 0.6101, 0.2229, 0.2282, 0.3305, 0.2051, 0.3529, 0.2989, 0.2223, 0.3569, 0.3868, 0.4905, 0.4002, 0.3871, 0.335, 0.5395, 0.2197, 0.3571, 0.1922, 0.2033, 0.3053, 0.1803, 0.1865, 0.3131, 0.2216]",0.3217525415002455,0.8729092000017769,1.9098192090023076,0,31.601,22.0,
2025-08-01|lgbm_directo|curva_sel|4|30.0|base|60|todas|onsite,2025-08-01,lgbm_directo,curva_sel,4,30.0,base,60,todas,onsite,23508,3368,26876,2893,724,2169,11588,611,1460,396,0.1798389815696835,130,"{""devolucion_origen"": 94, ""entrega_sin_recogida"": 275, ""fisico"": 369, ""fuera_servicio"": 0, ""tope"": 0, ""visitas"": 0}",5841,5841,0,0,0,2893,0,14,67,0,74,"[1.2526, 0.1903, 0.2265, 0.2693, 0.3581, 0.1837, 0.2949, 0.2816, 0.2384, 0.2163, 0.1787, 0.1849, 0.2042, 0.2083, 0.1849, 0.1966, 0.2056, 0.2162, 0.2075, 0.2043, 0.2055, 0.1845, 0.4512, 0.2056, 0.221, 0.231, 0.9022, 0.4055, 0.4027, 0.7966, 0.5162, 0.5828, 0.5118, 0.6198, 0.5705, 0.5718, 0.5167, 0.7399, 0.4701, 0.6366, 0.2006, 0.4271, 0.3886, 0.3776, 0.2252, 0.2067, 0.5008, 0.2268, 0.6155, 0.7203, 0.3489, 0.6045, 0.3422, 0.331, 0.3458, 0.1867, 0.2276, 0.3715, 0.212, 0.1849, 0.2125, 0.2182, 0.188, 0.219, 0.188, 0.2082, 0.2136, 0.2022, 1.0923, 0.2234, 0.5725, 0.1851, 0.19, 0.2308]",0.2292208335002215,0.7597442646994748,1.252624000000651,0,28.685,94.0,
2025-08-04|lgbm_directo|curva_sel|4|30.0|base|60|todas|onsite,2025-08-04,lgbm_directo,curva_sel,4,30.0,base,60,todas,onsite,37668,3138,40806,3520,883,2637,14040,504,3134,872,0.2186378524669493,250,"{""devolucion_origen"": 44, ""entrega_sin_recogida"": 233, ""fisico"": 277, ""fuera_servicio"": 0, ""tope"": 0, ""visitas"": 0}",7042,7042,0,0,0,3522,2,14,67,0,74,"[1.498, 0.4266, 0.3954, 0.3285, 0.5359, 0.6415, 0.4037, 0.3282, 0.2131, 0.4526, 0.3607, 0.6241, 0.1727, 0.1699, 0.1786, 0.1776, 0.1786, 0.176, 0.182, 0.1809, 0.1843, 0.1899, 0.1865, 0.1827, 0.2202, 0.4425, 0.1934, 0.2233, 0.23, 0.4003, 0.2252, 0.1898, 0.1883, 0.4089, 0.3628, 0.4634, 0.6297, 0.4429, 0.3898, 0.3243, 0.1845, 0.4175, 0.4942, 0.2594, 0.688, 0.5629, 0.1871, 0.206, 0.3646, 0.3779, 0.1821, 0.643, 0.6095, 0.4959, 0.7844, 0.1775, 0.221, 0.216, 0.1811, 0.2116, 0.2212, 0.2155, 0.1817, 0.1921, 0.1857, 0.1798, 0.1976, 0.1855, 0.1889, 0.1806, 0.1817, 0.1765, 0.1686, 0.2249]",0.2206165834995772,0.6419925646991033,1.4979788749988074,0,26.276,44.0,
2025-08-06|lgbm_directo|curva_sel|4|30.0|base|60|todas|onsite,2025-08-06,lgbm_directo,curva_sel,4,30.0,base,60,todas,onsite,49478,3123,52601,3916,940,2976,15137,512,4065,855,0.2286806177123011,192,"{""devolucion_origen"": 69, ""entrega_sin_recogida"": 475, ""fisico"": 544, ""fuera_servicio"": 0, ""tope"": 0, ""visitas"": 0}",7603,7603,0,0,0,3916,0,14,67,0,74,"[1.6115, 0.5702, 0.5205, 0.3898, 0.4274, 0.3313, 0.2516, 0.2724, 0.4856, 0.4686, 0.3139, 0.3104, 0.5017, 0.1784, 0.2011, 0.1769, 0.2066, 0.1769, 0.1906, 0.1832, 0.191, 0.2154, 0.1836, 0.2175, 0.2175, 0.2166, 0.5876, 0.3684, 0.3982, 0.6932, 0.4949, 0.5942, 0.4577, 0.4687, 0.3202, 0.6768, 0.6289, 0.7708, 0.457, 0.3632, 0.3688, 0.3263, 0.2871, 0.4715, 0.6157, 0.3987, 0.4589, 0.4829, 0.3408, 0.2914, 0.609, 0.4037, 0.5848, 0.7521, 0.3649, 0.3378, 0.3585, 0.3503, 0.1916, 0.3582, 0.1887, 0.2056, 0.1875, 0.1962, 0.1892, 0.2066, 0.1834, 0.1903, 0.1803, 0.1722, 0.1773, 0.1965, 0.3403, 0.2191]",0.3390535415001068,0.6825859106500501,1.611485959001584,0,29.936,69.0,
2025-08-08|lgbm_directo|curva_sel|4|30.0|base|60|todas|onsite,2025-08-08,lgbm_directo,curva_sel,4,30.0,base,60,todas,onsite,35130,3370,38500,3273,786,2487,12800,553,2625,542,0.2008538139468851,337,"{""devolucion_origen"": 62, ""entrega_sin_recogida"": 394, ""fisico"": 456, ""fuera_servicio"": 0, ""tope"": 0, ""visitas"": 0}",6431,6431,0,0,0,3273,0,14,67,0,74,"[1.4633, 0.6148, 0.6878, 0.4481, 0.3221, 0.1848, 0.4263, 0.3297, 0.3132, 0.1811, 0.2799, 0.5051, 0.1976, 0.2208, 0.1887, 0.1795, 0.1796, 0.1816, 0.2104, 0.1812, 0.1864, 0.2229, 0.2199, 0.1892, 0.2018, 0.1826, 0.216, 0.5152, 0.1865, 0.2135, 0.1927, 0.7475, 0.537, 0.4272, 0.1922, 0.3938, 0.6361, 0.3113, 0.5316, 0.3456, 0.5101, 0.6656, 0.2974, 0.2195, 0.7689, 0.2803, 0.4354, 0.6533, 0.2922, 0.5354, 0.2194, 0.3237, 0.3627, 0.345, 0.2198, 0.4315, 0.1919, 0.3361, 0.3494, 0.3821, 0.2211, 0.2213, 0.3863, 0.2118, 0.2214, 0.201, 0.1788, 0.4078, 0.1884, 0.2017, 0.1961, 0.1885, 0.3246, 0.2439]",0.2801274374996865,0.6733493086483575,1.4633263340001577,0,27.59,62.0,
2025-08-09|lgbm_directo|curva_sel|4|30.0|base|60|todas|onsite,2025-08-09,lgbm_directo,curva_sel,4,30.0,base,60,todas,onsite,16687,947,17634,1598,279,1319,4730,244,673,32,0.2166836001755132,114,"{""devolucion_origen"": 0, ""entrega_sin_recogida"": 20, ""fisico"": 20, ""fuera_servicio"": 0, ""tope"": 0, ""visitas"": 0}",2365,2365,0,0,0,1598,0,14,67,0,74,"[1.104, 0.3606, 0.2759, 0.3739, 0.3859, 0.218, 0.1988, 0.4704, 0.3808, 0.3509, 0.3287, 0.3642, 0.5122, 0.3541, 0.6065, 0.373, 0.2255, 0.1926, 0.4795, 0.4144, 0.2189, 0.1868, 0.1906, 0.7163, 5.9285, 0.1849, 0.2171, 0.1947, 0.2151, 0.1857, 0.189, 0.2146, 0.1859, 0.2238, 0.1933, 0.2219, 0.1922, 0.4277, 0.4216, 1.2293, 0.7004, 0.4491, 0.4237, 0.1965, 0.5607, 1.0638, 0.1904, 0.1879, 0.1896, 0.2179, 0.297, 0.2256, 0.3832, 0.1916, 0.2, 0.1876, 0.2234, 0.2154, 0.2007, 0.216, 0.1972, 0.2202, 0.192, 0.2157, 0.1909, 0.2072, 0.2021, 0.1879, 0.2104, 0.1807, 0.2821, 0.1956, 0.1839, 0.2043]",0.2179429994994279,0.8379404478002451,5.928528958000243,0,31.091,0.0,
2025-08-11|lgbm_directo|curva_sel|4|30.0|base|60|todas|onsite,2025-08-11,lgbm_directo,curva_sel,4,30.0,base,60,todas,onsite,38666,3128,41794,3612,917,2695,14189,646,3073,757,0.2216539700276673,174,"{""devolucion_origen"": 51, ""entrega_sin_recogida"": 372, ""fisico"": 423, ""fuera_servicio"": 0, ""tope"": 0, ""visitas"": 0}",7120,7120,0,0,0,3614,2,14,67,0,74,"[1.4118, 0.3053, 0.3037, 0.2785, 0.4315, 0.4451, 0.4551, 0.3919, 0.3852, 0.5007, 0.1806, 0.4493, 0.3131, 0.1857, 0.8323, 0.2155, 0.1824, 0.1939, 0.1925, 0.234, 0.1963, 0.2154, 0.1798, 0.208, 0.2061, 0.2207, 0.2262, 0.2053, 0.4355, 0.4014, 0.4526, 0.711, 0.4143, 0.4491, 0.3503, 0.7457, 0.2189, 0.4093, 0.6634, 0.4534, 0.1912, 0.3896, 0.3954, 0.3397, 0.3194, 0.3152, 0.3585, 0.7243, 0.6373, 0.655, 0.4127, 0.3839, 0.4068, 0.4593, 0.3919, 0.3283, 0.2217, 0.2268, 0.1883, 0.2043, 0.1851, 0.186, 0.1974, 0.1867, 0.1925, 0.1956, 0.1851, 0.179, 0.1945, 0.1818, 0.1954, 0.1772, 0.2845, 0.2227]",0.3044645834997936,0.7156316464986957,1.4118364169989943,0,27.943,51.0,
2025-08-12|lgbm_directo|curva_sel|4|30.0|base|60|todas|onsite,2025-08-12,lgbm_directo,curva_sel,4,30.0,base,60,todas,onsite,53464,4524,57988,3966,949,3017,15465,553,4357,1060,0.2259027608240928,240,"{""devolucion_origen"": 55, ""entrega_sin_recogida"": 407, ""fisico"": 462, ""fuera_servicio"": 0, ""tope"": 0, ""visitas"": 0}",7760,7760,0,0,0,3966,0,14,67,0,74,"[1.3593, 0.2205, 0.2578, 0.4275, 0.6542, 0.2943, 0.3355, 0.4447, 0.2498, 0.3077, 0.3227, 0.1747, 0.4718, 0.5487, 0.1728, 0.1762, 0.1754, 0.1986, 0.178, 0.2148, 0.1804, 0.2188, 0.2172, 0.2129, 0.1853, 0.218, 0.5459, 0.6837, 0.499, 0.9743, 0.4082, 0.6419, 0.4228, 0.4881, 0.3705, 0.46, 0.6399, 0.6328, 0.7432, 0.3667, 0.4917, 0.3097, 0.2975, 0.2865, 0.5356, 0.5553, 0.7761, 0.4285, 0.4585, 0.3038, 0.4601, 0.3191, 0.3978, 0.6218, 0.4767, 0.5205, 0.2188, 0.384, 0.1869, 0.2253, 0.2168, 0.218, 0.2111, 0.1961, 0.2106, 0.1801, 0.2027, 0.2025, 0.1901, 0.1837, 0.1786, 0.1724, 0.1676, 0.2402]",0.3057597084989538,0.7045298186476426,1.3592847079999046,0,29.714,55.0,
2025-08-13|lgbm_directo|curva_sel|4|30.0|base|60|todas|onsite,2025-08-13,lgbm_directo,curva_sel,4,30.0,base,60,todas,onsite,39306,3983,43289,3442,838,2604,13371,557,2799,650,0.2552679389924612,184,"{""devolucion_origen"": 131, ""entrega_sin_recogida"": 457, ""fisico"": 588, ""fuera_servicio"": 0, ""tope"": 0, ""visitas"": 0}",6751,6751,0,0,0,3444,2,14,67,0,74,"[1.4253, 0.1854, 0.3726, 0.2748, 0.6272, 0.2563, 0.4319, 0.2883, 0.204, 0.252, 0.4377, 0.1789, 0.2053, 0.1749, 0.4452, 0.2131, 0.1816, 0.1722, 0.1772, 0.2097, 0.2095, 0.183, 0.1807, 0.351, 0.6364, 0.2184, 0.3772, 0.8466, 0.3663, 0.3713, 0.2247, 0.2306, 0.5128, 0.3906, 0.6966, 0.7271, 0.3384, 0.5021, 0.39, 0.4541, 0.6415, 0.4698, 0.295, 0.3283, 0.3783, 0.3546, 0.3155, 0.5809, 0.3244, 0.2251, 0.3553, 0.3589, 0.2242, 0.5134, 1.2144, 0.5829, 0.221, 0.2012, 0.2286, 0.208, 0.1872, 0.3845, 0.2248, 0.211, 0.2163, 0.2026, 0.2261, 0.212, 0.1878, 0.194, 0.1928, 0.1829, 0.2309, 0.2308]",0.2655671249995066,0.707288514150059,1.4252869999982067,0,28.385,131.0,
2025-08-16|lgbm_directo|curva_sel|4|30.0|base|60|todas|onsite,2025-08-16,lgbm_directo,curva_sel,4,30.0,base,60,todas,onsite,23965,1000,24965,1822,269,1553,5246,205,999,39,0.2235900349559091,66,"{""devolucion_origen"": 0, ""entrega_sin_recogida"": 25, ""fisico"": 25, ""fuera_servicio"": 0, ""tope"": 0, ""visitas"": 0}",2623,2623,0,0,0,1822,0,14,58,0,74,"[1.0886, 0.222, 0.2785, 0.4172, 0.1847, 0.1873, 0.5236, 0.6813, 0.8444, 0.4883, 0.3512, 0.5441, 0.4197, 0.3863, 0.5683, 0.5733, 0.6581, 0.4291, 1.8439, 1.331, 0.1863, 0.1869, 0.1968, 0.2163, 0.2196, 0.2158, 0.5869, 0.1823, 0.184, 0.1897, 0.2134, 1.0398, 0.1941, 0.1906, 0.2093, 0.1979, 0.8293, 0.1957, 0.4558, 0.1884, 0.2116, 0.185, 0.3948, 0.4423, 0.1846, 0.5857, 0.2258, 0.867, 0.4556, 0.4662, 0.3949, 0.4698, 0.4318, 0.312, 0.2313, 0.8781, 0.286, 0.1996, 0.1912, 1.4737, 0.3315, 0.2009, 0.1894, 0.2221, 0.1865, 0.4002, 0.1922, 0.4373, 0.189, 0.1796, 0.1867, 0.1741, 0.1784, 0.1652]",0.2548955619986373,1.0568483896988252,1.843914749999385,0,32.248,0.0,
2025-08-18|lgbm_directo|curva_sel|4|30.0|base|60|todas|onsite,2025-08-18,lgbm_directo,curva_sel,4,30.0,base,60,todas,onsite,46750,2920,49670,3831,878,2953,14478,567,3408,719,0.25730648990267,216,"{""devolucion_origen"": 64, ""entrega_sin_recogida"": 394, ""fisico"": 458, ""fuera_servicio"": 0, ""tope"": 0, ""visitas"": 0}",7271,7271,0,0,0,3835,4,14,67,0,74,"[1.5045, 0.4532, 0.435, 0.3902, 0.3351, 0.3778, 0.2818, 0.3891, 0.1801, 0.292, 0.4392, 0.3567, 0.2794, 0.5183, 0.6631, 0.3128, 0.1721, 0.2066, 0.1772, 0.2096, 0.2214, 0.2171, 0.2099, 0.2159, 0.1913, 0.4081, 0.2083, 0.4435, 0.1875, 0.517, 0.3674, 0.5973, 0.7162, 0.4751, 0.196, 0.5377, 0.6387, 0.5767, 0.4615, 0.5057, 0.4262, 0.4948, 0.3393, 0.4043, 0.6383, 0.3527, 0.3132, 0.3971, 0.3231, 0.3369, 0.5073, 0.5817, 0.3601, 0.3198, 0.4693, 0.5232, 0.3191, 0.218, 0.1839, 0.1843, 0.1875, 0.2156, 0.2141, 0.1851, 0.1955, 0.1797, 0.1802, 0.1955, 0.1819, 0.1813, 0.1746, 0.1787, 0.187, 0.2106]",0.3214853954996215,0.6384183353995467,1.504464249999728,0,28.616,64.0,
2025-08-23|lgbm_directo|curva_sel|4|30.0|base|60|todas|onsite,2025-08-23,lgbm_directo,curva_sel,4,30.0,base,60,todas,onsite,22244,769,23013,1956,308,1648,5666,208,920,37,0.2211406553620565,64,"{""devolucion_origen"": 2, ""entrega_sin_recogida"": 44, ""fisico"": 46, ""fuera_servicio"": 0, ""tope"": 0, ""visitas"": 0}",2834,2834,0,0,0,1956,0,14,65,0,74,"[1.111, 0.1964, 0.4186, 0.4724, 0.2196, 0.496, 0.7451, 0.5831, 0.4847, 0.575, 0.6666, 0.2142, 0.7154, 0.9195, 0.2178, 0.9819, 0.5836, 0.3371, 0.217, 0.3345, 0.1783, 0.1883, 0.1914, 0.4029, 0.398, 0.1967, 0.2449, 0.6703, 0.4005, 2.56, 0.4012, 0.6211, 0.3988, 0.4007, 0.1877, 0.3567, 0.3855, 0.383, 0.1911, 0.5486, 0.4543, 0.4072, 0.3747, 0.1933, 0.2325, 0.1906, 0.4505, 0.2209, 0.227, 0.5579, 0.1904, 0.3042, 0.1961, 0.224, 0.1916, 0.4077, 0.5075, 0.3658, 0.7985, 2.2905, 0.1864, 0.1848, 0.1863, 0.3836, 0.1883, 0.3089, 0.3052, 0.2539, 0.1924, 0.1931, 0.1842, 1.1012, 0.2372, 0.176]",0.3612534790008794,1.02367915164832,2.5599652499986405,0,34.669,2.0,
2025-08-26|lgbm_directo|curva_sel|4|30.0|base|60|todas|onsite,2025-08-26,lgbm_directo,curva_sel,4,30.0,base,60,todas,onsite,47388,4417,51805,3819,968,2851,15107,608,4460,1320,0.2447828133919719,373,"{""devolucion_origen"": 71, ""entrega_sin_recogida"": 330, ""fisico"": 401, ""fuera_servicio"": 0, ""tope"": 0, ""visitas"": 0}",7589,7589,0,0,0,3825,6,14,67,0,74,"[1.4716, 0.2032, 0.5496, 0.3051, 0.191, 0.3677, 0.3906, 0.6701, 0.2065, 0.2592, 0.4798, 0.2591, 0.2141, 0.2029, 0.2079, 0.1973, 0.1969, 0.2098, 0.2004, 0.1804, 0.206, 0.1775, 0.212, 0.1862, 0.1849, 0.3843, 0.2005, 0.1888, 0.1989, 0.1879, 0.4037, 0.3749, 0.499, 0.7387, 0.4535, 0.6762, 0.4868, 0.3769, 0.3371, 0.4007, 0.5295, 0.1846, 0.3643, 0.4506, 0.2845, 0.3139, 0.5235, 0.5672, 0.3963, 0.8131, 0.3782, 0.3417, 0.5682, 0.3117, 0.4562, 0.214, 0.3743, 0.3924, 0.2217, 0.189, 0.2136, 0.2152, 0.1872, 0.2125, 0.1821, 0.1913, 0.1768, 0.1826, 0.1777, 0.1916, 0.1773, 0.1788, 0.3351, 0.2207]",0.2404060624994599,0.672238916450442,1.471647791997384,0,27.051,71.0,
2025-08-27|lgbm_directo|curva_sel|4|30.0|base|60|todas|onsite,2025-08-27,lgbm_directo,curva_sel,4,30.0,base,60,todas,onsite,49851,4877,54728,3796,954,2842,14815,485,4315,1258,0.2324500558785417,311,"{""devolucion_origen"": 51, ""entrega_sin_recogida"": 300, ""fisico"": 351, ""fuera_servicio"": 0, ""tope"": 0, ""visitas"": 0}",7433,7433,0,0,0,3798,2,14,67,0,74,"[1.5362, 0.6424, 0.4074, 0.4299, 0.3846, 0.6017, 0.3479, 0.5511, 0.4148, 0.2873, 0.3993, 0.2961, 0.362, 0.1878, 0.1977, 0.1801, 0.172, 0.2107, 0.2076, 0.1728, 0.1883, 0.1824, 0.1855, 0.1876, 0.1894, 0.198, 0.2215, 0.1847, 0.1913, 0.3927, 0.1854, 0.4795, 0.5146, 0.4712, 0.3234, 0.471, 0.1925, 0.3531, 0.3516, 0.618, 0.4331, 0.4295, 0.2987, 0.5133, 0.3241, 0.384, 0.4067, 0.2841, 0.3647, 0.554, 0.353, 0.3973, 0.4651, 0.3731, 0.6336, 0.3697, 0.3017, 0.2994, 0.2197, 0.1883, 0.1858, 0.1845, 0.1925, 0.189, 0.1858, 0.1783, 0.1778, 0.1986, 0.1777, 0.1852, 0.1986, 0.1738, 0.2399, 0.2225]",0.2974067915019986,0.6073767795003732,1.5362435420029217,0,26.859,51.0,
2025-08-28|lgbm_directo|curva_sel|4|30.0|base|60|todas|onsite,2025-08-28,lgbm_directo,curva_sel,4,30.0,base,60,todas,onsite,45762,3973,49735,3702,889,2813,14381,501,3677,995,0.2458936273998377,271,"{""devolucion_origen"": 55, ""entrega_sin_recogida"": 323, ""fisico"": 378, ""fuera_servicio"": 0, ""tope"": 0, ""visitas"": 0}",7218,7218,0,0,0,3704,2,14,67,0,74,"[1.263, 0.6152, 0.5498, 0.3499, 0.2772, 0.3077, 0.3483, 0.483, 0.361, 0.2555, 0.2785, 0.2723, 0.3432, 0.2128, 0.3757, 0.2953, 0.2067, 0.2149, 0.1988, 0.213, 0.2114, 0.3887, 0.1998, 0.2216, 0.1967, 0.1961, 0.375, 0.2197, 0.5365, 0.7652, 0.3753, 0.5778, 0.5341, 0.6293, 0.4508, 0.4618, 0.4224, 0.3399, 0.3292, 0.7005, 0.3758, 0.3141, 0.195, 0.5122, 0.5483, 0.4304, 0.3315, 0.2887, 0.3562, 0.642, 0.5146, 0.8659, 0.5869, 0.5368, 0.3571, 0.2253, 0.1879, 0.2275, 0.2009, 0.1881, 0.2214, 0.1923, 0.2081, 0.2186, 0.1885, 0.1823, 0.2092, 0.2118, 0.201, 0.178, 0.1819, 0.1873, 0.171, 0.2367]",0.30150337500163,0.6624322995508916,1.2630080000017188,0,28.75,55.0,
2025-08-31|lgbm_directo|curva_sel|4|30.0|base|60|todas|onsite,2025-08-31,lgbm_directo,curva_sel,4,30.0,base,60,todas,onsite,34008,1179,35187,2281,378,1903,6758,343,1997,86,0.2170757575533367,84,"{""devolucion_origen"": 16, ""entrega_sin_recogida"": 129, ""fisico"": 145, ""fuera_servicio"": 0, ""tope"": 0, ""visitas"": 0}",3387,3387,0,0,0,2289,8,14,67,0,74,"[1.0749, 0.1966, 0.22, 0.4455, 0.5035, 0.6697, 0.3734, 0.6555, 0.7574, 0.338, 0.4, 0.1816, 0.6535, 0.3815, 0.2135, 0.5147, 0.5624, 0.2068, 0.2336, 0.2291, 0.3931, 0.2203, 0.1855, 0.2158, 0.1756, 0.3436, 0.1816, 0.2096, 0.1791, 0.3792, 0.5677, 0.1918, 0.22, 0.4157, 0.1917, 0.7454, 5.6887, 0.652, 0.6133, 0.2207, 0.2197, 0.2023, 0.2191, 0.5264, 0.485, 0.4329, 0.4702, 0.7506, 0.333, 0.4771, 0.7138, 0.3149, 0.1901, 0.2239, 0.2189, 0.3242, 0.77, 0.1909, 0.305, 0.4985, 0.3115, 0.5223, 0.4294, 0.957, 0.4112, 0.2997, 0.2107, 0.7176, 0.213, 0.3773, 0.1793, 0.1892, 0.164, 0.2324]",0.3355435835001117,0.7618084858526344,5.688672874999611,0,35.99,16.0,
2025-08-01|lgbm_directo|curva_sel|4|45.0|base|60|todas|onsite,2025-08-01,lgbm_directo,curva_sel,4,45.0,base,60,todas,onsite,24187,3071,27258,2570,642,1928,11483,574,1582,383,0.1800619511762663,133,"{""devolucion_origen"": 65, ""entrega_sin_recogida"": 227, ""fisico"": 292, ""fuera_servicio"": 0, ""tope"": 0, ""visitas"": 0}",5774,5774,0,0,0,2572,2,14,67,0,74,"[1.2222, 0.1912, 0.2223, 0.3075, 0.3829, 0.3007, 0.2823, 0.2815, 0.2292, 0.4267, 0.2695, 0.2109, 0.1831, 0.2113, 0.1855, 0.2268, 0.2132, 0.204, 0.3639, 0.1883, 0.2154, 0.1852, 0.2129, 0.3944, 0.4078, 0.2329, 0.2252, 0.2173, 0.2266, 0.9559, 0.6815, 0.4286, 0.3892, 0.5329, 0.4087, 0.6804, 0.3529, 0.6113, 0.6162, 0.5438, 0.633, 0.4002, 0.3608, 0.434, 0.1941, 0.3531, 0.4439, 0.3639, 0.3582, 0.3924, 0.9381, 0.4593, 0.6488, 0.1847, 0.3856, 0.229, 0.2237, 1.0596, 0.1856, 0.1903, 0.1848, 0.1854, 0.2015, 0.2148, 0.1832, 0.2055, 0.1835, 0.1832, 0.1856, 0.1844, 0.4756, 0.1995, 0.2881, 0.2063]",0.2754708329994173,0.7713009312528797,1.222150875000807,0,28.388,65.0,
2025-08-04|lgbm_directo|curva_sel|4|45.0|base|60|todas|onsite,2025-08-04,lgbm_directo,curva_sel,4,45.0,base,60,todas,onsite,40013,3316,43329,3188,800,2388,13393,543,3589,960,0.2222791020512248,262,"{""devolucion_origen"": 31, ""entrega_sin_recogida"": 245, ""fisico"": 276, ""fuera_servicio"": 0, ""tope"": 0, ""visitas"": 0}",6712,6712,0,0,0,3188,0,14,67,0,74,"[1.5734, 0.1898, 0.3147, 0.3121, 0.2796, 0.5382, 0.2598, 0.2768, 0.3412, 0.4257, 0.3277, 0.43, 0.2088, 0.2039, 0.1705, 0.2044, 0.1796, 0.2039, 0.2102, 0.1819, 0.207, 0.1886, 0.3797, 0.192, 0.1827, 0.4013, 0.1845, 0.1901, 0.186, 0.3789, 0.1884, 0.2018, 0.219, 0.5731, 0.3351, 0.3741, 0.4626, 0.6981, 1.0601, 0.4562, 0.5956, 0.6292, 0.4588, 0.5031, 0.3115, 0.5947, 0.7017, 0.3705, 0.4079, 0.293, 0.3679, 0.4305, 0.7165, 0.354, 0.366, 0.3172, 0.1957, 0.4634, 0.1836, 0.2225, 0.1847, 0.219, 0.2108, 0.2241, 0.1876, 0.2103, 0.1839, 0.1825, 0.1737, 0.1735, 0.1752, 0.172, 0.1686, 0.2132]",0.2682907915004762,0.6993207397019432,1.5733754159991804,0,27.453,31.0,
2025-08-06|lgbm_directo|curva_sel|4|45.0|base|60|todas|onsite,2025-08-06,lgbm_directo,curva_sel,4,45.0,base,60,todas,onsite,50976,3447,54423,3564,855,2709,14645,479,4281,881,0.2282735649533509,188,"{""devolucion_origen"": 43, ""entrega_sin_recogida"": 449, ""fisico"": 492, ""fuera_servicio"": 0, ""tope"": 0, ""visitas"": 0}",7344,7344,0,0,0,3566,2,14,67,0,74,"[1.6681, 0.3701, 0.2809, 0.3762, 0.2747, 0.2525, 0.2722, 0.4893, 0.1705, 0.2832, 0.2695, 0.2745, 0.2796, 0.2057, 0.1702, 0.2054, 0.1708, 0.1932, 0.2131, 0.2183, 0.1913, 0.3756, 0.2129, 0.1847, 0.3969, 0.2157, 0.3677, 0.4009, 0.5804, 0.6244, 0.4762, 0.3739, 0.6518, 0.375, 0.4854, 0.3501, 0.6754, 0.566, 0.3807, 0.5198, 0.5779, 0.7392, 0.2993, 0.4756, 0.1884, 0.444, 0.6118, 0.2794, 0.4284, 0.3336, 0.4748, 0.3595, 0.3678, 0.5241, 0.5045, 0.1774, 0.5124, 0.4601, 0.1851, 0.3512, 0.2186, 0.2134, 0.2161, 0.1932, 0.2131, 0.2115, 0.2057, 0.1967, 0.2184, 0.1941, 0.1761, 0.1812, 0.2651, 0.2248]",0.2820794585004478,0.6340028811493538,1.6680583329980436,0,28.807,43.0,
2025-08-08|lgbm_directo|curva_sel|4|45.0|base|60|todas|onsite,2025-08-08,lgbm_directo,curva_sel,4,45.0,base,60,todas,onsite,36307,3117,39424,2897,697,2200,12168,551,2776,576,0.2099678680941991,348,"{""devolucion_origen"": 36, ""entrega_sin_recogida"": 379, ""fisico"": 415, ""fuera_servicio"": 0, ""tope"": 0, ""visitas"": 0}",6102,6102,0,0,0,2899,2,14,67,0,74,"[1.3164, 0.2942, 0.4653, 0.4128, 0.2193, 0.3754, 0.2214, 0.5281, 0.3477, 0.3276, 0.282, 0.5887, 0.2161, 0.189, 0.1738, 0.1779, 0.1781, 0.2121, 0.1793, 0.1788, 0.1797, 0.1906, 0.1823, 0.181, 0.1847, 0.2207, 0.1893, 0.2296, 0.4375, 0.2245, 0.2214, 0.5342, 0.6644, 0.3282, 0.1878, 0.3757, 0.3426, 0.3823, 0.3724, 0.4685, 0.5722, 0.4239, 0.4579, 0.3082, 0.5113, 0.7383, 0.1867, 0.2174, 0.4527, 0.3296, 0.3125, 0.3337, 0.3276, 0.4938, 0.3424, 0.3448, 0.4493, 0.3414, 0.3897, 0.1874, 0.4199, 0.2251, 0.1863, 0.1859, 0.1914, 0.2083, 0.1862, 0.2047, 0.1921, 0.1815, 0.3062, 0.1696, 0.2717, 0.2349]",0.2880843954990268,0.5779974585495438,1.3164278750009544,0,26.193,36.0,
2025-08-09|lgbm_directo|curva_sel|4|45.0|base|60|todas|onsite,2025-08-09,lgbm_directo,curva_sel,4,45.0,base,60,todas,onsite,16921,1109,18030,1414,244,1170,4500,236,630,25,0.2114612342918693,115,"{""devolucion_origen"": 0, ""entrega_sin_recogida"": 19, ""fisico"": 19, ""fuera_servicio"": 0, ""tope"": 0, ""visitas"": 0}",2250,2250,0,0,0,1414,0,14,64,0,74,"[1.0995, 0.4043, 0.3999, 0.4048, 0.4796, 0.4557, 0.6716, 0.4114, 0.8785, 0.4969, 0.3373, 0.3674, 0.6944, 0.7303, 0.5461, 0.3695, 0.5192, 0.4985, 0.5417, 0.3754, 0.1841, 0.3644, 0.2217, 0.3852, 0.5301, 0.2231, 0.3982, 0.2194, 0.1902, 0.4557, 0.1856, 0.1867, 0.2054, 0.2285, 0.2199, 0.188, 0.2184, 0.2007, 0.4845, 0.42, 0.4424, 3.4513, 0.3915, 0.483, 0.406, 0.6249, 0.1912, 0.2267, 0.3784, 0.2225, 0.1952, 0.5115, 0.3543, 0.2064, 0.2033, 0.2024, 0.2334, 0.2239, 0.2172, 0.1955, 0.1965, 0.2149, 0.22, 0.3112, 0.2027, 0.2026, 0.2034, 0.4453, 0.2914, 0.1771, 0.1737, 0.1773, 0.186, 0.205]",0.32424091699977,0.7069295171006159,3.4512671250013227,0,31.021,0.0,
2025-08-11|lgbm_directo|curva_sel|4|45.0|base|60|todas|onsite,2025-08-11,lgbm_directo,curva_sel,4,45.0,base,60,todas,onsite,39896,3241,43137,3323,837,2486,13742,629,3318,819,0.2203052251972453,195,"{""devolucion_origen"": 58, ""entrega_sin_recogida"": 378, ""fisico"": 436, ""fuera_servicio"": 0, ""tope"": 0, ""visitas"": 0}",6900,6900,0,0,0,3327,4,14,67,0,74,"[1.4841, 0.2751, 0.5212, 0.4141, 0.3487, 0.2997, 0.5503, 0.2884, 0.3715, 0.5135, 0.2366, 0.2247, 0.2918, 0.1771, 0.5804, 0.2203, 0.194, 0.1833, 0.203, 0.1924, 0.1864, 0.193, 0.1827, 0.2158, 0.187, 0.3644, 0.2339, 0.4198, 0.4049, 0.4032, 0.7029, 0.61, 0.4416, 0.5769, 0.5827, 0.3292, 0.6169, 0.6674, 0.5099, 0.3627, 0.5306, 0.4394, 0.4549, 0.3887, 0.1815, 0.3333, 0.3322, 0.3969, 0.5027, 0.6681, 0.1819, 0.3961, 0.4759, 0.1806, 0.4379, 0.3786, 0.2182, 0.194, 0.2131, 0.2039, 0.1863, 0.1946, 0.1786, 0.3645, 0.1859, 0.1805, 0.1841, 0.1775, 0.3456, 0.1827, 0.1963, 0.2865, 0.272, 0.2323]",0.3144479165002849,0.6345840500991469,1.4841364999992948,0,28.348,58.0,
2025-08-12|lgbm_directo|curva_sel|4|45.0|base|60|todas|onsite,2025-08-12,lgbm_directo,curva_sel,4,45.0,base,60,todas,onsite,56587,4913,61500,3682,910,2772,15003,527,4781,1147,0.2314077745247385,251,"{""devolucion_origen"": 39, ""entrega_sin_recogida"": 397, ""fisico"": 436, ""fuera_servicio"": 0, ""tope"": 0, ""visitas"": 0}",7521,7521,0,0,0,3682,0,14,67,0,74,"[1.3951, 0.1984, 0.2939, 0.5916, 0.4575, 0.3152, 0.2989, 0.267, 0.4878, 0.2733, 0.1875, 0.2601, 0.3924, 0.4935, 0.2295, 0.2159, 0.2077, 0.1726, 0.1804, 0.1994, 0.219, 0.2148, 0.1847, 0.2023, 0.2173, 0.3956, 0.6546, 0.3915, 0.5759, 0.4759, 0.6134, 0.597, 0.3209, 0.3469, 0.6288, 0.4413, 0.399, 0.2833, 0.2154, 0.7214, 0.4188, 0.3747, 0.4133, 0.5196, 0.3138, 0.3396, 0.4974, 0.4361, 0.3985, 0.3502, 0.2187, 0.4277, 0.4243, 0.4747, 0.4091, 0.3989, 0.2016, 0.4423, 0.2235, 0.3658, 0.2135, 0.216, 0.2136, 0.1874, 0.2083, 0.1843, 0.2017, 0.1777, 0.1954, 0.174, 0.1828, 0.1923, 0.2551, 0.2538]",0.3063471249988652,0.6187780356502116,1.3951236670000071,0,28.116,39.0,
2025-08-13|lgbm_directo|curva_sel|4|45.0|base|60|todas|onsite,2025-08-13,lgbm_directo,curva_sel,4,45.0,base,60,todas,onsite,38760,3958,42718,3078,759,2319,12556,502,2705,642,0.2576720651889418,168,"{""devolucion_origen"": 104, ""entrega_sin_recogida"": 378, ""fisico"": 482, ""fuera_servicio"": 0, ""tope"": 0, ""visitas"": 0}",6330,6330,0,0,0,3078,0,14,67,0,74,"[1.4094, 0.2121, 0.8161, 0.3898, 0.5981, 0.5716, 0.4757, 0.6271, 0.426, 0.4584, 0.5191, 0.2679, 0.33, 0.1836, 0.2171, 0.176, 0.1756, 0.1808, 0.1718, 0.1749, 0.2095, 0.1807, 0.2056, 0.3457, 0.1989, 0.3414, 0.3807, 0.4399, 0.3749, 0.1953, 0.2264, 0.3483, 0.3566, 0.6227, 0.5475, 0.3934, 0.5432, 0.6205, 0.5004, 0.4339, 0.5195, 0.48, 0.5335, 0.4349, 0.3835, 0.2968, 0.4532, 0.2864, 0.3348, 0.3477, 0.319, 0.3322, 0.2097, 0.3343, 0.4, 0.5359, 0.2175, 0.1996, 0.2303, 0.2179, 0.1938, 0.3921, 0.1857, 0.185, 0.1813, 0.209, 0.1926, 0.2, 0.1845, 0.1818, 0.1955, 0.2904, 0.2776, 0.261]",0.3310881869983859,0.6212311982488244,1.4093613749973883,0,28.317,104.0,
2025-08-16|lgbm_directo|curva_sel|4|45.0|base|60|todas|onsite,2025-08-16,lgbm_directo,curva_sel,4,45.0,base,60,todas,onsite,25677,1380,27057,1684,280,1404,4987,219,1049,56,0.2181510345622858,73,"{""devolucion_origen"": 1, ""entrega_sin_recogida"": 27, ""fisico"": 28, ""fuera_servicio"": 0, ""tope"": 0, ""visitas"": 0}",2494,2494,0,0,0,1684,0,14,50,0,74,"[1.0999, 0.2298, 0.2256, 0.4243, 0.3992, 0.2114, 0.4052, 0.5714, 0.4577, 0.5671, 0.6534, 0.7458, 0.2259, 0.3581, 0.3698, 0.3686, 0.691, 0.5081, 0.5061, 0.5084, 0.1886, 0.3827, 0.3624, 0.2191, 0.2169, 0.1934, 0.3785, 0.1881, 0.1824, 0.1816, 0.1795, 0.2168, 0.1957, 0.1995, 0.2137, 0.1942, 0.7151, 0.2177, 0.4245, 0.1842, 0.1846, 0.1895, 0.4288, 0.5236, 0.1862, 0.5121, 0.5298, 0.3493, 0.5497, 0.3047, 0.8054, 0.4447, 0.3026, 0.2153, 0.2051, 0.368, 0.1951, 0.2177, 0.3012, 1.2444, 0.2331, 0.1986, 0.19, 0.2232, 0.2113, 0.2064, 0.1913, 0.2019, 0.3343, 0.1916, 0.1813, 0.1901, 0.2831, 0.2273]",0.2314885835003224,0.7258592351014157,1.2443709170001966,0,27.991,1.0,
2025-08-18|lgbm_directo|curva_sel|4|45.0|base|60|todas|onsite,2025-08-18,lgbm_directo,curva_sel,4,45.0,base,60,todas,onsite,48650,3287,51937,3515,818,2697,13725,503,3656,825,0.2563055550918008,215,"{""devolucion_origen"": 51, ""entrega_sin_recogida"": 330, ""fisico"": 381, ""fuera_servicio"": 0, ""tope"": 0, ""visitas"": 0}",6888,6888,0,0,0,3515,0,14,67,0,74,"[1.4869, 0.3525, 0.5911, 0.3838, 0.2588, 0.2586, 0.5281, 0.2683, 0.313, 0.4428, 0.4639, 0.5377, 0.265, 0.3129, 0.4356, 0.7164, 0.1737, 0.2072, 0.1728, 0.1767, 0.1909, 0.1791, 0.1799, 0.1853, 0.1861, 0.4716, 0.1839, 0.3717, 0.4097, 0.1861, 0.5081, 0.3558, 1.2105, 0.6677, 0.5093, 0.5359, 0.525, 0.8068, 0.3566, 0.3116, 0.7761, 0.4163, 0.7227, 0.6061, 0.3205, 0.5681, 0.4808, 0.1839, 0.3133, 0.5133, 0.5155, 0.451, 0.467, 0.3333, 0.3398, 0.3295, 0.3183, 0.3243, 0.1826, 0.1864, 0.1866, 0.1803, 0.1889, 0.19, 0.1826, 0.2027, 0.1748, 0.1758, 0.3556, 0.1771, 0.1786, 0.1782, 0.2766, 0.2185]",0.3223998744997516,0.7414012643495878,1.486921916002757,0,30.25,51.0,
2025-08-23|lgbm_directo|curva_sel|4|45.0|base|60|todas|onsite,2025-08-23,lgbm_directo,curva_sel,4,45.0,base,60,todas,onsite,22545,848,23393,1793,284,1509,5493,220,904,36,0.2197145140609781,61,"{""devolucion_origen"": 5, ""entrega_sin_recogida"": 47, ""fisico"": 52, ""fuera_servicio"": 0, ""tope"": 0, ""visitas"": 0}",2749,2749,0,0,0,1795,2,14,58,0,74,"[1.1278, 0.2174, 0.4045, 0.455, 0.441, 0.4161, 0.4653, 0.3989, 0.5186, 0.4324, 0.1979, 0.577, 0.7981, 0.343, 1.0023, 0.5053, 0.3341, 0.3926, 0.4185, 0.7077, 0.1863, 0.3689, 0.372, 0.217, 0.1976, 0.526, 0.1878, 0.7843, 0.3775, 0.6275, 0.4228, 0.6891, 0.7522, 0.3795, 0.188, 0.4627, 0.4262, 0.3832, 0.1883, 0.1902, 0.4899, 0.2354, 0.4029, 0.1915, 0.1881, 0.2203, 0.4272, 0.225, 0.843, 0.4783, 0.7284, 0.8547, 0.1965, 0.2057, 0.2309, 0.4596, 0.3452, 0.2073, 0.6182, 0.4989, 0.3255, 0.1995, 0.2276, 0.3595, 0.2084, 0.3233, 0.7075, 0.2761, 0.2027, 0.3298, 0.1896, 0.1762, 0.2694, 0.1762]",0.3784668334992602,0.8138053607477557,1.1277519169998411,0,32.16,5.0,
2025-08-26|lgbm_directo|curva_sel|4|45.0|base|60|todas|onsite,2025-08-26,lgbm_directo,curva_sel,4,45.0,base,60,todas,onsite,49325,4861,54186,3552,890,2662,14315,508,4827,1452,0.2559468362072814,428,"{""devolucion_origen"": 41, ""entrega_sin_recogida"": 305, ""fisico"": 346, ""fuera_servicio"": 0, ""tope"": 0, ""visitas"": 0}",7178,7178,0,0,0,3552,0,14,67,0,74,"[1.4107, 0.3802, 0.3869, 0.1833, 0.2692, 0.2218, 0.2835, 0.2622, 0.7029, 0.4534, 0.268, 0.2587, 0.1987, 0.1743, 0.1723, 0.17, 0.1707, 0.1776, 0.1799, 0.2219, 0.2262, 0.1802, 0.2143, 0.2127, 0.1806, 0.34, 0.2647, 0.1902, 0.2323, 0.3453, 0.219, 0.3598, 0.4514, 0.331, 0.5436, 0.5381, 0.4216, 0.5807, 0.4812, 0.6289, 0.3415, 0.7859, 0.5037, 0.6395, 0.5022, 0.3564, 0.6203, 0.3838, 0.3241, 0.4141, 0.3444, 0.4571, 0.212, 0.3604, 0.3351, 0.3421, 0.3521, 0.3499, 0.1838, 0.2018, 0.2138, 0.1809, 0.1909, 0.1914, 0.2102, 0.1932, 0.1862, 0.2103, 0.1752, 0.1786, 0.1985, 0.1911, 0.275, 0.2825]",0.2685940205010411,0.6326189751007404,1.4106580409970777,0,26.894,41.0,
2025-08-27|lgbm_directo|curva_sel|4|45.0|base|60|todas|onsite,2025-08-27,lgbm_directo,curva_sel,4,45.0,base,60,todas,onsite,50281,5388,55669,3430,870,2560,14210,513,4567,1359,0.2432863838390027,323,"{""devolucion_origen"": 36, ""entrega_sin_recogida"": 276, ""fisico"": 312, ""fuera_servicio"": 0, ""tope"": 0, ""visitas"": 0}",7123,7123,0,0,0,3430,0,14,67,0,74,"[1.4364, 0.4642, 0.2863, 0.3883, 0.4138, 0.2937, 0.2162, 0.3919, 0.3292, 0.3631, 0.2832, 0.2552, 0.3334, 0.2052, 0.3469, 0.1673, 0.1878, 0.176, 0.1973, 0.1903, 0.2116, 0.1967, 0.2116, 0.2141, 0.2202, 0.2225, 0.1874, 0.2311, 0.22, 0.7122, 0.3675, 0.3677, 0.4493, 0.3442, 0.6232, 0.3421, 0.602, 0.6862, 0.3904, 0.4278, 0.4536, 0.3855, 0.3942, 0.3215, 0.3186, 0.5229, 0.662, 0.3698, 0.4077, 0.3893, 0.469, 0.4144, 0.4497, 0.3412, 0.5679, 0.3923, 0.4219, 0.3184, 0.1942, 0.1864, 0.1781, 0.1997, 0.186, 0.1973, 0.1858, 0.1772, 0.1795, 0.2041, 0.2015, 0.2034, 0.1937, 0.19, 0.2835, 0.2469]",0.3185387504981918,0.6367798539511567,1.4363742079985968,0,27.503,36.0,
2025-08-28|lgbm_directo|curva_sel|4|45.0|base|60|todas|onsite,2025-08-28,lgbm_directo,curva_sel,4,45.0,base,60,todas,onsite,47781,4206,51987,3441,825,2616,13811,469,3928,1062,0.2492598861737265,274,"{""devolucion_origen"": 31, ""entrega_sin_recogida"": 312, ""fisico"": 343, ""fuera_servicio"": 0, ""tope"": 0, ""visitas"": 0}",6921,6921,0,0,0,3441,0,14,67,0,74,"[1.2443, 0.5237, 0.1873, 0.3314, 0.3505, 0.4325, 0.2675, 0.3516, 0.3847, 0.3319, 0.3374, 0.3246, 0.2667, 0.1999, 0.2014, 0.6145, 0.2061, 0.2081, 0.2145, 0.2005, 0.1968, 0.1895, 0.1833, 0.2144, 0.1839, 0.1912, 0.3637, 0.2289, 0.3812, 0.5493, 0.3411, 0.3469, 0.5064, 0.525, 0.6045, 0.4616, 0.7312, 0.4739, 0.4125, 0.4116, 0.2997, 0.3351, 0.4203, 0.7182, 0.3645, 0.5022, 0.5174, 0.3997, 0.5168, 0.3628, 0.4622, 0.3122, 0.5412, 0.3521, 0.4483, 0.4157, 0.405, 0.3572, 0.3888, 0.1875, 0.2163, 0.1947, 0.2082, 0.1837, 0.1852, 0.205, 0.1865, 0.2062, 0.1961, 0.1781, 0.1814, 0.1965, 0.2811, 0.3219]",0.3362526040000375,0.6079974040500019,1.244317165997927,0,28.379,31.0,
2025-08-31|lgbm_directo|curva_sel|4|45.0|base|60|todas|onsite,2025-08-31,lgbm_directo,curva_sel,4,45.0,base,60,todas,onsite,33980,1283,35263,2035,349,1686,6475,319,1985,81,0.2156706736797717,83,"{""devolucion_origen"": 25, ""entrega_sin_recogida"": 117, ""fisico"": 142, ""fuera_servicio"": 0, ""tope"": 0, ""visitas"": 0}",3250,3250,0,0,0,2035,0,14,64,0,74,"[1.0664, 0.4436, 0.2194, 0.4883, 0.1893, 0.4801, 0.3618, 0.3941, 0.4094, 0.3563, 0.5207, 0.6576, 0.8158, 0.2273, 0.6339, 0.8854, 0.3756, 0.1914, 0.3807, 0.2222, 0.3867, 0.1859, 0.3702, 0.1807, 0.2029, 0.3373, 0.1978, 0.2186, 0.5329, 0.5197, 0.5005, 0.4022, 0.2169, 0.3864, 0.1983, 0.408, 0.4958, 0.5874, 0.5898, 0.4204, 0.2263, 0.2261, 0.1881, 0.194, 0.2273, 0.6589, 0.9208, 0.7641, 0.3279, 0.2138, 0.4229, 0.1963, 0.216, 0.1926, 0.222, 0.3609, 0.3349, 0.3223, 0.1966, 0.3805, 0.8086, 0.4938, 0.4767, 0.3621, 0.6426, 0.425, 0.4014, 0.2059, 0.2107, 0.5651, 0.1788, 0.2509, 0.1745, 0.167]",0.3661513749993901,0.8111135665514666,1.0663901660009287,0,30.946,25.0,
2025-08-01|lgbm_directo|curva_sel|4|60.0|base|60|todas|onsite,2025-08-01,lgbm_directo,curva_sel,4,60.0,base,60,todas,onsite,24679,3240,27919,2286,554,1732,10777,463,1614,547,0.1806467717764761,141,"{""devolucion_origen"": 43, ""entrega_sin_recogida"": 189, ""fisico"": 232, ""fuera_servicio"": 0, ""tope"": 0, ""visitas"": 0}",5410,5410,0,0,0,2286,0,14,66,0,74,"[1.2351, 0.2156, 0.1843, 0.3939, 0.3216, 0.2835, 0.2876, 0.5399, 0.2261, 0.4147, 0.2664, 0.1697, 0.1791, 0.2226, 0.1993, 0.2124, 0.2084, 0.2194, 0.3799, 0.1853, 0.1817, 0.2189, 0.1876, 0.2223, 0.3873, 0.3942, 0.4039, 0.1954, 0.2217, 0.2208, 0.37, 0.6402, 0.4642, 0.2138, 0.4681, 0.5973, 0.4018, 0.4941, 0.7067, 0.7954, 0.3581, 0.4352, 0.4076, 0.3159, 0.3812, 0.3846, 0.3294, 0.3542, 0.5386, 0.5505, 0.3938, 0.6025, 0.3792, 0.4477, 0.4075, 0.1908, 0.2296, 0.4212, 0.4278, 0.5441, 0.2399, 0.2198, 0.2153, 0.196, 0.1912, 0.2071, 0.2099, 0.1851, 0.1787, 0.181, 0.1914, 0.3416, 0.1832, 0.1703]",0.3017552080000314,0.6157027062497944,1.2350518749990442,0,27.363,43.0,
2025-08-04|lgbm_directo|curva_sel|4|60.0|base|60|todas|onsite,2025-08-04,lgbm_directo,curva_sel,4,60.0,base,60,todas,onsite,42068,3727,45795,2892,746,2146,12741,503,3924,960,0.2302315834930965,274,"{""devolucion_origen"": 23, ""entrega_sin_recogida"": 192, ""fisico"": 215, ""fuera_servicio"": 0, ""tope"": 0, ""visitas"": 0}",6382,6382,0,0,0,2892,0,14,67,0,74,"[1.4235, 0.3613, 0.2982, 0.2745, 0.259, 0.2937, 0.4197, 0.2651, 0.2993, 0.3131, 0.3032, 0.5583, 0.215, 0.1677, 0.1738, 0.2115, 0.2, 0.2128, 0.2127, 0.1828, 0.1796, 0.2228, 0.2118, 0.1902, 0.2041, 0.1988, 0.4683, 0.2028, 0.1964, 0.38, 0.1935, 0.2234, 0.228, 0.4973, 0.3547, 0.4217, 0.7457, 0.5163, 0.3593, 0.7115, 0.3899, 0.4921, 0.5845, 0.3341, 0.4162, 0.4023, 0.5874, 0.1915, 0.4606, 2.0116, 0.3826, 0.3461, 0.6557, 0.4602, 0.5269, 0.4935, 0.3185, 0.3321, 0.1845, 0.2135, 0.1935, 0.2169, 0.1833, 0.1834, 0.1914, 0.2061, 0.1835, 0.2017, 0.1789, 0.1844, 0.1814, 0.3029, 0.2801, 0.1865]",0.2773066454992658,0.6752605334497273,2.0115922919976583,0,28.427,23.0,
2025-08-06|lgbm_directo|curva_sel|4|60.0|base|60|todas|onsite,2025-08-06,lgbm_directo,curva_sel,4,60.0,base,60,todas,onsite,53418,3048,56466,3166,794,2372,13767,494,4452,869,0.237311153952782,201,"{""devolucion_origen"": 33, ""entrega_sin_recogida"": 364, ""fisico"": 397, ""fuera_servicio"": 0, ""tope"": 0, ""visitas"": 0}",6900,6900,0,0,0,3166,0,14,67,0,74,"[1.5096, 0.5893, 0.325, 0.2641, 0.3606, 0.2935, 0.2117, 0.2934, 0.3115, 0.4276, 0.6498, 0.411, 0.4912, 0.1726, 0.1704, 0.2159, 0.2099, 0.1809, 0.173, 0.1825, 0.2107, 0.2221, 0.2179, 0.198, 0.1917, 0.2256, 0.226, 0.42, 0.183, 0.3829, 0.1892, 0.4355, 0.4122, 0.4091, 0.4974, 0.3435, 0.4071, 0.7547, 0.5309, 0.4532, 0.542, 0.466, 0.3388, 0.6936, 0.7506, 0.3047, 0.3645, 0.5838, 0.316, 0.2132, 0.4019, 0.4032, 0.6534, 0.4667, 0.3686, 0.3136, 0.3175, 0.3693, 0.2222, 0.3546, 0.1824, 0.2177, 0.2161, 0.1841, 0.214, 0.2126, 0.2128, 0.2002, 0.2001, 0.1774, 0.1865, 0.2833, 0.2713, 0.1657]",0.3080841250011872,0.6674936522009373,1.5096167089977826,0,28.081,33.0,
2025-08-08|lgbm_directo|curva_sel|4|60.0|base|60|todas|onsite,2025-08-08,lgbm_directo,curva_sel,4,60.0,base,60,todas,onsite,37467,3499,40966,2626,645,1981,11489,558,2873,620,0.211161193773609,365,"{""devolucion_origen"": 21, ""entrega_sin_recogida"": 344, ""fisico"": 365, ""fuera_servicio"": 0, ""tope"": 0, ""visitas"": 0}",5755,5755,0,0,0,2626,0,14,67,0,74,"[1.3191, 0.2229, 0.3364, 0.3997, 0.4888, 0.3102, 0.3992, 0.4168, 0.3334, 0.3765, 0.1748, 0.3052, 0.1858, 0.2096, 0.216, 0.2097, 0.2075, 0.2161, 0.2114, 0.1798, 0.2172, 0.2239, 0.2285, 0.211, 0.1853, 0.1917, 0.1905, 0.2, 0.2246, 0.3553, 0.4042, 0.3646, 0.581, 0.365, 0.4478, 0.3697, 0.4215, 0.4237, 0.504, 0.4869, 0.5185, 0.7624, 0.5794, 0.3062, 0.6793, 0.437, 0.4671, 0.4722, 0.5311, 0.5402, 0.5476, 0.4207, 0.3684, 0.3445, 0.5215, 0.3524, 0.3779, 0.3927, 0.219, 0.4299, 0.2212, 0.2337, 0.2193, 0.2165, 0.2225, 0.224, 0.2126, 0.1845, 0.341, 0.1995, 0.1742, 0.3113, 0.3197, 0.1707]",0.3349013749993901,0.5799645873992632,1.319129375002376,0,28.239,21.0,
2025-08-09|lgbm_directo|curva_sel|4|60.0|base|60|todas|onsite,2025-08-09,lgbm_directo,curva_sel,4,60.0,base,60,todas,onsite,17715,1358,19073,1322,234,1088,4342,214,677,33,0.2046775131951281,106,"{""devolucion_origen"": 0, ""entrega_sin_recogida"": 16, ""fisico"": 16, ""fuera_servicio"": 0, ""tope"": 0, ""visitas"": 0}",2171,2171,0,0,0,1322,0,14,56,0,74,"[1.09, 0.1899, 0.5148, 0.4467, 0.1871, 0.4032, 0.5018, 0.446, 0.8045, 0.2176, 0.4165, 0.3647, 0.4288, 0.42, 0.5832, 0.4678, 0.557, 0.4285, 0.4049, 0.3979, 0.1906, 0.3546, 0.4358, 0.3901, 0.1969, 0.2071, 0.4224, 0.2335, 0.2213, 0.1877, 0.4375, 0.2283, 0.4647, 0.2059, 0.2203, 0.2135, 0.1884, 0.1854, 0.6273, 0.6427, 0.1911, 0.4291, 0.3958, 0.3956, 0.4739, 0.4435, 0.223, 0.2234, 0.1898, 0.2268, 0.3867, 0.3527, 0.3847, 0.3482, 0.1873, 0.1891, 0.1884, 0.1947, 0.1948, 0.209, 0.2021, 0.2058, 0.4133, 0.1926, 0.1871, 0.2486, 0.1948, 0.2256, 0.2984, 0.7332, 0.1738, 0.2294, 0.216, 0.1776]",0.2734765830009564,0.6326909391498702,1.0900005000003148,0,26.997,0.0,
2025-08-11|lgbm_directo|curva_sel|4|60.0|base|60|todas|onsite,2025-08-11,lgbm_directo,curva_sel,4,60.0,base,60,todas,onsite,40943,3668,44611,2976,767,2209,12842,537,3507,911,0.23347070669644,199,"{""devolucion_origen"": 34, ""entrega_sin_recogida"": 331, ""fisico"": 365, ""fuera_servicio"": 0, ""tope"": 0, ""visitas"": 0}",6438,6438,0,0,0,2978,2,14,67,0,74,"[1.4838, 0.3236, 0.3874, 0.3846, 0.2211, 0.3006, 0.4302, 0.4943, 0.3333, 0.3761, 0.2903, 0.2919, 0.3722, 0.419, 0.4885, 0.1723, 0.1962, 0.171, 0.1875, 0.1799, 0.178, 0.1824, 0.2206, 0.225, 0.2207, 0.2202, 0.2185, 0.2234, 0.3653, 0.407, 0.3958, 0.5452, 0.8916, 0.4512, 0.5263, 0.6202, 0.6483, 0.4323, 0.1996, 0.4497, 0.5697, 0.4327, 0.4101, 0.3568, 0.3319, 0.3747, 0.3033, 0.3797, 0.3008, 0.1774, 0.2057, 0.3075, 0.3641, 0.4524, 0.3558, 0.3657, 0.3683, 0.1904, 0.1943, 0.4863, 0.186, 0.1986, 0.1814, 0.1848, 0.1849, 0.1806, 0.1857, 0.1808, 0.3662, 0.1817, 0.1811, 0.3239, 0.2865, 0.1821]",0.3155748334993404,0.5873735163511807,1.483771458999399,0,27.412,34.0,
2025-08-12|lgbm_directo|curva_sel|4|60.0|base|60|todas|onsite,2025-08-12,lgbm_directo,curva_sel,4,60.0,base,60,todas,onsite,58777,5173,63950,3317,813,2504,14217,521,5137,1215,0.2414507267039017,257,"{""devolucion_origen"": 31, ""entrega_sin_recogida"": 331, ""fisico"": 362, ""fuera_servicio"": 0, ""tope"": 0, ""visitas"": 0}",7124,7124,0,0,0,3317,0,14,67,0,74,"[1.3543, 0.3926, 0.2757, 0.3896, 0.2111, 0.3129, 0.3473, 0.3241, 0.2489, 0.208, 0.2543, 0.3218, 0.2841, 0.4716, 0.1804, 0.1783, 0.1738, 0.1789, 0.1778, 0.2125, 0.1837, 0.2113, 0.1765, 0.1854, 0.1873, 0.3801, 0.3762, 0.38, 0.3391, 0.4072, 0.3695, 0.343, 0.1839, 0.3141, 0.3007, 0.7588, 0.702, 0.6195, 0.3702, 0.4292, 0.5679, 0.58, 0.3581, 0.4398, 0.3863, 0.4951, 0.534, 0.3053, 0.5187, 0.3487, 0.6463, 0.5426, 0.305, 0.4392, 0.3997, 0.6244, 0.3155, 0.1853, 0.1855, 0.1931, 0.1776, 0.2204, 0.18, 0.2199, 0.1817, 0.1795, 0.1985, 0.1773, 0.1848, 0.1915, 0.1854, 0.2914, 0.253, 0.174]",0.3051744169988524,0.6320568205979724,1.3543383340002038,0,27.293,31.0,
2025-08-13|lgbm_directo|curva_sel|4|60.0|base|60|todas|onsite,2025-08-13,lgbm_directo,curva_sel,4,60.0,base,60,todas,onsite,40452,3903,44355,2789,704,2085,12075,464,2772,713,0.2575160832386591,175,"{""devolucion_origen"": 51, ""entrega_sin_recogida"": 315, ""fisico"": 366, ""fuera_servicio"": 0, ""tope"": 0, ""visitas"": 0}",6063,6063,0,0,0,2789,0,14,67,0,74,"[1.3779, 0.3048, 0.4134, 0.4744, 0.2937, 0.3943, 0.4753, 0.4995, 0.1816, 0.4526, 0.6367, 0.3092, 0.594, 0.4413, 0.1727, 0.1921, 0.2052, 0.176, 0.2078, 0.1773, 0.1886, 0.2048, 0.1843, 0.2, 0.1973, 0.1841, 0.3633, 0.3535, 0.4247, 0.3373, 0.2182, 0.1884, 0.3876, 0.5121, 0.4272, 0.3336, 0.4528, 1.1351, 0.5555, 0.384, 0.4447, 0.3506, 0.3613, 0.6056, 0.3795, 0.3468, 0.4656, 0.4126, 0.3412, 0.3685, 0.3619, 0.4614, 0.3966, 0.4809, 0.3956, 0.4263, 0.1859, 0.1969, 0.3977, 0.2271, 0.3738, 0.1891, 0.1838, 0.2173, 0.2034, 0.189, 0.2031, 0.1805, 0.4158, 0.1998, 0.1925, 0.322, 0.3168, 0.1918]",0.348687792000419,0.5980609208490931,1.377858500000002,0,28.504,51.0,
2025-08-16|lgbm_directo|curva_sel|4|60.0|base|60|todas|onsite,2025-08-16,lgbm_directo,curva_sel,4,60.0,base,60,todas,onsite,26536,1621,28157,1502,232,1270,4657,181,1023,53,0.2181838391007201,67,"{""devolucion_origen"": 1, ""entrega_sin_recogida"": 25, ""fisico"": 26, ""fuera_servicio"": 0, ""tope"": 0, ""visitas"": 0}",2329,2329,0,0,0,1502,0,14,42,0,74,"[1.0803, 0.1903, 0.3965, 0.1955, 0.4006, 0.4265, 0.2152, 0.4715, 0.5315, 0.4402, 0.1929, 0.5472, 0.4095, 0.3706, 0.7495, 0.5849, 0.4428, 0.9245, 0.4322, 0.5248, 0.3881, 0.4018, 0.3718, 0.1887, 0.2264, 0.4085, 0.4308, 0.2247, 0.2079, 0.6369, 0.2047, 0.5282, 0.4753, 0.2195, 0.2313, 0.4069, 0.694, 0.4309, 0.4962, 0.2141, 0.4952, 0.4011, 0.5335, 0.454, 0.2147, 0.1911, 0.1914, 0.2249, 0.189, 0.878, 0.4065, 0.1972, 0.1854, 0.2161, 0.185, 0.366, 0.3252, 0.2211, 0.3378, 0.6247, 0.3953, 0.1891, 0.1896, 0.5424, 0.1889, 0.1922, 0.1891, 0.1901, 0.37, 0.2043, 0.3039, 0.1868, 0.1889, 0.1769]",0.370270146000621,0.7134457396989089,1.0802952499980163,0,29.375,1.0,
2025-08-18|lgbm_directo|curva_sel|4|60.0|base|60|todas|onsite,2025-08-18,lgbm_directo,curva_sel,4,60.0,base,60,todas,onsite,49465,3490,52955,3174,747,2427,12910,512,3700,872,0.2588513436268241,222,"{""devolucion_origen"": 22, ""entrega_sin_recogida"": 364, ""fisico"": 386, ""fuera_servicio"": 0, ""tope"": 0, ""visitas"": 0}",6466,6466,0,0,0,3174,0,14,67,0,74,"[1.5233, 0.4152, 0.4934, 0.3259, 0.4159, 0.2983, 0.3759, 0.2561, 0.553, 0.1901, 0.3292, 0.4565, 0.2583, 0.3286, 0.3602, 0.4444, 0.1753, 0.2102, 0.2075, 0.1793, 0.2124, 0.1832, 0.1824, 0.1842, 0.2193, 0.5326, 0.1907, 0.3494, 0.5131, 0.66, 0.3873, 0.6257, 0.5097, 0.6953, 0.3671, 0.5941, 0.3396, 1.187, 0.3148, 0.3375, 0.3773, 0.317, 0.4841, 0.4321, 0.2166, 0.2899, 0.3792, 0.3122, 0.4143, 0.2798, 0.7498, 0.3113, 0.3235, 0.3062, 0.3276, 0.3238, 0.3539, 0.1902, 0.2155, 0.1836, 0.1919, 0.1819, 0.2152, 0.1927, 0.1812, 0.1829, 0.1742, 0.1742, 0.3412, 0.1809, 0.1854, 0.3188, 0.1788, 0.17]",0.3179105414983496,0.6723121601995442,1.5232521670004644,0,28.464,22.0,
2025-08-23|lgbm_directo|curva_sel|4|60.0|base|60|todas|onsite,2025-08-23,lgbm_directo,curva_sel,4,60.0,base,60,todas,onsite,23555,1113,24668,1638,269,1369,5224,210,886,39,0.2218146712168533,59,"{""devolucion_origen"": 6, ""entrega_sin_recogida"": 52, ""fisico"": 58, ""fuera_servicio"": 0, ""tope"": 0, ""visitas"": 0}",2615,2615,0,0,0,1638,0,14,47,0,74,"[1.3094, 0.2272, 0.2248, 0.4744, 0.3761, 0.3992, 0.4989, 0.4507, 0.7928, 0.576, 0.3733, 0.432, 0.1967, 1.3211, 0.6102, 0.8065, 0.1917, 0.2228, 0.3532, 1.0006, 0.1932, 0.3861, 0.2035, 0.2219, 0.2282, 0.4406, 0.2241, 0.4782, 0.4118, 0.6018, 0.4785, 0.5608, 0.5646, 0.4329, 0.1906, 0.3985, 0.3968, 0.468, 0.2209, 0.3841, 0.4411, 0.3783, 0.4357, 0.1979, 0.2194, 0.1891, 0.463, 0.4191, 0.5727, 0.5884, 0.2033, 0.4606, 0.1932, 0.5966, 0.8831, 0.8026, 0.7637, 0.3679, 0.1926, 0.7344, 0.2333, 0.1872, 0.1977, 0.3291, 0.1856, 0.2343, 0.6098, 0.373, 0.2074, 0.3017, 0.2024, 0.2753, 0.3111, 0.1793]",0.3851084585003264,0.833323018649025,1.3210901669990562,0,33.278,6.0,
2025-08-26|lgbm_directo|curva_sel|4|60.0|base|60|todas|onsite,2025-08-26,lgbm_directo,curva_sel,4,60.0,base,60,todas,onsite,49591,5418,55009,3218,832,2386,13503,484,4803,1530,0.2589189730177847,414,"{""devolucion_origen"": 19, ""entrega_sin_recogida"": 246, ""fisico"": 265, ""fuera_servicio"": 0, ""tope"": 0, ""visitas"": 0}",6761,6761,0,0,0,3218,0,14,67,0,74,"[1.1758, 0.221, 0.3242, 0.472, 0.2639, 0.2796, 0.3087, 0.2877, 0.4543, 0.3, 0.2868, 0.1758, 0.1905, 0.1989, 0.1681, 0.1991, 0.1686, 0.2073, 0.2109, 0.18, 0.2085, 0.1719, 0.2185, 0.2081, 0.213, 0.2494, 0.2228, 0.3596, 0.2212, 0.421, 0.3763, 0.4848, 0.229, 0.4985, 0.5087, 0.4322, 0.3469, 0.6471, 0.8072, 0.2195, 0.3906, 0.3408, 0.3946, 0.6847, 0.492, 0.4598, 0.3432, 0.2096, 0.3639, 0.4144, 0.3157, 0.4915, 0.5873, 0.4521, 0.3403, 0.3538, 0.3497, 0.344, 0.1977, 0.2213, 0.1841, 0.2203, 0.2197, 0.2112, 0.2182, 0.216, 0.2059, 0.1902, 0.1945, 0.1894, 0.3166, 0.3176, 0.2907, 0.1728]",0.287229979499898,0.6082411666502591,1.1758094580000034,0,26.52,19.0,
2025-08-27|lgbm_directo|curva_sel|4|60.0|base|60|todas|onsite,2025-08-27,lgbm_directo,curva_sel,4,60.0,base,60,todas,onsite,53111,5826,58937,3117,802,2315,13239,524,5128,1456,0.2598773884786272,334,"{""devolucion_origen"": 17, ""entrega_sin_recogida"": 232, ""fisico"": 249, ""fuera_servicio"": 0, ""tope"": 0, ""visitas"": 0}",6628,6628,0,0,0,3119,2,14,67,0,74,"[1.4177, 0.3145, 0.1856, 0.3342, 0.4247, 0.3548, 0.3841, 0.3381, 0.2511, 0.4548, 0.5393, 0.2059, 0.4651, 0.213, 0.3114, 0.2074, 0.2058, 0.2023, 0.214, 0.2157, 0.2145, 0.2034, 0.2081, 0.1859, 0.1833, 0.2186, 0.2117, 0.2144, 0.1793, 0.4173, 0.2218, 0.3614, 0.4919, 0.2258, 0.7073, 0.5869, 0.4704, 0.8964, 0.2193, 0.54, 0.4898, 0.4658, 0.5003, 0.3626, 0.5525, 0.3115, 0.4416, 0.4139, 0.2962, 0.3978, 0.6234, 0.1797, 0.3612, 0.5946, 0.5389, 0.3458, 0.3473, 0.4856, 0.2142, 0.2198, 0.2098, 0.1845, 0.2164, 0.195, 0.1902, 0.1787, 0.2024, 0.2325, 0.1955, 0.1814, 0.186, 0.284, 0.2644, 0.1671]",0.2742185829993104,0.6046887623006113,1.4176584580018243,0,27.766,17.0,
2025-08-28|lgbm_directo|curva_sel|4|60.0|base|60|todas|onsite,2025-08-28,lgbm_directo,curva_sel,4,60.0,base,60,todas,onsite,48616,4469,53085,3114,760,2354,13306,484,4140,1144,0.2527133193538204,278,"{""devolucion_origen"": 28, ""entrega_sin_recogida"": 253, ""fisico"": 281, ""fuera_servicio"": 0, ""tope"": 0, ""visitas"": 0}",6667,6667,0,0,0,3116,2,14,67,0,74,"[1.2821, 0.4882, 0.7329, 0.5871, 0.3186, 0.3126, 0.2839, 0.6163, 0.3576, 0.3533, 0.2639, 0.2905, 0.342, 0.1999, 0.1717, 0.5759, 0.1989, 0.1767, 0.209, 0.2117, 0.2131, 0.2179, 0.2143, 0.1839, 0.221, 0.1815, 0.1838, 0.2054, 0.4404, 0.4933, 0.3576, 0.3748, 0.4852, 0.6189, 0.359, 0.2201, 0.5595, 0.6078, 0.5326, 0.1904, 0.4181, 0.4146, 0.1833, 0.3779, 0.2846, 0.3113, 0.3015, 0.307, 0.4149, 0.6307, 0.1861, 0.8057, 0.634, 0.4749, 0.465, 0.3947, 0.7308, 0.3981, 0.2205, 0.2238, 0.2241, 0.1909, 0.231, 0.222, 0.198, 0.2099, 0.1938, 0.1858, 0.2, 0.1939, 0.176, 0.3029, 0.177, 0.1703]",0.2960227289986505,0.6678952710493826,1.2820529170021473,0,28.342,28.0,
2025-08-31|lgbm_directo|curva_sel|4|60.0|base|60|todas|onsite,2025-08-31,lgbm_directo,curva_sel,4,60.0,base,60,todas,onsite,35315,1462,36777,1868,319,1549,6176,304,1993,94,0.2195532793986378,98,"{""devolucion_origen"": 20, ""entrega_sin_recogida"": 121, ""fisico"": 141, ""fuera_servicio"": 0, ""tope"": 0, ""visitas"": 0}",3098,3098,0,0,0,1868,0,14,56,0,74,"[1.0835, 0.4148, 0.1903, 0.4528, 0.2301, 0.2241, 0.1836, 0.2163, 0.4576, 0.6605, 0.3672, 0.3886, 0.7477, 0.4911, 0.561, 0.2034, 0.6037, 0.2149, 0.3667, 0.3347, 0.5986, 0.3802, 0.3707, 0.201, 0.2025, 0.3389, 0.1865, 0.2036, 0.1863, 0.41, 0.2246, 0.1853, 0.2203, 0.2205, 0.4527, 0.4065, 0.4018, 0.5227, 0.6632, 0.5283, 0.182, 0.5455, 0.2192, 0.6125, 0.5938, 0.6708, 0.6992, 0.2866, 0.7188, 0.1886, 0.4882, 0.1884, 0.1946, 0.384, 0.1944, 0.3284, 0.2942, 0.3659, 0.3946, 0.345, 0.3675, 0.4296, 0.2177, 0.4106, 0.348, 0.2135, 0.2074, 3.1246, 0.4798, 0.5523, 0.1834, 0.304, 0.1692, 0.1726]",0.36628183349967,0.7060867336498631,3.1245760419988073,0,32.571,20.0,
