run,day,arm,tag,n,lam,caps,delivery,pairs,damage,E,F,EF,visitas,visitas_recoger,visitas_entregar,bicis_movidas,en_transito_max,desvios_salida,desvios_llegada,km_desvio_medio,danadas_no_aplicables,recortes,recogidas_aplicadas,entregadas_aplicadas,truck_end,replay_neto,damage_external,visitas_sin_regla,pares_visitas,max_bicis_visita,max_visitas_decision,decisiones_limite_10s,decisiones,tiempos_decision,decision_mediana_s,decision_p95_s,decision_max_s,fallbacks,segundos,devoluciones_origen,visitas_aplicadas_replay
2025-09-01|sin_rebalanceo|prueba|0|0.0|base|60|todas|onsite,2025-09-01,sin_rebalanceo,prueba,0,0.0,base,60,todas,onsite,229597,59285,288882,0,0,0,0,0,12825,7627,0.4259517736724572,639,"{""devolucion_origen"": 0, ""entrega_sin_recogida"": 0, ""fisico"": 0, ""fuera_servicio"": 0, ""tope"": 0, ""visitas"": 0}",0,0,0,0,0,0,0,0,0,0,0,[],0.0,0.0,0.0,0,2.108,0.0,
2025-09-01|ecobici|prueba|0|0.0|base|60|todas|onsite,2025-09-01,ecobici,prueba,0,0.0,base,60,todas,onsite,106451,12316,118767,2567,1192,1375,13829,0,2685,658,0.279018229330475,227,"{""devolucion_origen"": 0, ""entrega_sin_recogida"": 0, ""fisico"": 335, ""fuera_servicio"": 0, ""tope"": 0, ""visitas"": 0}",6718,6776,0,58,0,2548,0,64,119,0,0,[],0.0,0.0,0.0,0,2.094,0.0,2548.0
2025-09-01|oraculo_diario|prueba|4|57.5805|base|60|todas|onsite,2025-09-01,oraculo_diario,prueba,4,57.5805,base,60,todas,onsite,42392,2030,44422,2695,711,1984,11989,507,3673,745,0.2757664249213086,198,"{""devolucion_origen"": 27, ""entrega_sin_recogida"": 315, ""fisico"": 342, ""fuera_servicio"": 0, ""tope"": 0, ""visitas"": 0}",6008,6008,0,0,0,2695,0,14,67,0,74,"[0.1956, 0.5617, 0.3744, 0.2932, 0.4886, 0.3016, 0.2497, 0.2355, 0.2822, 0.2738, 0.2858, 0.311, 0.1605, 0.4194, 0.1672, 0.2337, 0.1806, 0.1948, 0.1721, 0.1872, 0.2004, 0.1748, 0.4082, 0.2998, 0.2101, 0.3677, 0.3326, 0.492, 0.3168, 0.1926, 0.4459, 0.2668, 0.2864, 0.3961, 0.1771, 0.3044, 0.1939, 0.3615, 0.3215, 0.8604, 0.4619, 0.3683, 0.3046, 0.2938, 0.3445, 0.303, 0.3221, 0.3936, 0.384, 0.4641, 0.6098, 0.2917, 0.3316, 0.3352, 0.3986, 0.377, 0.3302, 0.2675, 0.2605, 0.2712, 0.1906, 0.1977, 0.1833, 0.2801, 0.1882, 0.2843, 0.3006, 0.1818, 0.3388, 0.2859, 0.18, 0.168, 0.1759, 0.1693]",0.2924513960024342,0.4897725045026163,0.8603702499967767,0,53.5,27.0,0.0
2025-09-01|ma_diaria|prueba|4|72.8507|base|60|todas|onsite,2025-09-01,ma_diaria,prueba,4,72.8507,base,60,todas,onsite,62803,2697,65500,2793,695,2098,12560,466,4978,783,0.2529608194609992,242,"{""devolucion_origen"": 20, ""entrega_sin_recogida"": 321, ""fisico"": 341, ""fuera_servicio"": 0, ""tope"": 0, ""visitas"": 0}",6290,6290,0,0,0,2793,0,14,67,0,74,"[0.5966, 0.3046, 0.3308, 0.5192, 0.2616, 0.3411, 0.3591, 0.4583, 0.5341, 0.3121, 0.2756, 0.2477, 0.2438, 0.3989, 0.1651, 0.2705, 0.2905, 0.3741, 0.1728, 0.1715, 0.1819, 0.1784, 0.1743, 0.1844, 0.1985, 0.1907, 0.3782, 0.387, 0.4609, 0.4257, 0.3728, 0.3038, 0.3325, 0.6994, 0.4259, 0.4186, 0.4054, 0.1946, 0.5364, 0.6627, 0.417, 0.6247, 0.3644, 0.2715, 0.3099, 0.4111, 0.185, 0.3425, 0.3857, 0.2626, 0.3571, 0.3926, 0.3906, 0.6696, 0.4275, 0.3418, 0.2955, 0.3956, 0.4175, 0.363, 0.1795, 0.4262, 0.3375, 0.324, 0.1796, 0.3907, 0.1885, 0.1858, 0.3256, 0.1801, 0.3165, 0.2742, 0.1678, 0.1657]",0.3349960829946212,0.6064157329008593,0.6993579579939251,0,85.208,20.0,0.0
2025-09-01|lgbm_diario|prueba|4|72.7447|base|60|todas|onsite,2025-09-01,lgbm_diario,prueba,4,72.7447,base,60,todas,onsite,63829,3633,67462,2816,665,2151,11906,452,4933,866,0.2492273388408143,224,"{""devolucion_origen"": 18, ""entrega_sin_recogida"": 234, ""fisico"": 252, ""fuera_servicio"": 0, ""tope"": 0, ""visitas"": 0}",5962,5962,0,0,0,2816,0,14,67,0,74,"[0.4206, 0.1895, 0.2959, 0.4358, 0.469, 0.2871, 0.412, 0.3438, 0.3259, 0.3114, 0.2424, 0.3749, 0.2681, 0.4689, 0.2591, 0.3876, 0.1683, 0.1864, 0.1827, 0.1693, 0.1874, 0.1767, 0.1741, 0.1746, 0.1859, 0.1909, 0.1945, 0.1975, 0.3627, 0.1931, 0.1965, 0.3162, 0.3138, 0.4058, 0.1789, 0.3722, 0.1844, 0.5941, 0.311, 0.3529, 0.458, 0.4911, 0.184, 0.3899, 0.2841, 0.4597, 0.2913, 0.1791, 0.3919, 0.4013, 0.3905, 0.3448, 0.3485, 0.4826, 0.4499, 0.3072, 0.3209, 0.2945, 0.3265, 0.1875, 0.3503, 0.1851, 0.3162, 0.1858, 0.1795, 0.1808, 0.1731, 0.1838, 0.1798, 0.173, 0.3126, 0.2946, 0.1754, 0.1593]",0.294573583498277,0.4689466755542525,0.5940973339966149,0,24.132,18.0,0.0
2025-09-01|oraculo_directo|prueba|4|39.0694|base|60|todas|onsite,2025-09-01,oraculo_directo,prueba,4,39.0694,base,60,todas,onsite,28985,1830,30815,2750,744,2006,11211,445,2153,619,0.2367269055939784,112,"{""devolucion_origen"": 1, ""entrega_sin_recogida"": 481, ""fisico"": 482, ""fuera_servicio"": 0, ""tope"": 0, ""visitas"": 0}",5606,5606,0,0,0,2750,0,14,67,0,74,"[0.1722, 0.4559, 0.1748, 0.3369, 0.3423, 0.2709, 0.2927, 0.2609, 0.17, 0.1842, 0.2237, 0.2524, 0.184, 0.2225, 0.3249, 0.4789, 0.2715, 0.1739, 0.1886, 0.2521, 0.1783, 0.2868, 0.3162, 0.2008, 0.3045, 0.4351, 0.3015, 0.3643, 0.3491, 0.3031, 0.4151, 0.2708, 0.2691, 0.4913, 0.3008, 0.5917, 0.3872, 0.4147, 0.2897, 0.2681, 0.3428, 0.4173, 0.2907, 0.2599, 0.1795, 0.1892, 0.3387, 0.2926, 0.296, 0.3718, 0.6388, 0.3263, 0.45, 0.1772, 0.4023, 0.3399, 0.3461, 0.2985, 0.1956, 0.3021, 0.2793, 0.1924, 0.1837, 0.2006, 0.1942, 0.1906, 0.2002, 0.1957, 0.2584, 0.1827, 0.1831, 0.2515, 0.1808, 0.1752]",0.2753769380033191,0.4639583995525753,0.6387610829988262,0,23.501,1.0,0.0
2025-09-01|lgbm_directo|prueba|4|88.9149|base|60|todas|onsite,2025-09-01,lgbm_directo,prueba,4,88.9149,base,60,todas,onsite,65482,3338,68820,2658,658,2000,12546,487,5286,812,0.2504990225805165,248,"{""devolucion_origen"": 12, ""entrega_sin_recogida"": 361, ""fisico"": 373, ""fuera_servicio"": 0, ""tope"": 0, ""visitas"": 0}",6279,6279,0,0,0,2658,0,14,67,0,74,"[1.3886, 0.8005, 0.5455, 0.4425, 0.5674, 0.3637, 0.463, 0.3057, 0.2545, 0.4294, 0.3588, 0.5085, 0.4597, 0.3093, 0.2802, 0.3296, 0.2011, 0.1981, 0.1754, 0.172, 0.1761, 0.1761, 0.1774, 0.1797, 0.1865, 0.3799, 0.3583, 0.3863, 0.3435, 0.5385, 0.4273, 0.3645, 0.3592, 0.4982, 0.3352, 0.3125, 0.3436, 0.479, 0.3836, 0.3103, 0.3325, 0.3667, 0.48, 0.5991, 0.3956, 0.4907, 0.3896, 0.4749, 0.1771, 0.4253, 0.444, 0.6539, 0.3055, 0.3842, 0.5465, 0.6063, 0.3359, 0.3223, 0.3672, 0.3322, 0.3303, 0.3286, 0.1839, 0.1869, 0.1894, 0.1835, 0.1751, 0.1717, 0.1787, 0.3506, 0.1715, 0.1858, 0.1652, 0.1627]",0.3435378335016139,0.6016216458509006,1.3885511660046177,0,28.976,12.0,0.0
2025-09-02|sin_rebalanceo|prueba|0|0.0|base|60|todas|onsite,2025-09-02,sin_rebalanceo,prueba,0,0.0,base,60,todas,onsite,122275,34838,157113,0,0,0,0,0,5231,3252,0.353216331583075,628,"{""devolucion_origen"": 0, ""entrega_sin_recogida"": 0, ""fisico"": 0, ""fuera_servicio"": 0, ""tope"": 0, ""visitas"": 0}",0,0,0,0,0,0,0,0,0,0,0,[],0.0,0.0,0.0,0,1.96,0.0,
2025-09-02|ecobici|prueba|0|0.0|base|60|todas|onsite,2025-09-02,ecobici,prueba,0,0.0,base,60,todas,onsite,51703,8492,60195,1731,858,873,8527,0,612,92,0.2356302086708762,163,"{""devolucion_origen"": 0, ""entrega_sin_recogida"": 0, ""fisico"": 41, ""fuera_servicio"": 0, ""tope"": 0, ""visitas"": 0}",4239,4247,0,8,0,1728,0,71,56,0,0,[],0.0,0.0,0.0,0,1.941,0.0,1728.0
2025-09-02|oraculo_diario|prueba|4|57.5805|base|60|todas|onsite,2025-09-02,oraculo_diario,prueba,4,57.5805,base,60,todas,onsite,17535,844,18379,1567,376,1191,6317,423,859,122,0.2471455457154083,136,"{""devolucion_origen"": 9, ""entrega_sin_recogida"": 179, ""fisico"": 188, ""fuera_servicio"": 0, ""tope"": 0, ""visitas"": 0}",3163,3163,0,0,0,1567,0,14,67,0,74,"[0.1791, 0.3775, 0.3531, 0.429, 0.4424, 0.3093, 0.478, 0.3237, 0.3723, 0.2546, 0.2755, 0.3226, 0.2589, 0.2383, 0.3364, 0.2752, 0.248, 0.228, 0.1814, 0.2505, 0.2732, 0.2725, 0.1885, 0.3482, 0.4764, 0.4402, 0.26, 0.3111, 0.3656, 0.31, 0.311, 0.313, 0.3659, 0.3293, 0.3304, 0.553, 0.4025, 0.3912, 0.271, 0.5348, 0.414, 0.3146, 0.3226, 0.3784, 0.4917, 0.3451, 0.3805, 0.3874, 0.4091, 0.5147, 0.1915, 0.4409, 0.5273, 0.3053, 0.3079, 0.1958, 0.2108, 0.4128, 0.1958, 0.575, 0.2028, 0.1985, 0.3226, 0.1913, 0.2975, 0.1951, 0.364, 0.18, 1.0138, 0.1892, 0.1891, 0.1708, 0.1741, 0.1692]",0.313778583498788,0.5299341314479533,1.0137695829980655,0,26.268,9.0,0.0
2025-09-02|ma_diaria|prueba|4|72.8507|base|60|todas|onsite,2025-09-02,ma_diaria,prueba,4,72.8507,base,60,todas,onsite,34379,3164,37543,1584,401,1183,7273,383,1718,253,0.2450775842838982,230,"{""devolucion_origen"": 29, ""entrega_sin_recogida"": 247, ""fisico"": 276, ""fuera_servicio"": 0, ""tope"": 0, ""visitas"": 0}",3651,3651,0,0,0,1584,0,14,66,0,74,"[0.3156, 0.3247, 0.3287, 0.3674, 0.2915, 0.2489, 0.3325, 0.3474, 0.1897, 0.4228, 0.3271, 0.3237, 0.3446, 0.1752, 0.3398, 0.1724, 0.3642, 0.2994, 0.1805, 0.3351, 0.177, 0.1793, 0.3382, 0.3581, 0.3823, 0.3766, 0.2053, 0.4448, 0.4693, 0.2053, 0.4342, 0.1851, 0.3317, 0.5305, 0.2035, 0.3145, 0.3627, 0.3343, 1.0329, 0.3286, 0.4947, 0.6816, 0.5254, 0.4902, 0.4557, 0.5827, 0.3507, 0.3798, 0.31, 0.3743, 0.5266, 0.4268, 0.1889, 0.4365, 0.4224, 0.3738, 0.4208, 0.3696, 0.1841, 0.4027, 0.194, 0.1879, 0.1898, 0.2055, 0.1926, 0.1805, 0.1868, 0.373, 0.1806, 0.1988, 0.1763, 0.1733, 0.1931, 0.171]",0.3321029584985808,0.5279889141504099,1.032852541000466,0,26.387,29.0,0.0
2025-09-02|lgbm_diario|prueba|4|72.7447|base|60|todas|onsite,2025-09-02,lgbm_diario,prueba,4,72.7447,base,60,todas,onsite,34593,3270,37863,1552,391,1161,7070,385,1684,268,0.2400894641976139,253,"{""devolucion_origen"": 42, ""entrega_sin_recogida"": 315, ""fisico"": 357, ""fuera_servicio"": 0, ""tope"": 0, ""visitas"": 0}",3556,3556,0,0,0,1552,0,14,55,0,74,"[0.4466, 0.3643, 0.4513, 0.5715, 0.3301, 0.1935, 0.2842, 0.3, 0.1705, 0.4235, 0.3495, 0.367, 0.3623, 0.2922, 0.3773, 0.3912, 0.3468, 0.3338, 0.1908, 0.4075, 0.3574, 0.3328, 0.3671, 0.3269, 0.3528, 0.1831, 0.4262, 0.3993, 0.1816, 0.185, 0.1903, 0.4027, 0.5145, 0.561, 0.4381, 0.3743, 0.339, 0.5398, 0.4416, 0.3859, 0.5241, 0.4855, 0.5638, 0.5194, 0.3873, 0.2864, 0.3374, 0.3161, 0.4241, 0.5192, 0.4173, 0.3666, 0.5857, 0.3938, 0.4444, 0.3955, 0.4188, 0.3894, 0.3636, 0.1948, 0.2133, 0.7835, 0.1878, 0.1886, 0.1836, 0.1946, 0.1896, 0.194, 0.1768, 0.1874, 0.1701, 0.1709, 0.1704, 0.1635]",0.3629609794988937,0.5619528271992749,0.7834550830011722,0,27.756,42.0,0.0
2025-09-02|oraculo_directo|prueba|4|39.0694|base|60|todas|onsite,2025-09-02,oraculo_directo,prueba,4,39.0694,base,60,todas,onsite,13342,687,14029,1597,404,1193,5792,358,545,87,0.2382865037532192,115,"{""devolucion_origen"": 0, ""entrega_sin_recogida"": 190, ""fisico"": 190, ""fuera_servicio"": 0, ""tope"": 0, ""visitas"": 0}",2896,2896,0,0,0,1597,0,14,67,0,74,"[0.1834, 0.4932, 0.5457, 0.4772, 0.1896, 0.3319, 0.5445, 0.3325, 0.1966, 0.3025, 0.5362, 0.4133, 0.3063, 0.3553, 0.3316, 0.3607, 0.5089, 0.2575, 0.3608, 0.4319, 0.4071, 0.6587, 0.4067, 0.4674, 0.5395, 0.5142, 0.3189, 0.3335, 0.3385, 0.3115, 0.3237, 0.3101, 0.3203, 0.3131, 0.3883, 0.2058, 0.3171, 0.1996, 0.333, 0.3192, 0.1906, 0.4733, 0.4498, 0.3801, 0.4099, 0.6324, 0.2128, 0.463, 0.414, 0.5156, 0.2152, 0.1903, 0.5448, 0.1977, 0.3648, 0.4017, 0.1891, 0.328, 0.1885, 0.4316, 0.1951, 0.1883, 0.2068, 0.314, 0.1886, 0.2844, 0.3617, 0.1845, 0.195, 0.5523, 0.1784, 0.629, 0.1746, 0.1783]",0.3321835624992673,0.5480147557002055,0.6586981250002282,0,27.745,0.0,0.0
2025-09-02|lgbm_directo|prueba|4|88.9149|base|60|todas|onsite,2025-09-02,lgbm_directo,prueba,4,88.9149,base,60,todas,onsite,35164,2567,37731,1617,418,1199,7914,383,1692,201,0.2411173635920358,252,"{""devolucion_origen"": 18, ""entrega_sin_recogida"": 339, ""fisico"": 357, ""fuera_servicio"": 0, ""tope"": 0, ""visitas"": 0}",3966,3966,0,0,0,1617,0,14,65,0,74,"[1.3813, 0.3986, 0.4064, 0.3415, 0.3043, 0.2919, 0.2358, 0.2818, 0.29, 0.1726, 0.3667, 0.3438, 0.3191, 0.3604, 0.2986, 0.2069, 0.4719, 0.5931, 0.3314, 0.3512, 0.1866, 0.3435, 0.4287, 0.1923, 0.3471, 0.483, 0.3574, 0.1919, 0.1838, 0.1861, 0.3551, 0.4498, 0.2127, 0.3801, 0.3409, 0.4907, 0.3747, 0.3944, 0.466, 0.3624, 0.2942, 0.4244, 0.5858, 0.5674, 0.4997, 0.3564, 0.4062, 0.459, 0.3864, 0.5416, 0.4557, 0.3589, 0.3931, 0.1926, 0.4796, 0.4936, 0.4162, 0.1974, 0.1945, 0.1962, 0.2174, 0.2216, 0.2177, 0.2117, 0.3059, 0.3303, 0.2118, 0.203, 0.1794, 0.186, 0.1863, 0.1815, 0.169, 0.1645]",0.3425002079966361,0.5506352647047604,1.3813419159996556,0,27.261,18.0,0.0
2025-09-03|sin_rebalanceo|prueba|0|0.0|base|60|todas|onsite,2025-09-03,sin_rebalanceo,prueba,0,0.0,base,60,todas,onsite,187742,69308,257050,0,0,0,0,0,10843,8666,0.4161198546932309,1165,"{""devolucion_origen"": 0, ""entrega_sin_recogida"": 0, ""fisico"": 0, ""fuera_servicio"": 0, ""tope"": 0, ""visitas"": 0}",0,0,0,0,0,0,0,0,0,0,0,[],0.0,0.0,0.0,0,2.274,0.0,
2025-09-03|ecobici|prueba|0|0.0|base|60|todas|onsite,2025-09-03,ecobici,prueba,0,0.0,base,60,todas,onsite,78132,16806,94938,3073,1538,1535,14249,0,1625,721,0.247369107950749,304,"{""devolucion_origen"": 0, ""entrega_sin_recogida"": 0, ""fisico"": 166, ""fuera_servicio"": 0, ""tope"": 0, ""visitas"": 0}",6964,7119,0,155,0,3053,0,72,216,0,0,[],0.0,0.0,0.0,0,2.265,0.0,3053.0
2025-09-03|oraculo_diario|prueba|4|57.5805|base|60|todas|onsite,2025-09-03,oraculo_diario,prueba,4,57.5805,base,60,todas,onsite,30693,2903,33596,2295,616,1679,10958,527,2440,915,0.2397088924737043,294,"{""devolucion_origen"": 22, ""entrega_sin_recogida"": 219, ""fisico"": 241, ""fuera_servicio"": 0, ""tope"": 0, ""visitas"": 0}",5490,5490,0,0,0,2295,0,14,67,0,74,"[0.3158, 0.2937, 0.2823, 0.3902, 0.2485, 0.3798, 0.2799, 0.2597, 0.2759, 0.285, 0.2874, 0.2354, 0.271, 0.1807, 0.1864, 0.2917, 0.1866, 0.1704, 0.1712, 0.1756, 0.1873, 0.1965, 0.1939, 0.2901, 0.2612, 0.3373, 0.176, 0.279, 0.328, 0.3013, 0.2972, 0.2693, 0.3806, 0.2781, 0.3169, 0.5152, 0.2494, 0.1788, 0.2422, 0.4339, 0.7681, 0.2691, 0.4849, 0.195, 0.4751, 0.2585, 0.2608, 0.2562, 0.2732, 0.2948, 0.3528, 0.4025, 0.4508, 0.5305, 0.1922, 0.3282, 0.4721, 0.5267, 0.3397, 0.1921, 0.2052, 0.4285, 0.2124, 0.346, 0.3916, 0.1877, 0.3128, 0.185, 0.1798, 0.3605, 0.3045, 0.1808, 0.1741, 0.173]",0.2785239795011875,0.495535316552923,0.7681045420031296,0,24.077,22.0,0.0
2025-09-03|ma_diaria|prueba|4|72.8507|base|60|todas|onsite,2025-09-03,ma_diaria,prueba,4,72.8507,base,60,todas,onsite,46014,3962,49976,2340,607,1733,10613,457,3897,878,0.2602351148433376,448,"{""devolucion_origen"": 15, ""entrega_sin_recogida"": 172, ""fisico"": 187, ""fuera_servicio"": 0, ""tope"": 0, ""visitas"": 0}",5314,5314,0,0,0,2340,0,14,67,0,74,"[0.3329, 0.4415, 0.2812, 0.3041, 0.2939, 0.3935, 0.3342, 0.3465, 0.2709, 0.2063, 0.3136, 0.2859, 0.519, 0.1746, 0.185, 0.1678, 0.1708, 0.1664, 0.1809, 0.1756, 0.1729, 0.1894, 0.1751, 0.3588, 0.1973, 0.191, 0.3715, 0.2017, 0.3537, 0.1901, 0.2211, 0.2172, 0.3273, 0.3375, 0.1893, 0.3508, 0.3981, 0.3265, 0.5971, 0.3294, 0.3609, 0.3949, 0.3208, 0.3356, 0.3415, 0.3875, 0.436, 0.3049, 0.2767, 0.283, 0.2877, 0.1775, 0.3199, 0.395, 0.2951, 0.1808, 0.1905, 0.3806, 0.2164, 0.218, 0.2073, 0.1888, 0.2141, 0.1875, 0.1968, 0.4411, 0.2091, 0.1867, 0.1788, 0.3267, 0.3208, 0.1693, 0.1722, 0.1634]",0.2821025420016667,0.4378070039503654,0.5971394579974003,0,22.741,15.0,0.0
2025-09-03|lgbm_diario|prueba|4|72.7447|base|60|todas|onsite,2025-09-03,lgbm_diario,prueba,4,72.7447,base,60,todas,onsite,46743,4118,50861,2345,606,1739,10760,447,3877,861,0.2613543329405042,447,"{""devolucion_origen"": 22, ""entrega_sin_recogida"": 163, ""fisico"": 185, ""fuera_servicio"": 0, ""tope"": 0, ""visitas"": 0}",5391,5391,0,0,0,2345,0,14,67,0,74,"[0.3201, 0.3321, 0.3956, 0.4526, 0.2637, 0.3034, 0.2587, 0.3758, 0.3824, 0.2738, 0.3433, 0.4903, 0.2686, 0.1875, 0.1717, 0.1875, 0.1668, 0.17, 0.1759, 0.1764, 0.1896, 0.1718, 0.1788, 0.1978, 0.339, 0.1951, 0.3703, 0.3383, 0.3433, 0.2182, 0.3644, 0.3231, 0.4401, 0.3959, 0.3125, 0.1965, 0.1835, 0.3634, 0.1928, 0.2944, 0.3633, 0.5262, 0.3159, 0.2844, 0.6375, 0.2022, 0.4313, 0.4653, 0.2994, 0.8984, 0.2858, 0.4057, 0.4175, 0.3718, 0.3089, 0.3119, 0.1987, 0.2163, 0.19, 0.2104, 0.4294, 0.1903, 0.1883, 0.1856, 0.1883, 0.19, 0.1893, 0.3484, 0.1798, 0.1766, 0.3126, 0.1755, 0.1687, 0.1627]",0.2851217290044587,0.4740758688480126,0.8984093330000178,0,24.12,22.0,0.0
2025-09-03|oraculo_directo|prueba|4|39.0694|base|60|todas|onsite,2025-09-03,oraculo_directo,prueba,4,39.0694,base,60,todas,onsite,22358,1905,24263,2355,630,1725,10188,471,1420,591,0.2031547609288983,230,"{""devolucion_origen"": 2, ""entrega_sin_recogida"": 341, ""fisico"": 343, ""fuera_servicio"": 0, ""tope"": 0, ""visitas"": 0}",5095,5095,0,0,0,2357,2,14,67,0,74,"[0.7028, 0.3055, 0.3749, 0.2188, 0.3187, 0.2616, 0.262, 0.2646, 0.2413, 0.1784, 0.3555, 0.5654, 0.2576, 0.3091, 0.1715, 0.4075, 0.1913, 0.1923, 0.3103, 0.204, 0.322, 0.3271, 0.3578, 0.3256, 0.2843, 0.1827, 0.292, 0.2916, 0.2961, 0.2055, 0.2858, 0.2635, 0.421, 0.3373, 0.4812, 0.4001, 0.4167, 0.3216, 0.4697, 0.6119, 0.3216, 0.2711, 0.2715, 0.2806, 0.3418, 0.2602, 0.4849, 0.4513, 0.3944, 0.4657, 0.5188, 0.6578, 0.5, 0.2943, 0.3281, 0.3733, 0.1857, 0.2102, 0.3829, 0.4087, 0.188, 0.1965, 0.1979, 0.2055, 0.2113, 0.3238, 0.2448, 0.2868, 0.2008, 0.517, 0.5485, 0.5249, 0.1729, 0.1705]",0.3072786664997693,0.5543739143518904,0.7028362089986331,0,26.615,2.0,0.0
2025-09-03|lgbm_directo|prueba|4|88.9149|base|60|todas|onsite,2025-09-03,lgbm_directo,prueba,4,88.9149,base,60,todas,onsite,48226,4665,52891,2266,588,1678,10962,471,4088,999,0.2581904736063354,451,"{""devolucion_origen"": 14, ""entrega_sin_recogida"": 206, ""fisico"": 220, ""fuera_servicio"": 0, ""tope"": 0, ""visitas"": 0}",5488,5488,0,0,0,2266,0,14,67,0,74,"[1.2402, 0.3328, 0.3765, 0.2953, 0.2644, 0.3844, 0.3825, 0.3105, 0.271, 0.2984, 0.1745, 0.3073, 0.2626, 0.2998, 0.1659, 0.3021, 0.1968, 0.1734, 0.166, 0.1706, 0.174, 0.1714, 0.1782, 0.2079, 0.1934, 0.1773, 0.4223, 0.2018, 0.1996, 0.1885, 0.1959, 0.1913, 0.4236, 0.199, 0.3403, 0.308, 0.4474, 0.3311, 0.4979, 0.1813, 0.493, 0.5039, 0.3106, 0.3785, 0.3107, 0.5541, 0.1783, 0.2997, 0.5313, 0.5432, 0.3247, 0.4762, 0.4904, 0.4438, 0.3557, 0.1845, 0.184, 0.1826, 0.2002, 0.3564, 0.1925, 0.5673, 0.203, 0.1928, 0.2129, 0.1903, 0.1955, 0.3729, 0.2016, 0.3604, 0.1703, 0.1847, 0.164, 0.1614]",0.2677039795016753,0.5354720352024741,1.2402076670041424,0,24.499,14.0,0.0
2025-09-04|sin_rebalanceo|prueba|0|0.0|base|60|todas|onsite,2025-09-04,sin_rebalanceo,prueba,0,0.0,base,60,todas,onsite,224137,73311,297448,0,0,0,0,0,13963,9919,0.4511661207222723,1234,"{""devolucion_origen"": 0, ""entrega_sin_recogida"": 0, ""fisico"": 0, ""fuera_servicio"": 0, ""tope"": 0, ""visitas"": 0}",0,0,0,0,0,0,0,0,0,0,0,[],0.0,0.0,0.0,0,2.38,0.0,
2025-09-04|ecobici|prueba|0|0.0|base|60|todas|onsite,2025-09-04,ecobici,prueba,0,0.0,base,60,todas,onsite,98770,18295,117065,2715,1293,1422,14002,0,2880,837,0.2930017819550045,352,"{""devolucion_origen"": 0, ""entrega_sin_recogida"": 0, ""fisico"": 227, ""fuera_servicio"": 0, ""tope"": 0, ""visitas"": 0}",6831,6944,0,113,0,2695,0,71,107,0,0,[],0.0,0.0,0.0,0,2.281,0.0,2695.0
2025-09-04|oraculo_diario|prueba|4|57.5805|base|60|todas|onsite,2025-09-04,oraculo_diario,prueba,4,57.5805,base,60,todas,onsite,38925,3466,42391,2689,731,1958,12797,502,3634,1054,0.2584073758889119,265,"{""devolucion_origen"": 29, ""entrega_sin_recogida"": 338, ""fisico"": 367, ""fuera_servicio"": 0, ""tope"": 0, ""visitas"": 0}",6413,6413,0,0,0,2689,0,14,67,0,74,"[0.2034, 0.3035, 0.3253, 0.1982, 0.4062, 0.2412, 0.3054, 0.3019, 0.4405, 0.2903, 0.2441, 0.323, 0.3002, 0.2655, 0.1748, 0.163, 0.1894, 0.1941, 0.1779, 0.1711, 0.1917, 0.2554, 0.3649, 0.2647, 0.3841, 0.3154, 0.2853, 0.3281, 0.4284, 0.2816, 0.2687, 0.3841, 0.4039, 0.2621, 0.2663, 0.3929, 0.2703, 0.3318, 0.2921, 0.4361, 0.3972, 0.2842, 0.2715, 0.2626, 0.2602, 0.3896, 0.2503, 0.3258, 0.4519, 0.3683, 0.2331, 0.3428, 0.261, 0.3744, 0.3118, 0.5514, 0.2773, 0.2786, 0.3584, 0.3983, 0.3254, 0.3137, 0.3161, 0.18, 0.3294, 0.181, 0.3353, 0.3059, 0.1895, 0.3082, 0.1893, 0.1932, 0.1764, 0.1879]",0.2911622710016672,0.4310822329978691,0.5513870830036467,0,24.153,29.0,0.0
2025-09-04|ma_diaria|prueba|4|72.8507|base|60|todas|onsite,2025-09-04,ma_diaria,prueba,4,72.8507,base,60,todas,onsite,59486,5097,64583,2688,688,2000,12188,516,4903,1155,0.2525113037073477,393,"{""devolucion_origen"": 16, ""entrega_sin_recogida"": 187, ""fisico"": 203, ""fuera_servicio"": 0, ""tope"": 0, ""visitas"": 0}",6102,6102,0,0,0,2688,0,14,67,0,74,"[0.3267, 0.3088, 0.4129, 0.3723, 0.3973, 0.4875, 0.4859, 0.1908, 0.3689, 0.2764, 0.273, 0.2455, 0.1836, 0.166, 0.204, 0.1838, 0.1757, 0.1994, 0.1936, 0.1841, 0.1924, 0.1849, 0.1869, 0.3228, 0.1867, 0.3717, 0.3669, 0.3906, 0.3418, 0.3499, 0.1943, 0.2126, 0.377, 0.6512, 0.1871, 0.3104, 0.5266, 0.3963, 0.3525, 0.3401, 0.5703, 0.4125, 0.4233, 0.3952, 0.6479, 0.4292, 0.6409, 0.3688, 0.3315, 0.4287, 0.6955, 0.3687, 0.4207, 0.6221, 0.7138, 0.3785, 0.2022, 0.2964, 0.3393, 0.3139, 0.2058, 0.3405, 0.3214, 0.1818, 0.183, 0.2062, 0.1775, 0.1925, 0.1787, 0.1837, 0.307, 0.2977, 0.1815, 0.1648]",0.3221054789974005,0.64336683519723,0.7138326670028619,0,26.545,16.0,0.0
2025-09-04|lgbm_diario|prueba|4|72.7447|base|60|todas|onsite,2025-09-04,lgbm_diario,prueba,4,72.7447,base,60,todas,onsite,59179,5638,64817,2681,709,1972,11923,491,4718,1355,0.2596138490714599,387,"{""devolucion_origen"": 25, ""entrega_sin_recogida"": 168, ""fisico"": 193, ""fuera_servicio"": 0, ""tope"": 0, ""visitas"": 0}",5974,5974,0,0,0,2681,0,14,67,0,74,"[0.4531, 0.308, 0.2818, 0.4339, 0.326, 0.3372, 0.5097, 0.2745, 0.1897, 0.2997, 0.2596, 0.4019, 0.1733, 0.184, 0.1866, 0.1804, 0.1701, 0.1753, 0.1855, 0.1773, 0.188, 0.1767, 0.179, 0.1859, 0.1795, 0.1855, 0.4699, 0.3566, 0.3351, 0.389, 0.1975, 0.4807, 0.3559, 0.5689, 0.5002, 0.3345, 0.1952, 0.6706, 0.621, 0.4772, 0.5042, 0.5995, 0.2978, 0.4082, 0.3731, 0.2956, 0.2872, 0.194, 0.3069, 0.4135, 0.2954, 0.3214, 0.5545, 0.364, 0.3735, 0.3336, 0.359, 0.3051, 0.1743, 0.1957, 0.2067, 0.1855, 0.1987, 0.1904, 0.1914, 0.1796, 0.185, 0.1758, 0.1808, 0.1752, 0.2875, 0.2872, 0.1796, 0.1581]",0.287351437498728,0.5595234211472415,0.6705537919988274,0,24.792,25.0,0.0
2025-09-04|oraculo_directo|prueba|4|39.0694|base|60|todas|onsite,2025-09-04,oraculo_directo,prueba,4,39.0694,base,60,todas,onsite,28017,3049,31066,2848,785,2063,12022,492,2452,909,0.2388976154743326,158,"{""devolucion_origen"": 2, ""entrega_sin_recogida"": 402, ""fisico"": 404, ""fuera_servicio"": 0, ""tope"": 0, ""visitas"": 0}",6012,6012,0,0,0,2848,0,14,67,0,74,"[0.3933, 0.3619, 0.2961, 0.2976, 0.3324, 0.4487, 0.3331, 0.2855, 0.2954, 0.2611, 0.3531, 0.262, 0.2513, 0.1717, 0.1742, 0.1933, 0.1703, 0.1733, 0.1769, 0.1998, 0.2588, 0.1841, 0.3039, 0.2881, 0.2042, 0.2962, 0.3049, 0.2143, 0.2891, 0.2861, 0.2917, 0.2774, 0.4448, 0.5299, 0.3754, 0.395, 0.3421, 0.3375, 0.1806, 0.5153, 0.4296, 0.3649, 0.3385, 0.3001, 0.2543, 0.3149, 0.187, 0.5268, 0.3266, 0.266, 0.2559, 0.3727, 0.3796, 0.2887, 0.2917, 0.3843, 0.1884, 0.3793, 0.2798, 0.2823, 0.1987, 0.2197, 0.1871, 0.185, 0.1986, 0.1928, 0.3238, 0.1857, 0.2826, 0.1875, 0.3031, 0.1786, 0.2519, 0.1747]",0.2870854579996376,0.4461792669026181,0.5299191670055734,0,23.534,2.0,0.0
2025-09-04|lgbm_directo|prueba|4|88.9149|base|60|todas|onsite,2025-09-04,lgbm_directo,prueba,4,88.9149,base,60,todas,onsite,61142,6548,67690,2531,652,1879,12090,501,5274,1496,0.266066397324613,416,"{""devolucion_origen"": 6, ""entrega_sin_recogida"": 222, ""fisico"": 228, ""fuera_servicio"": 0, ""tope"": 0, ""visitas"": 0}",6048,6048,0,0,0,2531,0,14,67,0,74,"[1.4754, 0.3848, 0.3761, 0.3338, 0.2985, 0.4454, 0.3706, 0.1767, 0.3789, 0.2391, 0.2904, 0.5099, 0.5108, 0.1653, 0.4144, 0.4606, 0.1713, 0.1737, 0.2058, 0.1739, 0.1937, 0.1753, 0.2224, 0.3651, 0.2115, 0.3716, 0.1872, 0.3266, 0.3853, 0.3316, 0.1909, 0.3174, 0.3514, 0.3923, 0.462, 0.4028, 0.3398, 0.3969, 0.3876, 0.4489, 0.3703, 0.4384, 0.5233, 0.579, 0.5885, 0.3771, 0.6041, 0.4011, 0.5272, 0.4299, 0.5518, 0.4039, 0.3761, 0.4324, 0.2976, 0.3368, 0.3268, 0.7731, 0.1808, 0.2099, 0.1927, 0.1987, 0.2105, 0.1823, 0.2129, 0.1799, 0.1901, 0.1937, 0.1876, 0.325, 0.3746, 0.187, 0.1595, 0.1591]",0.3383026665032957,0.5823129272957885,1.4754027089948067,0,28.116,6.0,0.0
2025-09-05|sin_rebalanceo|prueba|0|0.0|base|60|todas|onsite,2025-09-05,sin_rebalanceo,prueba,0,0.0,base,60,todas,onsite,220263,62723,282986,0,0,0,0,0,12114,8105,0.3995960793041389,811,"{""devolucion_origen"": 0, ""entrega_sin_recogida"": 0, ""fisico"": 0, ""fuera_servicio"": 0, ""tope"": 0, ""visitas"": 0}",0,0,0,0,0,0,0,0,0,0,0,[],0.0,0.0,0.0,0,2.31,0.0,
2025-09-05|ecobici|prueba|0|0.0|base|60|todas|onsite,2025-09-05,ecobici,prueba,0,0.0,base,60,todas,onsite,100956,12923,113879,2631,1247,1384,12733,0,1968,558,0.288272199373123,251,"{""devolucion_origen"": 0, ""entrega_sin_recogida"": 0, ""fisico"": 161, ""fuera_servicio"": 0, ""tope"": 0, ""visitas"": 0}",6214,6358,0,144,0,2611,0,66,102,0,0,[],0.0,0.0,0.0,0,2.356,0.0,2611.0
2025-09-05|oraculo_diario|prueba|4|57.5805|base|60|todas|onsite,2025-09-05,oraculo_diario,prueba,4,57.5805,base,60,todas,onsite,39129,1703,40832,2468,636,1832,11246,496,3096,298,0.248256547174458,203,"{""devolucion_origen"": 22, ""entrega_sin_recogida"": 274, ""fisico"": 296, ""fuera_servicio"": 0, ""tope"": 0, ""visitas"": 0}",5634,5634,0,0,0,2468,0,14,67,0,74,"[0.4454, 0.2959, 0.2472, 0.2789, 0.3585, 0.2951, 0.1873, 0.1673, 0.2894, 0.1859, 0.2361, 0.2459, 0.1815, 0.1725, 0.1849, 0.1738, 0.1777, 0.1749, 0.1773, 0.2509, 0.2732, 0.2541, 0.3407, 0.3819, 0.2951, 0.3751, 0.3115, 0.2771, 0.4873, 0.4062, 0.5051, 0.2825, 0.3098, 0.4302, 0.5334, 0.2698, 0.366, 0.3706, 0.4201, 0.2258, 0.2966, 0.2718, 0.2416, 0.302, 0.4145, 0.245, 0.1954, 0.3274, 0.2869, 0.1786, 0.5033, 0.2984, 0.3291, 0.4364, 0.2962, 0.3243, 0.3912, 0.1791, 0.3074, 0.2958, 0.4728, 0.3277, 0.357, 0.472, 0.3408, 0.3302, 0.3238, 0.1823, 0.2001, 0.4015, 0.1777, 0.1691, 0.1713, 0.1681]",0.2954793544959102,0.4778599314493476,0.5333694590008236,0,24.381,22.0,0.0
2025-09-05|ma_diaria|prueba|4|72.8507|base|60|todas|onsite,2025-09-05,ma_diaria,prueba,4,72.8507,base,60,todas,onsite,58163,2814,60977,2471,614,1857,11808,507,4615,525,0.2413093939003543,295,"{""devolucion_origen"": 12, ""entrega_sin_recogida"": 209, ""fisico"": 221, ""fuera_servicio"": 0, ""tope"": 0, ""visitas"": 0}",5910,5910,0,0,0,2473,2,14,67,0,74,"[0.3523, 0.544, 0.4434, 0.2888, 0.1936, 0.3506, 0.3679, 0.3192, 0.4368, 0.2693, 0.2361, 0.2974, 0.4415, 0.1648, 0.1702, 0.1966, 0.1974, 0.2267, 0.199, 0.1997, 0.21, 0.2126, 0.1998, 0.381, 0.3803, 0.3774, 0.3823, 0.6544, 0.3222, 0.3626, 0.3213, 0.3785, 0.582, 0.5358, 0.4861, 0.329, 0.409, 0.2157, 0.4753, 0.3257, 0.2101, 0.2969, 0.465, 0.5579, 0.325, 0.3044, 0.34, 0.3298, 0.4303, 0.3731, 0.1821, 0.2978, 0.3279, 0.1788, 0.3589, 0.5379, 0.2032, 0.455, 0.3505, 0.4201, 0.1949, 0.4366, 0.3932, 0.4368, 0.1907, 0.1846, 0.1787, 0.1842, 0.1835, 0.363, 0.357, 0.1823, 0.1821, 0.1704]",0.3267952079986571,0.5400806352037761,0.6543700409965822,0,26.32,12.0,0.0
2025-09-05|lgbm_diario|prueba|4|72.7447|base|60|todas|onsite,2025-09-05,lgbm_diario,prueba,4,72.7447,base,60,todas,onsite,57969,3033,61002,2482,581,1901,11156,417,4318,563,0.2392295581715904,274,"{""devolucion_origen"": 6, ""entrega_sin_recogida"": 156, ""fisico"": 162, ""fuera_servicio"": 0, ""tope"": 0, ""visitas"": 0}",5581,5581,0,0,0,2482,0,14,67,0,74,"[0.6428, 0.4973, 0.4446, 0.4263, 0.3521, 0.3619, 0.3112, 0.3128, 0.2348, 0.252, 0.3414, 0.4532, 0.1775, 0.1662, 0.1681, 0.1675, 0.1786, 0.1704, 0.177, 0.2003, 0.1747, 0.1765, 0.205, 0.1775, 0.3454, 0.1813, 0.2014, 0.3348, 0.4242, 0.4691, 0.4987, 0.6367, 0.6736, 0.4354, 0.3352, 0.5705, 0.5006, 0.5749, 0.4804, 0.3591, 0.3477, 0.3562, 0.4695, 0.5829, 0.3876, 0.7446, 0.4109, 0.2748, 0.3038, 0.3467, 0.4658, 0.1856, 0.3495, 0.3065, 0.6393, 0.3395, 0.3557, 0.369, 0.3456, 0.2054, 0.1896, 0.4122, 0.3754, 0.4009, 0.1801, 0.1772, 0.1911, 0.1809, 0.384, 0.1805, 0.3371, 0.2077, 0.1812, 0.1605]",0.3434120624988281,0.637613335201604,0.7445810419958434,0,27.499,6.0,0.0
2025-09-05|oraculo_directo|prueba|4|39.0694|base|60|todas|onsite,2025-09-05,oraculo_directo,prueba,4,39.0694,base,60,todas,onsite,26888,1858,28746,2675,701,1974,10702,429,1794,351,0.2060193109480065,109,"{""devolucion_origen"": 0, ""entrega_sin_recogida"": 424, ""fisico"": 424, ""fuera_servicio"": 0, ""tope"": 0, ""visitas"": 0}",5351,5351,0,0,0,2679,4,14,67,0,74,"[0.4313, 0.6049, 0.4652, 0.4474, 0.2335, 0.1958, 0.4237, 0.1873, 0.3251, 0.283, 0.2199, 0.2251, 0.2336, 0.1769, 0.2405, 0.252, 0.2504, 0.2905, 0.2541, 0.2545, 0.1932, 0.5457, 0.5081, 0.6532, 0.358, 0.5376, 0.5386, 0.3789, 0.4249, 0.3674, 0.2968, 0.3172, 0.4386, 0.2579, 0.1878, 0.3392, 0.1792, 0.3768, 0.3376, 0.2854, 0.2824, 0.3273, 0.5186, 0.536, 0.2914, 0.2671, 0.2854, 0.3374, 0.2507, 0.4238, 0.3438, 0.3095, 0.3375, 0.4558, 0.3565, 0.3549, 0.3168, 0.1865, 0.3458, 0.3526, 0.1849, 0.2032, 0.1964, 0.2008, 0.3321, 0.3298, 0.3463, 0.3114, 0.3299, 0.18, 0.1851, 0.2633, 0.1824, 0.1722]",0.3140988960003597,0.5379701960475358,0.6532011250019423,0,26.15,0.0,0.0
2025-09-05|lgbm_directo|prueba|4|88.9149|base|60|todas|onsite,2025-09-05,lgbm_directo,prueba,4,88.9149,base,60,todas,onsite,60288,2680,62968,2339,566,1773,11781,463,4847,471,0.2505981303904055,291,"{""devolucion_origen"": 5, ""entrega_sin_recogida"": 271, ""fisico"": 276, ""fuera_servicio"": 0, ""tope"": 0, ""visitas"": 0}",5893,5893,0,0,0,2341,2,14,67,0,74,"[1.2817, 0.4687, 0.259, 0.4295, 0.1873, 0.5358, 0.2663, 0.4992, 0.4527, 0.2479, 0.2683, 0.1714, 0.4132, 0.3144, 0.2766, 0.1843, 0.1685, 0.1863, 0.1755, 0.1747, 0.1903, 0.1756, 0.3456, 0.3645, 0.3372, 0.2009, 0.4148, 0.1926, 0.4608, 0.5215, 0.349, 0.3533, 0.3346, 0.458, 0.3749, 0.4198, 0.5334, 0.6502, 0.3665, 0.1952, 0.4871, 0.598, 0.2767, 0.4702, 0.7201, 0.4276, 0.333, 0.3787, 0.3734, 0.3384, 0.4823, 0.4129, 0.4418, 0.6863, 0.3537, 0.4672, 0.4184, 0.4965, 0.3963, 0.3686, 0.197, 0.416, 0.1838, 0.4508, 0.3686, 0.1871, 0.1893, 0.1861, 0.1801, 0.3997, 0.1687, 0.1805, 0.1653, 0.1655]",0.3591049369970278,0.6162504062496734,1.2816609159999643,0,28.837,5.0,0.0
2025-09-06|sin_rebalanceo|prueba|0|0.0|base|60|todas|onsite,2025-09-06,sin_rebalanceo,prueba,0,0.0,base,60,todas,onsite,117544,31428,148972,0,0,0,0,0,2606,2238,0.3001750981530636,195,"{""devolucion_origen"": 0, ""entrega_sin_recogida"": 0, ""fisico"": 0, ""fuera_servicio"": 0, ""tope"": 0, ""visitas"": 0}",0,0,0,0,0,0,0,0,0,0,0,[],0.0,0.0,0.0,0,1.948,0.0,
2025-09-06|ecobici|prueba|0|0.0|base|60|todas|onsite,2025-09-06,ecobici,prueba,0,0.0,base,60,todas,onsite,65620,15430,81050,1232,625,607,4037,0,233,136,0.2190065589118039,90,"{""devolucion_origen"": 0, ""entrega_sin_recogida"": 0, ""fisico"": 4, ""fuera_servicio"": 0, ""tope"": 0, ""visitas"": 0}",2029,2004,0,-25,0,1230,0,28,49,0,0,[],0.0,0.0,0.0,0,1.988,0.0,1230.0
2025-09-06|oraculo_diario|prueba|4|57.5805|base|60|todas|onsite,2025-09-06,oraculo_diario,prueba,4,57.5805,base,60,todas,onsite,15106,992,16098,1225,234,991,4169,142,432,17,0.2104050407796167,65,"{""devolucion_origen"": 5, ""entrega_sin_recogida"": 63, ""fisico"": 68, ""fuera_servicio"": 0, ""tope"": 0, ""visitas"": 0}",2087,2087,0,0,0,1225,0,14,50,0,74,"[0.1826, 0.1991, 0.2169, 0.205, 0.2097, 0.3577, 0.3259, 0.3053, 0.3262, 0.3189, 0.3106, 0.2772, 0.2718, 0.1803, 0.1811, 0.3504, 0.2885, 0.2714, 0.181, 0.3297, 0.2988, 0.2738, 0.3272, 0.3181, 0.3204, 0.2902, 0.2846, 0.3165, 0.331, 0.1997, 0.3315, 0.3334, 0.3233, 0.361, 0.1856, 0.3457, 0.3076, 0.1814, 0.2808, 0.4251, 0.4528, 0.3314, 0.4097, 0.3336, 0.3248, 0.3426, 0.2977, 0.4663, 0.3718, 0.3094, 0.1864, 0.448, 0.3221, 0.2996, 0.3957, 0.3718, 0.3894, 0.4113, 0.343, 0.4217, 0.3806, 0.3729, 0.436, 0.1856, 0.3516, 0.3572, 0.4334, 0.3567, 0.5355, 0.1854, 0.1728, 0.1732, 0.181, 0.1761]",0.321234541497688,0.4401841254461032,0.5354778749970137,0,24.856,5.0,0.0
2025-09-06|ma_diaria|prueba|4|72.8507|base|60|todas|onsite,2025-09-06,ma_diaria,prueba,4,72.8507,base,60,todas,onsite,33056,2952,36008,1274,215,1059,3849,177,1204,165,0.2198680241127298,117,"{""devolucion_origen"": 1, ""entrega_sin_recogida"": 9, ""fisico"": 10, ""fuera_servicio"": 0, ""tope"": 0, ""visitas"": 0}",1925,1925,0,0,0,1274,0,14,36,0,74,"[0.3012, 0.1985, 0.3676, 0.2016, 0.4171, 0.3516, 0.5024, 0.6769, 0.4037, 0.5382, 0.3602, 0.1816, 0.3387, 0.7159, 0.3823, 0.3742, 0.3504, 0.2024, 0.5231, 0.4241, 0.1882, 0.3683, 0.1946, 0.4609, 0.1818, 0.1933, 0.1833, 0.1866, 0.4196, 0.2041, 0.1819, 0.1982, 0.2029, 0.1875, 0.5489, 0.1913, 0.4322, 0.4655, 0.454, 0.4733, 0.5735, 0.1927, 0.9405, 0.4008, 0.1869, 0.4066, 0.1843, 0.186, 0.1827, 0.1846, 0.1939, 0.506, 0.1842, 0.2035, 0.1866, 0.1865, 0.1936, 0.1903, 0.1859, 0.1878, 0.1947, 0.2081, 0.1867, 0.1942, 0.1811, 0.203, 0.4293, 0.419, 0.177, 0.1824, 0.3326, 0.1684, 0.1823, 0.1628]",0.2026323540012526,0.5575532977967668,0.9404906670024502,0,24.618,1.0,0.0
2025-09-06|lgbm_diario|prueba|4|72.7447|base|60|todas|onsite,2025-09-06,lgbm_diario,prueba,4,72.7447,base,60,todas,onsite,33275,3362,36637,1261,203,1058,3705,167,1225,173,0.2243136100417458,116,"{""devolucion_origen"": 5, ""entrega_sin_recogida"": 4, ""fisico"": 9, ""fuera_servicio"": 0, ""tope"": 0, ""visitas"": 0}",1855,1855,0,0,0,1261,0,14,35,0,74,"[0.1912, 0.186, 0.3583, 0.1761, 0.4544, 0.1802, 0.1812, 0.3451, 0.4219, 0.3637, 0.4516, 0.2018, 0.3979, 0.6035, 0.3836, 0.1947, 0.1929, 0.3848, 0.4317, 0.3408, 0.1889, 0.4449, 0.1843, 0.1797, 0.1796, 0.1923, 0.1836, 0.1804, 0.186, 0.1872, 0.2017, 0.2278, 0.2005, 0.2024, 0.4932, 0.193, 0.2136, 0.3777, 0.4665, 0.3796, 0.3659, 0.1857, 0.3773, 0.519, 0.4062, 0.1852, 0.5358, 0.1869, 0.1844, 0.411, 0.6041, 0.4995, 0.2207, 0.1908, 0.5034, 0.1838, 0.1836, 0.1893, 0.1859, 0.1904, 0.4059, 0.2028, 0.4227, 0.1997, 0.2124, 0.1794, 1.0307, 0.1889, 0.195, 0.1981, 0.3297, 0.2958, 0.1844, 0.1621]",0.20210972950008,0.5248961812529159,1.030739125002583,0,24.105,5.0,0.0
2025-09-06|oraculo_directo|prueba|4|39.0694|base|60|todas|onsite,2025-09-06,oraculo_directo,prueba,4,39.0694,base,60,todas,onsite,11006,1084,12090,1081,217,864,3208,120,217,17,0.2022020579884872,49,"{""devolucion_origen"": 0, ""entrega_sin_recogida"": 52, ""fisico"": 52, ""fuera_servicio"": 0, ""tope"": 0, ""visitas"": 0}",1604,1604,0,0,0,1081,0,14,59,0,74,"[0.1868, 0.4151, 0.4187, 0.4773, 0.3454, 0.4611, 0.4819, 0.3279, 0.1896, 0.4616, 0.5196, 0.3904, 0.4541, 0.1911, 0.3102, 0.1866, 0.3044, 0.3007, 0.3136, 0.286, 0.2847, 0.4234, 0.294, 0.2913, 0.4351, 0.3267, 0.2219, 0.287, 0.316, 0.2997, 0.3193, 0.3189, 0.549, 0.3964, 0.1863, 0.2933, 0.2169, 0.3814, 0.4291, 0.1938, 0.1943, 0.3595, 0.3144, 0.2012, 0.3428, 0.3203, 0.3031, 0.2982, 0.3703, 0.1869, 0.3757, 0.344, 0.3174, 0.3423, 0.4002, 0.3266, 0.1902, 0.3599, 0.4497, 0.3339, 0.3524, 0.1951, 0.3738, 0.3225, 0.5318, 0.6449, 0.3097, 0.6705, 0.9932, 0.4634, 0.9632, 0.1734, 0.1739, 0.1734]",0.3245418539991078,0.5825741853052018,0.9932447089959168,0,28.13,0.0,0.0
2025-09-06|lgbm_directo|prueba|4|88.9149|base|60|todas|onsite,2025-09-06,lgbm_directo,prueba,4,88.9149,base,60,todas,onsite,31871,2849,34720,1311,226,1085,4516,201,1281,151,0.2234362145482039,115,"{""devolucion_origen"": 2, ""entrega_sin_recogida"": 9, ""fisico"": 11, ""fuera_servicio"": 0, ""tope"": 0, ""visitas"": 0}",2259,2259,0,0,0,1311,0,14,36,0,74,"[1.2872, 0.3802, 0.4007, 0.3898, 0.226, 0.1851, 0.3891, 0.5515, 0.3366, 0.3604, 0.442, 0.5061, 0.7758, 0.7447, 0.601, 0.3933, 0.3837, 0.2003, 0.4317, 0.3932, 0.1996, 0.2024, 0.2048, 0.3969, 0.1987, 0.1891, 0.1777, 0.1807, 0.4487, 0.1886, 0.5638, 0.3913, 0.4802, 0.1868, 0.402, 0.2091, 0.4929, 0.3765, 0.3893, 0.566, 0.3789, 0.5127, 0.7768, 0.8171, 0.1812, 0.186, 0.5306, 0.4463, 0.4049, 0.4076, 0.1893, 0.4613, 0.5351, 0.1867, 0.3944, 0.5489, 0.1947, 0.1799, 0.5094, 0.1937, 0.1895, 0.2107, 0.2205, 0.1809, 0.1991, 0.2164, 0.4291, 0.3706, 0.1934, 0.375, 0.3098, 0.1859, 0.1652, 0.1598]",0.3795736879983451,0.7555639188500207,1.2872045000040089,0,29.296,2.0,0.0
2025-09-07|sin_rebalanceo|prueba|0|0.0|base|60|todas|onsite,2025-09-07,sin_rebalanceo,prueba,0,0.0,base,60,todas,onsite,124977,23463,148440,0,0,0,0,0,2414,1022,0.273940982830725,125,"{""devolucion_origen"": 0, ""entrega_sin_recogida"": 0, ""fisico"": 0, ""fuera_servicio"": 0, ""tope"": 0, ""visitas"": 0}",0,0,0,0,0,0,0,0,0,0,0,[],0.0,0.0,0.0,0,1.911,0.0,
2025-09-07|ecobici|prueba|0|0.0|base|60|todas|onsite,2025-09-07,ecobici,prueba,0,0.0,base,60,todas,onsite,71636,12587,84223,1106,532,574,3919,0,243,95,0.2244676769102875,77,"{""devolucion_origen"": 0, ""entrega_sin_recogida"": 0, ""fisico"": 6, ""fuera_servicio"": 0, ""tope"": 0, ""visitas"": 0}",2039,1874,0,-165,0,1106,0,21,52,0,0,[],0.0,0.0,0.0,0,1.97,0.0,1106.0
2025-09-07|oraculo_diario|prueba|4|57.5805|base|60|todas|onsite,2025-09-07,oraculo_diario,prueba,4,57.5805,base,60,todas,onsite,15423,832,16255,1218,223,995,3874,217,443,25,0.207429322026111,32,"{""devolucion_origen"": 8, ""entrega_sin_recogida"": 98, ""fisico"": 106, ""fuera_servicio"": 0, ""tope"": 0, ""visitas"": 0}",1941,1941,0,0,0,1218,0,14,46,0,74,"[0.1799, 0.1922, 0.416, 0.4006, 0.3966, 0.3953, 0.3599, 0.3283, 0.3591, 0.3164, 0.3231, 0.6357, 0.2807, 0.4281, 0.2639, 0.5453, 0.3775, 0.1732, 0.4791, 0.3471, 0.2881, 0.283, 0.2864, 0.3086, 0.1901, 0.2983, 0.2799, 0.3319, 0.3182, 0.2833, 0.4247, 0.2846, 0.3189, 0.3469, 0.2952, 0.3689, 0.3157, 0.2932, 0.3299, 0.4254, 0.3396, 0.3526, 0.3398, 0.4041, 0.6258, 0.6845, 0.1883, 0.6612, 0.3435, 0.204, 0.1912, 0.3543, 0.3694, 0.4027, 0.4917, 0.2113, 0.4792, 0.1846, 0.4808, 0.2076, 0.3979, 0.6956, 0.467, 0.4977, 1.6411, 0.3825, 0.3902, 1.5052, 0.2621, 0.4891, 0.1909, 0.1723, 0.1739, 0.1706]",0.3416740624998056,0.6693339557958096,1.6410787080021692,0,30.324,8.0,0.0
2025-09-07|ma_diaria|prueba|4|72.8507|base|60|todas|onsite,2025-09-07,ma_diaria,prueba,4,72.8507,base,60,todas,onsite,31493,2243,33736,1291,199,1092,4073,208,978,97,0.2156724394084745,56,"{""devolucion_origen"": 5, ""entrega_sin_recogida"": 31, ""fisico"": 36, ""fuera_servicio"": 0, ""tope"": 0, ""visitas"": 0}",2039,2039,0,0,0,1291,0,14,46,0,74,"[0.22, 0.1921, 0.2083, 0.3753, 0.4836, 0.526, 0.3575, 0.2152, 0.5282, 0.1933, 0.3077, 0.3408, 0.3858, 0.1814, 0.3974, 0.3639, 0.1879, 0.6112, 0.3937, 0.1761, 0.5343, 0.5052, 0.3554, 0.4857, 0.3526, 0.3548, 0.3373, 0.5977, 0.385, 0.3984, 0.3703, 0.3432, 0.4246, 0.4116, 0.4737, 0.4527, 0.4189, 0.2156, 0.2251, 0.1901, 0.5089, 0.1827, 0.4792, 0.1874, 0.4852, 0.1887, 0.4378, 0.1876, 0.2168, 0.4433, 0.4912, 0.1866, 0.5467, 0.4905, 0.2174, 0.2034, 0.4871, 0.2172, 0.3775, 0.3166, 0.183, 0.1874, 0.1901, 0.595, 0.5881, 0.4801, 0.4356, 0.4041, 0.1995, 0.1847, 0.1882, 0.3398, 0.1726, 0.1737]",0.3564663545039366,0.5611971475980678,0.611249041998235,0,27.56,5.0,0.0
2025-09-07|lgbm_diario|prueba|4|72.7447|base|60|todas|onsite,2025-09-07,lgbm_diario,prueba,4,72.7447,base,60,todas,onsite,34562,2313,36875,1297,194,1103,3871,186,1016,97,0.2306624232650207,49,"{""devolucion_origen"": 5, ""entrega_sin_recogida"": 41, ""fisico"": 46, ""fuera_servicio"": 0, ""tope"": 0, ""visitas"": 0}",1938,1938,0,0,0,1299,2,14,42,0,74,"[0.1837, 0.1907, 0.4063, 0.3835, 0.3701, 0.3673, 0.1864, 0.2029, 0.578, 0.6227, 0.5314, 0.4334, 0.3693, 0.3998, 0.5698, 0.3633, 0.181, 0.8564, 0.3554, 0.3389, 0.3201, 0.4378, 0.3434, 0.454, 0.3263, 0.356, 0.6376, 0.4918, 0.7317, 0.3727, 0.1794, 0.1839, 0.3554, 0.1846, 0.3519, 0.1882, 0.1805, 0.4295, 0.1827, 0.185, 0.4256, 0.1811, 0.3999, 0.424, 0.5051, 0.1912, 0.1825, 0.1889, 0.3873, 0.5139, 0.1891, 0.1827, 0.2026, 0.4857, 0.4035, 0.189, 0.4632, 0.1899, 0.2052, 0.3968, 0.1891, 0.1957, 0.1851, 0.5546, 0.1895, 0.5283, 0.1806, 0.1861, 0.1833, 0.1867, 0.3057, 0.3674, 0.186, 0.1661]",0.3476354795020597,0.5936191981461886,0.8563742499973159,0,26.683,5.0,0.0
2025-09-07|oraculo_directo|prueba|4|39.0694|base|60|todas|onsite,2025-09-07,oraculo_directo,prueba,4,39.0694,base,60,todas,onsite,10570,1012,11582,964,190,774,2572,152,212,23,0.2260849156010875,25,"{""devolucion_origen"": 0, ""entrega_sin_recogida"": 33, ""fisico"": 33, ""fuera_servicio"": 0, ""tope"": 0, ""visitas"": 0}",1286,1286,0,0,0,964,0,14,50,0,74,"[0.1858, 0.1877, 0.426, 0.4207, 0.1963, 0.1894, 0.4406, 0.4073, 0.5389, 0.3709, 0.7044, 0.5431, 0.4215, 0.2921, 0.4573, 0.4623, 0.3258, 0.2836, 0.2893, 0.4253, 0.3709, 0.2827, 0.4719, 0.3191, 0.2299, 0.5569, 0.4478, 0.3052, 0.2024, 0.2183, 0.3276, 0.2951, 0.184, 0.2873, 0.1839, 0.183, 0.1865, 0.3211, 0.202, 0.3096, 0.3273, 0.2992, 0.2074, 0.3344, 0.4003, 0.1972, 0.2181, 0.3487, 0.3462, 0.3563, 0.3834, 0.3424, 0.2004, 0.1863, 0.1909, 0.4268, 0.1889, 0.1895, 0.3679, 0.4271, 0.2135, 0.3606, 0.3455, 0.4945, 0.3014, 0.3223, 0.2067, 0.2066, 0.4378, 0.1976, 0.1809, 0.1784, 0.1829, 0.2789]",0.3074371665024955,0.5100307169952427,0.704416417000175,0,25.193,0.0,0.0
2025-09-07|lgbm_directo|prueba|4|88.9149|base|60|todas|onsite,2025-09-07,lgbm_directo,prueba,4,88.9149,base,60,todas,onsite,30761,1442,32203,1401,232,1169,4796,253,1136,71,0.2237118392622266,52,"{""devolucion_origen"": 10, ""entrega_sin_recogida"": 129, ""fisico"": 139, ""fuera_servicio"": 0, ""tope"": 0, ""visitas"": 0}",2403,2403,0,0,0,1401,0,14,51,0,74,"[1.0511, 0.1942, 0.1859, 0.3664, 0.4054, 0.3902, 0.3705, 0.1947, 0.3542, 0.345, 0.9249, 0.5389, 0.4614, 0.3226, 0.5789, 0.3575, 0.6825, 0.3606, 0.4283, 0.5901, 0.5111, 0.3435, 0.3477, 0.1869, 0.1742, 0.5009, 0.5479, 0.347, 0.4379, 0.4836, 0.1896, 0.3782, 0.3539, 0.197, 0.45, 0.1848, 0.2164, 0.3689, 0.5474, 0.1871, 0.3872, 0.3632, 0.3761, 0.3875, 0.4292, 0.1851, 0.1971, 0.5094, 0.3924, 0.1887, 0.182, 0.5324, 0.5582, 0.4145, 0.4254, 0.3343, 0.3537, 0.1938, 0.1953, 0.3102, 0.1922, 0.1882, 0.1899, 0.3527, 0.1973, 0.8065, 0.1888, 0.3809, 0.1869, 0.1818, 0.1724, 0.1919, 0.1665, 0.1647]",0.3540297295003256,0.6224705329961575,1.0511360829987098,0,28.454,10.0,0.0
2025-09-08|sin_rebalanceo|prueba|0|0.0|base|60|todas|onsite,2025-09-08,sin_rebalanceo,prueba,0,0.0,base,60,todas,onsite,211468,67590,279058,0,0,0,0,0,13409,8773,0.4490316145707161,1174,"{""devolucion_origen"": 0, ""entrega_sin_recogida"": 0, ""fisico"": 0, ""fuera_servicio"": 0, ""tope"": 0, ""visitas"": 0}",0,0,0,0,0,0,0,0,0,0,0,[],0.0,0.0,0.0,0,2.346,0.0,
2025-09-08|ecobici|prueba|0|0.0|base|60|todas|onsite,2025-09-08,ecobici,prueba,0,0.0,base,60,todas,onsite,100342,18053,118395,2965,1456,1509,15649,0,2820,892,0.2613288796361894,369,"{""devolucion_origen"": 0, ""entrega_sin_recogida"": 0, ""fisico"": 337, ""fuera_servicio"": 0, ""tope"": 0, ""visitas"": 0}",7605,7707,0,102,0,2953,0,67,128,0,0,[],0.0,0.0,0.0,0,2.326,0.0,2953.0
2025-09-08|oraculo_diario|prueba|4|57.5805|base|60|todas|onsite,2025-09-08,oraculo_diario,prueba,4,57.5805,base,60,todas,onsite,46105,2535,48640,2713,708,2005,12835,521,4860,995,0.2924421099365503,316,"{""devolucion_origen"": 15, ""entrega_sin_recogida"": 361, ""fisico"": 376, ""fuera_servicio"": 0, ""tope"": 0, ""visitas"": 0}",6425,6425,0,0,0,2713,0,14,67,0,74,"[0.2698, 0.2728, 0.3447, 0.2269, 0.5543, 0.165, 0.285, 0.2224, 0.2442, 0.2743, 0.2331, 0.4552, 0.4189, 0.1684, 0.443, 0.217, 0.194, 0.1727, 0.1717, 0.3615, 0.3707, 0.2835, 0.3645, 0.2965, 0.3312, 0.5456, 0.287, 0.2859, 0.2833, 0.2986, 0.4036, 0.1884, 0.3222, 0.2676, 0.1836, 0.1954, 0.3212, 0.2945, 0.2726, 0.3344, 0.5482, 0.3431, 0.3259, 0.3429, 0.192, 0.2861, 0.2635, 0.255, 0.324, 0.3235, 0.2437, 0.3675, 0.2602, 0.5741, 0.4204, 0.3635, 0.3252, 0.2843, 0.2712, 0.2842, 0.277, 0.2764, 0.2814, 0.1904, 0.3287, 0.1909, 0.1841, 0.1895, 0.1929, 0.3091, 0.1843, 0.1728, 0.1781, 0.1679]",0.2833982080010173,0.4868439625057357,0.5741379169994616,0,23.921,15.0,0.0
2025-09-08|ma_diaria|prueba|4|72.8507|base|60|todas|onsite,2025-09-08,ma_diaria,prueba,4,72.8507,base,60,todas,onsite,64990,4632,69622,2801,711,2090,13196,520,6420,1302,0.2972821301938816,442,"{""devolucion_origen"": 18, ""entrega_sin_recogida"": 216, ""fisico"": 234, ""fuera_servicio"": 0, ""tope"": 0, ""visitas"": 0}",6607,6607,0,0,0,2801,0,14,67,0,74,"[0.4288, 0.3098, 0.6446, 0.3258, 0.2463, 0.4662, 0.2646, 0.5078, 0.434, 0.3342, 0.2708, 0.6332, 0.59, 0.3082, 0.2667, 0.1717, 0.1862, 0.1719, 0.1726, 0.1748, 0.1878, 0.1757, 0.1779, 0.1881, 0.1926, 0.3993, 0.1832, 0.1895, 0.1826, 0.4478, 0.8546, 0.4627, 0.4817, 0.4185, 0.3815, 0.3624, 0.375, 0.427, 0.1825, 0.4845, 0.3989, 0.3833, 0.4605, 0.5243, 0.3877, 0.4548, 0.3581, 0.2922, 0.378, 0.3474, 0.3144, 0.4783, 0.4853, 0.4273, 0.2924, 0.3442, 0.2997, 0.2795, 0.1739, 0.1744, 0.1784, 0.1801, 0.1737, 0.1774, 0.1993, 0.1742, 0.184, 0.1767, 0.1882, 0.174, 0.3182, 0.3764, 0.1638, 0.1603]",0.3090069585014134,0.5473049914493454,0.8545605839972268,0,26.116,18.0,0.0
2025-09-08|lgbm_diario|prueba|4|72.7447|base|60|todas|onsite,2025-09-08,lgbm_diario,prueba,4,72.7447,base,60,todas,onsite,67884,4940,72824,2859,692,2167,12595,507,6415,1260,0.2980462867193419,439,"{""devolucion_origen"": 11, ""entrega_sin_recogida"": 156, ""fisico"": 167, ""fuera_servicio"": 0, ""tope"": 0, ""visitas"": 0}",6303,6303,0,0,0,2859,0,14,67,0,74,"[0.3076, 0.4076, 0.3267, 0.2725, 0.281, 0.2877, 0.3274, 0.3506, 0.5324, 0.2346, 0.2882, 0.376, 0.3869, 0.3491, 0.1717, 0.2038, 0.1699, 0.1891, 0.1715, 0.2028, 0.2094, 0.1971, 0.1854, 0.217, 0.1831, 0.3875, 0.4576, 0.3576, 0.183, 0.3608, 0.3558, 0.3683, 0.4679, 0.5625, 0.3882, 0.3517, 0.3623, 0.3781, 0.4366, 0.4957, 0.3117, 0.4798, 0.4784, 0.7062, 0.3037, 0.3351, 0.1796, 0.4266, 0.9462, 0.3663, 0.668, 0.4561, 0.4631, 0.8054, 0.3832, 0.2861, 0.2023, 0.1757, 0.2817, 0.1755, 0.1938, 0.1831, 0.2071, 0.1941, 0.1752, 0.1812, 0.1961, 0.1776, 0.1722, 0.1764, 0.3509, 0.2863, 0.1884, 0.1643]",0.305614749500819,0.599447599451741,0.9461968749965308,0,26.462,11.0,0.0
2025-09-08|oraculo_directo|prueba|4|39.0694|base|60|todas|onsite,2025-09-08,oraculo_directo,prueba,4,39.0694,base,60,todas,onsite,31797,1965,33762,2968,813,2155,12788,492,3330,721,0.2761103952295466,237,"{""devolucion_origen"": 0, ""entrega_sin_recogida"": 523, ""fisico"": 523, ""fuera_servicio"": 0, ""tope"": 0, ""visitas"": 0}",6394,6394,0,0,0,2968,0,14,67,0,74,"[0.2528, 0.1748, 0.2796, 0.2533, 0.226, 0.3518, 0.2816, 0.2613, 0.2275, 0.2252, 0.2227, 0.1796, 0.3221, 0.4488, 0.2214, 0.1786, 0.286, 0.249, 0.3327, 0.2652, 0.2725, 0.401, 0.3285, 0.3157, 0.2012, 0.3569, 0.2098, 0.2988, 0.2788, 0.363, 0.3885, 0.3028, 0.3386, 0.3722, 0.3918, 0.43, 0.3171, 0.591, 0.2502, 0.4111, 0.1855, 0.1815, 0.2765, 0.2675, 0.4337, 0.2902, 0.4224, 0.3299, 0.3345, 0.4778, 0.3593, 0.4918, 0.6847, 0.2759, 0.2516, 0.2648, 0.3208, 0.3309, 0.3987, 0.2941, 0.3026, 0.1893, 0.1863, 0.1995, 0.3396, 0.1878, 0.3133, 0.1784, 0.1877, 0.262, 0.272, 0.178, 0.2058, 0.1968]",0.2805942915001651,0.4589636352968226,0.6847253750020172,0,24.448,0.0,0.0
2025-09-08|lgbm_directo|prueba|4|88.9149|base|60|todas|onsite,2025-09-08,lgbm_directo,prueba,4,88.9149,base,60,todas,onsite,68526,4769,73295,2672,661,2011,12980,514,6780,1367,0.298615817958823,459,"{""devolucion_origen"": 14, ""entrega_sin_recogida"": 226, ""fisico"": 240, ""fuera_servicio"": 0, ""tope"": 0, ""visitas"": 0}",6497,6497,0,0,0,2676,4,14,67,0,74,"[1.5382, 0.2954, 0.3229, 0.2084, 0.4014, 0.323, 0.1931, 0.5413, 0.571, 0.4959, 0.1638, 0.5941, 0.5791, 0.2614, 0.3138, 0.1794, 0.1692, 0.2057, 0.1907, 0.219, 0.2124, 0.1998, 0.2005, 0.1951, 0.1871, 0.1873, 0.4493, 0.1832, 0.4949, 0.4731, 0.4934, 0.3814, 0.4117, 0.4692, 0.4114, 0.6083, 0.3715, 0.1921, 0.4705, 0.3133, 0.1787, 0.1808, 0.3855, 0.4993, 0.3313, 0.1868, 0.3842, 0.3122, 0.3624, 0.4734, 0.4034, 0.5419, 0.3142, 0.362, 0.3399, 0.1718, 0.2851, 0.2908, 0.1726, 0.3786, 0.1771, 0.1756, 0.1738, 0.1754, 0.1748, 0.1817, 0.1712, 0.175, 0.193, 0.3399, 0.2971, 0.1959, 0.1588, 0.1589]",0.2962460000017017,0.5738597708463202,1.5381916670012288,0,26.286,14.0,0.0
2025-09-09|sin_rebalanceo|prueba|0|0.0|base|60|todas|onsite,2025-09-09,sin_rebalanceo,prueba,0,0.0,base,60,todas,onsite,180391,62778,243169,0,0,0,0,0,9902,8238,0.4020264339560279,1119,"{""devolucion_origen"": 0, ""entrega_sin_recogida"": 0, ""fisico"": 0, ""fuera_servicio"": 0, ""tope"": 0, ""visitas"": 0}",0,0,0,0,0,0,0,0,0,0,0,[],0.0,0.0,0.0,0,2.276,0.0,
2025-09-09|ecobici|prueba|0|0.0|base|60|todas|onsite,2025-09-09,ecobici,prueba,0,0.0,base,60,todas,onsite,82460,17169,99629,2652,1271,1381,12902,0,1603,726,0.2193168696347459,300,"{""devolucion_origen"": 0, ""entrega_sin_recogida"": 0, ""fisico"": 101, ""fuera_servicio"": 0, ""tope"": 0, ""visitas"": 0}",6377,6424,0,47,0,2634,0,73,110,0,0,[],0.0,0.0,0.0,0,2.28,0.0,2634.0
2025-09-09|oraculo_diario|prueba|4|57.5805|base|60|todas|onsite,2025-09-09,oraculo_diario,prueba,4,57.5805,base,60,todas,onsite,33343,2781,36124,2301,649,1652,10555,525,2580,821,0.2828697014590017,277,"{""devolucion_origen"": 15, ""entrega_sin_recogida"": 276, ""fisico"": 291, ""fuera_servicio"": 0, ""tope"": 0, ""visitas"": 0}",5285,5285,0,0,0,2301,0,14,67,0,74,"[0.5284, 0.4465, 0.2212, 0.2372, 0.3161, 0.229, 0.2408, 0.4666, 0.2433, 0.2604, 0.3503, 0.2314, 0.2341, 0.1641, 0.167, 0.1642, 0.1718, 0.171, 0.1674, 0.1727, 0.2883, 0.1766, 0.1913, 0.2695, 0.2812, 0.3695, 0.3534, 0.2709, 0.3088, 0.2816, 0.1994, 0.2771, 0.4049, 0.3187, 0.2841, 0.5081, 0.415, 0.4192, 0.4013, 0.5425, 0.4056, 0.4352, 0.3779, 0.5014, 0.4553, 0.4052, 0.3686, 0.5433, 0.4569, 0.2873, 0.2924, 0.3379, 0.4304, 0.2705, 0.372, 0.4532, 0.3387, 0.2798, 0.4115, 0.3115, 0.2286, 0.3269, 0.3059, 0.2021, 0.1842, 0.196, 0.1875, 0.1784, 0.2009, 0.1731, 0.1815, 0.1717, 0.1765, 0.1658]",0.2828619579959195,0.5037592061482428,0.5433432909994735,0,24.595,15.0,0.0
2025-09-09|ma_diaria|prueba|4|72.8507|base|60|todas|onsite,2025-09-09,ma_diaria,prueba,4,72.8507,base,60,todas,onsite,50210,5283,55493,2379,661,1718,10923,497,3750,1063,0.2708596740845119,437,"{""devolucion_origen"": 43, ""entrega_sin_recogida"": 210, ""fisico"": 253, ""fuera_servicio"": 0, ""tope"": 0, ""visitas"": 0}",5483,5483,0,0,0,2379,0,14,67,0,74,"[0.1795, 0.4258, 0.4629, 0.4753, 0.2572, 0.2332, 0.3472, 0.2362, 0.4377, 0.3308, 0.2996, 0.1642, 0.1634, 0.1873, 0.1827, 0.1806, 0.1681, 0.1914, 0.1743, 0.1672, 0.1702, 0.198, 0.1742, 0.1973, 0.1756, 0.1788, 0.3243, 0.3173, 0.3297, 0.2182, 0.2095, 0.3509, 0.3865, 0.4584, 0.3594, 0.6078, 0.1983, 0.3596, 0.5943, 0.4412, 0.4789, 0.3932, 0.4273, 0.4113, 0.4355, 0.45, 0.5914, 0.3348, 0.5891, 0.355, 0.1849, 0.3887, 0.3787, 0.4115, 0.3447, 0.3693, 0.6488, 0.41, 0.3622, 0.3297, 0.3231, 0.2113, 0.1804, 0.1795, 0.2072, 0.1758, 0.1754, 0.1805, 0.1768, 0.1828, 0.3179, 0.2737, 0.1882, 0.1597]",0.317626186999405,0.5898959023023053,0.6487917080012267,0,25.061,43.0,0.0
2025-09-09|lgbm_diario|prueba|4|72.7447|base|60|todas|onsite,2025-09-09,lgbm_diario,prueba,4,72.7447,base,60,todas,onsite,50686,5007,55693,2382,641,1741,10847,517,3796,1135,0.2708938432082498,399,"{""devolucion_origen"": 11, ""entrega_sin_recogida"": 190, ""fisico"": 201, ""fuera_servicio"": 0, ""tope"": 0, ""visitas"": 0}",5429,5429,0,0,0,2382,0,14,67,0,74,"[0.272, 0.3235, 0.347, 0.1777, 0.5107, 0.384, 0.3055, 0.2831, 0.3008, 0.3526, 0.5638, 0.4442, 0.4745, 0.301, 0.1598, 0.1756, 0.1651, 0.1683, 0.1677, 0.1704, 0.1799, 0.1866, 0.1746, 0.1734, 0.1953, 0.1897, 0.3349, 0.2174, 0.3927, 0.1944, 0.1837, 0.3712, 0.209, 0.1986, 0.318, 0.4013, 0.3392, 0.1774, 0.3818, 0.1833, 0.2884, 0.396, 0.3425, 0.2908, 0.2975, 0.1787, 0.4936, 0.3353, 0.352, 0.203, 0.3333, 0.4996, 0.4109, 0.6999, 0.4491, 0.5075, 0.4546, 0.3928, 0.4375, 0.4482, 0.2049, 0.3382, 0.2019, 0.1824, 0.1944, 0.18, 0.1754, 0.1816, 0.1896, 0.1809, 0.3074, 0.2754, 0.1814, 0.1601]",0.2896167500039155,0.5023792727984983,0.6998758750050911,0,24.161,11.0,0.0
2025-09-09|oraculo_directo|prueba|4|39.0694|base|60|todas|onsite,2025-09-09,oraculo_directo,prueba,4,39.0694,base,60,todas,onsite,24335,2397,26732,2440,672,1768,10021,467,1801,748,0.245217514534742,224,"{""devolucion_origen"": 1, ""entrega_sin_recogida"": 363, ""fisico"": 364, ""fuera_servicio"": 0, ""tope"": 0, ""visitas"": 0}",5011,5011,0,0,0,2440,0,14,67,0,74,"[0.6266, 0.2757, 0.348, 0.2631, 0.3654, 0.187, 0.3786, 0.1733, 0.4879, 0.1688, 0.1657, 0.5037, 0.4316, 0.2408, 0.3428, 0.3465, 0.1985, 0.1724, 0.2592, 0.3215, 0.1774, 0.3239, 0.3018, 0.2826, 0.3771, 0.4202, 0.5052, 0.1889, 0.404, 0.4456, 0.4139, 0.376, 0.2955, 0.3145, 0.5395, 0.4471, 0.4909, 0.3177, 0.3814, 0.5966, 0.2847, 0.1836, 0.2767, 0.414, 0.516, 0.5262, 0.1858, 0.4632, 0.4276, 0.4168, 0.4824, 0.5718, 0.3391, 0.3518, 0.3926, 0.3243, 0.3595, 0.3219, 0.3786, 0.3163, 0.2124, 0.1858, 0.2223, 0.2039, 0.1988, 0.2152, 0.1864, 0.1866, 0.1904, 0.1887, 0.1918, 0.1976, 0.1738, 0.1709]",0.3217084165007691,0.5308505226978013,0.6265669999993406,0,26.392,1.0,0.0
2025-09-09|lgbm_directo|prueba|4|88.9149|base|60|todas|onsite,2025-09-09,lgbm_directo,prueba,4,88.9149,base,60,todas,onsite,51401,5005,56406,2255,617,1638,10942,521,4130,1066,0.2751078063054015,476,"{""devolucion_origen"": 12, ""entrega_sin_recogida"": 230, ""fisico"": 242, ""fuera_servicio"": 0, ""tope"": 0, ""visitas"": 0}",5477,5477,0,0,0,2255,0,14,67,0,74,"[1.2416, 0.2194, 0.2556, 0.2598, 0.3333, 0.2861, 0.3069, 0.2446, 0.4167, 0.4933, 0.1846, 0.3524, 0.1678, 0.1825, 0.1603, 0.1583, 0.1762, 0.1657, 0.1681, 0.1989, 0.174, 0.2026, 0.198, 0.1794, 0.2106, 0.3607, 0.1778, 0.2085, 0.4101, 0.3938, 0.1838, 0.1854, 0.323, 0.3459, 0.4236, 0.3136, 0.2999, 0.5832, 0.3243, 0.6052, 0.5295, 0.4475, 0.3616, 0.4319, 0.3007, 0.3459, 0.524, 0.3225, 0.3025, 0.5342, 0.3864, 0.5178, 0.4393, 0.4382, 0.355, 0.5218, 0.4121, 0.4679, 0.8497, 0.4515, 0.1808, 0.1812, 0.1849, 0.1975, 0.1871, 0.1887, 0.174, 0.1803, 0.1796, 0.3549, 0.3025, 0.1931, 0.171, 0.1631]",0.3016116465005325,0.5513566392499339,1.2416370420032763,0,26.113,12.0,0.0
2025-09-11|sin_rebalanceo|prueba|0|0.0|base|60|todas|onsite,2025-09-11,sin_rebalanceo,prueba,0,0.0,base,60,todas,onsite,214929,68580,283509,0,0,0,0,0,13179,9343,0.4412506407760039,878,"{""devolucion_origen"": 0, ""entrega_sin_recogida"": 0, ""fisico"": 0, ""fuera_servicio"": 0, ""tope"": 0, ""visitas"": 0}",0,0,0,0,0,0,0,0,0,0,0,[],0.0,0.0,0.0,0,2.492,0.0,
2025-09-11|ecobici|prueba|0|0.0|base|60|todas|onsite,2025-09-11,ecobici,prueba,0,0.0,base,60,todas,onsite,106944,19717,126661,2650,1247,1403,13751,0,2431,976,0.254562684349038,273,"{""devolucion_origen"": 0, ""entrega_sin_recogida"": 0, ""fisico"": 181, ""fuera_servicio"": 0, ""tope"": 0, ""visitas"": 0}",6699,6871,0,172,0,2631,0,73,115,0,0,[],0.0,0.0,0.0,0,2.359,0.0,2631.0
2025-09-11|oraculo_diario|prueba|4|57.5805|base|60|todas|onsite,2025-09-11,oraculo_diario,prueba,4,57.5805,base,60,todas,onsite,44229,3621,47850,2704,726,1978,12747,510,4170,1114,0.2575477223339124,228,"{""devolucion_origen"": 29, ""entrega_sin_recogida"": 321, ""fisico"": 350, ""fuera_servicio"": 0, ""tope"": 0, ""visitas"": 0}",6388,6388,0,0,0,2704,0,14,67,0,74,"[0.2755, 0.2971, 0.5693, 0.3305, 0.1876, 0.2718, 0.2744, 0.4999, 0.2131, 0.2658, 0.1687, 0.2384, 0.2832, 0.1687, 0.1701, 0.1638, 0.1698, 0.1644, 0.1724, 0.1724, 0.2001, 0.1761, 0.1772, 0.2786, 0.3974, 0.1833, 0.3083, 0.3395, 0.2791, 0.2929, 0.1846, 0.2963, 0.4181, 0.6456, 0.3126, 0.4949, 0.2884, 0.27, 0.3378, 0.5521, 0.38, 0.2679, 0.3696, 0.1796, 0.274, 0.3481, 0.2762, 0.1926, 0.2564, 0.3308, 0.2407, 0.4844, 0.1807, 0.2677, 0.2923, 0.2875, 0.3785, 0.3254, 0.2946, 0.4127, 0.3421, 0.4096, 0.2965, 0.2022, 0.3569, 0.3517, 0.3222, 0.1809, 0.3154, 0.1773, 0.1818, 0.1686, 0.1887, 0.1905]",0.2774322079967533,0.4966329732505982,0.6456443750066683,0,23.577,29.0,0.0
2025-09-11|ma_diaria|prueba|4|72.8507|base|60|todas|onsite,2025-09-11,ma_diaria,prueba,4,72.8507,base,60,todas,onsite,63474,4894,68368,2635,696,1939,12101,483,5549,1296,0.2800791982156624,316,"{""devolucion_origen"": 13, ""entrega_sin_recogida"": 184, ""fisico"": 197, ""fuera_servicio"": 0, ""tope"": 0, ""visitas"": 0}",6057,6057,0,0,0,2635,0,14,67,0,74,"[0.2842, 0.2638, 0.3097, 0.2707, 0.4174, 0.4974, 0.435, 0.2803, 0.2278, 0.4527, 0.3141, 0.2417, 0.3592, 0.1931, 0.1664, 0.1755, 0.1681, 0.1664, 0.1738, 0.1715, 0.1865, 0.1807, 0.1771, 0.1786, 0.1984, 0.1812, 0.1875, 0.392, 0.3739, 0.445, 0.1851, 0.4425, 0.3578, 0.3497, 0.4327, 0.293, 0.4454, 0.5213, 0.343, 0.5214, 0.3316, 0.3319, 0.4539, 0.4556, 0.59, 0.3556, 0.186, 0.2862, 0.1771, 0.1758, 0.5002, 0.2874, 0.2922, 0.3809, 0.1908, 0.4, 0.4052, 0.1739, 0.2845, 0.3071, 0.2006, 0.4545, 0.178, 0.1769, 0.1754, 0.1987, 0.1816, 0.1772, 0.1791, 0.1781, 0.2948, 0.3894, 0.183, 0.1599]",0.2843655414981185,0.4983486853983777,0.5899762499975623,0,24.003,13.0,0.0
2025-09-11|lgbm_diario|prueba|4|72.7447|base|60|todas|onsite,2025-09-11,lgbm_diario,prueba,4,72.7447,base,60,todas,onsite,62522,5305,67827,2636,671,1965,11818,482,5371,1282,0.2748884291288015,303,"{""devolucion_origen"": 8, ""entrega_sin_recogida"": 160, ""fisico"": 168, ""fuera_servicio"": 0, ""tope"": 0, ""visitas"": 0}",5913,5913,0,0,0,2636,0,14,67,0,74,"[0.2764, 0.2018, 0.26, 0.2763, 0.2892, 0.6479, 0.3756, 0.3006, 0.3513, 0.5098, 0.1888, 0.3262, 0.1667, 0.1818, 0.1659, 0.1643, 0.1646, 0.1714, 0.181, 0.204, 0.1742, 0.1768, 0.1948, 0.1827, 0.1884, 0.2047, 0.2155, 0.3899, 0.3552, 0.332, 0.3298, 0.1858, 0.41, 0.4499, 0.4022, 0.4974, 0.3249, 0.386, 0.4114, 0.3218, 0.3537, 0.3881, 0.4539, 0.5621, 0.1866, 0.7094, 0.3084, 0.3349, 0.3571, 0.3387, 0.3703, 0.29, 0.1739, 0.3235, 0.3647, 0.3434, 0.3483, 0.3322, 0.1777, 0.3373, 0.1772, 0.326, 0.1776, 0.2025, 0.1874, 0.1736, 0.1727, 0.1763, 0.1774, 0.1751, 0.353, 0.279, 0.1812, 0.1686]",0.2895970209974621,0.5017646978030824,0.7094120830006432,0,23.952,8.0,0.0
2025-09-11|oraculo_directo|prueba|4|39.0694|base|60|todas|onsite,2025-09-11,oraculo_directo,prueba,4,39.0694,base,60,todas,onsite,31040,3065,34105,2792,770,2022,11873,510,2406,968,0.2331571447415161,147,"{""devolucion_origen"": 3, ""entrega_sin_recogida"": 462, ""fisico"": 465, ""fuera_servicio"": 0, ""tope"": 0, ""visitas"": 0}",5938,5938,0,0,0,2794,2,14,67,0,74,"[0.2566, 0.3246, 0.3042, 0.2425, 0.1743, 0.2355, 0.2468, 0.1732, 0.179, 0.3573, 0.2861, 0.3826, 0.3067, 0.1704, 0.227, 0.3659, 0.1822, 0.1728, 0.1778, 0.2645, 0.3261, 0.1783, 0.1819, 0.2876, 0.4384, 0.3005, 0.4185, 0.3019, 0.2717, 0.2946, 0.3744, 0.3558, 0.4441, 0.4293, 0.3134, 0.3089, 0.4374, 0.6505, 0.186, 0.2574, 0.574, 0.2559, 0.4357, 0.1836, 0.3767, 0.3827, 0.3098, 0.3076, 0.2612, 0.4215, 0.2933, 0.2469, 0.5009, 0.3088, 0.1836, 0.3332, 0.286, 0.4327, 0.3722, 0.4303, 0.3019, 0.4056, 0.1816, 0.1921, 0.2046, 0.1911, 0.1836, 0.284, 0.1874, 0.188, 0.2775, 0.1826, 0.1751, 0.1706]",0.2868785414975718,0.4404167896998842,0.6504590830008965,0,24.15,3.0,0.0
2025-09-11|lgbm_directo|prueba|4|88.9149|base|60|todas|onsite,2025-09-11,lgbm_directo,prueba,4,88.9149,base,60,todas,onsite,67799,5515,73314,2562,674,1888,12026,519,6072,1394,0.2882167543109835,332,"{""devolucion_origen"": 6, ""entrega_sin_recogida"": 299, ""fisico"": 305, ""fuera_servicio"": 0, ""tope"": 0, ""visitas"": 0}",6016,6016,0,0,0,2562,0,14,67,0,74,"[1.2329, 0.2785, 0.2801, 0.3349, 0.4326, 0.1774, 0.3228, 0.3189, 0.2407, 0.1982, 0.432, 0.2488, 0.2917, 0.1649, 0.1657, 0.1649, 0.1644, 0.1673, 0.168, 0.174, 0.1762, 0.1976, 0.1785, 0.2029, 0.1806, 0.1824, 0.18, 0.3549, 0.4001, 0.3306, 0.1811, 0.3577, 0.3991, 0.3698, 0.4926, 0.3111, 0.3938, 0.3983, 0.4896, 0.3599, 0.3034, 0.3319, 0.3193, 0.4837, 0.4066, 0.5637, 0.1995, 0.562, 0.4616, 0.4481, 0.4483, 0.4549, 0.5614, 0.2863, 0.3242, 0.353, 0.1937, 0.312, 0.1757, 0.3096, 0.1988, 0.3365, 0.1937, 0.1709, 0.1832, 0.1951, 0.1811, 0.1737, 0.1935, 0.4048, 0.3241, 0.177, 0.1618, 0.1563]",0.2975665624981047,0.5166710499986944,1.232943292001437,0,25.047,6.0,0.0
2025-09-12|sin_rebalanceo|prueba|0|0.0|base|60|todas|onsite,2025-09-12,sin_rebalanceo,prueba,0,0.0,base,60,todas,onsite,186047,59153,245200,0,0,0,0,0,9715,7046,0.3950113580731807,1045,"{""devolucion_origen"": 0, ""entrega_sin_recogida"": 0, ""fisico"": 0, ""fuera_servicio"": 0, ""tope"": 0, ""visitas"": 0}",0,0,0,0,0,0,0,0,0,0,0,[],0.0,0.0,0.0,0,2.284,0.0,
2025-09-12|ecobici|prueba|0|0.0|base|60|todas|onsite,2025-09-12,ecobici,prueba,0,0.0,base,60,todas,onsite,88439,12604,101043,2673,1325,1348,12675,0,1625,434,0.2463101601194401,266,"{""devolucion_origen"": 0, ""entrega_sin_recogida"": 0, ""fisico"": 87, ""fuera_servicio"": 0, ""tope"": 0, ""visitas"": 0}",6342,6246,0,-96,0,2653,0,69,109,0,0,[],0.0,0.0,0.0,0,2.228,0.0,2653.0
2025-09-12|oraculo_diario|prueba|4|57.5805|base|60|todas|onsite,2025-09-12,oraculo_diario,prueba,4,57.5805,base,60,todas,onsite,30601,2636,33237,2187,569,1618,10056,420,2345,542,0.2670790799798159,224,"{""devolucion_origen"": 14, ""entrega_sin_recogida"": 258, ""fisico"": 272, ""fuera_servicio"": 0, ""tope"": 0, ""visitas"": 0}",5035,5035,0,0,0,2187,0,14,67,0,74,"[0.3677, 0.4376, 0.3153, 0.3509, 0.2339, 0.2624, 0.2273, 0.2459, 0.2682, 0.2506, 0.2317, 0.26, 0.2515, 0.3944, 0.178, 0.2559, 0.1764, 0.172, 0.1712, 0.3668, 0.3588, 0.2852, 0.3507, 0.1849, 0.1817, 0.3781, 0.2706, 0.7322, 0.5015, 0.3767, 0.4782, 0.2635, 0.3083, 0.3025, 0.2779, 0.2022, 0.3128, 0.2954, 0.3104, 0.2845, 0.2762, 0.4663, 0.3287, 0.381, 0.3892, 0.3329, 0.3843, 0.3455, 0.3688, 0.2972, 0.3411, 0.5146, 0.4912, 0.3192, 0.3219, 0.4305, 0.3784, 0.3745, 0.1935, 0.1834, 0.3562, 0.1911, 0.3087, 0.196, 0.3556, 0.2048, 0.1832, 0.1918, 0.196, 0.201, 0.1805, 0.1887, 0.1783, 0.1714]",0.2963165620021755,0.4827733727030135,0.7322267920026206,0,24.519,14.0,0.0
2025-09-12|ma_diaria|prueba|4|72.8507|base|60|todas|onsite,2025-09-12,ma_diaria,prueba,4,72.8507,base,60,todas,onsite,47190,3767,50957,2314,596,1718,11059,481,3560,680,0.2642890061388832,347,"{""devolucion_origen"": 25, ""entrega_sin_recogida"": 206, ""fisico"": 231, ""fuera_servicio"": 0, ""tope"": 0, ""visitas"": 0}",5542,5542,0,0,0,2314,0,14,67,0,74,"[0.2929, 0.3795, 0.4393, 0.398, 0.3277, 0.2866, 0.1784, 0.4927, 0.2797, 0.1934, 0.1951, 0.6393, 0.177, 0.1631, 0.1692, 0.1853, 0.2003, 0.1737, 0.2015, 0.1709, 0.1723, 0.3604, 0.2089, 0.338, 0.4228, 0.8761, 0.5526, 0.5048, 0.542, 0.3981, 0.3508, 0.1842, 0.5921, 0.453, 0.4317, 0.5413, 0.417, 0.3392, 0.3356, 0.2075, 0.4141, 0.5749, 0.5544, 0.364, 0.5566, 0.3082, 0.475, 0.4958, 0.3571, 0.9967, 0.2947, 0.3503, 0.4049, 0.3226, 0.5662, 0.2104, 0.345, 0.2174, 0.3202, 0.4054, 0.18, 0.3533, 0.1944, 0.1958, 0.188, 0.2016, 0.1995, 0.1888, 0.1924, 0.1835, 0.3345, 0.2971, 0.1685, 0.1707]",0.3311041250017297,0.5809060290514025,0.9966553749982268,0,27.651,25.0,0.0
2025-09-12|lgbm_diario|prueba|4|72.7447|base|60|todas|onsite,2025-09-12,lgbm_diario,prueba,4,72.7447,base,60,todas,onsite,46975,4160,51135,2316,580,1736,10318,473,3327,691,0.254459707527525,351,"{""devolucion_origen"": 10, ""entrega_sin_recogida"": 182, ""fisico"": 192, ""fuera_servicio"": 0, ""tope"": 0, ""visitas"": 0}",5164,5164,0,0,0,2316,0,14,67,0,74,"[0.2787, 0.4012, 0.352, 0.3435, 0.2415, 0.2069, 0.3981, 0.248, 0.2825, 0.2957, 0.2679, 0.5582, 0.2679, 0.1771, 0.1808, 0.1681, 0.1863, 0.1718, 0.1999, 0.2056, 0.1732, 0.1772, 0.203, 0.184, 0.4323, 0.4411, 0.3416, 0.4072, 0.3662, 0.5276, 0.3445, 0.3558, 0.4919, 0.188, 0.689, 0.493, 0.4101, 0.5034, 0.6057, 0.366, 0.3821, 0.4419, 0.3135, 0.3694, 0.3221, 0.1912, 0.3132, 0.4553, 0.4553, 0.4058, 0.2999, 0.5619, 0.4277, 0.5952, 0.4465, 0.4028, 0.184, 0.3427, 0.1872, 0.2018, 0.1817, 0.3731, 0.1837, 0.1845, 0.1878, 0.2004, 0.178, 0.1774, 0.1867, 0.1782, 0.3333, 0.3604, 0.1921, 0.1663]",0.3133594995015301,0.5594862766487495,0.6889522499986924,0,25.872,10.0,0.0
2025-09-12|oraculo_directo|prueba|4|39.0694|base|60|todas|onsite,2025-09-12,oraculo_directo,prueba,4,39.0694,base,60,todas,onsite,21344,2195,23539,2298,596,1702,9396,440,1367,347,0.2377587983086581,165,"{""devolucion_origen"": 0, ""entrega_sin_recogida"": 338, ""fisico"": 338, ""fuera_servicio"": 0, ""tope"": 0, ""visitas"": 0}",4698,4698,0,0,0,2298,0,14,67,0,74,"[0.376, 0.4997, 0.2629, 0.3706, 0.292, 0.3577, 0.4099, 0.3155, 0.3371, 0.1746, 0.2843, 0.4578, 0.2491, 0.1691, 0.3916, 0.2616, 0.176, 0.2534, 0.2687, 0.3493, 0.5195, 0.4702, 0.553, 0.3357, 0.5263, 0.551, 0.7137, 0.5035, 0.5097, 0.4173, 0.6448, 0.3423, 0.3079, 0.3477, 0.3916, 0.2982, 0.2797, 0.3554, 0.1841, 0.3402, 0.543, 0.5291, 0.3966, 0.3521, 0.184, 0.4094, 0.3413, 0.3144, 0.5203, 0.433, 0.3901, 0.4963, 0.5491, 0.2945, 0.2858, 0.5438, 0.3194, 0.4046, 0.3946, 0.4118, 0.3482, 0.2182, 0.1862, 0.2081, 0.2069, 0.3032, 0.2192, 0.2068, 0.3307, 0.2619, 0.2244, 0.2238, 0.1785, 0.1722]",0.341822874997888,0.5497870273014996,0.7137450000009267,0,28.522,0.0,0.0
2025-09-12|lgbm_directo|prueba|4|88.9149|base|60|todas|onsite,2025-09-12,lgbm_directo,prueba,4,88.9149,base,60,todas,onsite,45628,4190,49818,2193,566,1627,10991,500,3611,662,0.2588036276817352,362,"{""devolucion_origen"": 15, ""entrega_sin_recogida"": 251, ""fisico"": 266, ""fuera_servicio"": 0, ""tope"": 0, ""visitas"": 0}",5503,5503,0,0,0,2195,2,14,67,0,74,"[1.3211, 0.2909, 0.2687, 0.775, 0.3777, 0.3568, 0.3458, 0.1709, 0.5891, 0.2447, 0.3214, 0.2712, 0.5652, 0.1715, 0.1932, 0.1696, 0.1702, 0.1733, 0.1723, 0.1756, 0.2008, 0.1802, 0.3968, 0.3518, 0.3623, 0.3781, 0.3474, 0.368, 0.4487, 0.3278, 0.3604, 0.6537, 0.4189, 0.371, 0.3351, 0.3373, 0.3228, 0.3534, 0.406, 0.4404, 0.6177, 0.4188, 0.3105, 0.6796, 0.3477, 0.332, 0.4982, 0.7222, 0.2978, 0.174, 0.6705, 0.503, 0.4422, 0.5852, 0.3522, 0.3224, 0.3954, 0.4124, 0.4191, 0.3613, 0.1884, 0.1834, 0.4427, 0.1821, 0.1893, 0.1815, 0.3892, 0.1881, 0.1922, 0.4374, 0.1877, 0.1819, 0.1665, 0.1667]",0.347560207999777,0.6737213017517205,1.3211447079956995,0,28.877,15.0,0.0
2025-09-13|sin_rebalanceo|prueba|0|0.0|base|60|todas|onsite,2025-09-13,sin_rebalanceo,prueba,0,0.0,base,60,todas,onsite,105445,25946,131391,0,0,0,0,0,1547,624,0.2916615285068685,116,"{""devolucion_origen"": 0, ""entrega_sin_recogida"": 0, ""fisico"": 0, ""fuera_servicio"": 0, ""tope"": 0, ""visitas"": 0}",0,0,0,0,0,0,0,0,0,0,0,[],0.0,0.0,0.0,0,1.808,0.0,
2025-09-13|ecobici|prueba|0|0.0|base|60|todas|onsite,2025-09-13,ecobici,prueba,0,0.0,base,60,todas,onsite,62240,18541,80781,955,508,447,2728,0,124,50,0.2246944572353968,47,"{""devolucion_origen"": 0, ""entrega_sin_recogida"": 0, ""fisico"": 1, ""fuera_servicio"": 0, ""tope"": 0, ""visitas"": 0}",1365,1362,0,-3,0,954,0,30,60,0,0,[],0.0,0.0,0.0,0,1.866,0.0,954.0
2025-09-13|oraculo_diario|prueba|4|57.5805|base|60|todas|onsite,2025-09-13,oraculo_diario,prueba,4,57.5805,base,60,todas,onsite,8963,1196,10159,975,181,794,2861,120,164,28,0.2018573812302822,25,"{""devolucion_origen"": 1, ""entrega_sin_recogida"": 17, ""fisico"": 18, ""fuera_servicio"": 0, ""tope"": 0, ""visitas"": 0}",1431,1431,0,0,0,975,0,14,44,0,74,"[0.1856, 0.1968, 0.1924, 0.366, 0.1887, 0.1933, 0.3786, 0.191, 0.2379, 0.1875, 0.1936, 0.3175, 0.188, 0.2031, 0.1905, 0.1847, 0.1864, 0.1824, 0.1941, 0.1872, 0.2119, 0.1849, 0.1875, 0.337, 0.184, 0.2026, 0.3695, 0.2761, 0.3659, 0.3358, 0.3239, 0.317, 0.3387, 0.2803, 0.3105, 0.3587, 0.2284, 0.3098, 0.1899, 0.3466, 0.3253, 0.3797, 0.3962, 0.187, 0.6286, 0.2045, 0.4116, 0.3566, 0.4619, 0.5108, 0.4059, 0.388, 0.4705, 0.4498, 0.4285, 0.4157, 0.4784, 0.445, 0.2365, 0.4242, 0.3834, 0.2135, 0.1887, 0.3777, 0.2209, 0.4545, 0.1882, 0.353, 0.1945, 0.3474, 0.3347, 0.1732, 0.1823, 0.1723]",0.2950113959996088,0.4648657101020944,0.6285886669938918,0,23.674,1.0,0.0
2025-09-13|ma_diaria|prueba|4|72.8507|base|60|todas|onsite,2025-09-13,ma_diaria,prueba,4,72.8507,base,60,todas,onsite,19703,2559,22262,1040,177,863,3155,157,528,68,0.1949374853221932,59,"{""devolucion_origen"": 1, ""entrega_sin_recogida"": 8, ""fisico"": 9, ""fuera_servicio"": 0, ""tope"": 0, ""visitas"": 0}",1578,1578,0,0,0,1040,0,14,36,0,74,"[0.1822, 0.3825, 0.3624, 0.3626, 0.3446, 0.1951, 0.1902, 0.3607, 0.4297, 0.3594, 0.3625, 0.1901, 0.379, 0.5186, 0.1891, 0.1824, 0.4806, 0.6286, 0.423, 0.3734, 0.3843, 0.3645, 0.1878, 0.3577, 0.1976, 0.2107, 0.212, 0.2098, 0.2006, 0.1889, 0.2034, 0.1834, 0.1845, 0.1804, 0.1829, 0.1879, 0.1806, 0.1852, 0.1841, 0.4804, 0.187, 0.4235, 0.1888, 0.1841, 0.1937, 0.1874, 0.4146, 0.2188, 0.4597, 0.1982, 0.4546, 0.4926, 0.6377, 0.2163, 0.5255, 0.1852, 0.1864, 0.2187, 0.1951, 1.1354, 0.1966, 0.1987, 0.1862, 0.4648, 0.1818, 0.3991, 0.1918, 0.1833, 0.4027, 0.1888, 0.3153, 0.1837, 0.1738, 0.1705]",0.2020174165045318,0.5210549335504765,1.1353964999943855,0,23.78,1.0,0.0
2025-09-13|lgbm_diario|prueba|4|72.7447|base|60|todas|onsite,2025-09-13,lgbm_diario,prueba,4,72.7447,base,60,todas,onsite,19325,2579,21904,1037,181,856,3002,156,458,50,0.2050781440715093,48,"{""devolucion_origen"": 0, ""entrega_sin_recogida"": 10, ""fisico"": 10, ""fuera_servicio"": 0, ""tope"": 0, ""visitas"": 0}",1501,1501,0,0,0,1037,0,14,39,0,74,"[0.1816, 0.212, 0.3734, 0.345, 0.2235, 0.1867, 0.1842, 0.6487, 0.3858, 0.368, 0.1911, 0.4227, 0.187, 0.1867, 0.1819, 0.4489, 0.2036, 0.4211, 0.3922, 0.3651, 0.3655, 0.3986, 0.1796, 0.3536, 0.3772, 0.2135, 0.2227, 0.1851, 0.2224, 0.2142, 0.4476, 0.182, 0.1797, 0.1776, 0.3547, 0.2118, 0.1912, 0.4908, 0.4312, 0.2253, 0.2179, 0.4916, 0.1957, 0.2074, 0.2118, 0.1967, 0.4441, 0.1885, 0.1949, 0.1958, 0.6277, 0.1992, 0.1883, 0.2, 0.2232, 0.1948, 0.454, 1.3308, 0.1914, 0.5496, 0.1982, 0.4867, 0.4311, 0.4492, 0.4359, 0.4436, 0.4095, 0.2133, 0.1909, 0.1876, 0.1814, 0.1856, 0.1772, 0.1692]",0.2138395000001764,0.5119000896014765,1.3308311669970865,0,24.562,0.0,0.0
2025-09-13|oraculo_directo|prueba|4|39.0694|base|60|todas|onsite,2025-09-13,oraculo_directo,prueba,4,39.0694,base,60,todas,onsite,8612,939,9551,751,149,602,1876,72,56,22,0.191013446937818,18,"{""devolucion_origen"": 0, ""entrega_sin_recogida"": 6, ""fisico"": 6, ""fuera_servicio"": 0, ""tope"": 0, ""visitas"": 0}",938,938,0,0,0,751,0,14,55,0,74,"[0.192, 0.2028, 0.1958, 0.1994, 0.1974, 0.3661, 0.3769, 0.1966, 0.2277, 0.2258, 0.1936, 0.3107, 0.387, 0.3246, 0.1961, 0.3181, 0.4019, 0.1923, 0.1918, 0.3015, 0.1943, 0.3506, 0.338, 0.2809, 0.3927, 0.3221, 0.1857, 0.1847, 0.1918, 0.2969, 0.1854, 0.1922, 0.191, 0.1878, 0.1928, 0.1874, 0.2056, 0.3226, 0.3043, 0.1895, 0.186, 0.1952, 0.1956, 0.3194, 0.1943, 0.1945, 0.195, 0.3527, 0.1999, 0.3533, 0.4417, 0.3293, 0.1884, 0.5616, 0.4114, 0.4137, 0.4183, 0.3995, 0.3905, 0.3907, 0.3874, 0.3564, 0.3775, 0.8084, 1.3265, 0.2235, 0.2095, 0.8245, 0.2395, 0.9149, 0.2049, 0.1917, 0.1822, 0.1778]",0.2267412290020729,0.6479483539500492,1.3265207919976092,0,24.757,0.0,0.0
2025-09-13|lgbm_directo|prueba|4|88.9149|base|60|todas|onsite,2025-09-13,lgbm_directo,prueba,4,88.9149,base,60,todas,onsite,19181,1788,20969,1081,193,888,4055,186,603,42,0.2132407104767846,53,"{""devolucion_origen"": 1, ""entrega_sin_recogida"": 7, ""fisico"": 8, ""fuera_servicio"": 0, ""tope"": 0, ""visitas"": 0}",2028,2028,0,0,0,1081,0,14,39,0,74,"[1.1091, 0.3665, 0.1991, 0.3746, 0.3739, 0.2249, 0.2185, 0.3803, 0.207, 0.1855, 0.4102, 0.1818, 0.1835, 0.4169, 0.3462, 0.3688, 0.6745, 0.44, 0.4641, 0.3951, 0.769, 0.403, 0.5563, 0.5205, 0.1841, 0.2035, 0.3698, 0.3752, 0.4438, 0.1856, 0.4107, 0.3541, 0.6179, 0.2214, 0.2294, 0.2247, 0.4079, 0.4818, 0.5262, 0.2159, 0.1861, 0.5333, 0.3979, 0.3801, 0.1829, 0.196, 0.4877, 0.1846, 0.1914, 0.1878, 0.1955, 0.485, 0.4378, 0.2909, 0.5726, 0.4132, 0.2177, 0.2368, 0.3521, 0.3777, 0.1936, 0.2064, 0.3902, 0.4716, 0.1922, 0.1893, 0.4365, 0.2014, 0.1844, 0.3637, 0.2019, 0.1722, 0.166, 0.1641]",0.3588806039988412,0.5884416188506291,1.1090520419966197,0,27.159,1.0,0.0
2025-09-14|sin_rebalanceo|prueba|0|0.0|base|60|todas|onsite,2025-09-14,sin_rebalanceo,prueba,0,0.0,base,60,todas,onsite,118509,30187,148696,0,0,0,0,0,2099,1458,0.2955606346423779,182,"{""devolucion_origen"": 0, ""entrega_sin_recogida"": 0, ""fisico"": 0, ""fuera_servicio"": 0, ""tope"": 0, ""visitas"": 0}",0,0,0,0,0,0,0,0,0,0,0,[],0.0,0.0,0.0,0,1.877,0.0,
2025-09-14|ecobici|prueba|0|0.0|base|60|todas|onsite,2025-09-14,ecobici,prueba,0,0.0,base,60,todas,onsite,69499,14805,84304,1166,616,550,4197,0,192,128,0.2284633149410978,230,"{""devolucion_origen"": 0, ""entrega_sin_recogida"": 0, ""fisico"": 2, ""fuera_servicio"": 0, ""tope"": 0, ""visitas"": 0}",2017,2178,0,161,0,1166,0,68,61,0,0,[],0.0,0.0,0.0,0,1.98,0.0,1166.0
2025-09-14|oraculo_diario|prueba|4|57.5805|base|60|todas|onsite,2025-09-14,oraculo_diario,prueba,4,57.5805,base,60,todas,onsite,16588,766,17354,1096,202,894,3304,176,405,3,0.1972834905593181,120,"{""devolucion_origen"": 2, ""entrega_sin_recogida"": 44, ""fisico"": 46, ""fuera_servicio"": 0, ""tope"": 0, ""visitas"": 0}",1653,1653,0,0,0,1098,2,14,48,0,74,"[0.1903, 0.1877, 0.1901, 0.1935, 0.439, 0.397, 0.4264, 0.4184, 0.3959, 0.3609, 0.3738, 0.2922, 0.5089, 0.3051, 0.3941, 0.1854, 0.3261, 0.3232, 0.2602, 0.3569, 0.287, 0.3386, 0.3799, 0.2683, 0.3343, 0.299, 0.3525, 0.2828, 0.1848, 0.2663, 0.18, 0.3044, 0.3151, 0.3333, 0.1844, 0.1829, 0.1917, 0.3508, 0.1969, 0.2018, 0.1985, 0.3479, 0.1906, 0.2132, 0.1915, 0.1853, 0.3718, 0.184, 0.3617, 0.2091, 0.1904, 0.1864, 0.3938, 0.1863, 0.1871, 0.3903, 0.1989, 0.1861, 0.7838, 0.4198, 0.3853, 0.3961, 0.4522, 0.3504, 0.3906, 0.1922, 0.3687, 0.1824, 0.7799, 0.6981, 0.1871, 0.1735, 0.1746, 0.171]",0.2955987500026822,0.4720822336490525,0.7838382080008159,0,24.296,2.0,0.0
2025-09-14|ma_diaria|prueba|4|72.8507|base|60|todas|onsite,2025-09-14,ma_diaria,prueba,4,72.8507,base,60,todas,onsite,28961,1785,30746,1097,174,923,3392,144,799,51,0.2082753844270912,162,"{""devolucion_origen"": 0, ""entrega_sin_recogida"": 19, ""fisico"": 19, ""fuera_servicio"": 0, ""tope"": 0, ""visitas"": 0}",1696,1696,0,0,0,1097,0,14,41,0,74,"[0.1847, 0.1894, 0.3881, 0.3644, 0.3738, 0.1934, 0.3804, 0.3865, 0.3607, 0.3287, 0.4264, 0.3386, 0.1826, 0.3611, 0.3829, 0.436, 0.3534, 0.1822, 0.412, 0.1798, 0.4514, 0.1845, 0.3438, 0.5668, 0.1772, 0.1834, 0.1776, 0.5938, 0.1786, 0.3578, 0.1931, 0.1936, 0.4451, 0.4256, 0.1816, 0.2136, 0.1867, 0.1856, 0.4343, 0.2114, 0.1897, 0.1858, 0.1817, 0.1816, 0.1853, 0.193, 0.1814, 0.5035, 0.1962, 0.5186, 0.5354, 0.5257, 0.4109, 0.5095, 0.2286, 0.1899, 0.2088, 0.1895, 0.1832, 0.1863, 0.1877, 0.1861, 0.5303, 0.4382, 0.8714, 0.1775, 0.6463, 0.3857, 2.0638, 0.1806, 0.3342, 0.298, 0.1829, 0.165]",0.2210609169997042,0.576234126647614,2.0638241250053397,0,26.51,0.0,0.0
2025-09-14|lgbm_diario|prueba|4|72.7447|base|60|todas|onsite,2025-09-14,lgbm_diario,prueba,4,72.7447,base,60,todas,onsite,29140,2207,31347,1059,176,883,3006,129,804,79,0.2108180004975637,136,"{""devolucion_origen"": 0, ""entrega_sin_recogida"": 27, ""fisico"": 27, ""fuera_servicio"": 0, ""tope"": 0, ""visitas"": 0}",1503,1503,0,0,0,1059,0,14,44,0,74,"[0.1832, 0.1825, 0.3677, 0.4244, 0.365, 0.4561, 0.3733, 0.4197, 0.3794, 0.3584, 0.1819, 0.3612, 0.445, 0.3639, 0.4035, 0.387, 0.3986, 0.3397, 0.1817, 0.6403, 0.4341, 0.3742, 0.18, 0.5184, 0.181, 0.1815, 0.4139, 0.3262, 0.4562, 0.1789, 0.5521, 0.1799, 0.1765, 0.4081, 0.3545, 0.1808, 0.1814, 0.1828, 0.413, 0.1827, 0.183, 0.1966, 0.1959, 0.1939, 0.2004, 0.1931, 0.4059, 0.9882, 0.1918, 0.188, 0.5607, 0.3341, 0.4486, 0.1881, 0.2, 0.4293, 0.2068, 0.3178, 0.1869, 0.1883, 0.193, 0.1859, 0.1923, 0.1813, 0.1966, 0.1878, 0.1877, 0.3647, 0.3659, 0.3501, 0.1718, 0.2736, 0.1847, 0.1681]",0.2401700210029957,0.5301875062548786,0.9881692919952912,0,24.459,0.0,0.0
2025-09-14|oraculo_directo|prueba|4|39.0694|base|60|todas|onsite,2025-09-14,oraculo_directo,prueba,4,39.0694,base,60,todas,onsite,13752,621,14373,842,186,656,2186,114,226,10,0.1945463366669522,112,"{""devolucion_origen"": 0, ""entrega_sin_recogida"": 22, ""fisico"": 22, ""fuera_servicio"": 0, ""tope"": 0, ""visitas"": 0}",1093,1093,0,0,0,842,0,14,47,0,74,"[0.1866, 0.1969, 0.3444, 0.3792, 0.1916, 0.4299, 0.3899, 0.376, 0.4058, 0.3382, 0.3732, 0.4449, 0.4291, 0.5236, 0.4698, 0.3376, 0.2043, 0.2044, 0.3093, 0.3152, 0.2949, 0.2978, 0.3133, 0.2017, 0.203, 0.1852, 0.1839, 0.2943, 0.1915, 0.3311, 0.2859, 0.4119, 0.2022, 0.1924, 0.2218, 0.3799, 0.196, 0.1964, 0.1929, 0.2031, 0.1879, 0.1844, 0.1873, 0.1958, 0.3219, 0.1972, 0.1817, 0.192, 0.4174, 0.3633, 0.3762, 0.3873, 0.3694, 0.1909, 0.3919, 0.2108, 0.3787, 0.4135, 0.1975, 0.1975, 0.4314, 0.1871, 0.3779, 0.1896, 0.329, 0.3202, 0.641, 1.7497, 0.7636, 0.4171, 0.3365, 0.3215, 0.2005, 0.1733]",0.3112709164961416,0.4886212294961293,1.7497387909970712,0,25.683,0.0,0.0
2025-09-14|lgbm_directo|prueba|4|88.9149|base|60|todas|onsite,2025-09-14,lgbm_directo,prueba,4,88.9149,base,60,todas,onsite,28594,1685,30279,1196,213,983,4011,203,970,46,0.2093464568829513,155,"{""devolucion_origen"": 3, ""entrega_sin_recogida"": 83, ""fisico"": 86, ""fuera_servicio"": 0, ""tope"": 0, ""visitas"": 0}",2007,2007,0,0,0,1200,4,14,40,0,74,"[1.0473, 0.2141, 0.3935, 0.3681, 0.2126, 0.4587, 0.3801, 0.1828, 0.4112, 0.1803, 0.1781, 0.1807, 0.4975, 0.3263, 0.3731, 0.3432, 0.6179, 0.5152, 0.5615, 0.3699, 0.4156, 0.3426, 0.4279, 0.4341, 0.3357, 0.4464, 0.3655, 0.4056, 0.3845, 0.3638, 0.3656, 0.1821, 0.1774, 0.3685, 0.1813, 0.181, 0.1831, 0.1813, 0.4659, 0.1875, 0.1863, 0.4185, 0.186, 0.1983, 0.1948, 0.1931, 0.5799, 0.555, 0.1842, 0.7535, 1.2883, 0.3592, 0.2144, 0.2108, 0.2092, 0.1837, 0.1884, 0.1857, 0.1852, 0.1837, 0.4959, 0.2148, 0.3849, 0.3577, 1.419, 0.1873, 1.0303, 0.3936, 0.1873, 0.1733, 0.3634, 0.1855, 0.1652, 0.1604]",0.3428987289989891,0.8503626772999253,1.419011459001922,0,28.462,3.0,0.0
2025-09-15|sin_rebalanceo|prueba|0|0.0|base|60|todas|onsite,2025-09-15,sin_rebalanceo,prueba,0,0.0,base,60,todas,onsite,147339,58086,205425,0,0,0,0,0,4888,4424,0.3715380806192981,322,"{""devolucion_origen"": 0, ""entrega_sin_recogida"": 0, ""fisico"": 0, ""fuera_servicio"": 0, ""tope"": 0, ""visitas"": 0}",0,0,0,0,0,0,0,0,0,0,0,[],0.0,0.0,0.0,0,1.991,0.0,
2025-09-15|ecobici|prueba|0|0.0|base|60|todas|onsite,2025-09-15,ecobici,prueba,0,0.0,base,60,todas,onsite,69788,19277,89065,2076,1027,1049,10173,0,454,358,0.240294925446264,105,"{""devolucion_origen"": 0, ""entrega_sin_recogida"": 0, ""fisico"": 54, ""fuera_servicio"": 0, ""tope"": 0, ""visitas"": 0}",5033,5086,0,53,0,2070,0,58,84,0,0,[],0.0,0.0,0.0,0,2.013,0.0,2070.0
2025-09-15|oraculo_diario|prueba|4|57.5805|base|60|todas|onsite,2025-09-15,oraculo_diario,prueba,4,57.5805,base,60,todas,onsite,23307,5709,29016,1692,381,1311,6710,258,826,102,0.2366349783029871,61,"{""devolucion_origen"": 18, ""entrega_sin_recogida"": 154, ""fisico"": 172, ""fuera_servicio"": 0, ""tope"": 0, ""visitas"": 0}",3364,3364,0,0,0,1694,2,14,59,0,74,"[0.2231, 0.4905, 0.356, 0.3094, 0.3641, 0.2848, 0.2766, 0.3448, 0.2903, 0.3721, 0.3523, 0.3537, 0.2693, 0.2758, 0.1789, 0.2148, 0.3736, 0.1899, 0.1855, 0.3311, 0.3223, 0.3921, 0.346, 0.433, 0.3303, 0.1801, 0.1798, 0.3959, 0.3386, 0.3014, 0.3335, 0.2733, 0.4136, 0.2795, 0.3424, 0.3038, 0.2839, 0.2104, 0.2695, 0.4459, 0.3556, 0.3315, 0.2873, 0.3251, 0.3628, 0.3739, 0.1976, 0.3571, 0.3386, 0.3057, 0.3385, 0.2026, 0.6465, 0.33, 0.3925, 0.3518, 0.4332, 0.1895, 0.4044, 0.3994, 0.389, 0.3769, 0.1873, 0.182, 0.4101, 0.4102, 0.3568, 0.3824, 0.1918, 0.3546, 0.1803, 0.1695, 0.1749, 0.1702]",0.3312855619988113,0.4330453687511181,0.646491874998901,0,25.268,18.0,0.0
2025-09-15|ma_diaria|prueba|4|72.8507|base|60|todas|onsite,2025-09-15,ma_diaria,prueba,4,72.8507,base,60,todas,onsite,41662,6831,48493,1906,534,1372,9851,440,1937,224,0.2322964739484412,137,"{""devolucion_origen"": 17, ""entrega_sin_recogida"": 204, ""fisico"": 221, ""fuera_servicio"": 0, ""tope"": 0, ""visitas"": 0}",4934,4934,0,0,0,1906,0,14,67,0,74,"[0.4944, 0.3607, 0.4175, 0.174, 0.378, 0.2406, 0.2645, 0.2754, 0.3269, 0.2328, 0.3575, 0.1734, 0.1702, 0.1716, 0.1768, 0.1751, 0.1767, 0.1784, 0.1778, 0.1801, 0.3566, 0.1783, 0.1813, 0.3869, 0.391, 0.4137, 0.3765, 0.3477, 0.4014, 0.5018, 0.3714, 0.5061, 0.3731, 0.191, 0.4364, 0.5111, 0.1852, 0.4069, 0.4158, 0.3852, 0.3598, 0.4558, 0.3464, 0.2922, 0.4162, 0.1804, 0.3117, 0.5467, 0.1768, 0.4016, 0.3787, 0.339, 0.3396, 0.405, 0.1836, 0.368, 0.4863, 0.1867, 0.4602, 0.1858, 0.1916, 0.443, 0.1925, 0.4217, 0.3906, 0.1875, 0.1798, 0.1858, 0.1923, 0.1855, 0.3255, 0.2871, 0.1834, 0.1709]",0.3329542084939021,0.4970057647977227,0.5467142499983311,0,24.776,17.0,0.0
2025-09-15|lgbm_diario|prueba|4|72.7447|base|60|todas|onsite,2025-09-15,lgbm_diario,prueba,4,72.7447,base,60,todas,onsite,41238,6884,48122,1863,492,1371,9045,398,1942,297,0.2272388906084917,140,"{""devolucion_origen"": 11, ""entrega_sin_recogida"": 153, ""fisico"": 164, ""fuera_servicio"": 0, ""tope"": 0, ""visitas"": 0}",4528,4528,0,0,0,1863,0,14,67,0,74,"[0.3588, 0.3176, 0.579, 0.5044, 0.3906, 0.3559, 0.5249, 0.3825, 0.2919, 0.4031, 0.3222, 0.2094, 0.1951, 0.1749, 0.1958, 0.1733, 0.1735, 0.1943, 0.1956, 0.3392, 0.1776, 0.1761, 0.3495, 0.2176, 0.3774, 0.1891, 0.1918, 0.4298, 0.5384, 0.4109, 0.4013, 0.4415, 0.1949, 0.4362, 0.5024, 0.1856, 0.5149, 0.3154, 0.3497, 0.4005, 0.3349, 0.3704, 0.3363, 0.509, 0.3619, 0.357, 0.7135, 0.4641, 0.3214, 0.4754, 0.3123, 0.3189, 0.3458, 0.1906, 0.1854, 0.4981, 0.4482, 0.4737, 0.3704, 0.4418, 0.5686, 0.3526, 0.1902, 0.2025, 0.1989, 0.179, 0.1841, 0.1826, 0.1858, 0.1751, 0.3283, 0.298, 0.1911, 0.1683]",0.3355880205017456,0.529627580696615,0.7134842079976806,0,26.449,11.0,0.0
2025-09-15|oraculo_directo|prueba|4|39.0694|base|60|todas|onsite,2025-09-15,oraculo_directo,prueba,4,39.0694,base,60,todas,onsite,20295,5370,25665,1659,383,1276,5956,238,588,91,0.2465442734884899,58,"{""devolucion_origen"": 6, ""entrega_sin_recogida"": 172, ""fisico"": 178, ""fuera_servicio"": 0, ""tope"": 0, ""visitas"": 0}",2981,2981,0,0,0,1659,0,14,67,0,74,"[0.1874, 0.1817, 0.1878, 0.3003, 0.2834, 0.1879, 0.1837, 0.2758, 0.1901, 0.2554, 0.1809, 0.2689, 0.2729, 0.1878, 0.1903, 0.4059, 0.1847, 0.3565, 0.2948, 0.2944, 0.1878, 0.1854, 0.3519, 0.3081, 0.4666, 0.5843, 0.4207, 0.3871, 0.4179, 0.3277, 0.279, 0.2855, 0.3312, 0.2871, 0.2907, 0.3083, 0.3534, 0.3023, 0.3078, 0.2998, 0.3347, 0.3889, 0.2869, 0.19, 0.1877, 0.416, 0.3251, 0.3475, 0.3635, 0.4186, 0.3656, 0.4242, 0.3926, 0.4372, 0.3605, 0.1889, 0.3518, 0.3613, 0.3714, 0.1873, 0.1826, 0.1921, 0.1928, 0.1852, 0.1848, 0.3684, 0.3575, 0.2855, 0.2863, 0.3205, 0.1762, 0.2302, 0.1712, 0.1705]",0.2925817289979022,0.4219480686497263,0.5842550410015974,0,23.552,6.0,0.0
2025-09-15|lgbm_directo|prueba|4|88.9149|base|60|todas|onsite,2025-09-15,lgbm_directo,prueba,4,88.9149,base,60,todas,onsite,41265,6397,47662,1915,524,1391,10489,476,2236,212,0.2306706738732764,147,"{""devolucion_origen"": 13, ""entrega_sin_recogida"": 182, ""fisico"": 195, ""fuera_servicio"": 0, ""tope"": 0, ""visitas"": 0}",5251,5251,0,0,0,1915,0,14,62,0,74,"[1.1458, 0.3108, 0.3217, 0.2975, 0.4171, 0.323, 0.4041, 0.5067, 0.291, 0.5045, 0.3289, 0.2828, 0.271, 0.171, 0.3129, 0.3304, 0.3469, 0.1981, 0.1992, 0.4162, 0.1905, 0.1837, 0.3705, 0.1794, 0.3854, 0.1832, 0.3999, 0.4463, 0.4389, 0.3722, 0.5025, 0.5512, 0.3591, 0.4565, 0.3519, 0.411, 0.437, 0.3322, 0.1777, 0.3557, 0.4098, 0.5613, 0.5567, 0.391, 0.3023, 0.346, 0.4287, 0.3285, 0.4174, 0.3885, 0.3736, 0.3548, 0.4185, 0.6968, 0.4053, 0.4662, 0.4876, 0.4403, 0.1891, 0.4848, 0.5067, 0.4075, 0.2075, 0.2036, 0.194, 0.2074, 0.1853, 0.2071, 0.183, 0.3988, 0.3401, 0.1818, 0.1682, 0.1637]",0.3552580215000489,0.5531549476996588,1.1457742499987944,0,28.492,13.0,0.0
2025-09-16|sin_rebalanceo|prueba|0|0.0|base|60|todas|onsite,2025-09-16,sin_rebalanceo,prueba,0,0.0,base,60,todas,onsite,58034,18494,76528,0,0,0,0,0,400,346,0.2208288951418141,23,"{""devolucion_origen"": 0, ""entrega_sin_recogida"": 0, ""fisico"": 0, ""fuera_servicio"": 0, ""tope"": 0, ""visitas"": 0}",0,0,0,0,0,0,0,0,0,0,0,[],0.0,0.0,0.0,0,1.684,0.0,
2025-09-16|ecobici|prueba|0|0.0|base|60|todas|onsite,2025-09-16,ecobici,prueba,0,0.0,base,60,todas,onsite,51072,16200,67272,704,395,309,2515,0,61,19,0.199237404450244,22,"{""devolucion_origen"": 0, ""entrega_sin_recogida"": 0, ""fisico"": 1, ""fuera_servicio"": 0, ""tope"": 0, ""visitas"": 0}",1358,1156,0,-202,0,704,0,28,44,0,0,[],0.0,0.0,0.0,0,1.765,0.0,704.0
2025-09-16|oraculo_diario|prueba|4|57.5805|base|60|todas|onsite,2025-09-16,oraculo_diario,prueba,4,57.5805,base,60,todas,onsite,12763,4420,17183,715,168,547,1883,81,107,17,0.1976573397512115,10,"{""devolucion_origen"": 7, ""entrega_sin_recogida"": 18, ""fisico"": 25, ""fuera_servicio"": 0, ""tope"": 0, ""visitas"": 0}",945,945,0,0,0,715,0,14,32,0,74,"[0.1882, 0.2003, 0.1902, 0.3263, 0.1924, 0.19, 0.4335, 0.1916, 0.1943, 0.1977, 0.4159, 0.4936, 0.394, 0.1846, 0.4725, 0.1853, 0.1876, 0.1916, 0.1864, 0.1825, 0.1902, 0.1842, 0.3523, 0.1834, 0.4252, 0.1943, 0.19, 0.1886, 0.1845, 0.1832, 0.188, 0.1868, 0.1972, 0.192, 0.1871, 0.1908, 0.3496, 0.3271, 0.1883, 0.4195, 0.1978, 0.1845, 0.4035, 0.1809, 0.1966, 0.3533, 0.3496, 0.1922, 0.1872, 0.3594, 0.1831, 0.1796, 0.1918, 0.4363, 0.4393, 0.3797, 0.7335, 0.5217, 0.1936, 0.4015, 0.4133, 0.1921, 0.3879, 1.1533, 0.2093, 0.6652, 0.4011, 1.2397, 0.1746, 0.3654, 0.1899, 0.1782, 0.1693, 0.1883]",0.1929974795020825,0.5719225771968914,1.2397400829941034,0,23.867,7.0,0.0
2025-09-16|ma_diaria|prueba|4|72.8507|base|60|todas|onsite,2025-09-16,ma_diaria,prueba,4,72.8507,base,60,todas,onsite,22970,5603,28573,775,171,604,2322,96,422,72,0.1939744548609356,21,"{""devolucion_origen"": 2, ""entrega_sin_recogida"": 3, ""fisico"": 5, ""fuera_servicio"": 0, ""tope"": 0, ""visitas"": 0}",1162,1162,0,0,0,775,0,14,27,0,74,"[0.2151, 0.3249, 0.2872, 0.2027, 0.4928, 0.4676, 0.4412, 0.4072, 0.1996, 0.4517, 0.3882, 0.4606, 0.4638, 0.4163, 0.4622, 0.2168, 0.1958, 0.1919, 0.4523, 0.4175, 0.214, 0.2018, 0.2114, 0.4134, 0.2003, 0.1916, 0.1903, 0.1822, 0.1845, 0.1911, 0.1829, 0.1813, 0.1825, 0.192, 0.1848, 0.2214, 0.1906, 0.4896, 0.1985, 0.1847, 0.2163, 0.437, 0.6067, 0.5267, 0.1847, 0.489, 0.194, 0.6046, 0.78, 0.5198, 0.1835, 0.1928, 0.1931, 0.3058, 0.1922, 0.1954, 0.2243, 0.3946, 0.2132, 0.4392, 0.7242, 0.7357, 0.1908, 0.1867, 0.4591, 0.5221, 0.1897, 0.4751, 0.3386, 0.1888, 0.3418, 0.2973, 0.1759, 0.1713]",0.2165795209984935,0.6053456209516298,0.7800056659980328,0,25.443,2.0,0.0
2025-09-16|lgbm_diario|prueba|4|72.7447|base|60|todas|onsite,2025-09-16,lgbm_diario,prueba,4,72.7447,base,60,todas,onsite,21473,5532,27005,699,147,552,1878,66,358,73,0.2010202303936625,17,"{""devolucion_origen"": 0, ""entrega_sin_recogida"": 4, ""fisico"": 4, ""fuera_servicio"": 0, ""tope"": 0, ""visitas"": 0}",939,939,0,0,0,699,0,14,29,0,74,"[0.1851, 0.4244, 0.3838, 0.4038, 0.1902, 0.4342, 0.3787, 0.3997, 0.1918, 0.6903, 0.1867, 0.375, 0.1894, 0.414, 0.1926, 0.4567, 0.1986, 0.4132, 0.193, 0.1897, 0.1801, 0.1955, 0.3189, 0.187, 0.1873, 0.2078, 0.1855, 0.1898, 0.1825, 0.1796, 0.1816, 0.1928, 0.1818, 0.1942, 0.189, 0.1824, 0.1939, 0.4634, 0.1862, 0.1842, 0.1925, 0.4846, 0.2042, 0.4771, 0.1982, 0.4677, 0.4174, 0.1897, 0.6499, 0.5284, 0.183, 0.1838, 0.3131, 0.5117, 0.3765, 0.1943, 0.1992, 0.197, 0.349, 0.1826, 0.1964, 0.1901, 0.3352, 0.1852, 0.6258, 0.3952, 0.1792, 0.3994, 0.3655, 0.1951, 0.1794, 0.3142, 0.1878, 0.1663]",0.1952939590009919,0.5175315891501667,0.6902947920025326,0,22.918,0.0,0.0
2025-09-16|oraculo_directo|prueba|4|39.0694|base|60|todas|onsite,2025-09-16,oraculo_directo,prueba,4,39.0694,base,60,todas,onsite,11049,4468,15517,475,126,349,1012,42,47,16,0.1971647224105819,7,"{""devolucion_origen"": 0, ""entrega_sin_recogida"": 5, ""fisico"": 5, ""fuera_servicio"": 0, ""tope"": 0, ""visitas"": 0}",506,506,0,0,0,475,0,14,37,0,74,"[0.2136, 0.3763, 0.2127, 0.2356, 0.1972, 0.3256, 0.2104, 0.4262, 0.1944, 0.4695, 0.4457, 0.2049, 0.2233, 0.2148, 0.2081, 0.1934, 0.2162, 0.1876, 0.228, 0.1915, 0.4363, 0.2246, 0.1899, 0.1852, 0.3426, 0.3438, 0.3399, 0.1872, 0.189, 0.3807, 0.3098, 0.1929, 0.1849, 0.1906, 0.2273, 0.3207, 0.2008, 0.3723, 0.2145, 0.3416, 0.3537, 0.322, 0.4391, 0.1972, 0.1887, 0.1812, 0.3314, 0.1948, 0.1939, 0.1934, 0.1916, 0.1851, 0.1891, 0.1925, 0.2031, 0.3095, 0.1976, 0.4192, 0.3233, 0.2029, 0.3524, 0.186, 0.2719, 0.1948, 0.1944, 0.2233, 0.1879, 0.228, 0.1805, 0.1811, 0.3115, 0.189, 0.1754, 0.1671]",0.2092698749984265,0.4297270187478715,0.4695459170034155,0,20.449,0.0,0.0
2025-09-16|lgbm_directo|prueba|4|88.9149|base|60|todas|onsite,2025-09-16,lgbm_directo,prueba,4,88.9149,base,60,todas,onsite,20236,4721,24957,910,190,720,3167,126,487,33,0.1995829064363865,23,"{""devolucion_origen"": 9, ""entrega_sin_recogida"": 14, ""fisico"": 23, ""fuera_servicio"": 0, ""tope"": 0, ""visitas"": 0}",1588,1588,0,0,0,912,2,14,29,0,74,"[1.0299, 0.4564, 0.4338, 0.4461, 0.4829, 0.4359, 0.1885, 0.4544, 0.4711, 0.4214, 0.1805, 0.1799, 0.1904, 0.4592, 0.4497, 0.3986, 0.3804, 0.1889, 0.4364, 0.4682, 0.1914, 0.199, 0.4148, 0.3425, 0.1913, 0.1943, 0.4132, 0.1825, 0.1847, 0.1848, 0.1837, 0.1927, 0.1817, 0.1884, 0.1849, 0.1824, 0.1832, 0.5044, 0.1873, 0.1916, 0.1901, 0.5368, 0.1875, 0.4536, 0.1848, 0.5569, 0.1899, 0.6202, 0.5216, 0.3459, 0.1915, 0.2879, 0.1913, 0.1855, 0.4127, 0.2062, 0.2094, 0.1887, 0.3374, 0.3096, 0.1843, 0.3624, 0.8088, 0.1822, 0.4204, 0.1914, 0.3593, 0.409, 0.1892, 0.3929, 0.1762, 0.1711, 0.1701, 0.1663]",0.2025998545032052,0.5438528935486828,1.0299094169968157,0,25.117,9.0,0.0
2025-09-17|sin_rebalanceo|prueba|0|0.0|base|60|todas|onsite,2025-09-17,sin_rebalanceo,prueba,0,0.0,base,60,todas,onsite,216364,69562,285926,0,0,0,0,0,12393,8384,0.4820053828707578,846,"{""devolucion_origen"": 0, ""entrega_sin_recogida"": 0, ""fisico"": 0, ""fuera_servicio"": 0, ""tope"": 0, ""visitas"": 0}",0,0,0,0,0,0,0,0,0,0,0,[],0.0,0.0,0.0,0,2.286,0.0,
2025-09-17|ecobici|prueba|0|0.0|base|60|todas|onsite,2025-09-17,ecobici,prueba,0,0.0,base,60,todas,onsite,119441,18443,137884,2722,1385,1337,14062,0,3078,874,0.2814488589048454,292,"{""devolucion_origen"": 0, ""entrega_sin_recogida"": 0, ""fisico"": 260, ""fuera_servicio"": 0, ""tope"": 0, ""visitas"": 0}",6835,6967,0,132,0,2695,0,67,116,0,0,[],0.0,0.0,0.0,0,2.255,0.0,2695.0
2025-09-17|oraculo_diario|prueba|4|57.5805|base|60|todas|onsite,2025-09-17,oraculo_diario,prueba,4,57.5805,base,60,todas,onsite,48525,3430,51955,2792,727,2065,12741,476,4561,1086,0.2887452521755074,313,"{""devolucion_origen"": 43, ""entrega_sin_recogida"": 311, ""fisico"": 354, ""fuera_servicio"": 0, ""tope"": 0, ""visitas"": 0}",6392,6392,0,0,0,2792,0,14,67,0,74,"[0.7726, 0.3579, 0.2593, 0.2258, 0.2736, 0.2683, 0.3453, 0.4275, 0.2267, 0.2888, 0.2576, 0.2825, 0.4062, 0.2769, 0.3562, 0.5247, 0.1825, 0.1708, 0.181, 0.1722, 0.2832, 0.1788, 0.315, 0.2745, 0.2758, 0.2718, 0.4582, 0.4221, 0.5909, 0.3406, 0.2792, 0.1894, 0.3658, 0.2882, 0.4117, 0.2858, 0.4561, 0.3208, 0.2992, 0.2682, 0.3754, 0.1867, 0.2363, 0.2879, 0.3273, 0.3154, 0.2638, 0.2551, 0.2588, 0.1785, 0.261, 0.1749, 0.4559, 0.4993, 0.2401, 0.3262, 0.5188, 0.3245, 0.1757, 0.3137, 0.1853, 0.3751, 0.1853, 0.1761, 0.3803, 0.1749, 0.1791, 0.2022, 0.1896, 0.1801, 0.314, 0.171, 0.175, 0.191]",0.2763474165039952,0.5061135097515943,0.7725923750040238,0,24.283,43.0,0.0
2025-09-17|ma_diaria|prueba|4|72.8507|base|60|todas|onsite,2025-09-17,ma_diaria,prueba,4,72.8507,base,60,todas,onsite,67659,5009,72668,2759,685,2074,12935,500,5703,1202,0.2649762237763575,369,"{""devolucion_origen"": 11, ""entrega_sin_recogida"": 212, ""fisico"": 223, ""fuera_servicio"": 0, ""tope"": 0, ""visitas"": 0}",6473,6473,0,0,0,2759,0,14,67,0,74,"[0.583, 0.3973, 0.4095, 0.1772, 0.3032, 0.4535, 0.269, 0.2733, 0.3916, 0.4291, 0.2186, 0.5077, 0.158, 0.1653, 0.1669, 0.1634, 0.1709, 0.1765, 0.1713, 0.1781, 0.176, 0.181, 0.1753, 0.1823, 0.1816, 0.3674, 0.382, 0.3401, 0.3453, 0.3856, 0.37, 0.1982, 0.5689, 0.3307, 0.3593, 0.5614, 0.4271, 0.4735, 0.5236, 0.357, 0.3738, 0.4043, 0.4309, 0.3645, 0.4904, 0.3144, 0.4026, 0.368, 0.3116, 0.5736, 0.3869, 0.3734, 0.3411, 0.5646, 0.3035, 0.3088, 0.3813, 0.2699, 0.2839, 0.2898, 0.1804, 0.1756, 0.1793, 0.1795, 0.1812, 0.1825, 0.1789, 0.1752, 0.1783, 0.1743, 0.3742, 0.2799, 0.1816, 0.1607]",0.3102347499989264,0.562514333452782,0.582986624998739,0,25.263,11.0,0.0
2025-09-17|lgbm_diario|prueba|4|72.7447|base|60|todas|onsite,2025-09-17,lgbm_diario,prueba,4,72.7447,base,60,todas,onsite,67435,5421,72856,2726,681,2045,12791,487,5547,1234,0.2601815712966998,361,"{""devolucion_origen"": 9, ""entrega_sin_recogida"": 181, ""fisico"": 190, ""fuera_servicio"": 0, ""tope"": 0, ""visitas"": 0}",6400,6400,0,0,0,2726,0,14,67,0,74,"[0.7028, 0.4065, 0.3102, 0.354, 0.2475, 0.328, 0.2762, 0.3072, 0.232, 0.2658, 0.2441, 0.3193, 0.4238, 0.1735, 0.1995, 0.2041, 0.2038, 0.1931, 0.1899, 0.1832, 0.3258, 0.1761, 0.1966, 0.1777, 0.1868, 0.3591, 0.4951, 0.5907, 0.3782, 0.4024, 0.2194, 0.392, 0.6972, 0.1881, 0.4832, 0.3662, 0.4697, 0.3646, 0.4196, 0.3402, 0.3916, 0.3227, 0.4314, 0.3721, 0.4801, 0.3203, 0.3474, 0.3457, 0.3132, 0.3393, 0.3005, 0.3296, 0.3242, 0.5485, 0.1725, 0.3533, 0.291, 0.2884, 0.3141, 0.1981, 0.1736, 0.1815, 0.1712, 0.1742, 0.18, 0.1919, 0.1744, 0.1722, 0.1882, 0.1678, 0.3028, 0.3198, 0.1803, 0.1572]",0.3087244790003751,0.5137761602032693,0.7028232499942533,0,24.936,9.0,0.0
2025-09-17|oraculo_directo|prueba|4|39.0694|base|60|todas|onsite,2025-09-17,oraculo_directo,prueba,4,39.0694,base,60,todas,onsite,33670,2792,36462,2833,814,2019,12147,510,2863,866,0.2354353019462112,204,"{""devolucion_origen"": 9, ""entrega_sin_recogida"": 451, ""fisico"": 460, ""fuera_servicio"": 0, ""tope"": 0, ""visitas"": 0}",6078,6078,0,0,0,2833,0,14,67,0,74,"[0.6722, 0.1778, 0.2722, 0.3002, 0.2499, 0.4475, 0.2385, 0.3196, 0.1746, 0.2461, 0.2907, 0.2652, 0.3725, 0.4313, 0.2471, 0.3326, 0.1689, 0.1782, 0.2617, 0.2648, 0.2712, 0.3721, 0.2659, 0.382, 0.1851, 0.4988, 0.5376, 0.32, 0.7106, 0.5507, 0.3603, 0.4332, 0.3692, 0.1874, 0.6634, 0.383, 0.4731, 0.4946, 0.2446, 0.1815, 0.2552, 0.2881, 0.3208, 0.3037, 0.3176, 0.1785, 0.2713, 0.4202, 0.422, 0.1812, 0.3325, 0.3742, 0.2703, 0.2872, 0.4396, 0.1817, 0.3767, 0.3816, 0.2711, 0.29, 0.2937, 0.1835, 0.1859, 0.1848, 0.1926, 0.1891, 0.186, 0.1901, 0.1928, 0.1778, 0.314, 0.2696, 0.1756, 0.1736]",0.2797297289980633,0.5421855584510922,0.710560917003022,0,25.172,9.0,0.0
2025-09-17|lgbm_directo|prueba|4|88.9149|base|60|todas|onsite,2025-09-17,lgbm_directo,prueba,4,88.9149,base,60,todas,onsite,70403,5417,75820,2618,643,1975,12932,519,6219,1231,0.2715866970972468,399,"{""devolucion_origen"": 10, ""entrega_sin_recogida"": 316, ""fisico"": 326, ""fuera_servicio"": 0, ""tope"": 0, ""visitas"": 0}",6471,6471,0,0,0,2618,0,14,67,0,74,"[1.2921, 0.2913, 0.2846, 0.278, 0.3777, 0.5582, 0.2518, 0.2334, 0.3821, 0.1662, 0.258, 0.6679, 0.3052, 0.1653, 0.3094, 0.3021, 0.1662, 0.1744, 0.1989, 0.1742, 0.1831, 0.1847, 0.336, 0.4889, 0.1811, 0.3477, 0.5042, 0.3813, 0.3479, 0.1848, 0.4491, 0.4036, 0.5674, 0.3293, 0.3627, 0.5512, 0.3311, 0.4661, 0.4152, 0.3238, 0.3483, 0.5442, 0.4221, 0.4781, 0.4507, 0.4829, 0.4479, 0.3674, 0.3247, 0.4871, 0.7055, 0.7074, 0.4132, 0.4212, 0.6174, 0.5358, 0.59, 0.3025, 0.3087, 0.2992, 0.1743, 0.179, 0.1858, 0.2082, 0.1771, 0.1745, 0.1747, 0.1794, 0.1812, 0.3196, 0.3541, 0.1874, 0.1574, 0.1551]",0.3270099374967685,0.6350855750002663,1.292129166999075,0,28.569,10.0,0.0
2025-09-18|sin_rebalanceo|prueba|0|0.0|base|60|todas|onsite,2025-09-18,sin_rebalanceo,prueba,0,0.0,base,60,todas,onsite,208225,67979,276204,0,0,0,0,0,12413,8814,0.46310264399933,936,"{""devolucion_origen"": 0, ""entrega_sin_recogida"": 0, ""fisico"": 0, ""fuera_servicio"": 0, ""tope"": 0, ""visitas"": 0}",0,0,0,0,0,0,0,0,0,0,0,[],0.0,0.0,0.0,0,2.289,0.0,
2025-09-18|ecobici|prueba|0|0.0|base|60|todas|onsite,2025-09-18,ecobici,prueba,0,0.0,base,60,todas,onsite,103588,18940,122528,2667,1351,1316,12853,0,2427,1011,0.2581193177697793,275,"{""devolucion_origen"": 0, ""entrega_sin_recogida"": 0, ""fisico"": 228, ""fuera_servicio"": 0, ""tope"": 0, ""visitas"": 0}",6284,6341,0,57,0,2638,0,69,103,0,0,[],0.0,0.0,0.0,0,2.258,0.0,2638.0
2025-09-18|oraculo_diario|prueba|4|57.5805|base|60|todas|onsite,2025-09-18,oraculo_diario,prueba,4,57.5805,base,60,todas,onsite,48633,3616,52249,2549,669,1880,11908,497,4334,1033,0.2797732311283205,293,"{""devolucion_origen"": 28, ""entrega_sin_recogida"": 294, ""fisico"": 322, ""fuera_servicio"": 0, ""tope"": 0, ""visitas"": 0}",5968,5968,0,0,0,2549,0,14,67,0,74,"[0.4812, 0.1752, 0.3014, 0.439, 0.4022, 0.3371, 0.1716, 0.2979, 0.2304, 0.3001, 0.2994, 0.246, 0.3139, 0.2222, 0.1776, 0.1646, 0.1715, 0.174, 0.1749, 0.1739, 0.2773, 0.1785, 0.2891, 0.3325, 0.3955, 0.2969, 0.2816, 0.2951, 0.2949, 0.1772, 0.2623, 0.2613, 0.2805, 0.2646, 0.2653, 0.2506, 0.4227, 0.4704, 0.5199, 0.4795, 0.319, 0.4811, 0.26, 0.385, 0.1785, 0.2937, 0.3105, 0.1792, 0.3166, 0.3615, 0.2615, 0.3502, 0.372, 0.3263, 0.5185, 0.3521, 0.2965, 0.4641, 0.2628, 0.3402, 0.3152, 0.1846, 0.1772, 0.1775, 0.1777, 0.1896, 0.1865, 0.3313, 0.1805, 0.2844, 0.1799, 0.285, 0.2821, 0.1832]",0.2847061669999675,0.4800654937494982,0.5198927499950514,0,23.596,28.0,0.0
2025-09-18|ma_diaria|prueba|4|72.8507|base|60|todas|onsite,2025-09-18,ma_diaria,prueba,4,72.8507,base,60,todas,onsite,68201,5397,73598,2593,673,1920,11751,486,5505,1181,0.2708137193424759,364,"{""devolucion_origen"": 21, ""entrega_sin_recogida"": 183, ""fisico"": 204, ""fuera_servicio"": 0, ""tope"": 0, ""visitas"": 0}",5886,5886,0,0,0,2593,0,14,67,0,74,"[0.1795, 0.3387, 0.4024, 0.3119, 0.4591, 0.2823, 0.2362, 0.4517, 0.2261, 0.2811, 0.2971, 0.2469, 0.3617, 0.1903, 0.1705, 0.1647, 0.1803, 0.1763, 0.1782, 0.1879, 0.1765, 0.1714, 0.1969, 0.1785, 0.183, 0.1834, 0.4029, 0.2181, 0.1929, 0.2039, 0.3342, 0.3423, 0.3707, 0.3231, 0.3766, 0.3505, 0.2964, 0.3216, 0.7251, 0.3152, 0.3345, 0.4695, 0.6657, 0.4483, 0.4187, 0.4368, 0.2964, 0.3485, 0.4113, 0.6881, 0.2782, 0.3192, 0.1758, 0.3261, 0.3495, 0.3557, 0.3237, 0.4165, 0.3713, 0.3306, 0.3177, 0.3882, 0.1797, 0.1987, 0.1834, 0.2063, 0.1793, 0.1735, 0.1757, 0.1753, 0.3154, 0.4087, 0.1787, 0.1593]",0.3045141670008888,0.4627276482515298,0.7250628750043688,0,24.52,21.0,0.0
2025-09-18|lgbm_diario|prueba|4|72.7447|base|60|todas|onsite,2025-09-18,lgbm_diario,prueba,4,72.7447,base,60,todas,onsite,67609,6177,73786,2604,680,1924,11657,481,5355,1259,0.2649686097306015,376,"{""devolucion_origen"": 25, ""entrega_sin_recogida"": 178, ""fisico"": 203, ""fuera_servicio"": 0, ""tope"": 0, ""visitas"": 0}",5841,5841,0,0,0,2604,0,14,67,0,74,"[0.377, 0.3712, 0.289, 0.3109, 0.3078, 0.3386, 0.2481, 0.418, 0.2589, 0.2888, 0.343, 0.3476, 0.3272, 0.1632, 0.1629, 0.1683, 0.1715, 0.1717, 0.1718, 0.1681, 0.1726, 0.1722, 0.1918, 0.1833, 0.1786, 0.1786, 0.1807, 0.1797, 0.1836, 0.1807, 0.1848, 0.1789, 0.3921, 0.3655, 0.4085, 0.3211, 0.3227, 0.4309, 0.4102, 0.3334, 0.431, 0.4199, 0.5874, 0.5128, 0.4497, 0.3071, 0.5135, 0.3003, 0.1743, 0.4315, 0.2926, 0.5862, 0.3034, 0.2908, 0.1804, 0.4961, 0.3323, 0.6415, 0.4118, 0.3082, 0.182, 0.3066, 0.1771, 0.1756, 0.2034, 0.1727, 0.1721, 0.1747, 0.1937, 0.322, 0.3176, 0.2926, 0.177, 0.1627]",0.2926231455021479,0.51302506665088,0.6414997500032769,0,23.939,25.0,0.0
2025-09-18|oraculo_directo|prueba|4|39.0694|base|60|todas|onsite,2025-09-18,oraculo_directo,prueba,4,39.0694,base,60,todas,onsite,37745,3010,40755,2649,724,1925,11078,492,2745,852,0.2624265673577141,212,"{""devolucion_origen"": 4, ""entrega_sin_recogida"": 377, ""fisico"": 381, ""fuera_servicio"": 0, ""tope"": 0, ""visitas"": 0}",5541,5541,0,0,0,2649,0,14,67,0,74,"[0.3641, 0.192, 0.3395, 0.2722, 0.279, 0.1792, 0.1832, 0.239, 0.2421, 0.313, 0.301, 0.4424, 0.2271, 0.1704, 0.2964, 0.1925, 0.1653, 0.1715, 0.2012, 0.1811, 0.2657, 0.2707, 0.2074, 0.1948, 0.3067, 0.3843, 0.2818, 0.2708, 0.3881, 0.2643, 0.3767, 0.183, 0.3671, 0.5283, 0.4694, 0.3267, 0.483, 0.2779, 0.2765, 0.4286, 0.3514, 0.3094, 0.3728, 0.1815, 0.3631, 0.4021, 0.3301, 0.5346, 0.2791, 0.3014, 0.2593, 0.275, 0.4159, 0.3079, 0.3471, 0.3608, 0.3032, 0.3857, 0.3948, 0.2741, 0.2872, 0.2082, 0.1829, 0.2005, 0.2052, 0.2026, 0.2082, 0.189, 0.2038, 0.1787, 0.2764, 0.178, 0.1855, 0.178]",0.2764562920019671,0.4518520369500036,0.5345575000028475,0,23.515,4.0,0.0
2025-09-18|lgbm_directo|prueba|4|88.9149|base|60|todas|onsite,2025-09-18,lgbm_directo,prueba,4,88.9149,base,60,todas,onsite,70949,6437,77386,2411,616,1795,11692,493,6080,1399,0.282604081525126,385,"{""devolucion_origen"": 16, ""entrega_sin_recogida"": 237, ""fisico"": 253, ""fuera_servicio"": 0, ""tope"": 0, ""visitas"": 0}",5854,5854,0,0,0,2411,0,14,67,0,74,"[1.3666, 0.2574, 0.1811, 0.3487, 0.5105, 0.175, 0.3247, 0.4059, 0.2626, 0.4403, 0.4086, 0.326, 0.3832, 0.2935, 0.1634, 0.1644, 0.1885, 0.168, 0.1928, 0.1708, 0.1715, 0.1901, 0.1897, 0.1807, 0.1815, 0.1837, 0.4018, 0.1841, 0.1826, 0.1857, 0.1795, 0.3003, 0.3209, 0.3086, 0.3225, 0.6513, 0.1839, 0.3596, 0.4325, 0.4283, 0.5036, 0.4285, 0.5771, 0.1797, 0.5766, 0.4746, 0.4125, 0.3114, 0.435, 0.4451, 0.3588, 0.401, 0.3612, 0.3136, 0.4978, 0.4297, 0.3263, 0.3398, 0.1727, 0.3412, 0.3462, 0.1782, 0.1834, 0.1761, 0.1818, 0.1755, 0.1791, 0.1784, 0.1771, 0.3238, 0.3042, 0.1948, 0.1617, 0.1576]",0.3064214789992547,0.5336388830990468,1.366551166996942,0,25.358,16.0,0.0
2025-09-19|sin_rebalanceo|prueba|0|0.0|base|60|todas|onsite,2025-09-19,sin_rebalanceo,prueba,0,0.0,base,60,todas,onsite,202837,56584,259421,0,0,0,0,0,11657,7325,0.4300119246002952,930,"{""devolucion_origen"": 0, ""entrega_sin_recogida"": 0, ""fisico"": 0, ""fuera_servicio"": 0, ""tope"": 0, ""visitas"": 0}",0,0,0,0,0,0,0,0,0,0,0,[],0.0,0.0,0.0,0,2.304,0.0,
2025-09-19|ecobici|prueba|0|0.0|base|60|todas|onsite,2025-09-19,ecobici,prueba,0,0.0,base,60,todas,onsite,104332,13169,117501,2330,1124,1206,11774,0,2101,457,0.2484756139263766,314,"{""devolucion_origen"": 0, ""entrega_sin_recogida"": 0, ""fisico"": 134, ""fuera_servicio"": 0, ""tope"": 0, ""visitas"": 0}",5816,5824,0,8,0,2319,0,64,98,0,0,[],0.0,0.0,0.0,0,2.246,0.0,2319.0
2025-09-19|oraculo_diario|prueba|4|57.5805|base|60|todas|onsite,2025-09-19,oraculo_diario,prueba,4,57.5805,base,60,todas,onsite,37793,2856,40649,2468,635,1833,11220,406,3415,652,0.2454983555472602,207,"{""devolucion_origen"": 20, ""entrega_sin_recogida"": 344, ""fisico"": 364, ""fuera_servicio"": 0, ""tope"": 0, ""visitas"": 0}",5620,5620,0,0,0,2468,0,14,67,0,74,"[0.1787, 0.1842, 0.2955, 0.2846, 0.3395, 0.3226, 0.3087, 0.1908, 0.4307, 0.226, 0.2301, 0.2667, 0.2372, 0.1705, 0.3841, 0.2437, 0.1751, 0.1696, 0.1773, 0.1771, 0.3097, 0.3076, 0.3734, 0.2813, 0.3081, 0.3929, 0.2785, 0.2993, 0.3821, 0.2165, 0.4023, 0.3756, 0.2832, 0.4327, 0.3678, 0.2724, 0.545, 0.2552, 0.2691, 0.3528, 0.4208, 0.2598, 0.2669, 0.3431, 0.4154, 0.2548, 0.4604, 0.2623, 0.249, 0.4146, 0.1729, 0.3528, 0.2694, 0.5608, 0.1734, 0.3317, 0.3902, 0.3219, 0.2745, 0.2739, 0.2885, 0.3079, 0.3269, 0.3415, 0.3348, 0.201, 0.1779, 0.1866, 0.3308, 0.172, 0.2085, 0.1761, 0.1915, 0.1829]",0.2822853745019529,0.4313726027467055,0.5608009999996284,0,23.926,20.0,0.0
2025-09-19|ma_diaria|prueba|4|72.8507|base|60|todas|onsite,2025-09-19,ma_diaria,prueba,4,72.8507,base,60,todas,onsite,58135,3357,61492,2569,613,1956,11997,452,4960,638,0.2518641689205205,325,"{""devolucion_origen"": 17, ""entrega_sin_recogida"": 262, ""fisico"": 279, ""fuera_servicio"": 0, ""tope"": 0, ""visitas"": 0}",6007,6007,0,0,0,2569,0,14,67,0,74,"[0.2663, 0.489, 0.4586, 0.4589, 0.3221, 0.178, 0.3702, 0.2428, 0.4221, 0.3707, 0.3142, 0.4866, 0.4575, 0.2551, 0.2592, 0.1719, 0.1711, 0.1698, 0.1722, 0.1722, 0.1736, 0.4654, 0.3213, 0.3373, 0.4858, 0.1892, 0.1843, 0.5364, 0.4224, 0.3293, 0.6323, 0.441, 0.5314, 0.4461, 0.433, 0.5115, 0.1768, 0.4185, 0.3872, 0.1839, 0.3735, 0.3396, 0.4675, 0.1781, 0.5096, 0.5069, 0.2967, 0.1766, 0.4875, 0.2846, 0.3507, 0.3024, 0.526, 0.4887, 0.1908, 0.3141, 0.5418, 0.5264, 0.3286, 0.3386, 0.4039, 0.6359, 0.4677, 0.3849, 0.3602, 0.1793, 0.2068, 0.1782, 0.1715, 0.174, 0.3271, 0.2828, 0.1905, 0.1636]",0.3379331460018875,0.5331614166509098,0.635903041002166,0,27.766,17.0,0.0
2025-09-19|lgbm_diario|prueba|4|72.7447|base|60|todas|onsite,2025-09-19,lgbm_diario,prueba,4,72.7447,base,60,todas,onsite,57778,3702,61480,2537,585,1952,11235,502,4723,720,0.2390520788148637,307,"{""devolucion_origen"": 11, ""entrega_sin_recogida"": 207, ""fisico"": 218, ""fuera_servicio"": 0, ""tope"": 0, ""visitas"": 0}",5623,5623,0,0,0,2537,0,14,67,0,74,"[0.2752, 0.3804, 0.3625, 0.6356, 0.4878, 0.497, 0.4429, 0.323, 0.331, 0.2508, 0.2642, 0.2606, 0.2707, 0.1672, 0.1679, 0.1742, 0.1739, 0.1829, 0.1866, 0.1825, 0.1812, 0.3408, 0.3372, 0.4936, 0.184, 0.3515, 0.3724, 0.635, 0.1796, 0.1868, 0.5719, 0.3866, 0.4212, 0.5167, 0.5939, 0.4712, 0.3663, 0.3114, 0.4357, 0.3158, 0.4459, 0.6613, 0.3901, 0.3811, 0.5528, 0.3505, 0.4075, 0.4114, 0.6487, 0.5668, 0.3435, 0.4386, 0.3615, 0.6015, 0.3242, 0.4868, 0.3928, 0.3337, 0.3509, 0.314, 0.5078, 0.566, 0.3266, 0.2143, 0.1828, 0.1904, 0.1989, 0.1823, 0.1928, 0.174, 0.3234, 0.337, 0.1805, 0.1585]",0.3421291664999444,0.6132356624988459,0.6613070000021253,0,28.618,11.0,0.0
2025-09-19|oraculo_directo|prueba|4|39.0694|base|60|todas|onsite,2025-09-19,oraculo_directo,prueba,4,39.0694,base,60,todas,onsite,26565,2857,29422,2478,661,1817,10396,371,1935,619,0.2089531077564962,122,"{""devolucion_origen"": 4, ""entrega_sin_recogida"": 385, ""fisico"": 389, ""fuera_servicio"": 0, ""tope"": 0, ""visitas"": 0}",5200,5200,0,0,0,2478,0,14,67,0,74,"[0.1839, 0.3985, 0.2635, 0.3985, 0.2936, 0.2736, 0.3733, 0.2978, 0.1785, 0.2279, 0.2278, 0.2456, 0.2372, 0.1742, 0.237, 0.2768, 0.1765, 0.1768, 0.181, 0.2637, 0.1802, 0.2807, 0.2137, 0.2928, 0.2993, 0.6331, 0.1827, 0.1865, 0.4045, 0.421, 0.3666, 0.2974, 0.3373, 0.294, 0.2532, 0.1871, 0.3486, 0.4365, 0.4867, 0.2996, 0.3244, 0.1793, 0.3114, 0.2938, 0.2548, 0.3161, 0.2736, 0.3223, 0.2629, 0.2902, 0.2737, 0.3032, 0.2531, 0.2741, 0.296, 0.3462, 0.501, 0.2804, 0.3056, 0.3287, 0.3076, 0.2855, 0.3184, 0.1881, 0.1834, 0.3389, 0.2049, 0.2421, 0.2113, 0.1959, 0.2069, 0.2308, 0.1778, 0.174]",0.2754435624992766,0.4264065061513974,0.6331178749969695,0,23.045,4.0,0.0
2025-09-19|lgbm_directo|prueba|4|88.9149|base|60|todas|onsite,2025-09-19,lgbm_directo,prueba,4,88.9149,base,60,todas,onsite,59435,3514,62949,2438,595,1843,11870,477,5281,687,0.25131403147958,325,"{""devolucion_origen"": 12, ""entrega_sin_recogida"": 310, ""fisico"": 322, ""fuera_servicio"": 0, ""tope"": 0, ""visitas"": 0}",5941,5941,0,0,0,2438,0,14,67,0,74,"[1.3183, 0.186, 0.1854, 0.2501, 0.1735, 0.4388, 0.363, 0.2258, 0.4816, 0.1652, 0.1664, 0.3809, 0.2956, 0.2844, 0.3052, 0.1735, 0.1736, 0.1695, 0.1774, 0.1767, 0.1784, 0.1867, 0.1836, 0.3809, 0.3591, 0.4902, 0.3508, 0.662, 0.5425, 0.3847, 0.4395, 0.4984, 0.436, 0.6087, 0.1842, 0.5507, 0.3223, 0.3984, 0.4439, 0.5727, 0.382, 0.3428, 0.3937, 0.3266, 1.0572, 0.4346, 0.6099, 0.2883, 0.3935, 0.4456, 0.7064, 0.1781, 0.3169, 0.7026, 0.4839, 0.3216, 0.345, 0.4569, 0.4198, 0.3678, 0.7341, 0.3499, 0.4266, 0.1803, 0.5511, 0.1796, 0.1797, 0.1819, 0.1802, 0.3461, 0.2806, 0.1773, 0.1661, 0.1626]",0.3480390000004263,0.7038874460522493,1.3183455409962337,0,29.847,12.0,0.0
2025-09-20|sin_rebalanceo|prueba|0|0.0|base|60|todas|onsite,2025-09-20,sin_rebalanceo,prueba,0,0.0,base,60,todas,onsite,97293,22182,119475,0,0,0,0,0,1831,1354,0.2690277743234655,176,"{""devolucion_origen"": 0, ""entrega_sin_recogida"": 0, ""fisico"": 0, ""fuera_servicio"": 0, ""tope"": 0, ""visitas"": 0}",0,0,0,0,0,0,0,0,0,0,0,[],0.0,0.0,0.0,0,1.902,0.0,
2025-09-20|ecobici|prueba|0|0.0|base|60|todas|onsite,2025-09-20,ecobici,prueba,0,0.0,base,60,todas,onsite,57151,11492,68643,1109,583,526,3114,0,228,77,0.2126121048436012,89,"{""devolucion_origen"": 0, ""entrega_sin_recogida"": 0, ""fisico"": 10, ""fuera_servicio"": 0, ""tope"": 0, ""visitas"": 0}",1624,1480,0,-144,0,1108,0,20,54,0,0,[],0.0,0.0,0.0,0,1.943,0.0,1108.0
2025-09-20|oraculo_diario|prueba|4|57.5805|base|60|todas|onsite,2025-09-20,oraculo_diario,prueba,4,57.5805,base,60,todas,onsite,12938,965,13903,1045,177,868,3359,114,237,13,0.2222830223409436,29,"{""devolucion_origen"": 7, ""entrega_sin_recogida"": 41, ""fisico"": 48, ""fuera_servicio"": 0, ""tope"": 0, ""visitas"": 0}",1683,1683,0,0,0,1045,0,14,30,0,74,"[0.1891, 0.4171, 0.3481, 0.3347, 0.3654, 0.3563, 0.3689, 0.1799, 0.1825, 0.2744, 0.2768, 0.4353, 0.3263, 0.4461, 0.1905, 0.2932, 0.3108, 0.186, 0.1891, 0.3311, 0.1894, 0.1874, 0.3999, 0.3532, 0.1901, 0.2772, 0.2922, 0.2901, 0.3147, 0.1835, 0.3043, 0.181, 0.325, 0.1824, 0.3099, 0.286, 0.2955, 0.3237, 0.1851, 0.292, 0.1851, 0.1883, 0.1862, 0.1952, 0.3462, 0.325, 0.1871, 0.3308, 0.3339, 0.3773, 0.5428, 0.1824, 0.4876, 0.3396, 0.3967, 0.1919, 0.3663, 0.398, 0.3627, 0.3323, 0.3999, 0.2074, 0.4315, 0.1982, 0.1911, 0.3441, 0.7175, 0.2805, 0.1794, 0.3916, 0.1824, 0.1769, 0.1753, 0.1721]",0.2943199375004042,0.4390600727998389,0.7174966669990681,0,23.707,7.0,0.0
2025-09-20|ma_diaria|prueba|4|72.8507|base|60|todas|onsite,2025-09-20,ma_diaria,prueba,4,72.8507,base,60,todas,onsite,26249,2294,28543,1061,189,872,3100,151,604,97,0.2231205950289799,65,"{""devolucion_origen"": 4, ""entrega_sin_recogida"": 3, ""fisico"": 7, ""fuera_servicio"": 0, ""tope"": 0, ""visitas"": 0}",1552,1552,0,0,0,1061,0,14,32,0,74,"[0.1923, 0.1888, 0.1981, 0.1858, 0.3919, 0.388, 0.3576, 0.4895, 0.6672, 0.6217, 0.8677, 0.3521, 0.527, 0.6046, 0.3448, 0.6389, 0.6287, 0.4268, 0.1789, 0.4282, 0.3845, 0.4456, 0.4487, 0.1811, 0.1801, 0.1895, 0.1843, 0.1852, 0.1853, 0.1852, 0.1848, 0.181, 0.1834, 0.178, 0.18, 0.1849, 0.3737, 0.1784, 0.1874, 0.1857, 0.1915, 0.1908, 0.185, 0.1854, 0.1853, 0.4527, 0.1887, 0.566, 0.1889, 0.4841, 0.4356, 0.19, 0.4107, 0.1879, 0.1895, 0.1879, 0.1867, 0.4374, 0.4404, 0.4294, 0.1878, 0.4406, 0.1931, 0.1841, 0.19, 0.1859, 0.424, 0.1811, 0.1899, 0.191, 0.3069, 0.2883, 0.1799, 0.1644]",0.1904246874983073,0.6241391328996542,0.8677473749994533,0,24.445,4.0,0.0
2025-09-20|lgbm_diario|prueba|4|72.7447|base|60|todas|onsite,2025-09-20,lgbm_diario,prueba,4,72.7447,base,60,todas,onsite,24176,2493,26669,1060,197,863,2947,143,593,86,0.2262967985164047,67,"{""devolucion_origen"": 1, ""entrega_sin_recogida"": 9, ""fisico"": 10, ""fuera_servicio"": 0, ""tope"": 0, ""visitas"": 0}",1474,1474,0,0,0,1060,0,14,34,0,74,"[0.1892, 0.3581, 0.3944, 0.3618, 0.4193, 0.3648, 0.38, 0.3384, 0.4444, 0.3539, 0.6727, 0.6899, 0.4302, 0.4454, 0.3798, 0.5151, 0.6847, 0.1938, 0.1934, 0.4384, 0.4052, 0.6279, 0.3771, 0.2165, 0.1781, 0.1853, 0.1794, 0.1815, 0.1891, 0.2142, 0.1793, 0.1843, 0.1866, 0.1811, 0.185, 0.1804, 0.1802, 0.1787, 0.1795, 0.1898, 0.178, 0.1914, 0.1819, 0.441, 0.4684, 0.1851, 0.1875, 1.0174, 0.1829, 0.1775, 0.4825, 0.1887, 0.203, 0.1948, 0.2191, 0.1888, 0.1897, 0.4654, 0.2033, 0.4411, 0.1911, 0.1878, 0.2006, 0.1873, 0.1843, 0.183, 0.1923, 0.1848, 0.2043, 0.1811, 0.2912, 0.2862, 0.1669, 0.1638]",0.1935828329951618,0.6435916103004271,1.0173800829943502,0,23.722,1.0,0.0
2025-09-20|oraculo_directo|prueba|4|39.0694|base|60|todas|onsite,2025-09-20,oraculo_directo,prueba,4,39.0694,base,60,todas,onsite,10815,1049,11864,874,173,701,2520,107,144,24,0.2206773045311042,23,"{""devolucion_origen"": 0, ""entrega_sin_recogida"": 10, ""fisico"": 10, ""fuera_servicio"": 0, ""tope"": 0, ""visitas"": 0}",1260,1260,0,0,0,874,0,14,35,0,74,"[0.2023, 0.1903, 0.612, 0.2071, 0.5051, 0.1907, 0.3864, 0.363, 0.4313, 0.4695, 0.323, 0.5828, 0.4142, 0.3278, 0.3502, 0.3125, 0.2287, 0.3261, 0.2258, 0.1977, 0.1984, 0.1925, 0.1928, 0.1946, 0.1862, 0.2304, 0.2972, 0.3182, 0.3045, 0.1845, 0.1895, 0.312, 0.186, 0.2876, 0.3044, 0.1862, 0.1836, 0.1948, 0.1855, 0.1897, 0.2051, 0.1851, 0.2318, 0.3316, 0.198, 0.2239, 0.3072, 0.2186, 0.3402, 0.3919, 0.3526, 0.4205, 0.1914, 0.1912, 0.3601, 0.3601, 0.3472, 0.353, 0.3537, 0.1943, 0.1954, 0.3648, 0.3714, 0.3375, 0.19, 0.1883, 0.1865, 0.1987, 0.269, 0.1792, 0.2251, 0.2179, 0.1839, 0.1701]",0.2272410834993934,0.4446826687464634,0.612034792000486,0,22.365,0.0,0.0
2025-09-20|lgbm_directo|prueba|4|88.9149|base|60|todas|onsite,2025-09-20,lgbm_directo,prueba,4,88.9149,base,60,todas,onsite,24539,1623,26162,1109,210,899,3833,177,726,68,0.2269669602345491,68,"{""devolucion_origen"": 5, ""entrega_sin_recogida"": 19, ""fisico"": 24, ""fuera_servicio"": 0, ""tope"": 0, ""visitas"": 0}",1919,1919,0,0,0,1111,2,14,36,0,74,"[1.1149, 0.3822, 0.4656, 0.397, 0.1844, 0.1856, 0.4005, 0.7476, 0.6918, 0.7407, 0.1802, 0.5181, 0.4048, 0.5995, 0.3975, 0.583, 0.3899, 0.3872, 0.5089, 0.4667, 0.4117, 0.5272, 0.38, 0.1764, 0.1809, 0.3709, 0.1855, 0.1906, 0.1887, 0.1837, 0.4528, 0.1818, 0.1862, 0.1845, 0.1833, 0.1804, 0.1799, 0.1803, 0.1813, 0.1797, 0.1921, 0.4456, 0.1885, 0.4742, 0.4873, 0.5141, 0.4121, 0.1913, 0.1867, 0.4998, 0.3803, 0.1852, 0.1903, 0.3409, 0.316, 0.1855, 0.2026, 0.6423, 0.3038, 0.1855, 0.1854, 0.324, 0.3132, 0.1792, 0.1819, 0.1778, 0.178, 0.3577, 0.186, 0.1767, 0.3402, 0.1792, 0.1641, 0.1657]",0.2531776665018697,0.6596446978030142,1.1148559169960208,0,26.262,5.0,0.0
2025-09-21|sin_rebalanceo|prueba|0|0.0|base|60|todas|onsite,2025-09-21,sin_rebalanceo,prueba,0,0.0,base,60,todas,onsite,97562,16325,113887,0,0,0,0,0,1618,818,0.2881653049104666,130,"{""devolucion_origen"": 0, ""entrega_sin_recogida"": 0, ""fisico"": 0, ""fuera_servicio"": 0, ""tope"": 0, ""visitas"": 0}",0,0,0,0,0,0,0,0,0,0,0,[],0.0,0.0,0.0,0,1.777,0.0,
2025-09-21|ecobici|prueba|0|0.0|base|60|todas|onsite,2025-09-21,ecobici,prueba,0,0.0,base,60,todas,onsite,60131,8710,68841,1307,717,590,4342,0,184,101,0.2148291511622624,87,"{""devolucion_origen"": 0, ""entrega_sin_recogida"": 0, ""fisico"": 9, ""fuera_servicio"": 0, ""tope"": 0, ""visitas"": 0}",2147,2186,0,39,0,1306,0,24,57,0,0,[],0.0,0.0,0.0,0,1.816,0.0,1306.0
2025-09-21|oraculo_diario|prueba|4|57.5805|base|60|todas|onsite,2025-09-21,oraculo_diario,prueba,4,57.5805,base,60,todas,onsite,16568,715,17283,940,164,776,2788,138,280,40,0.1941376353247606,57,"{""devolucion_origen"": 2, ""entrega_sin_recogida"": 78, ""fisico"": 80, ""fuera_servicio"": 0, ""tope"": 0, ""visitas"": 0}",1395,1395,0,0,0,940,0,14,35,0,74,"[0.1924, 0.3559, 0.1953, 0.2211, 0.4185, 0.446, 0.3489, 0.3508, 0.1956, 0.362, 0.319, 0.4246, 0.3967, 0.3972, 0.3273, 0.3099, 0.2927, 0.3054, 0.438, 0.4265, 0.3384, 0.2688, 0.3066, 0.2906, 0.3151, 0.4257, 0.2753, 0.183, 0.4167, 0.1803, 0.3101, 0.2911, 0.3064, 0.1804, 0.2992, 0.1776, 0.1912, 0.1805, 0.1789, 0.1894, 0.3697, 0.2207, 0.187, 0.3362, 0.4479, 0.7901, 0.5196, 0.1987, 0.3167, 0.191, 0.439, 0.4219, 0.4277, 0.5029, 0.1889, 0.7753, 0.5527, 0.1906, 0.6027, 0.3686, 0.4277, 0.4274, 0.8862, 0.3846, 2.1996, 0.3905, 0.5538, 0.5864, 0.1896, 0.8141, 0.1826, 0.1719, 0.1737, 0.1686]",0.32314231249984,0.7804783063485956,2.1996289160015294,0,29.48,2.0,0.0
2025-09-21|ma_diaria|prueba|4|72.8507|base|60|todas|onsite,2025-09-21,ma_diaria,prueba,4,72.8507,base,60,todas,onsite,28144,1387,29531,1018,146,872,3132,184,756,70,0.22849923770885,79,"{""devolucion_origen"": 0, ""entrega_sin_recogida"": 24, ""fisico"": 24, ""fuera_servicio"": 0, ""tope"": 0, ""visitas"": 0}",1566,1566,0,0,0,1020,2,14,46,0,74,"[0.1867, 0.1959, 0.2069, 0.4153, 0.1823, 0.1868, 0.1875, 0.4036, 0.3579, 0.1893, 0.1816, 0.3756, 0.3811, 0.4694, 0.5315, 0.4632, 0.4173, 0.5294, 0.8863, 0.5487, 0.5272, 0.7655, 0.4501, 0.5023, 0.4875, 0.383, 0.3431, 0.3999, 0.5374, 0.2032, 0.4221, 0.1793, 0.3849, 0.7963, 0.6507, 0.1761, 0.1788, 0.3435, 0.3847, 0.6378, 0.8571, 0.194, 0.2055, 0.1841, 0.2023, 0.4351, 0.4568, 0.1864, 0.1859, 0.1846, 0.5477, 0.1916, 0.1822, 0.8854, 0.8962, 0.7546, 0.4781, 0.3933, 0.4195, 0.1875, 0.6632, 0.1917, 0.5657, 0.1878, 0.4286, 0.5018, 0.177, 0.1807, 0.7043, 0.1896, 0.171, 0.168, 0.1677, 0.1664]",0.3838483544968767,0.8176046398013564,0.8962019999962649,0,30.465,0.0,0.0
2025-09-21|lgbm_diario|prueba|4|72.7447|base|60|todas|onsite,2025-09-21,lgbm_diario,prueba,4,72.7447,base,60,todas,onsite,28975,1593,30568,1005,151,854,2954,169,786,70,0.2255381603510105,89,"{""devolucion_origen"": 6, ""entrega_sin_recogida"": 22, ""fisico"": 28, ""fuera_servicio"": 0, ""tope"": 0, ""visitas"": 0}",1480,1480,0,0,0,1005,0,14,42,0,74,"[0.2165, 0.2191, 0.375, 0.3831, 0.201, 0.4029, 0.3712, 0.1842, 0.4093, 0.4132, 0.3861, 0.3835, 0.3464, 0.4004, 0.3734, 0.4158, 0.6163, 0.3456, 0.4786, 0.5156, 0.3735, 0.4254, 0.5148, 0.1831, 0.1788, 0.3785, 0.3596, 0.1897, 0.549, 0.2056, 0.7009, 0.3882, 0.4056, 0.2142, 0.3574, 0.3278, 0.1931, 0.2226, 0.1883, 0.4773, 0.4831, 0.4649, 0.2016, 0.1937, 0.1836, 0.3851, 0.1935, 0.4608, 2.0601, 0.1881, 0.7753, 0.19, 0.2044, 0.1933, 0.1913, 0.3604, 0.6824, 0.418, 0.192, 0.4668, 0.5448, 0.1942, 0.1995, 0.6621, 0.1924, 0.4261, 0.4649, 0.19, 0.9668, 0.1823, 0.1734, 0.1699, 0.1665, 0.1626]",0.3657776250001916,0.6888671914523,2.06012550000014,0,29.393,6.0,0.0
2025-09-21|oraculo_directo|prueba|4|39.0694|base|60|todas|onsite,2025-09-21,oraculo_directo,prueba,4,39.0694,base,60,todas,onsite,13371,647,14018,713,132,581,1912,89,154,35,0.1984540394851014,42,"{""devolucion_origen"": 0, ""entrega_sin_recogida"": 37, ""fisico"": 37, ""fuera_servicio"": 0, ""tope"": 0, ""visitas"": 0}",956,956,0,0,0,715,2,14,40,0,74,"[0.1844, 0.1903, 0.3321, 0.5592, 0.4564, 0.4116, 0.2271, 0.3657, 0.3694, 0.379, 0.3483, 0.2303, 0.3183, 0.3446, 0.309, 0.1898, 0.364, 0.3184, 0.5149, 0.3296, 0.3753, 0.271, 0.3708, 0.3059, 0.2891, 0.3033, 0.3921, 0.415, 0.1975, 0.4638, 0.5432, 0.1916, 0.2201, 0.3229, 0.1833, 0.1847, 0.1826, 0.1838, 0.1865, 0.3159, 0.3221, 0.372, 0.1901, 0.3064, 0.2101, 0.3637, 0.3258, 0.4521, 0.3945, 0.4194, 0.3806, 0.194, 0.3826, 0.2312, 0.4462, 0.6035, 0.7362, 0.1996, 0.5522, 0.6057, 0.5198, 1.4568, 0.7178, 0.3398, 0.898, 0.1853, 0.1829, 0.8952, 0.3221, 0.3621, 1.0619, 0.1928, 0.1845, 0.1697]",0.330865249994531,0.7918891455006806,1.456806999995024,0,29.72,0.0,0.0
2025-09-21|lgbm_directo|prueba|4|88.9149|base|60|todas|onsite,2025-09-21,lgbm_directo,prueba,4,88.9149,base,60,todas,onsite,26380,1167,27547,1041,182,859,3630,220,842,64,0.2226868226075155,90,"{""devolucion_origen"": 2, ""entrega_sin_recogida"": 57, ""fisico"": 59, ""fuera_servicio"": 0, ""tope"": 0, ""visitas"": 0}",1816,1816,0,0,0,1041,0,14,53,0,74,"[1.0675, 0.4094, 0.5038, 0.409, 0.1931, 0.3962, 0.1844, 0.4634, 0.4244, 0.4287, 0.1873, 0.4224, 0.4185, 0.4735, 0.6448, 0.4549, 0.459, 0.5494, 0.368, 0.4364, 0.3595, 0.3466, 0.1802, 0.1807, 0.1837, 0.4506, 0.2106, 0.4198, 0.4854, 0.1789, 0.1787, 0.1842, 0.4071, 0.3811, 0.5147, 0.1884, 0.1778, 0.1857, 0.1858, 0.1852, 0.1875, 0.1906, 0.1852, 0.1955, 0.1865, 0.193, 0.438, 0.52, 0.331, 0.4021, 0.1918, 0.4918, 1.3457, 1.0332, 0.6464, 0.4943, 1.6786, 0.9476, 0.6442, 0.9839, 3.8327, 0.3388, 0.3184, 0.3365, 0.6164, 0.436, 1.1515, 0.1742, 0.1903, 0.1897, 0.1703, 0.1696, 0.1677, 0.1705]",0.3886766044997785,1.0969235062530056,3.832736042000761,0,35.915,2.0,0.0
2025-09-22|sin_rebalanceo|prueba|0|0.0|base|60|todas|onsite,2025-09-22,sin_rebalanceo,prueba,0,0.0,base,60,todas,onsite,220895,59008,279903,0,0,0,0,0,12466,7468,0.4457544459145864,874,"{""devolucion_origen"": 0, ""entrega_sin_recogida"": 0, ""fisico"": 0, ""fuera_servicio"": 0, ""tope"": 0, ""visitas"": 0}",0,0,0,0,0,0,0,0,0,0,0,[],0.0,0.0,0.0,0,2.233,0.0,
2025-09-22|ecobici|prueba|0|0.0|base|60|todas|onsite,2025-09-22,ecobici,prueba,0,0.0,base,60,todas,onsite,114758,17645,132403,2611,1293,1318,12940,0,1974,652,0.2523125149643234,272,"{""devolucion_origen"": 0, ""entrega_sin_recogida"": 0, ""fisico"": 195, ""fuera_servicio"": 0, ""tope"": 0, ""visitas"": 0}",6285,6460,0,175,0,2592,0,73,106,0,0,[],0.0,0.0,0.0,0,2.217,0.0,2592.0
2025-09-22|oraculo_diario|prueba|4|57.5805|base|60|todas|onsite,2025-09-22,oraculo_diario,prueba,4,57.5805,base,60,todas,onsite,43496,2571,46067,2652,682,1970,12111,483,4298,854,0.2641360896433811,245,"{""devolucion_origen"": 17, ""entrega_sin_recogida"": 330, ""fisico"": 347, ""fuera_servicio"": 0, ""tope"": 0, ""visitas"": 0}",6064,6064,0,0,0,2652,0,14,67,0,74,"[0.3175, 0.4099, 0.2935, 0.4006, 0.1696, 0.4244, 0.2518, 0.2293, 0.3543, 0.2322, 0.1709, 0.2297, 0.2438, 0.1685, 0.2012, 0.1707, 0.1719, 0.1644, 0.1682, 0.3471, 0.312, 0.1789, 0.3595, 0.2735, 0.3265, 0.2871, 0.2744, 0.3308, 0.4854, 0.3339, 0.3666, 0.6061, 0.283, 0.2489, 0.527, 0.2858, 0.4784, 0.2927, 0.3935, 0.3342, 0.3672, 0.1732, 0.2456, 0.2476, 0.4062, 0.3381, 0.1799, 0.319, 0.2974, 0.4668, 0.2576, 0.2707, 0.2727, 0.295, 0.3002, 0.3738, 0.2846, 0.338, 0.3259, 0.3412, 0.3765, 0.2729, 0.2983, 0.3072, 0.3825, 0.3104, 0.3805, 0.1736, 0.3386, 0.192, 0.1717, 0.1682, 0.1678, 0.1935]",0.2942285209974216,0.4708611267509694,0.6060867920023156,0,24.227,17.0,0.0
2025-09-22|ma_diaria|prueba|4|72.8507|base|60|todas|onsite,2025-09-22,ma_diaria,prueba,4,72.8507,base,60,todas,onsite,67124,3291,70415,2774,679,2095,12841,489,5994,1001,0.2677776589121843,431,"{""devolucion_origen"": 11, ""entrega_sin_recogida"": 226, ""fisico"": 237, ""fuera_servicio"": 0, ""tope"": 0, ""visitas"": 0}",6426,6426,0,0,0,2774,0,14,67,0,74,"[0.726, 0.5138, 0.3727, 0.2894, 0.2619, 0.2558, 0.2364, 0.3614, 0.5549, 0.2337, 0.1687, 0.243, 0.1826, 0.1738, 0.1918, 0.1698, 0.1671, 0.1771, 0.1726, 0.2114, 0.3303, 0.1732, 0.3344, 0.3508, 0.1805, 0.3445, 0.3962, 0.3317, 0.3801, 0.5668, 0.5663, 0.6096, 0.5246, 0.4032, 0.3119, 0.4815, 0.4299, 0.556, 0.3186, 0.3645, 0.351, 0.4318, 0.3636, 0.3535, 0.4375, 0.31, 0.2948, 0.3935, 0.4687, 0.5967, 0.3299, 0.4054, 0.3349, 0.1728, 0.3632, 0.2917, 0.3073, 0.2866, 0.2966, 0.3371, 0.2954, 0.2938, 0.1772, 0.1799, 0.173, 0.1743, 0.181, 0.174, 0.1728, 0.177, 0.286, 0.171, 0.184, 0.1662]",0.3086905415002547,0.5664827164528106,0.725950667001598,0,25.882,11.0,0.0
2025-09-22|lgbm_diario|prueba|4|72.7447|base|60|todas|onsite,2025-09-22,lgbm_diario,prueba,4,72.7447,base,60,todas,onsite,70186,3934,74120,2786,650,2136,11998,523,6127,1042,0.2681861728102281,409,"{""devolucion_origen"": 0, ""entrega_sin_recogida"": 187, ""fisico"": 187, ""fuera_servicio"": 0, ""tope"": 0, ""visitas"": 0}",5999,5999,0,0,0,2786,0,14,67,0,74,"[0.3158, 0.3583, 0.328, 0.1742, 0.3187, 0.3666, 0.1744, 0.1702, 0.5152, 0.4851, 0.2791, 0.1912, 0.6019, 0.2031, 0.1715, 0.1646, 0.1715, 0.1745, 0.1672, 0.1735, 0.171, 0.1769, 0.1837, 0.1818, 0.1799, 0.3268, 0.3829, 0.3614, 0.3406, 0.1856, 0.3998, 0.3857, 0.2089, 0.3561, 0.3869, 0.4028, 0.418, 0.6691, 0.4384, 0.67, 0.4134, 0.466, 0.408, 0.5914, 0.7587, 0.4855, 0.6439, 0.5249, 0.309, 0.3858, 0.3593, 0.369, 0.4805, 0.291, 0.4567, 0.3405, 0.3582, 0.2991, 0.1713, 0.2911, 0.3434, 0.3272, 0.1842, 0.178, 0.1754, 0.1775, 0.1753, 0.1842, 0.1774, 0.3616, 0.3115, 0.2656, 0.1821, 0.157]",0.3227465210002265,0.6165858329983164,0.7587137500013341,0,26.337,0.0,0.0
2025-09-22|oraculo_directo|prueba|4|39.0694|base|60|todas|onsite,2025-09-22,oraculo_directo,prueba,4,39.0694,base,60,todas,onsite,31291,1968,33259,2742,715,2027,11422,481,2604,670,0.2197911517095851,179,"{""devolucion_origen"": 2, ""entrega_sin_recogida"": 412, ""fisico"": 414, ""fuera_servicio"": 0, ""tope"": 0, ""visitas"": 0}",5712,5712,0,0,0,2742,0,14,67,0,74,"[0.3024, 0.6382, 0.3287, 0.2652, 0.3585, 0.2354, 0.2515, 0.2543, 0.2135, 0.3497, 0.2331, 0.3143, 0.1726, 0.1775, 0.2416, 0.1723, 0.2357, 0.257, 0.2568, 0.2794, 0.1755, 0.4371, 0.4364, 0.4, 0.469, 0.1835, 0.4486, 0.352, 0.3157, 0.3554, 0.4164, 0.3176, 0.2783, 0.2646, 0.418, 0.3515, 0.3098, 0.4174, 0.3044, 0.1784, 0.3443, 0.2568, 0.3225, 0.1785, 0.3287, 0.2371, 0.1758, 0.2655, 0.3785, 0.4508, 0.4763, 0.2368, 0.3293, 0.1771, 0.3612, 0.2633, 0.3331, 0.1855, 0.283, 0.1828, 0.3012, 0.2695, 0.1847, 0.1845, 0.1903, 0.1828, 0.1829, 0.1871, 0.1906, 0.275, 0.1789, 0.1794, 0.175, 0.1798]",0.2653418960035196,0.4494076335526187,0.6381554170002346,0,23.338,2.0,0.0
2025-09-22|lgbm_directo|prueba|4|88.9149|base|60|todas|onsite,2025-09-22,lgbm_directo,prueba,4,88.9149,base,60,todas,onsite,69272,3618,72890,2688,637,2051,12778,481,6622,969,0.2709972954581646,397,"{""devolucion_origen"": 8, ""entrega_sin_recogida"": 239, ""fisico"": 247, ""fuera_servicio"": 0, ""tope"": 0, ""visitas"": 0}",6393,6393,0,0,0,2688,0,14,67,0,74,"[1.3366, 0.414, 0.4376, 0.5721, 0.442, 0.4499, 0.2808, 0.342, 0.3546, 0.3539, 0.4166, 0.2075, 0.453, 0.1734, 0.1722, 0.1985, 0.1737, 0.1717, 0.174, 0.1716, 0.1746, 0.1782, 0.1785, 0.1788, 0.4121, 0.3883, 0.4041, 0.3477, 0.1819, 0.3658, 0.4434, 0.1785, 0.3987, 0.4351, 0.3734, 0.5478, 0.5383, 0.4494, 0.4732, 0.4117, 0.4554, 0.4059, 0.1806, 0.5026, 0.3518, 0.4557, 0.3804, 0.5418, 0.5388, 0.5823, 0.1795, 0.3889, 0.4468, 0.2832, 0.2948, 0.5121, 0.2977, 0.3048, 0.3169, 0.3489, 0.3776, 0.3137, 0.1794, 0.174, 0.1748, 0.2025, 0.1998, 0.1716, 0.1679, 0.3306, 0.3458, 0.1819, 0.1695, 0.1605]",0.3482951875012077,0.5439187557029072,1.3366280830014148,0,27.55,8.0,0.0
2025-09-23|sin_rebalanceo|prueba|0|0.0|base|60|todas|onsite,2025-09-23,sin_rebalanceo,prueba,0,0.0,base,60,todas,onsite,217339,68408,285747,0,0,0,0,0,13243,9165,0.4455361657679325,1177,"{""devolucion_origen"": 0, ""entrega_sin_recogida"": 0, ""fisico"": 0, ""fuera_servicio"": 0, ""tope"": 0, ""visitas"": 0}",0,0,0,0,0,0,0,0,0,0,0,[],0.0,0.0,0.0,0,2.313,0.0,
2025-09-23|ecobici|prueba|0|0.0|base|60|todas|onsite,2025-09-23,ecobici,prueba,0,0.0,base,60,todas,onsite,101721,21378,123099,2548,1250,1298,13389,0,2874,874,0.2514151970126874,398,"{""devolucion_origen"": 0, ""entrega_sin_recogida"": 0, ""fisico"": 281, ""fuera_servicio"": 0, ""tope"": 0, ""visitas"": 0}",6509,6599,0,90,0,2521,0,72,113,0,0,[],0.0,0.0,0.0,0,2.282,0.0,2521.0
2025-09-23|oraculo_diario|prueba|4|57.5805|base|60|todas|onsite,2025-09-23,oraculo_diario,prueba,4,57.5805,base,60,todas,onsite,44785,2547,47332,2672,717,1955,12451,508,4791,939,0.2886733804913717,358,"{""devolucion_origen"": 11, ""entrega_sin_recogida"": 323, ""fisico"": 334, ""fuera_servicio"": 0, ""tope"": 0, ""visitas"": 0}",6231,6231,0,0,0,2674,2,14,67,0,74,"[0.1725, 0.3677, 0.4843, 0.254, 0.333, 0.2628, 0.2377, 0.2266, 0.2297, 0.3009, 0.289, 0.2511, 0.4491, 0.2313, 0.1659, 0.3837, 0.1698, 0.1655, 0.1723, 0.1723, 0.1768, 0.1799, 0.1892, 0.1908, 0.315, 0.1862, 0.1838, 0.2833, 0.3599, 0.2855, 0.2694, 0.1886, 0.2734, 0.2946, 0.1851, 0.5328, 0.2865, 0.5191, 0.3475, 0.3214, 0.2734, 0.4159, 0.1724, 0.23, 0.305, 0.2647, 0.2482, 0.3715, 0.2756, 0.2605, 0.2402, 0.2816, 0.1793, 0.5429, 0.4556, 0.1736, 0.3081, 0.2837, 0.3126, 0.2724, 0.4376, 0.2928, 0.3215, 0.3291, 0.3204, 0.2909, 0.3036, 0.1747, 0.1764, 0.1748, 0.1796, 0.2958, 0.17, 0.1826]",0.2728800205004518,0.4656165856529695,0.5429280829994241,0,22.82,11.0,0.0
2025-09-23|ma_diaria|prueba|4|72.8507|base|60|todas|onsite,2025-09-23,ma_diaria,prueba,4,72.8507,base,60,todas,onsite,63058,5592,68650,2662,699,1963,12428,489,5709,1284,0.2639196823740712,427,"{""devolucion_origen"": 20, ""entrega_sin_recogida"": 163, ""fisico"": 183, ""fuera_servicio"": 0, ""tope"": 0, ""visitas"": 0}",6224,6224,0,0,0,2662,0,14,67,0,74,"[0.5457, 0.3552, 0.3716, 0.3413, 0.4197, 0.266, 0.2482, 0.455, 0.3808, 0.3273, 0.3395, 0.232, 0.259, 0.4786, 0.1615, 0.1626, 0.1675, 0.1737, 0.1744, 0.1752, 0.1722, 0.1748, 0.1788, 0.1809, 0.182, 0.1834, 0.1808, 0.181, 0.1842, 0.1831, 0.3578, 0.3432, 0.2193, 0.4857, 0.4513, 0.2972, 0.5245, 0.6046, 0.1847, 0.3616, 0.336, 0.4067, 0.3789, 0.3453, 0.407, 0.3012, 0.5339, 0.4812, 0.4933, 0.4242, 0.1724, 0.2959, 0.4641, 0.5152, 0.4478, 0.4308, 0.2959, 0.1847, 0.3499, 0.182, 0.173, 0.3044, 0.2153, 0.1863, 0.1821, 0.1805, 0.2077, 0.1762, 0.1759, 0.1738, 0.3169, 0.2725, 0.1805, 0.1554]",0.2841780620001373,0.5184156063529372,0.6046246670011897,0,24.413,20.0,0.0
2025-09-23|lgbm_diario|prueba|4|72.7447|base|60|todas|onsite,2025-09-23,lgbm_diario,prueba,4,72.7447,base,60,todas,onsite,64657,5435,70092,2668,687,1981,11989,465,5949,1254,0.2773875120531422,422,"{""devolucion_origen"": 5, ""entrega_sin_recogida"": 148, ""fisico"": 153, ""fuera_servicio"": 0, ""tope"": 0, ""visitas"": 0}",5997,5997,0,0,0,2668,0,14,67,0,74,"[0.3071, 0.3846, 0.3123, 0.351, 0.4654, 0.2737, 0.3272, 0.2661, 0.2254, 0.2745, 0.2482, 0.4894, 0.3562, 0.1751, 0.1671, 0.2029, 0.1676, 0.1715, 0.1758, 0.1723, 0.1782, 0.182, 0.1788, 0.1819, 0.1781, 0.1819, 0.1767, 0.1765, 0.3571, 0.1954, 0.3722, 0.3291, 0.3357, 0.551, 0.4917, 0.6477, 0.2242, 0.3264, 0.4135, 0.4596, 0.3572, 0.6521, 0.3349, 0.4081, 0.3071, 0.6251, 0.3603, 0.4773, 0.4286, 0.4878, 0.5225, 0.4457, 0.3043, 0.4978, 0.3853, 0.3247, 0.1755, 0.1819, 0.1748, 0.1774, 0.1883, 0.1845, 0.2153, 0.1796, 0.1772, 0.1807, 0.1838, 0.2032, 0.1781, 0.1766, 0.304, 0.2687, 0.1805, 0.1589]",0.2711770419991808,0.5324861727000096,0.6521460829972057,0,24.576,5.0,0.0
2025-09-23|oraculo_directo|prueba|4|39.0694|base|60|todas|onsite,2025-09-23,oraculo_directo,prueba,4,39.0694,base,60,todas,onsite,31111,2186,33297,2735,761,1974,11696,523,3064,773,0.2462000418458261,231,"{""devolucion_origen"": 2, ""entrega_sin_recogida"": 472, ""fisico"": 474, ""fuera_servicio"": 0, ""tope"": 0, ""visitas"": 0}",5849,5849,0,0,0,2735,0,14,67,0,74,"[0.1774, 0.6953, 0.3333, 0.1768, 0.2614, 0.2268, 0.2147, 0.3325, 0.268, 0.2421, 0.2913, 0.1627, 0.2863, 0.3398, 0.2987, 0.5214, 0.5964, 0.1694, 0.1765, 0.173, 0.1839, 0.2813, 0.1859, 0.1854, 0.3885, 0.3606, 0.3489, 0.3405, 0.3166, 0.2623, 0.4289, 0.1908, 0.3369, 0.4622, 0.3108, 0.3841, 0.3545, 0.3383, 0.5286, 0.3486, 0.1807, 0.2652, 0.1782, 0.3458, 0.2878, 0.2868, 0.1897, 0.2985, 0.2784, 0.2886, 0.3521, 0.251, 0.1841, 0.2979, 0.2546, 0.3478, 0.4519, 0.3964, 0.308, 0.2862, 0.3305, 0.3377, 0.1895, 0.2184, 0.1989, 0.1859, 0.1941, 0.1901, 0.1753, 0.2741, 0.2699, 0.1784, 0.1765, 0.1703]",0.2837495829990075,0.4829293879502071,0.6953376669989666,0,23.643,2.0,0.0
2025-09-23|lgbm_directo|prueba|4|88.9149|base|60|todas|onsite,2025-09-23,lgbm_directo,prueba,4,88.9149,base,60,todas,onsite,66342,6105,72447,2487,649,1838,11947,512,6393,1433,0.2848413024275779,511,"{""devolucion_origen"": 5, ""entrega_sin_recogida"": 196, ""fisico"": 201, ""fuera_servicio"": 0, ""tope"": 0, ""visitas"": 0}",5976,5976,0,0,0,2487,0,14,67,0,74,"[1.3156, 0.4689, 0.4647, 0.2674, 0.3264, 0.3172, 0.4287, 0.1711, 0.3444, 0.4618, 0.4222, 0.1611, 0.3233, 0.3342, 0.2802, 0.1807, 0.1712, 0.2133, 0.2085, 0.1863, 0.1753, 0.1907, 0.1818, 0.195, 0.1836, 0.1909, 0.1803, 0.1897, 0.2021, 0.1879, 0.3777, 0.3508, 0.3734, 0.3556, 0.5354, 0.4947, 0.5077, 0.4354, 0.1887, 0.4877, 0.5302, 0.4915, 0.3917, 0.687, 0.3057, 0.432, 0.384, 0.3034, 0.3381, 0.5719, 0.333, 0.4079, 0.3811, 0.464, 0.3806, 0.5553, 0.2845, 0.1942, 0.1787, 0.1924, 0.1757, 0.3297, 0.1789, 0.1794, 0.1757, 0.1876, 0.3613, 0.1888, 0.1762, 0.3891, 0.3214, 0.1829, 0.1638, 0.1574]",0.3192807499981427,0.5423797834486321,1.3156086660019355,0,26.418,5.0,0.0
2025-09-24|sin_rebalanceo|prueba|0|0.0|base|60|todas|onsite,2025-09-24,sin_rebalanceo,prueba,0,0.0,base,60,todas,onsite,201521,66927,268448,0,0,0,0,0,12616,8589,0.4504078896162662,1163,"{""devolucion_origen"": 0, ""entrega_sin_recogida"": 0, ""fisico"": 0, ""fuera_servicio"": 0, ""tope"": 0, ""visitas"": 0}",0,0,0,0,0,0,0,0,0,0,0,[],0.0,0.0,0.0,0,2.282,0.0,
2025-09-24|ecobici|prueba|0|0.0|base|60|todas|onsite,2025-09-24,ecobici,prueba,0,0.0,base,60,todas,onsite,91478,22391,113869,2890,1433,1457,13673,0,2399,962,0.2403940643562812,352,"{""devolucion_origen"": 0, ""entrega_sin_recogida"": 0, ""fisico"": 182, ""fuera_servicio"": 0, ""tope"": 0, ""visitas"": 0}",6737,6754,0,17,0,2865,0,74,109,0,0,[],0.0,0.0,0.0,0,2.297,0.0,2865.0
2025-09-24|oraculo_diario|prueba|4|57.5805|base|60|todas|onsite,2025-09-24,oraculo_diario,prueba,4,57.5805,base,60,todas,onsite,39308,3764,43072,2601,694,1907,12150,472,3611,1145,0.244455909883117,359,"{""devolucion_origen"": 10, ""entrega_sin_recogida"": 308, ""fisico"": 318, ""fuera_servicio"": 0, ""tope"": 0, ""visitas"": 0}",6080,6080,0,0,0,2601,0,14,67,0,74,"[0.2761, 0.4462, 0.3885, 0.2529, 0.3756, 0.2177, 0.3472, 0.2241, 0.1701, 0.3041, 0.1713, 0.2498, 0.2271, 0.206, 0.2625, 0.5153, 0.2446, 0.1643, 0.1744, 0.1896, 0.1787, 0.2146, 0.1806, 0.188, 0.2898, 0.3326, 0.3054, 0.3084, 0.2921, 0.2956, 0.2946, 0.2848, 0.1821, 0.1904, 0.2765, 0.2412, 0.2964, 0.3086, 0.2602, 0.3831, 0.5254, 0.3384, 0.2964, 0.4024, 0.4765, 0.4294, 0.3759, 0.2646, 0.4249, 0.5154, 0.2755, 0.336, 0.3142, 0.4566, 0.1842, 0.2026, 0.3547, 0.2682, 0.5195, 0.1795, 0.3911, 0.2749, 0.1801, 0.1802, 0.179, 0.1788, 0.3055, 0.3489, 0.1821, 0.1828, 0.1855, 0.292, 0.1692, 0.1832]",0.2757553750016086,0.4900972056966564,0.5254258330023731,0,23.438,10.0,0.0
2025-09-24|ma_diaria|prueba|4|72.8507|base|60|todas|onsite,2025-09-24,ma_diaria,prueba,4,72.8507,base,60,todas,onsite,57997,5494,63491,2622,696,1926,11345,462,4582,1205,0.2521880466279401,456,"{""devolucion_origen"": 17, ""entrega_sin_recogida"": 225, ""fisico"": 242, ""fuera_servicio"": 0, ""tope"": 0, ""visitas"": 0}",5681,5681,0,0,0,2624,2,14,67,0,74,"[0.2667, 0.4046, 0.4314, 0.433, 0.2608, 0.2495, 0.267, 0.2808, 0.3714, 0.2619, 0.284, 0.3874, 0.2611, 0.1731, 0.1664, 0.159, 0.1688, 0.1802, 0.1733, 0.1776, 0.1772, 0.1823, 0.1754, 0.1795, 0.1788, 0.1943, 0.1968, 0.1878, 0.351, 0.3943, 0.4594, 0.1854, 0.1841, 0.3229, 0.3682, 0.3636, 0.3342, 0.5872, 0.3226, 0.5811, 0.378, 0.4445, 0.3871, 0.5046, 0.2848, 0.6253, 0.4102, 0.258, 0.3159, 0.3953, 0.2874, 0.4042, 0.2998, 0.3847, 0.4589, 0.3233, 0.2947, 0.3101, 0.2934, 0.1858, 0.1799, 0.1761, 0.1817, 0.1859, 0.177, 0.1734, 0.1725, 0.1778, 0.1753, 0.1743, 0.2898, 0.2634, 0.1824, 0.1598]",0.2668598124982964,0.4752023959495998,0.6252614580007503,0,23.627,17.0,0.0
2025-09-24|lgbm_diario|prueba|4|72.7447|base|60|todas|onsite,2025-09-24,lgbm_diario,prueba,4,72.7447,base,60,todas,onsite,58048,5654,63702,2636,688,1948,11180,463,4487,1271,0.2574585571463705,461,"{""devolucion_origen"": 22, ""entrega_sin_recogida"": 176, ""fisico"": 198, ""fuera_servicio"": 0, ""tope"": 0, ""visitas"": 0}",5601,5601,0,0,0,2638,2,14,67,0,74,"[0.2957, 0.3185, 0.2517, 0.5102, 0.2527, 0.3102, 0.3217, 0.3642, 0.4983, 0.2334, 0.3096, 0.2971, 0.1706, 0.1694, 0.1676, 0.1637, 0.1692, 0.1712, 0.1672, 0.1726, 0.1788, 0.1731, 0.176, 0.2094, 0.2095, 0.3561, 0.2069, 0.1978, 0.4252, 0.1909, 0.1833, 0.187, 0.1872, 0.322, 0.1821, 0.6536, 0.3147, 0.35, 0.3185, 0.4304, 0.5287, 0.3724, 0.4667, 0.1839, 0.7602, 0.4837, 0.4356, 0.5391, 0.3634, 0.4865, 0.4136, 0.444, 0.4339, 0.5217, 0.315, 0.3226, 0.391, 0.1752, 0.4166, 0.1763, 0.3046, 0.1733, 0.1753, 0.1811, 0.1736, 0.1756, 0.1756, 0.1762, 0.1718, 0.1746, 0.1849, 0.3456, 0.1814, 0.1563]",0.2521798544985358,0.5241524731496611,0.7601508340012515,0,24.167,22.0,0.0
2025-09-24|oraculo_directo|prueba|4|39.0694|base|60|todas|onsite,2025-09-24,oraculo_directo,prueba,4,39.0694,base,60,todas,onsite,28017,2971,30988,2636,722,1914,11380,463,2133,856,0.2110957869039236,210,"{""devolucion_origen"": 0, ""entrega_sin_recogida"": 428, ""fisico"": 428, ""fuera_servicio"": 0, ""tope"": 0, ""visitas"": 0}",5690,5690,0,0,0,2636,0,14,67,0,74,"[0.3312, 0.2463, 0.4437, 0.273, 0.3069, 0.3011, 0.1991, 0.2562, 0.2781, 0.2873, 0.2306, 0.2388, 0.3482, 0.168, 0.2305, 0.1815, 0.182, 0.269, 0.1737, 0.2654, 0.1773, 0.354, 0.1938, 0.1869, 0.2962, 0.1877, 0.1865, 0.1911, 0.3016, 0.365, 0.3501, 0.2787, 0.2936, 0.4116, 0.331, 0.2561, 0.1865, 0.4476, 0.1828, 0.3795, 0.4384, 0.3926, 0.4366, 0.2822, 0.2928, 0.3766, 0.2573, 0.3674, 0.4296, 0.3528, 0.2311, 0.1789, 0.4271, 0.4189, 0.2843, 0.2761, 0.4616, 0.2657, 0.3239, 0.3355, 0.2707, 0.2821, 0.2227, 0.1979, 0.1863, 0.1893, 0.1875, 0.2987, 0.18, 0.2891, 0.3015, 0.1928, 0.264, 0.1752]",0.2771045209992735,0.4371928060478239,0.4615542079991428,0,23.21,0.0,0.0
2025-09-24|lgbm_directo|prueba|4|88.9149|base|60|todas|onsite,2025-09-24,lgbm_directo,prueba,4,88.9149,base,60,todas,onsite,60334,5754,66088,2481,652,1829,11266,500,5046,1297,0.2603303479331352,457,"{""devolucion_origen"": 14, ""entrega_sin_recogida"": 292, ""fisico"": 306, ""fuera_servicio"": 0, ""tope"": 0, ""visitas"": 0}",5640,5640,0,0,0,2481,0,14,67,0,74,"[1.2014, 0.2856, 0.4368, 0.4779, 0.3384, 0.2782, 0.5849, 0.3836, 0.3099, 0.3308, 0.2726, 0.2392, 0.2457, 0.1762, 0.1624, 0.1673, 0.171, 0.1738, 0.172, 0.175, 0.1771, 0.1745, 0.1743, 0.1779, 0.1779, 0.3997, 0.1908, 0.187, 0.1881, 0.3416, 0.3697, 0.1812, 0.3669, 0.4491, 0.3558, 0.5127, 0.484, 0.3167, 0.3517, 0.3799, 0.3635, 0.2855, 0.2879, 0.356, 0.5615, 0.6781, 0.3642, 0.3396, 0.3438, 0.6731, 0.6738, 0.4057, 0.3282, 0.3586, 0.4101, 0.2924, 0.2911, 0.3081, 0.1738, 0.2941, 0.2945, 0.174, 0.1802, 0.177, 0.1724, 0.1851, 0.1749, 0.173, 0.173, 0.3048, 0.3263, 0.1798, 0.1638, 0.1613]",0.2932568130017898,0.6157857352987771,1.2014352089972815,0,25.522,14.0,0.0
2025-09-25|sin_rebalanceo|prueba|0|0.0|base|60|todas|onsite,2025-09-25,sin_rebalanceo,prueba,0,0.0,base,60,todas,onsite,202245,62172,264417,0,0,0,0,0,11410,7921,0.4107798679713161,861,"{""devolucion_origen"": 0, ""entrega_sin_recogida"": 0, ""fisico"": 0, ""fuera_servicio"": 0, ""tope"": 0, ""visitas"": 0}",0,0,0,0,0,0,0,0,0,0,0,[],0.0,0.0,0.0,0,2.287,0.0,
2025-09-25|ecobici|prueba|0|0.0|base|60|todas|onsite,2025-09-25,ecobici,prueba,0,0.0,base,60,todas,onsite,95604,16961,112565,2472,1236,1236,12697,0,1971,782,0.2279970563494344,302,"{""devolucion_origen"": 0, ""entrega_sin_recogida"": 0, ""fisico"": 196, ""fuera_servicio"": 0, ""tope"": 0, ""visitas"": 0}",6223,6278,0,55,0,2450,0,69,104,0,0,[],0.0,0.0,0.0,0,2.202,0.0,2450.0
2025-09-25|oraculo_diario|prueba|4|57.5805|base|60|todas|onsite,2025-09-25,oraculo_diario,prueba,4,57.5805,base,60,todas,onsite,34490,3161,37651,2456,657,1799,11320,449,3309,934,0.2634166794600148,269,"{""devolucion_origen"": 18, ""entrega_sin_recogida"": 215, ""fisico"": 233, ""fuera_servicio"": 0, ""tope"": 0, ""visitas"": 0}",5669,5669,0,0,0,2456,0,14,67,0,74,"[0.3032, 0.414, 0.5496, 0.3025, 0.2463, 0.2492, 0.308, 0.2639, 0.2606, 0.4339, 0.241, 0.1649, 0.1764, 0.1777, 0.1716, 0.1672, 0.1719, 0.1699, 0.1845, 0.1768, 0.1725, 0.1706, 0.1812, 0.186, 0.1902, 0.1917, 0.1982, 0.1915, 0.3111, 0.2826, 0.3484, 0.2787, 0.2937, 0.306, 0.3474, 0.181, 0.6315, 0.5174, 0.638, 0.3315, 0.6113, 0.5688, 0.526, 0.208, 0.4528, 0.336, 0.3778, 0.3155, 0.5111, 0.3811, 0.3337, 0.3094, 0.191, 0.2965, 0.246, 0.4242, 0.3526, 0.1784, 0.3958, 0.437, 0.5656, 0.4517, 0.1783, 0.3258, 0.1849, 0.177, 0.1794, 0.1903, 0.2076, 0.1804, 0.1727, 0.2658, 0.2689, 0.1855]",0.2673794999973324,0.5667309328990086,0.637963374996616,0,24.447,18.0,0.0
2025-09-25|ma_diaria|prueba|4|72.8507|base|60|todas|onsite,2025-09-25,ma_diaria,prueba,4,72.8507,base,60,todas,onsite,55856,3973,59829,2493,644,1849,11211,473,4781,982,0.2604934195255933,336,"{""devolucion_origen"": 5, ""entrega_sin_recogida"": 152, ""fisico"": 157, ""fuera_servicio"": 0, ""tope"": 0, ""visitas"": 0}",5608,5608,0,0,0,2493,0,14,67,0,74,"[0.2899, 0.5016, 0.4779, 0.449, 0.3188, 0.427, 0.2265, 0.5139, 0.3629, 0.2709, 0.1683, 0.4382, 0.1642, 0.1755, 0.1676, 0.1654, 0.1662, 0.1711, 0.1755, 0.1742, 0.172, 0.1762, 0.1767, 0.1778, 0.1866, 0.1921, 0.3405, 0.4587, 0.1892, 0.1946, 0.3613, 0.1875, 0.1819, 0.3084, 0.3443, 0.3706, 0.1825, 0.375, 0.3749, 0.4376, 0.4272, 0.4126, 0.3019, 0.5489, 0.3079, 0.4547, 0.1852, 0.4228, 0.4446, 0.3072, 0.4905, 0.4886, 0.5657, 0.2896, 0.502, 0.3165, 0.3178, 0.3448, 0.474, 0.3111, 0.179, 0.1797, 0.1825, 0.3276, 0.1804, 0.3398, 0.3722, 0.1765, 0.1725, 0.1803, 0.3408, 0.2833, 0.1852, 0.1607]",0.3075580834993161,0.5016985270976875,0.5656502500060014,0,24.662,5.0,0.0
2025-09-25|lgbm_diario|prueba|4|72.7447|base|60|todas|onsite,2025-09-25,lgbm_diario,prueba,4,72.7447,base,60,todas,onsite,58158,4863,63021,2498,640,1858,10801,449,4671,1149,0.2562355500012189,337,"{""devolucion_origen"": 5, ""entrega_sin_recogida"": 132, ""fisico"": 137, ""fuera_servicio"": 0, ""tope"": 0, ""visitas"": 0}",5403,5403,0,0,0,2498,0,14,67,0,74,"[0.2679, 0.2942, 0.2602, 0.4335, 0.1759, 0.3131, 0.4585, 0.3392, 0.3663, 0.2681, 0.1707, 0.365, 0.1815, 0.1799, 0.1682, 0.1677, 0.1674, 0.1731, 0.1706, 0.189, 0.171, 0.174, 0.1704, 0.1737, 0.1808, 0.4277, 0.4358, 0.4369, 0.1947, 0.3496, 0.3703, 0.383, 0.3329, 0.1864, 0.4032, 0.4727, 0.3086, 0.4736, 0.3952, 0.5701, 0.3286, 0.4278, 0.3767, 0.2882, 0.1918, 0.3044, 0.1988, 0.2971, 0.3163, 0.6996, 0.3375, 0.6065, 0.645, 0.1731, 0.3137, 0.1722, 0.3297, 0.3875, 0.2917, 0.3475, 0.333, 0.3228, 0.1858, 0.1842, 0.1787, 0.1772, 0.3072, 0.1777, 0.1741, 0.1882, 0.3194, 0.2816, 0.1798, 0.1625]",0.2956391459993028,0.5074072460480232,0.6995937500032596,0,24.302,5.0,0.0
2025-09-25|oraculo_directo|prueba|4|39.0694|base|60|todas|onsite,2025-09-25,oraculo_directo,prueba,4,39.0694,base,60,todas,onsite,24854,2566,27420,2472,662,1810,10432,446,2125,738,0.2277509590867183,212,"{""devolucion_origen"": 0, ""entrega_sin_recogida"": 358, ""fisico"": 358, ""fuera_servicio"": 0, ""tope"": 0, ""visitas"": 0}",5216,5216,0,0,0,2476,4,14,67,0,74,"[0.3367, 0.2767, 0.3667, 0.2505, 0.4434, 0.244, 0.1749, 0.3746, 0.1701, 0.3075, 0.2187, 0.2587, 0.1683, 0.1707, 0.1706, 0.2885, 0.1727, 0.1771, 0.2649, 0.1775, 0.1767, 0.194, 0.2718, 0.2804, 0.1909, 0.1904, 0.3059, 0.3701, 0.3122, 0.2978, 0.1924, 0.436, 0.474, 0.3931, 0.325, 0.4381, 0.335, 0.4476, 0.5191, 0.6624, 0.526, 0.5065, 0.3747, 0.5153, 0.311, 0.4068, 0.3239, 0.1879, 0.2755, 0.4559, 0.1911, 0.4558, 0.3397, 0.263, 0.3085, 0.3968, 0.3258, 0.3988, 0.2692, 0.295, 0.2056, 0.4363, 0.3078, 0.186, 0.1824, 0.1893, 0.1913, 0.1811, 0.1917, 0.2825, 0.2814, 0.2725, 0.2563, 0.249]",0.2819918745008181,0.5095416982487222,0.662438708000991,0,24.645,0.0,0.0
2025-09-25|lgbm_directo|prueba|4|88.9149|base|60|todas|onsite,2025-09-25,lgbm_directo,prueba,4,88.9149,base,60,todas,onsite,58156,4518,62674,2383,615,1768,11157,491,4994,1117,0.2627486216455831,361,"{""devolucion_origen"": 3, ""entrega_sin_recogida"": 201, ""fisico"": 204, ""fuera_servicio"": 0, ""tope"": 0, ""visitas"": 0}",5580,5580,0,0,0,2383,0,14,67,0,74,"[1.2902, 0.3674, 0.4896, 0.4604, 0.3837, 0.2489, 0.272, 0.2337, 0.2436, 0.1729, 0.2537, 0.3326, 0.479, 0.1593, 0.166, 0.1675, 0.1721, 0.1715, 0.1794, 0.1726, 0.1932, 0.1747, 0.1911, 0.1891, 0.1915, 0.196, 0.1875, 0.4205, 0.3409, 0.35, 0.3666, 0.1866, 0.4837, 0.3812, 0.3193, 0.3028, 0.5511, 0.4276, 0.3285, 0.591, 0.3355, 0.4439, 0.3134, 0.293, 0.296, 0.3861, 0.3218, 0.4896, 0.1845, 0.3689, 0.3772, 0.1908, 0.3733, 0.3942, 0.2994, 0.3914, 0.1944, 0.3002, 0.1902, 0.5083, 0.338, 0.2159, 0.1794, 0.1746, 0.1849, 0.3347, 0.1776, 0.2027, 0.1846, 0.367, 0.304, 0.1807, 0.1626, 0.1595]",0.2977398125003674,0.496191746050681,1.290213249994849,0,24.864,3.0,0.0
2025-09-26|sin_rebalanceo|prueba|0|0.0|base|60|todas|onsite,2025-09-26,sin_rebalanceo,prueba,0,0.0,base,60,todas,onsite,206634,66984,273618,0,0,0,0,0,9568,5889,0.4364665143103531,669,"{""devolucion_origen"": 0, ""entrega_sin_recogida"": 0, ""fisico"": 0, ""fuera_servicio"": 0, ""tope"": 0, ""visitas"": 0}",0,0,0,0,0,0,0,0,0,0,0,[],0.0,0.0,0.0,0,2.093,0.0,
2025-09-26|ecobici|prueba|0|0.0|base|60|todas|onsite,2025-09-26,ecobici,prueba,0,0.0,base,60,todas,onsite,125994,36449,162443,2431,1215,1216,11342,0,1499,1006,0.2934464518976336,233,"{""devolucion_origen"": 0, ""entrega_sin_recogida"": 0, ""fisico"": 181, ""fuera_servicio"": 0, ""tope"": 0, ""visitas"": 0}",5556,5605,0,49,0,2397,0,68,98,0,0,[],0.0,0.0,0.0,0,2.132,0.0,2397.0
2025-09-26|oraculo_diario|prueba|4|57.5805|base|60|todas|onsite,2025-09-26,oraculo_diario,prueba,4,57.5805,base,60,todas,onsite,56134,17970,74104,2169,528,1641,9618,444,2019,670,0.2476983352505525,173,"{""devolucion_origen"": 24, ""entrega_sin_recogida"": 200, ""fisico"": 224, ""fuera_servicio"": 0, ""tope"": 0, ""visitas"": 0}",4821,4821,0,0,0,2169,0,14,67,0,74,"[0.5137, 0.2585, 0.3582, 0.2808, 0.2587, 0.1735, 0.2435, 0.3527, 0.2857, 0.2559, 0.2466, 0.281, 0.2556, 0.1686, 0.3348, 0.2351, 0.234, 0.1701, 0.1666, 0.2459, 0.1821, 0.253, 0.2618, 0.2505, 0.2796, 0.1774, 0.2691, 0.2591, 0.2607, 0.4317, 0.542, 0.2983, 0.4065, 0.4615, 0.2924, 0.3817, 0.3263, 0.4028, 0.2529, 0.2563, 0.3205, 0.2748, 0.5568, 0.3775, 0.3281, 0.6651, 0.4123, 0.1842, 0.6301, 0.3936, 0.2909, 0.4235, 0.3547, 0.2825, 0.2881, 0.1755, 0.3589, 0.2871, 0.2983, 0.3014, 0.3352, 0.3183, 0.373, 0.1817, 0.1768, 0.1756, 0.1723, 0.1765, 0.3658, 0.175, 0.1728, 0.1712, 0.1726, 0.1657]",0.2801922709950304,0.5236313622983287,0.6650820829963777,0,24.096,24.0,0.0
2025-09-26|ma_diaria|prueba|4|72.8507|base|60|todas|onsite,2025-09-26,ma_diaria,prueba,4,72.8507,base,60,todas,onsite,75299,19207,94506,2279,556,1723,10291,468,3773,800,0.2473398534342514,242,"{""devolucion_origen"": 17, ""entrega_sin_recogida"": 205, ""fisico"": 222, ""fuera_servicio"": 0, ""tope"": 0, ""visitas"": 0}",5154,5154,0,0,0,2279,0,14,67,0,74,"[0.3803, 0.198, 0.3303, 0.1741, 0.1748, 0.3004, 0.2975, 0.2266, 0.3652, 0.2173, 0.2257, 0.2907, 0.365, 0.1669, 0.1841, 0.3292, 0.1703, 0.1654, 0.1847, 0.1692, 0.1757, 0.171, 0.174, 0.3331, 0.1832, 0.1887, 0.1877, 0.4041, 0.3404, 0.3307, 0.3355, 0.3397, 0.3147, 0.3745, 0.3529, 0.2954, 0.571, 0.4364, 0.3459, 0.3551, 0.3394, 0.4809, 0.4767, 0.4424, 0.352, 0.1739, 0.4766, 0.2848, 0.2924, 0.4291, 0.4839, 0.3337, 0.3204, 0.3544, 0.3156, 0.3208, 0.386, 0.4029, 0.321, 0.2055, 0.179, 0.3615, 0.1924, 0.1771, 0.1928, 0.1769, 0.1773, 0.1722, 0.1753, 0.1771, 0.3031, 0.2777, 0.1778, 0.1609]",0.2989386670014937,0.4766726227971958,0.5709687920025317,0,23.482,17.0,0.0
2025-09-26|lgbm_diario|prueba|4|72.7447|base|60|todas|onsite,2025-09-26,lgbm_diario,prueba,4,72.7447,base,60,todas,onsite,74011,20057,94068,2290,551,1739,9541,442,3562,771,0.2397138233308949,230,"{""devolucion_origen"": 5, ""entrega_sin_recogida"": 157, ""fisico"": 162, ""fuera_servicio"": 0, ""tope"": 0, ""visitas"": 0}",4773,4773,0,0,0,2290,0,14,66,0,74,"[0.1745, 0.3218, 0.1748, 0.3709, 0.2586, 0.3964, 0.2974, 0.4562, 0.2774, 0.2897, 0.2988, 0.2985, 0.2556, 0.17, 0.1932, 0.1738, 0.1768, 0.1757, 0.1693, 0.1743, 0.1694, 0.1696, 0.1732, 0.1731, 0.1727, 0.3524, 0.1801, 0.1857, 0.3244, 0.3318, 0.3669, 0.1942, 0.3574, 0.3742, 0.3644, 0.4705, 0.6272, 0.3267, 0.2893, 0.311, 0.3187, 0.6947, 0.2962, 0.4175, 0.325, 0.5219, 0.4655, 0.3875, 0.3623, 0.5962, 0.3863, 0.3646, 0.3527, 0.3249, 0.1787, 0.3036, 0.3326, 0.1832, 0.1732, 0.1737, 0.1783, 0.1772, 0.1786, 0.1786, 0.1802, 0.1747, 0.1735, 0.183, 0.1731, 0.1742, 0.2938, 0.2696, 0.1802, 0.1601]",0.2833507290015404,0.488489243745789,0.6947214999963762,0,23.161,5.0,0.0
2025-09-26|oraculo_directo|prueba|4|39.0694|base|60|todas|onsite,2025-09-26,oraculo_directo,prueba,4,39.0694,base,60,todas,onsite,46726,16736,63462,2124,569,1555,8535,338,1351,522,0.2370619527057115,103,"{""devolucion_origen"": 3, ""entrega_sin_recogida"": 289, ""fisico"": 292, ""fuera_servicio"": 0, ""tope"": 0, ""visitas"": 0}",4269,4269,0,0,0,2124,0,14,67,0,74,"[0.5223, 0.4143, 0.2895, 0.369, 0.2855, 0.3316, 0.2256, 0.2649, 0.2238, 0.2294, 0.3156, 0.168, 0.2508, 0.1835, 0.1733, 0.1909, 0.1711, 0.1858, 0.1777, 0.331, 0.2661, 0.3151, 0.1899, 0.3131, 0.3471, 0.2541, 0.5378, 0.4444, 0.33, 0.4518, 0.3474, 0.2899, 0.3789, 0.3991, 0.2678, 0.3026, 0.3482, 0.3248, 0.3063, 0.1777, 0.4016, 0.1934, 0.4546, 0.4113, 0.1872, 0.5597, 0.3396, 0.2826, 0.1854, 0.3721, 0.3509, 0.6183, 0.3422, 0.3433, 0.4215, 0.2952, 0.3302, 0.3789, 0.1884, 0.1859, 0.1839, 0.184, 0.1811, 0.1795, 0.3154, 0.1803, 0.1874, 0.2811, 0.1752, 0.1731, 0.7759, 0.1729, 0.174, 0.1726]",0.2896663965002517,0.5277292959526675,0.7759068329978618,0,24.263,3.0,0.0
2025-09-26|lgbm_directo|prueba|4|88.9149|base|60|todas|onsite,2025-09-26,lgbm_directo,prueba,4,88.9149,base,60,todas,onsite,74463,19122,93585,2147,525,1622,10399,419,3804,729,0.2495112050040581,251,"{""devolucion_origen"": 1, ""entrega_sin_recogida"": 293, ""fisico"": 294, ""fuera_servicio"": 0, ""tope"": 0, ""visitas"": 0}",5200,5200,0,0,0,2147,0,14,64,0,74,"[1.2268, 0.2481, 0.2394, 0.3727, 0.1759, 0.348, 0.3333, 0.4617, 0.3167, 0.3075, 0.2527, 0.1692, 0.2479, 0.3226, 0.1725, 0.338, 0.18, 0.1941, 0.1694, 0.1748, 0.1774, 0.1744, 0.1706, 0.3735, 0.3502, 0.3614, 0.3484, 0.1793, 0.3461, 0.1798, 0.4828, 0.4046, 0.356, 0.3183, 0.4292, 0.4589, 0.5338, 0.458, 0.3656, 0.2935, 0.297, 0.4153, 0.3182, 0.3072, 0.4333, 0.3843, 0.4245, 0.3318, 0.4175, 0.4486, 0.5647, 0.3093, 0.39, 0.355, 0.3279, 0.3195, 0.3448, 0.2165, 0.3392, 0.1821, 0.3367, 0.187, 0.3769, 0.1815, 0.181, 0.1789, 0.1764, 0.1734, 0.1777, 0.328, 0.3636, 0.1797, 0.1639, 0.158]",0.3210677290007879,0.4690962312513874,1.2268232499991427,0,25.498,1.0,0.0
2025-09-27|sin_rebalanceo|prueba|0|0.0|base|60|todas|onsite,2025-09-27,sin_rebalanceo,prueba,0,0.0,base,60,todas,onsite,130838,27871,158709,0,0,0,0,0,1463,691,0.2780422261710854,110,"{""devolucion_origen"": 0, ""entrega_sin_recogida"": 0, ""fisico"": 0, ""fuera_servicio"": 0, ""tope"": 0, ""visitas"": 0}",0,0,0,0,0,0,0,0,0,0,0,[],0.0,0.0,0.0,0,1.792,0.0,
2025-09-27|ecobici|prueba|0|0.0|base|60|todas|onsite,2025-09-27,ecobici,prueba,0,0.0,base,60,todas,onsite,98034,18936,116970,1032,599,433,3170,0,153,35,0.2172932850998937,65,"{""devolucion_origen"": 0, ""entrega_sin_recogida"": 0, ""fisico"": 7, ""fuera_servicio"": 0, ""tope"": 0, ""visitas"": 0}",1682,1481,0,-201,0,1028,0,28,41,0,0,[],0.0,0.0,0.0,0,1.832,0.0,1028.0
2025-09-27|oraculo_diario|prueba|4|57.5805|base|60|todas|onsite,2025-09-27,oraculo_diario,prueba,4,57.5805,base,60,todas,onsite,23161,3015,26176,962,165,797,2948,180,196,12,0.2172511930755652,42,"{""devolucion_origen"": 10, ""entrega_sin_recogida"": 19, ""fisico"": 29, ""fuera_servicio"": 0, ""tope"": 0, ""visitas"": 0}",1479,1479,0,0,0,964,2,14,67,0,74,"[0.1653, 0.1692, 0.336, 0.3732, 0.1846, 0.3071, 0.1805, 0.2714, 0.2723, 0.3165, 0.3182, 0.3978, 0.3497, 0.2668, 0.1837, 0.3047, 0.1944, 0.1876, 0.1875, 0.2777, 0.3039, 0.4627, 0.3335, 0.1805, 0.2967, 0.3166, 0.4051, 0.3033, 0.1927, 0.3752, 0.1802, 0.2879, 0.3083, 0.2821, 0.3004, 0.3808, 0.4065, 0.1788, 0.1893, 0.3257, 0.3894, 0.5386, 0.3373, 0.4833, 0.3907, 0.4239, 0.4271, 0.6192, 0.3675, 0.4032, 0.1917, 1.75, 0.2019, 0.5922, 0.1826, 0.1872, 0.4302, 0.3737, 0.3163, 0.2141, 0.6447, 0.3477, 0.325, 0.321, 0.3051, 0.466, 0.4104, 0.3158, 0.1774, 0.4504, 0.3101, 0.2673, 0.1778, 0.1676]",0.3129427704989211,0.5573825018502245,1.750029958995583,0,26.609,10.0,0.0
2025-09-27|ma_diaria|prueba|4|72.8507|base|60|todas|onsite,2025-09-27,ma_diaria,prueba,4,72.8507,base,60,todas,onsite,37778,3948,41726,1075,178,897,3285,217,660,49,0.2274054606596732,70,"{""devolucion_origen"": 9, ""entrega_sin_recogida"": 9, ""fisico"": 18, ""fuera_servicio"": 0, ""tope"": 0, ""visitas"": 0}",1647,1647,0,0,0,1075,0,14,67,0,74,"[0.4377, 0.1692, 0.1795, 0.3255, 0.3185, 0.3527, 0.4149, 0.3129, 0.4431, 0.3061, 0.3236, 0.3838, 1.2077, 0.624, 0.3746, 0.5482, 0.3768, 0.1805, 0.3907, 0.4037, 0.4159, 0.1824, 0.1896, 0.177, 0.1776, 0.1843, 0.1812, 0.1796, 0.1815, 0.3766, 0.1758, 0.4084, 0.1838, 0.1888, 0.1831, 0.1813, 0.4717, 0.3579, 0.3646, 0.1844, 0.1842, 0.1807, 0.1825, 0.1768, 0.18, 0.1809, 0.4199, 0.4683, 0.1866, 0.1883, 0.1848, 0.1898, 0.1859, 0.3776, 0.5031, 0.4635, 0.2937, 0.3759, 1.264, 0.436, 0.1848, 0.4269, 0.2577, 0.3965, 2.056, 0.2718, 6.3815, 0.3515, 0.2931, 0.1789, 0.3156, 0.1699, 0.1731, 0.1639]",0.2998882290012261,0.8283158975966183,6.38153408299695,0,33.078,9.0,0.0
2025-09-27|lgbm_diario|prueba|4|72.7447|base|60|todas|onsite,2025-09-27,lgbm_diario,prueba,4,72.7447,base,60,todas,onsite,35751,4068,39819,1062,177,885,3109,222,644,41,0.2243592686547451,64,"{""devolucion_origen"": 1, ""entrega_sin_recogida"": 11, ""fisico"": 12, ""fuera_servicio"": 0, ""tope"": 0, ""visitas"": 0}",1555,1555,0,0,0,1062,0,14,67,0,74,"[0.3772, 0.1655, 0.3108, 0.307, 0.3666, 0.3444, 0.3572, 0.3389, 0.5861, 0.5646, 0.3629, 0.7173, 0.8183, 0.3585, 0.1897, 0.1765, 0.4081, 0.1973, 0.4579, 0.3455, 0.186, 0.1839, 0.1838, 0.3982, 0.1853, 0.1865, 0.1901, 0.1811, 0.1812, 0.4953, 0.3792, 0.1958, 0.3648, 0.6776, 0.1772, 0.5309, 0.4049, 0.2209, 0.3724, 0.3751, 0.187, 0.1874, 0.1829, 0.1784, 0.1845, 0.1869, 0.4473, 0.1921, 0.1841, 0.4243, 0.2193, 0.1919, 0.1889, 0.2897, 0.1852, 0.1858, 0.4822, 0.6591, 0.5171, 0.3762, 0.4907, 0.4356, 0.4718, 0.4019, 1.0065, 0.1887, 1.6856, 0.4846, 0.2956, 0.1863, 0.3151, 0.1708, 0.1688, 0.1621]",0.3129656460005208,0.691516333549225,1.6856267500043032,0,27.844,1.0,0.0
2025-09-27|oraculo_directo|prueba|4|39.0694|base|60|todas|onsite,2025-09-27,oraculo_directo,prueba,4,39.0694,base,60,todas,onsite,21503,2567,24070,798,150,648,2242,189,109,14,0.2050317953253996,36,"{""devolucion_origen"": 0, ""entrega_sin_recogida"": 11, ""fisico"": 11, ""fuera_servicio"": 0, ""tope"": 0, ""visitas"": 0}",1121,1121,0,0,0,798,0,14,67,0,74,"[0.1662, 0.1731, 0.1823, 0.3545, 0.3371, 0.233, 0.3225, 0.1869, 0.2895, 0.3584, 0.3336, 0.3191, 0.2959, 0.3232, 0.2959, 0.1924, 0.3386, 0.1838, 0.1841, 0.1845, 0.1877, 0.1839, 0.3072, 0.2938, 0.3702, 0.3637, 0.3047, 0.3084, 0.4094, 0.1933, 0.305, 0.1844, 0.19, 0.2039, 0.1868, 0.3015, 0.19, 0.1864, 0.3078, 0.1844, 0.3401, 0.3349, 0.1918, 0.5273, 0.3528, 0.377, 0.2026, 0.4234, 0.3233, 0.1963, 0.1839, 0.1869, 0.1853, 0.3305, 0.3976, 0.1889, 0.1954, 0.1917, 0.3639, 0.1933, 0.1943, 0.4608, 0.4269, 0.3428, 0.3013, 0.2995, 1.503, 0.1848, 1.3503, 0.4726, 0.1901, 0.1902, 0.1748, 0.173]",0.2948365835000004,0.4649304041482536,1.502959292003652,0,24.173,0.0,0.0
2025-09-27|lgbm_directo|prueba|4|88.9149|base|60|todas|onsite,2025-09-27,lgbm_directo,prueba,4,88.9149,base,60,todas,onsite,34657,3894,38551,1049,175,874,3611,204,626,35,0.2253716674560757,62,"{""devolucion_origen"": 5, ""entrega_sin_recogida"": 4, ""fisico"": 9, ""fuera_servicio"": 0, ""tope"": 0, ""visitas"": 0}",1808,1808,0,0,0,1049,0,14,67,0,74,"[1.4637, 0.1689, 0.314, 0.3697, 0.3451, 0.3388, 0.3329, 0.3797, 0.3062, 0.3006, 0.6605, 0.5036, 0.581, 0.1799, 0.1804, 0.3939, 0.3942, 0.3875, 0.4083, 0.1866, 0.4148, 0.1839, 0.1824, 0.1875, 0.1816, 0.3655, 0.4528, 0.194, 0.3955, 0.1864, 0.1825, 0.4693, 0.1892, 0.1831, 0.4672, 0.3684, 0.4403, 0.3958, 0.4033, 0.4263, 0.1854, 0.1791, 0.3831, 0.1845, 0.18, 0.1891, 0.1813, 0.5727, 0.3199, 0.1936, 0.8112, 0.1858, 0.1858, 0.3109, 0.3308, 0.1851, 0.4237, 0.6524, 0.4331, 0.1854, 0.1912, 0.1878, 1.7263, 0.3104, 0.1829, 0.1799, 0.7851, 0.3658, 0.1927, 0.1766, 0.1783, 0.1674, 0.1666, 0.1648]",0.3106109164982626,0.7040826960495898,1.726292999999714,0,27.648,5.0,0.0
2025-09-28|sin_rebalanceo|prueba|0|0.0|base|60|todas|onsite,2025-09-28,sin_rebalanceo,prueba,0,0.0,base,60,todas,onsite,143662,20254,163916,0,0,0,0,0,3198,1346,0.286073191441812,161,"{""devolucion_origen"": 0, ""entrega_sin_recogida"": 0, ""fisico"": 0, ""fuera_servicio"": 0, ""tope"": 0, ""visitas"": 0}",0,0,0,0,0,0,0,0,0,0,0,[],0.0,0.0,0.0,0,1.809,0.0,
2025-09-28|ecobici|prueba|0|0.0|base|60|todas|onsite,2025-09-28,ecobici,prueba,0,0.0,base,60,todas,onsite,74769,9827,84596,1459,791,668,5174,0,241,76,0.2016013319970708,82,"{""devolucion_origen"": 0, ""entrega_sin_recogida"": 0, ""fisico"": 7, ""fuera_servicio"": 0, ""tope"": 0, ""visitas"": 0}",2584,2583,0,-1,0,1457,0,44,60,0,0,[],0.0,0.0,0.0,0,1.844,0.0,1457.0
2025-09-28|oraculo_diario|prueba|4|57.5805|base|60|todas|onsite,2025-09-28,oraculo_diario,prueba,4,57.5805,base,60,todas,onsite,21680,1267,22947,1204,211,993,3943,162,472,41,0.2124215907579308,76,"{""devolucion_origen"": 1, ""entrega_sin_recogida"": 51, ""fisico"": 52, ""fuera_servicio"": 0, ""tope"": 0, ""visitas"": 0}",1972,1972,0,0,0,1204,0,14,65,0,74,"[0.184, 0.1971, 0.4038, 0.1936, 0.4854, 0.4227, 0.1832, 0.3885, 0.3795, 0.3444, 0.3186, 0.1868, 0.472, 0.2987, 0.3088, 0.3924, 0.2919, 0.2829, 0.3053, 0.4434, 0.4288, 0.2807, 0.2686, 0.2732, 0.3652, 0.3257, 0.2714, 0.1807, 0.1823, 0.1788, 0.3032, 0.2906, 0.1784, 0.2761, 0.3087, 0.3588, 0.3587, 0.3467, 0.3124, 0.3101, 0.3524, 0.3481, 0.2992, 0.4392, 0.3178, 0.3926, 0.1961, 0.4044, 0.4276, 0.3426, 0.495, 0.6228, 0.3826, 0.3181, 0.3461, 0.3421, 0.3985, 0.3884, 0.399, 0.4025, 0.4176, 0.3822, 0.1866, 0.3894, 0.3467, 0.18, 0.7504, 0.3492, 0.1794, 0.4175, 0.1887, 0.1779, 0.1752, 0.1661]",0.333926479499496,0.4766866915451828,0.7504083329986315,0,26.143,1.0,0.0
2025-09-28|ma_diaria|prueba|4|72.8507|base|60|todas|onsite,2025-09-28,ma_diaria,prueba,4,72.8507,base,60,todas,onsite,40253,1960,42213,1285,191,1094,3970,144,1195,97,0.2197583409034027,99,"{""devolucion_origen"": 0, ""entrega_sin_recogida"": 16, ""fisico"": 16, ""fuera_servicio"": 0, ""tope"": 0, ""visitas"": 0}",1985,1985,0,0,0,1285,0,14,57,0,74,"[0.2698, 0.1876, 0.177, 0.4022, 0.4178, 0.4524, 0.4695, 0.5903, 0.3715, 0.4191, 0.3535, 0.2062, 0.3562, 0.5705, 0.431, 0.6147, 0.3153, 0.3989, 0.1813, 0.3489, 0.5386, 0.7709, 0.4177, 0.1979, 0.5866, 0.4041, 0.497, 1.1323, 0.5671, 0.4426, 0.1773, 0.1864, 0.3569, 0.3608, 0.1854, 0.1863, 0.1767, 0.1889, 0.1845, 0.3743, 0.4366, 0.5233, 0.3975, 0.4884, 0.1984, 0.1852, 0.4247, 0.183, 0.1883, 0.1892, 0.1807, 0.183, 0.1895, 3.5274, 0.4107, 0.2005, 0.3247, 0.1989, 0.5167, 0.4869, 0.1865, 0.1883, 0.5672, 0.3961, 0.1888, 0.182, 0.1814, 0.1827, 0.182, 0.1882, 0.3312, 0.1726, 0.1825, 0.1629]",0.3400433334973058,0.5988083164527778,3.52736895900307,0,30.095,0.0,0.0
2025-09-28|lgbm_diario|prueba|4|72.7447|base|60|todas|onsite,2025-09-28,lgbm_diario,prueba,4,72.7447,base,60,todas,onsite,40937,1870,42807,1283,190,1093,3602,137,1197,145,0.221421869797838,102,"{""devolucion_origen"": 2, ""entrega_sin_recogida"": 22, ""fisico"": 24, ""fuera_servicio"": 0, ""tope"": 0, ""visitas"": 0}",1802,1802,0,0,0,1283,0,14,54,0,74,"[0.1809, 0.1897, 0.1806, 0.1824, 0.6533, 0.4269, 0.1808, 0.1769, 0.3761, 0.1867, 0.1793, 0.42, 0.3288, 0.3394, 0.3786, 0.6448, 0.4656, 0.4988, 0.1843, 0.4193, 0.5582, 0.1816, 0.6129, 0.1806, 0.3493, 0.3644, 0.5925, 0.177, 0.1813, 0.1831, 0.184, 0.183, 0.4544, 0.1823, 0.1866, 0.1809, 0.183, 0.3775, 0.1875, 0.1861, 0.1832, 0.4084, 0.1854, 0.3797, 0.1815, 0.1834, 0.517, 0.1834, 0.7161, 0.5735, 0.1829, 0.1835, 0.19, 0.3148, 0.463, 0.1851, 0.189, 0.1874, 0.1848, 0.4635, 0.3138, 0.1999, 0.194, 0.1911, 0.5512, 0.1802, 0.4385, 0.3605, 0.1923, 0.1799, 0.3453, 0.167, 0.168, 0.1651]",0.1893479585014574,0.5996139879491237,0.716086209002242,0,23.992,2.0,0.0
2025-09-28|oraculo_directo|prueba|4|39.0694|base|60|todas|onsite,2025-09-28,oraculo_directo,prueba,4,39.0694,base,60,todas,onsite,18391,865,19256,982,193,789,2868,123,243,37,0.2247881290525508,55,"{""devolucion_origen"": 0, ""entrega_sin_recogida"": 24, ""fisico"": 24, ""fuera_servicio"": 0, ""tope"": 0, ""visitas"": 0}",1434,1434,0,0,0,982,0,14,67,0,74,"[0.1805, 0.2006, 0.1895, 0.4364, 0.189, 0.417, 0.3774, 0.3762, 0.3775, 0.3611, 0.3214, 0.4523, 0.5269, 0.4369, 0.5149, 0.5552, 0.3147, 0.4642, 0.3386, 0.1924, 0.2896, 0.3418, 0.4843, 0.2948, 0.3753, 0.3781, 0.1903, 0.1801, 0.1984, 0.3361, 0.2909, 0.187, 0.1839, 0.1856, 0.294, 0.1839, 0.1789, 0.3225, 0.1844, 0.1863, 0.3092, 0.338, 0.3437, 0.2861, 0.4616, 0.3186, 0.313, 0.3108, 0.3655, 0.3007, 0.4087, 0.1888, 0.3418, 0.1861, 0.3496, 0.4771, 0.3697, 0.3472, 0.3539, 0.188, 0.3743, 0.549, 0.1932, 0.2905, 0.5997, 0.3205, 1.4563, 1.564, 0.1891, 0.6431, 0.3173, 0.2135, 0.1818, 0.1711]",0.3209308750010677,0.5707567396992087,1.5639573329972336,0,28.044,0.0,0.0
2025-09-28|lgbm_directo|prueba|4|88.9149|base|60|todas|onsite,2025-09-28,lgbm_directo,prueba,4,88.9149,base,60,todas,onsite,37241,1839,39080,1352,220,1132,4433,187,1255,84,0.2106544531622517,109,"{""devolucion_origen"": 3, ""entrega_sin_recogida"": 42, ""fisico"": 45, ""fuera_servicio"": 0, ""tope"": 0, ""visitas"": 0}",2218,2218,0,0,0,1354,2,14,47,0,74,"[1.0601, 0.1814, 0.1947, 0.4102, 0.2027, 0.3693, 0.4195, 0.4286, 0.3431, 0.4249, 0.3928, 0.4293, 0.4966, 0.7635, 0.3784, 0.4145, 0.3672, 0.3708, 0.4309, 0.5346, 0.3599, 0.5645, 0.3676, 0.4001, 0.7027, 0.3868, 0.8758, 0.3489, 0.4217, 0.1794, 0.1774, 0.341, 0.4775, 0.4437, 0.182, 0.4585, 0.1831, 0.6288, 0.3832, 0.4642, 0.1803, 0.1849, 0.1883, 0.1832, 0.1803, 0.1798, 0.4706, 0.2256, 0.1925, 0.7795, 0.2145, 0.1792, 0.3258, 0.3542, 0.8398, 0.1898, 0.1815, 0.2885, 0.1969, 0.4498, 0.1876, 0.3848, 0.1921, 0.1841, 0.2232, 0.1889, 0.1874, 0.1877, 0.3666, 0.1749, 0.3502, 0.1836, 0.1662, 0.1645]",0.3522016664974217,0.7690935455000726,1.0601018330053191,0,28.013,3.0,0.0
2025-09-29|sin_rebalanceo|prueba|0|0.0|base|60|todas|onsite,2025-09-29,sin_rebalanceo,prueba,0,0.0,base,60,todas,onsite,216380,58041,274421,0,0,0,0,0,12857,7350,0.4618413224102877,1277,"{""devolucion_origen"": 0, ""entrega_sin_recogida"": 0, ""fisico"": 0, ""fuera_servicio"": 0, ""tope"": 0, ""visitas"": 0}",0,0,0,0,0,0,0,0,0,0,0,[],0.0,0.0,0.0,0,2.262,0.0,
2025-09-29|ecobici|prueba|0|0.0|base|60|todas|onsite,2025-09-29,ecobici,prueba,0,0.0,base,60,todas,onsite,105865,13906,119771,2907,1485,1422,14238,0,2871,827,0.2720234452716171,381,"{""devolucion_origen"": 0, ""entrega_sin_recogida"": 0, ""fisico"": 142, ""fuera_servicio"": 0, ""tope"": 0, ""visitas"": 0}",7041,7055,0,14,0,2884,0,67,126,0,0,[],0.0,0.0,0.0,0,2.214,0.0,2884.0
2025-09-29|oraculo_diario|prueba|4|57.5805|base|60|todas|onsite,2025-09-29,oraculo_diario,prueba,4,57.5805,base,60,todas,onsite,46151,2774,48925,2618,669,1949,12008,504,4381,817,0.265153633838362,304,"{""devolucion_origen"": 20, ""entrega_sin_recogida"": 286, ""fisico"": 306, ""fuera_servicio"": 0, ""tope"": 0, ""visitas"": 0}",6014,6014,0,0,0,2618,0,14,67,0,74,"[0.172, 0.2859, 0.2438, 0.2894, 0.1684, 0.464, 0.2529, 0.2631, 0.3272, 0.384, 0.2886, 0.3906, 0.4207, 0.2155, 0.1845, 0.2305, 0.2821, 0.1684, 0.1814, 0.1784, 0.3191, 0.3073, 0.3097, 0.3545, 0.4524, 0.2768, 0.3159, 0.3765, 0.2756, 0.1801, 0.311, 0.2981, 0.4045, 0.3804, 0.2668, 0.3881, 0.395, 0.3214, 0.4878, 0.2518, 0.3308, 0.2298, 0.2754, 0.2462, 0.2953, 0.3154, 0.343, 0.2924, 0.3678, 0.419, 0.2634, 0.2992, 0.2425, 0.4336, 0.3541, 0.2896, 0.2604, 0.2567, 0.1697, 0.2575, 0.1791, 0.1856, 0.322, 0.1884, 0.1937, 0.1718, 0.2925, 0.1741, 0.331, 0.1832, 0.2871, 0.1831, 0.1741, 0.1854]",0.2864680204984324,0.4251688209533312,0.4878072909996263,0,23.4,20.0,0.0
2025-09-29|ma_diaria|prueba|4|72.8507|base|60|todas|onsite,2025-09-29,ma_diaria,prueba,4,72.8507,base,60,todas,onsite,62998,3877,66875,2638,637,2001,12042,474,5298,1005,0.2672326446925267,417,"{""devolucion_origen"": 12, ""entrega_sin_recogida"": 185, ""fisico"": 197, ""fuera_servicio"": 0, ""tope"": 0, ""visitas"": 0}",6027,6027,0,0,0,2638,0,14,67,0,74,"[0.399, 0.297, 0.438, 0.4778, 0.5717, 0.1883, 0.3099, 0.2859, 0.1665, 0.2215, 0.2622, 0.3768, 0.2333, 0.1642, 0.1731, 0.1735, 0.2927, 0.1749, 0.1787, 0.1759, 0.3262, 0.1762, 0.1761, 0.3516, 0.1877, 0.2133, 0.4054, 0.376, 0.3358, 0.3928, 0.3239, 0.4761, 0.3262, 0.3726, 0.464, 0.1881, 0.4437, 0.298, 0.3238, 0.5544, 0.3774, 0.3263, 0.2756, 0.3033, 0.3362, 0.4133, 0.6011, 0.3483, 0.6824, 0.4405, 0.5221, 0.2871, 0.3669, 0.4888, 0.1812, 0.2755, 0.3419, 0.4587, 0.1711, 0.3015, 0.177, 0.1804, 0.1802, 0.1827, 0.1811, 0.1792, 0.1697, 0.1748, 0.1712, 0.1761, 0.3174, 0.2675, 0.1789, 0.1627]",0.2975195209983212,0.5334238494502641,0.6823759999970207,0,24.842,12.0,0.0
2025-09-29|lgbm_diario|prueba|4|72.7447|base|60|todas|onsite,2025-09-29,lgbm_diario,prueba,4,72.7447,base,60,todas,onsite,63971,4501,68472,2625,616,2009,11227,511,5148,1071,0.2587912664407093,423,"{""devolucion_origen"": 3, ""entrega_sin_recogida"": 166, ""fisico"": 169, ""fuera_servicio"": 0, ""tope"": 0, ""visitas"": 0}",5615,5615,0,0,0,2625,0,14,67,0,74,"[0.5358, 0.3415, 0.1847, 0.3495, 0.3737, 0.2725, 0.4666, 0.2735, 0.4054, 0.2912, 0.2922, 0.2555, 0.2997, 0.1651, 0.1683, 0.1713, 0.2898, 0.1687, 0.1759, 0.1708, 0.3327, 0.1783, 0.2119, 0.1756, 0.1823, 0.4203, 0.3472, 0.381, 0.3852, 0.1806, 0.3473, 0.1792, 0.4578, 0.4308, 0.3394, 0.3725, 0.3935, 0.1779, 0.5842, 0.3147, 0.3868, 0.2892, 0.494, 0.4016, 0.4291, 0.5326, 0.3355, 0.3257, 0.3359, 0.362, 0.2858, 0.4643, 0.3776, 0.5833, 0.2734, 0.419, 0.3112, 0.5019, 0.2078, 0.1761, 0.1807, 0.1777, 0.2092, 0.1789, 0.1791, 0.1765, 0.1691, 0.1701, 0.1716, 0.1755, 0.2886, 0.2765, 0.1748, 0.1575]",0.2905034165014513,0.5126439061456038,0.584237832998042,0,24.572,3.0,0.0
2025-09-29|oraculo_directo|prueba|4|39.0694|base|60|todas|onsite,2025-09-29,oraculo_directo,prueba,4,39.0694,base,60,todas,onsite,30601,2120,32721,2778,753,2025,11786,495,2574,608,0.2199604538399054,175,"{""devolucion_origen"": 0, ""entrega_sin_recogida"": 430, ""fisico"": 430, ""fuera_servicio"": 0, ""tope"": 0, ""visitas"": 0}",5893,5893,0,0,0,2778,0,14,67,0,74,"[0.1829, 0.3787, 0.3137, 0.3012, 0.2446, 0.4071, 0.2636, 0.2729, 0.2617, 0.2308, 0.3926, 0.4718, 0.2756, 0.171, 0.2283, 0.2397, 0.2625, 0.251, 0.2607, 0.2658, 0.1864, 0.2782, 0.3483, 0.3172, 0.4774, 0.4563, 0.5038, 0.4107, 0.3442, 0.4874, 0.1766, 0.4215, 0.64, 0.342, 0.3315, 0.4381, 0.36, 0.3534, 0.3702, 0.2903, 0.3546, 0.3478, 0.2935, 0.4016, 0.1762, 0.4575, 0.2516, 0.2573, 0.2466, 0.1804, 0.2998, 0.2912, 0.3992, 0.3575, 0.3498, 0.4239, 0.2666, 0.2661, 0.3036, 0.5409, 0.2841, 0.2958, 0.3109, 0.1825, 0.1879, 0.1791, 0.1864, 0.1856, 0.1768, 0.2605, 0.2508, 0.2346, 0.175, 0.1731]",0.2907618959980027,0.4809098522997373,0.640023708998342,0,25.024,0.0,0.0
2025-09-29|lgbm_directo|prueba|4|88.9149|base|60|todas|onsite,2025-09-29,lgbm_directo,prueba,4,88.9149,base,60,todas,onsite,64408,4660,69068,2552,619,1933,12100,506,5596,1022,0.2676466922600581,442,"{""devolucion_origen"": 4, ""entrega_sin_recogida"": 233, ""fisico"": 237, ""fuera_servicio"": 0, ""tope"": 0, ""visitas"": 0}",6052,6052,0,0,0,2552,0,14,67,0,74,"[1.2255, 0.2741, 0.1862, 0.4017, 0.1717, 0.402, 0.3034, 0.2302, 0.2612, 0.1646, 0.2369, 0.1743, 0.2698, 0.1878, 0.1839, 0.1745, 0.1732, 0.1784, 0.1762, 0.1797, 0.4111, 0.3779, 0.1831, 0.3535, 0.178, 0.4749, 0.7019, 0.3903, 0.3457, 0.1906, 0.3225, 0.1861, 0.3376, 0.3386, 0.1874, 0.3646, 0.599, 0.3179, 0.3112, 0.3853, 0.4197, 0.3023, 0.3224, 0.1813, 0.3804, 0.3749, 0.2993, 0.1726, 0.5162, 0.3775, 0.3676, 0.3974, 0.5959, 0.4417, 0.5343, 0.3644, 0.41, 0.3284, 0.1707, 0.3097, 0.1808, 0.1719, 0.1769, 0.1738, 0.1744, 0.1739, 0.1755, 0.1801, 0.1745, 0.3085, 0.2868, 0.1816, 0.1629, 0.1591]",0.2930169790015497,0.5558253311526637,1.2255294589995174,0,24.777,4.0,0.0
2025-09-30|sin_rebalanceo|prueba|0|0.0|base|60|todas|onsite,2025-09-30,sin_rebalanceo,prueba,0,0.0,base,60,todas,onsite,229453,65709,295162,0,0,0,0,0,15015,8794,0.4612974980170011,1071,"{""devolucion_origen"": 0, ""entrega_sin_recogida"": 0, ""fisico"": 0, ""fuera_servicio"": 0, ""tope"": 0, ""visitas"": 0}",0,0,0,0,0,0,0,0,0,0,0,[],0.0,0.0,0.0,0,2.318,0.0,
2025-09-30|ecobici|prueba|0|0.0|base|60|todas|onsite,2025-09-30,ecobici,prueba,0,0.0,base,60,todas,onsite,114664,19137,133801,2907,1417,1490,14656,0,3358,1001,0.2860152242796488,343,"{""devolucion_origen"": 0, ""entrega_sin_recogida"": 0, ""fisico"": 170, ""fuera_servicio"": 0, ""tope"": 0, ""visitas"": 0}",7234,7252,0,18,0,2890,0,65,134,0,0,[],0.0,0.0,0.0,0,2.276,0.0,2890.0
2025-09-30|oraculo_diario|prueba|4|57.5805|base|60|todas|onsite,2025-09-30,oraculo_diario,prueba,4,57.5805,base,60,todas,onsite,53531,4481,58012,2738,708,2030,12978,559,5691,1217,0.3034638158753521,306,"{""devolucion_origen"": 16, ""entrega_sin_recogida"": 354, ""fisico"": 370, ""fuera_servicio"": 0, ""tope"": 0, ""visitas"": 0}",6497,6497,0,0,0,2738,0,14,67,0,74,"[0.1702, 0.2836, 0.234, 0.306, 0.253, 0.2745, 0.2594, 0.213, 0.2346, 0.2218, 0.3673, 0.4017, 0.2329, 0.1658, 0.1766, 0.1725, 0.1646, 0.1733, 0.1737, 0.2459, 0.1741, 0.2659, 0.2791, 0.3379, 0.2934, 0.2828, 0.2746, 0.2595, 0.3036, 0.3142, 0.2718, 0.294, 0.2792, 0.4097, 0.42, 0.5724, 0.2578, 0.3349, 0.3583, 0.3051, 0.2553, 0.1767, 0.2694, 0.2523, 0.4642, 0.4115, 0.1786, 0.1757, 0.4496, 0.2422, 0.3397, 0.3654, 0.2437, 0.3209, 0.3146, 0.415, 0.3029, 0.3049, 0.4436, 0.28, 0.3004, 0.2981, 0.1779, 0.184, 0.3764, 0.1839, 0.188, 0.1891, 0.192, 0.1763, 0.1821, 0.3005, 0.1745, 0.1672]",0.270649083002354,0.4282605038450127,0.5723553749994608,0,22.648,16.0,0.0
2025-09-30|ma_diaria|prueba|4|72.8507|base|60|todas|onsite,2025-09-30,ma_diaria,prueba,4,72.8507,base,60,todas,onsite,72007,5880,77887,2751,692,2059,12595,493,6682,1353,0.282355692193837,390,"{""devolucion_origen"": 7, ""entrega_sin_recogida"": 220, ""fisico"": 227, ""fuera_servicio"": 0, ""tope"": 0, ""visitas"": 0}",6301,6301,0,0,0,2751,0,14,67,0,74,"[0.1748, 0.1793, 0.4686, 0.3752, 0.3082, 0.4905, 0.5119, 0.3407, 0.3851, 0.2243, 0.3744, 0.2193, 0.3836, 0.1698, 0.164, 0.1652, 0.1685, 0.1779, 0.1716, 0.1701, 0.1684, 0.1768, 0.1741, 0.1793, 0.3702, 0.1781, 0.1805, 0.3599, 0.3183, 0.3853, 0.4183, 0.1819, 0.3058, 0.5441, 0.4039, 0.3334, 0.3452, 0.5163, 0.2974, 0.5554, 0.4137, 0.5014, 0.3789, 0.3333, 0.4721, 0.4789, 0.3153, 0.2865, 0.3456, 0.2819, 0.3302, 0.4132, 0.1738, 0.6882, 0.3521, 0.3874, 0.347, 0.1671, 0.2953, 0.1744, 0.1757, 0.1738, 0.1757, 0.1814, 0.1734, 0.1754, 0.174, 0.1762, 0.1797, 0.1763, 0.2918, 0.3494, 0.1776, 0.1612]",0.2963361875008559,0.513448808551766,0.6881629580020672,0,24.259,7.0,0.0
2025-09-30|lgbm_diario|prueba|4|72.7447|base|60|todas|onsite,2025-09-30,lgbm_diario,prueba,4,72.7447,base,60,todas,onsite,72186,6227,78413,2747,694,2053,12339,558,6576,1319,0.2790121142834277,362,"{""devolucion_origen"": 9, ""entrega_sin_recogida"": 172, ""fisico"": 181, ""fuera_servicio"": 0, ""tope"": 0, ""visitas"": 0}",6174,6174,0,0,0,2747,0,14,67,0,74,"[0.2459, 0.1769, 0.2267, 0.4538, 0.3721, 0.2369, 0.2973, 0.241, 0.2328, 0.3107, 0.2476, 0.4344, 0.2631, 0.1652, 0.1679, 0.179, 0.1678, 0.1769, 0.1693, 0.1728, 0.1709, 0.1726, 0.1749, 0.3588, 0.1789, 0.1821, 0.1934, 0.348, 0.3337, 0.43, 0.185, 0.5923, 0.6385, 0.3541, 0.1804, 0.3141, 0.539, 0.6012, 0.3092, 0.4471, 0.3875, 0.181, 0.3699, 0.4248, 0.5317, 0.1824, 0.3806, 0.3698, 0.3192, 0.3353, 0.6067, 0.3587, 0.3842, 0.2787, 0.4865, 0.5088, 0.283, 0.286, 0.302, 0.2984, 0.1866, 0.179, 0.1815, 0.1771, 0.1794, 0.1795, 0.1815, 0.1795, 0.1757, 0.1764, 0.3359, 0.3644, 0.1765, 0.1569]",0.2708958339972014,0.5576527892513692,0.6384522500011371,0,24.167,9.0,0.0
2025-09-30|oraculo_directo|prueba|4|39.0694|base|60|todas|onsite,2025-09-30,oraculo_directo,prueba,4,39.0694,base,60,todas,onsite,40207,3749,43956,2899,778,2121,12336,573,3742,833,0.259019515802994,214,"{""devolucion_origen"": 2, ""entrega_sin_recogida"": 515, ""fisico"": 517, ""fuera_servicio"": 0, ""tope"": 0, ""visitas"": 0}",6169,6169,0,0,0,2899,0,14,67,0,74,"[0.1768, 0.29, 0.3347, 0.2324, 0.2384, 0.2843, 0.3092, 0.4006, 0.4268, 0.2236, 0.4517, 0.3861, 0.2261, 0.1794, 0.5058, 0.2513, 0.1702, 0.1693, 0.2561, 0.2639, 0.2785, 0.6783, 0.2831, 0.284, 0.4945, 0.5003, 0.2782, 0.2854, 0.4177, 0.3063, 0.3708, 0.289, 0.4505, 0.18, 0.5092, 0.4453, 0.2665, 0.4952, 0.2775, 0.2698, 0.307, 0.3482, 0.2842, 0.4583, 0.32, 0.2705, 0.3055, 0.3534, 0.2595, 0.361, 0.2629, 0.4078, 0.1775, 0.3346, 0.3907, 0.2835, 0.4285, 0.3331, 0.3722, 0.3863, 0.2755, 0.2811, 0.2976, 0.179, 0.1874, 0.1837, 0.1928, 0.1859, 0.2778, 0.2858, 0.3851, 0.171, 0.1733, 0.2086]",0.2848454585000581,0.4969775725956424,0.678342999999586,0,25.417,2.0,0.0
2025-09-30|lgbm_directo|prueba|4|88.9149|base|60|todas|onsite,2025-09-30,lgbm_directo,prueba,4,88.9149,base,60,todas,onsite,77304,6845,84149,2547,639,1908,12168,535,7492,1387,0.3061056058774539,404,"{""devolucion_origen"": 6, ""entrega_sin_recogida"": 233, ""fisico"": 239, ""fuera_servicio"": 0, ""tope"": 0, ""visitas"": 0}",6087,6087,0,0,0,2547,0,14,67,0,74,"[1.214, 0.3607, 0.2571, 0.4434, 0.1696, 0.238, 0.4951, 0.3732, 0.1659, 0.1968, 0.3736, 0.192, 0.4579, 0.359, 0.1796, 0.1681, 0.1685, 0.1696, 0.1719, 0.1838, 0.1783, 0.1765, 0.1772, 0.1818, 0.3541, 0.1864, 0.4176, 0.4633, 0.3754, 0.4205, 0.3766, 0.473, 0.3824, 0.3638, 0.4093, 0.4872, 0.3712, 0.1792, 0.1852, 0.334, 0.416, 0.3613, 0.3808, 0.635, 0.4668, 0.2935, 0.1787, 0.3211, 0.5649, 0.3967, 0.2894, 0.4796, 0.4496, 0.4294, 0.4726, 0.2947, 0.2713, 0.2783, 0.3004, 0.2796, 0.1733, 0.176, 0.187, 0.1735, 0.1733, 0.1737, 0.1733, 0.1718, 0.1823, 0.3577, 0.3127, 0.1761, 0.1612, 0.1554]",0.2940910210054426,0.4899441170040517,1.214023583001108,0,25.481,6.0,0.0
2025-10-01|sin_rebalanceo|prueba|0|0.0|base|60|todas|onsite,2025-10-01,sin_rebalanceo,prueba,0,0.0,base,60,todas,onsite,219825,68443,288268,0,0,0,0,0,14601,9559,0.4609355042780173,1313,"{""devolucion_origen"": 0, ""entrega_sin_recogida"": 0, ""fisico"": 0, ""fuera_servicio"": 0, ""tope"": 0, ""visitas"": 0}",0,0,0,0,0,0,0,0,0,0,0,[],0.0,0.0,0.0,0,2.392,0.0,
2025-10-01|ecobici|prueba|0|0.0|base|60|todas|onsite,2025-10-01,ecobici,prueba,0,0.0,base,60,todas,onsite,108001,17350,125351,2881,1437,1444,14657,0,3594,1118,0.3012480256115247,439,"{""devolucion_origen"": 0, ""entrega_sin_recogida"": 0, ""fisico"": 333, ""fuera_servicio"": 0, ""tope"": 0, ""visitas"": 0}",7092,7232,0,140,0,2843,0,71,114,0,0,[],0.0,0.0,0.0,0,2.282,0.0,2843.0
2025-10-01|oraculo_diario|prueba|4|57.5805|base|60|todas|onsite,2025-10-01,oraculo_diario,prueba,4,57.5805,base,60,todas,onsite,48107,3633,51740,2793,738,2055,12769,567,5202,1209,0.2836942087131944,401,"{""devolucion_origen"": 11, ""entrega_sin_recogida"": 361, ""fisico"": 372, ""fuera_servicio"": 0, ""tope"": 0, ""visitas"": 0}",6390,6390,0,0,0,2795,2,14,67,0,74,"[0.2526, 0.4932, 0.508, 0.3288, 0.2535, 0.32, 0.3087, 0.1836, 0.2735, 0.2507, 0.2631, 0.2277, 0.4347, 0.2276, 0.3882, 0.4445, 0.1761, 0.179, 0.1793, 0.1827, 0.1832, 0.2616, 0.184, 0.2563, 0.2897, 0.2034, 0.2815, 0.2852, 0.2889, 0.2897, 0.2885, 0.2708, 0.3036, 0.2521, 0.3056, 0.5098, 0.3861, 0.4027, 0.5733, 0.5047, 0.3741, 0.2906, 0.2713, 0.1732, 0.2385, 0.179, 0.2901, 0.1757, 0.4108, 0.2306, 0.1747, 0.1714, 0.1723, 0.1672, 0.8685, 0.2946, 0.1784, 0.2951, 0.249, 0.2619, 0.1804, 0.2697, 0.1758, 0.179, 0.1822, 0.1853, 0.1723, 0.1786, 0.175, 0.2919, 0.1712, 0.1869, 0.2836, 0.1822]",0.2589769999976852,0.5058470090007177,0.8684863750022487,0,22.852,11.0,0.0
2025-10-01|ma_diaria|prueba|4|72.8507|base|60|todas|onsite,2025-10-01,ma_diaria,prueba,4,72.8507,base,60,todas,onsite,66140,5123,71263,2646,689,1957,12211,517,6576,1297,0.2875531846487643,505,"{""devolucion_origen"": 11, ""entrega_sin_recogida"": 159, ""fisico"": 170, ""fuera_servicio"": 0, ""tope"": 0, ""visitas"": 0}",6111,6111,0,0,0,2646,0,14,67,0,74,"[0.2539, 0.3617, 0.5337, 0.3247, 0.2555, 0.5742, 0.2865, 0.2886, 0.1632, 0.2392, 0.269, 0.3121, 0.1612, 0.1639, 0.1664, 0.1702, 0.1719, 0.1766, 0.1847, 0.1794, 0.1726, 0.189, 0.1758, 0.1781, 0.1983, 0.1816, 0.1793, 0.319, 0.1897, 0.3798, 0.3222, 0.3467, 0.3073, 0.2851, 0.184, 0.2801, 0.3461, 0.1801, 0.3056, 0.6558, 0.3627, 0.7537, 0.4, 0.4314, 0.3128, 0.478, 0.3022, 0.3022, 0.5019, 0.3394, 0.333, 0.3514, 0.5977, 0.4829, 0.5456, 0.2777, 0.195, 0.3363, 0.2869, 0.3026, 0.1878, 0.1842, 0.1772, 0.1736, 0.1751, 0.1833, 0.1735, 0.1784, 0.17, 0.1701, 0.2978, 0.1686, 0.1777, 0.1564]",0.2733477500005392,0.5556339625032705,0.7537119580010767,0,23.469,11.0,0.0
2025-10-01|lgbm_diario|prueba|4|72.7447|base|60|todas|onsite,2025-10-01,lgbm_diario,prueba,4,72.7447,base,60,todas,onsite,65725,5032,70757,2684,693,1991,12161,535,6391,1221,0.283952022441954,495,"{""devolucion_origen"": 15, ""entrega_sin_recogida"": 162, ""fisico"": 177, ""fuera_servicio"": 0, ""tope"": 0, ""visitas"": 0}",6088,6088,0,0,0,2684,0,14,67,0,74,"[0.1774, 0.366, 0.367, 0.263, 0.4828, 0.3589, 0.2303, 0.3305, 0.344, 0.2759, 0.2436, 0.6972, 0.1698, 0.1641, 0.1765, 0.2573, 0.1936, 0.1696, 0.1829, 0.1766, 0.1735, 0.1723, 0.174, 0.1804, 0.1742, 0.3405, 0.402, 0.1873, 0.1853, 0.1817, 0.1901, 0.3218, 0.323, 0.2948, 0.3275, 0.1851, 0.3032, 0.5049, 0.5592, 0.2836, 0.4696, 0.1803, 0.182, 0.3385, 0.3763, 0.4066, 0.3573, 0.3752, 0.5701, 0.345, 0.2697, 0.2712, 0.3356, 0.563, 0.5029, 0.277, 0.2822, 0.2983, 0.3024, 0.3535, 0.1822, 0.1862, 0.1749, 0.1772, 0.1826, 0.1896, 0.172, 0.1833, 0.1748, 0.1867, 0.289, 0.2663, 0.1742, 0.1619]",0.2680013130011502,0.5239364647994077,0.6972350419964641,0,23.326,15.0,0.0
2025-10-01|oraculo_directo|prueba|4|39.0694|base|60|todas|onsite,2025-10-01,oraculo_directo,prueba,4,39.0694,base,60,todas,onsite,35595,2838,38433,2989,791,2198,12453,516,3708,1008,0.262841650004593,294,"{""devolucion_origen"": 1, ""entrega_sin_recogida"": 484, ""fisico"": 485, ""fuera_servicio"": 0, ""tope"": 0, ""visitas"": 0}",6227,6227,0,0,0,2991,2,14,67,0,74,"[0.2537, 0.3657, 0.4215, 0.2599, 0.3497, 0.2317, 0.2882, 0.1769, 0.4645, 0.3369, 0.291, 0.1667, 0.3276, 0.1791, 0.1704, 0.3331, 0.2482, 0.1808, 0.1767, 0.1772, 0.1827, 0.2696, 0.373, 0.3427, 0.5683, 0.4045, 0.43, 0.5298, 0.3106, 0.4278, 0.3219, 0.4412, 0.3909, 0.5579, 0.5081, 0.5213, 0.4529, 0.2488, 0.3024, 0.376, 0.3296, 0.2642, 0.5238, 0.4213, 0.181, 0.2394, 0.2787, 0.2739, 0.1763, 0.2437, 0.1713, 0.3531, 0.4395, 0.266, 0.4094, 0.2973, 0.4141, 0.285, 0.2846, 0.2919, 0.4227, 0.1857, 0.3062, 0.1887, 0.1934, 0.1899, 0.1873, 0.1869, 0.1775, 0.1831, 0.2953, 0.2704, 0.1703, 0.176]",0.289575311999215,0.5221658044971264,0.5682657090001157,0,24.999,1.0,0.0
2025-10-01|lgbm_directo|prueba|4|88.9149|base|60|todas|onsite,2025-10-01,lgbm_directo,prueba,4,88.9149,base,60,todas,onsite,66646,5066,71712,2563,648,1915,12474,500,6976,1204,0.2937078949089184,537,"{""devolucion_origen"": 6, ""entrega_sin_recogida"": 260, ""fisico"": 266, ""fuera_servicio"": 0, ""tope"": 0, ""visitas"": 0}",6240,6240,0,0,0,2563,0,14,67,0,74,"[1.2759, 0.2407, 0.1811, 0.3219, 0.4342, 0.312, 0.3529, 0.1673, 0.4471, 0.309, 0.2675, 0.458, 0.4589, 0.1696, 0.1653, 0.2787, 0.1751, 0.1752, 0.1684, 0.1767, 0.1785, 0.1734, 0.1787, 0.1899, 0.1825, 0.3397, 0.3436, 0.1839, 0.357, 0.1829, 0.3724, 0.3353, 0.319, 0.1781, 0.4106, 0.404, 0.3634, 0.2898, 0.4317, 0.3976, 0.3535, 0.516, 0.3768, 0.3855, 0.3126, 0.4291, 0.2917, 0.4668, 0.3082, 0.2881, 0.2702, 0.1684, 0.3979, 0.394, 0.3934, 0.391, 0.2835, 0.3059, 0.1723, 0.2928, 0.3113, 0.179, 0.1759, 0.176, 0.179, 0.1844, 0.1806, 0.1774, 0.1847, 0.3176, 0.3101, 0.1816, 0.158, 0.1586]",0.2922357704992464,0.4583233518489578,1.2758842500043102,0,24.337,6.0,0.0
2025-10-02|sin_rebalanceo|prueba|0|0.0|base|60|todas|onsite,2025-10-02,sin_rebalanceo,prueba,0,0.0,base,60,todas,onsite,227229,63700,290929,0,0,0,0,0,14724,8104,0.473337423409873,1204,"{""devolucion_origen"": 0, ""entrega_sin_recogida"": 0, ""fisico"": 0, ""fuera_servicio"": 0, ""tope"": 0, ""visitas"": 0}",0,0,0,0,0,0,0,0,0,0,0,[],0.0,0.0,0.0,0,2.478,0.0,
2025-10-02|ecobici|prueba|0|0.0|base|60|todas|onsite,2025-10-02,ecobici,prueba,0,0.0,base,60,todas,onsite,100888,14422,115310,2733,1320,1413,14373,0,2527,778,0.2747547829215256,426,"{""devolucion_origen"": 0, ""entrega_sin_recogida"": 0, ""fisico"": 257, ""fuera_servicio"": 0, ""tope"": 0, ""visitas"": 0}",6995,7121,0,126,0,2709,0,72,109,0,0,[],0.0,0.0,0.0,0,2.403,0.0,2709.0
2025-10-02|oraculo_diario|prueba|4|57.5805|base|60|todas|onsite,2025-10-02,oraculo_diario,prueba,4,57.5805,base,60,todas,onsite,49705,3998,53703,2593,671,1922,12046,485,4673,711,0.2846993358683855,362,"{""devolucion_origen"": 14, ""entrega_sin_recogida"": 339, ""fisico"": 353, ""fuera_servicio"": 0, ""tope"": 0, ""visitas"": 0}",6030,6030,0,0,0,2593,0,14,67,0,74,"[0.3479, 0.2494, 0.5263, 0.2944, 0.2248, 0.2454, 0.1875, 0.2578, 0.264, 0.2173, 0.5182, 0.3015, 0.3256, 0.1747, 0.4714, 0.1657, 0.1711, 0.1739, 0.1742, 0.1753, 0.1766, 0.1801, 0.2711, 0.2711, 0.3022, 0.3209, 0.1811, 0.417, 0.2827, 0.4895, 0.277, 0.4933, 0.3441, 0.2904, 0.2706, 0.5221, 0.3564, 0.2727, 0.2601, 0.2462, 0.2721, 0.4164, 0.4494, 0.2736, 0.3075, 0.239, 0.1954, 0.4622, 0.3305, 0.2611, 0.298, 0.2567, 0.2785, 0.2921, 0.3332, 0.2755, 0.4218, 0.3024, 0.3356, 0.2895, 0.4016, 0.2673, 0.3056, 0.2825, 0.3601, 0.1845, 0.177, 0.3111, 0.3201, 0.1863, 0.1744, 0.172, 0.1702, 0.1653]",0.2762684160006756,0.490808927199032,0.5263465000025462,0,23.779,14.0,0.0
2025-10-02|ma_diaria|prueba|4|72.8507|base|60|todas|onsite,2025-10-02,ma_diaria,prueba,4,72.8507,base,60,todas,onsite,66480,5483,71963,2677,638,2039,12297,474,5297,898,0.2787694213212032,449,"{""devolucion_origen"": 5, ""entrega_sin_recogida"": 209, ""fisico"": 214, ""fuera_servicio"": 0, ""tope"": 0, ""visitas"": 0}",6151,6151,0,0,0,2677,0,14,67,0,74,"[0.2538, 0.39, 0.3581, 0.4128, 0.2567, 0.4251, 0.229, 0.2375, 0.3337, 0.2961, 0.3996, 0.2623, 0.2946, 0.1757, 0.1785, 0.165, 0.1688, 0.1693, 0.17, 0.1737, 0.1722, 0.1777, 0.1978, 0.1789, 0.336, 0.3568, 0.1881, 0.3221, 0.3894, 0.3304, 0.3841, 0.4496, 0.4117, 0.3667, 0.4294, 0.2783, 0.3401, 0.2819, 0.3339, 0.3619, 0.6077, 0.4203, 0.3642, 0.4041, 0.3466, 0.2794, 0.3721, 0.3932, 0.2878, 0.461, 0.3969, 0.182, 0.33, 0.5189, 0.4689, 0.3591, 0.2902, 0.397, 0.3103, 0.4117, 0.3244, 0.5503, 0.176, 0.3, 0.3193, 0.1878, 0.1796, 0.1712, 0.1784, 0.3081, 0.2978, 0.2586, 0.1761, 0.162]",0.3148038335020828,0.4638066583458566,0.6077116669985116,0,25.143,5.0,0.0
2025-10-02|lgbm_diario|prueba|4|72.7447|base|60|todas|onsite,2025-10-02,lgbm_diario,prueba,4,72.7447,base,60,todas,onsite,66878,6148,73026,2691,630,2061,11988,501,5384,1022,0.2795875871624685,417,"{""devolucion_origen"": 20, ""entrega_sin_recogida"": 198, ""fisico"": 218, ""fuera_servicio"": 0, ""tope"": 0, ""visitas"": 0}",6004,6004,0,0,0,2691,0,14,67,0,74,"[0.2946, 0.1779, 0.5743, 0.3982, 0.3114, 0.3052, 0.281, 0.3331, 0.2637, 0.2322, 0.2775, 0.2848, 0.4792, 0.1646, 0.1657, 0.1678, 0.1684, 0.1715, 0.1771, 0.1759, 0.1738, 0.1738, 0.1818, 0.1782, 0.3353, 0.1832, 0.4075, 0.3334, 0.3479, 0.3284, 0.1804, 0.3195, 0.3547, 0.3146, 0.2197, 0.3029, 0.3813, 0.3453, 0.4401, 0.5368, 0.4334, 0.3494, 0.313, 0.3876, 0.3287, 0.326, 0.1782, 0.4606, 0.28, 0.4305, 0.5432, 0.6586, 0.2838, 0.4297, 0.6035, 0.2817, 0.3714, 0.3812, 0.295, 0.4181, 0.3061, 0.4165, 0.3156, 0.3322, 0.4121, 0.1932, 0.1801, 0.1793, 0.1724, 0.3122, 0.1831, 0.1711, 0.1824, 0.159]",0.3087072705056926,0.5390559272978862,0.6586496249947231,0,25.091,20.0,0.0
2025-10-02|oraculo_directo|prueba|4|39.0694|base|60|todas|onsite,2025-10-02,oraculo_directo,prueba,4,39.0694,base,60,todas,onsite,34557,3470,38027,2789,737,2052,11862,540,2992,591,0.2404317759919084,259,"{""devolucion_origen"": 0, ""entrega_sin_recogida"": 443, ""fisico"": 443, ""fuera_servicio"": 0, ""tope"": 0, ""visitas"": 0}",5931,5931,0,0,0,2791,2,14,67,0,74,"[0.3786, 0.3406, 0.3208, 0.3433, 0.2841, 0.2786, 0.459, 0.2151, 0.1725, 0.3168, 0.2233, 0.2148, 0.1717, 0.1779, 0.4608, 0.4048, 0.1689, 0.1699, 0.176, 0.2987, 0.2549, 0.2629, 0.3003, 0.2907, 0.1855, 0.2915, 0.3646, 0.4949, 0.369, 0.2791, 0.4899, 0.4324, 0.2927, 0.3937, 0.2649, 0.4056, 0.2761, 0.2605, 0.3855, 0.4867, 0.2557, 0.3167, 0.3353, 0.2868, 0.3171, 0.385, 0.5377, 0.362, 0.1736, 0.1768, 0.2897, 0.2868, 0.1801, 0.4091, 0.3654, 0.307, 0.2712, 0.1775, 0.2961, 0.3759, 0.1914, 0.2903, 0.1787, 0.1786, 0.1899, 0.1954, 0.1806, 0.3221, 0.3244, 0.191, 0.2881, 0.2046, 0.1753, 0.1936]",0.2889168545007123,0.469898972696319,0.5376677090025623,0,23.874,0.0,0.0
2025-10-02|lgbm_directo|prueba|4|88.9149|base|60|todas|onsite,2025-10-02,lgbm_directo,prueba,4,88.9149,base,60,todas,onsite,68401,5398,73799,2582,617,1965,12417,518,5916,927,0.2856813254281838,478,"{""devolucion_origen"": 7, ""entrega_sin_recogida"": 310, ""fisico"": 317, ""fuera_servicio"": 0, ""tope"": 0, ""visitas"": 0}",6212,6212,0,0,0,2582,0,14,67,0,74,"[1.2352, 0.2337, 0.3291, 0.3889, 0.5704, 0.1748, 0.3952, 0.2964, 0.2449, 0.3687, 0.3311, 0.4925, 0.3671, 0.1683, 0.1712, 0.1724, 0.1712, 0.2061, 0.1758, 0.1774, 0.2045, 0.3078, 0.3542, 0.3311, 0.3212, 0.3427, 0.1854, 0.342, 0.1904, 0.441, 0.3518, 0.4772, 0.405, 0.5771, 0.1901, 0.1819, 0.4428, 0.5687, 0.424, 0.3356, 0.1772, 0.182, 0.3012, 0.345, 0.7854, 0.6041, 0.2116, 0.5996, 0.4614, 0.3955, 0.3445, 0.2895, 0.309, 0.4326, 0.4695, 0.3347, 0.3105, 0.321, 0.3503, 0.3006, 0.3146, 0.3516, 0.1816, 0.3191, 0.1851, 0.1831, 0.34, 0.1765, 0.1816, 0.1697, 0.1821, 0.1786, 0.1593, 0.1547]",0.3200819579978997,0.5850198602031013,1.235216916000354,0,26.561,7.0,0.0
2025-10-03|sin_rebalanceo|prueba|0|0.0|base|60|todas|onsite,2025-10-03,sin_rebalanceo,prueba,0,0.0,base,60,todas,onsite,226396,48976,275372,0,0,0,0,0,13123,6541,0.430033776782004,730,"{""devolucion_origen"": 0, ""entrega_sin_recogida"": 0, ""fisico"": 0, ""fuera_servicio"": 0, ""tope"": 0, ""visitas"": 0}",0,0,0,0,0,0,0,0,0,0,0,[],0.0,0.0,0.0,0,2.162,0.0,
2025-10-03|ecobici|prueba|0|0.0|base|60|todas|onsite,2025-10-03,ecobici,prueba,0,0.0,base,60,todas,onsite,104225,8848,113073,2608,1302,1306,12857,0,1884,319,0.2575378502935425,237,"{""devolucion_origen"": 0, ""entrega_sin_recogida"": 0, ""fisico"": 110, ""fuera_servicio"": 0, ""tope"": 0, ""visitas"": 0}",6335,6412,0,77,0,2596,0,72,88,0,0,[],0.0,0.0,0.0,0,2.127,0.0,2596.0
2025-10-03|oraculo_diario|prueba|4|57.5805|base|60|todas|onsite,2025-10-03,oraculo_diario,prueba,4,57.5805,base,60,todas,onsite,37563,1421,38984,2469,598,1871,11173,456,2802,273,0.2537294902019602,180,"{""devolucion_origen"": 5, ""entrega_sin_recogida"": 328, ""fisico"": 333, ""fuera_servicio"": 0, ""tope"": 0, ""visitas"": 0}",5589,5589,0,0,0,2469,0,14,67,0,74,"[0.2717, 0.3784, 0.4048, 0.358, 0.2474, 0.2798, 0.2887, 0.3169, 0.2914, 0.2203, 0.1696, 0.2606, 0.2849, 0.1714, 0.1723, 0.2566, 0.255, 0.1699, 0.3335, 0.2647, 0.1748, 0.2936, 0.4244, 0.3248, 0.3324, 0.5177, 0.2827, 0.4225, 0.2717, 0.2639, 0.1772, 0.1833, 0.3989, 0.3763, 0.2583, 0.2605, 0.2896, 0.3033, 0.279, 0.3697, 0.2959, 0.2758, 0.3242, 0.3132, 0.3482, 0.2706, 0.4062, 0.3184, 0.2818, 0.3033, 0.3097, 0.2684, 0.4558, 0.3807, 0.172, 0.2511, 0.3201, 0.3184, 0.2921, 0.4796, 0.3022, 0.2898, 0.2977, 0.3148, 0.3916, 0.1842, 0.1829, 0.3307, 0.3327, 0.1833, 0.2866, 0.185, 0.1699, 0.1688]",0.2897055410030589,0.4231646294978418,0.5176895000040531,0,23.865,5.0,0.0
2025-10-03|ma_diaria|prueba|4|72.8507|base|60|todas|onsite,2025-10-03,ma_diaria,prueba,4,72.8507,base,60,todas,onsite,62832,2368,65200,2431,613,1818,11596,491,4892,434,0.258360062180768,302,"{""devolucion_origen"": 12, ""entrega_sin_recogida"": 307, ""fisico"": 319, ""fuera_servicio"": 0, ""tope"": 0, ""visitas"": 0}",5804,5804,0,0,0,2431,0,14,67,0,74,"[0.2806, 0.2405, 0.4787, 0.3198, 0.2831, 0.4256, 0.2903, 0.2672, 0.1671, 0.2778, 0.4961, 0.2449, 0.3109, 0.1707, 0.1747, 0.173, 0.1713, 0.175, 0.1794, 0.3126, 0.3389, 0.1822, 0.1826, 0.4395, 0.4215, 0.716, 0.2212, 0.3698, 0.2087, 0.3335, 0.6749, 0.5606, 0.5635, 0.3885, 0.326, 0.4744, 0.3906, 0.5301, 0.384, 0.3494, 0.524, 0.3189, 0.2912, 0.1834, 0.3466, 0.5239, 0.255, 0.4788, 0.2604, 0.2676, 0.2791, 0.2795, 0.2961, 0.3676, 0.4317, 0.5136, 0.3387, 0.4279, 0.497, 0.4096, 0.1822, 0.3255, 0.3251, 0.1837, 0.1806, 0.3701, 0.1865, 0.1833, 0.1757, 0.1804, 0.1729, 0.1678, 0.1817, 0.1633]",0.303500083500694,0.5407598124984359,0.7160463750042254,0,26.037,12.0,0.0
2025-10-03|lgbm_diario|prueba|4|72.7447|base|60|todas|onsite,2025-10-03,lgbm_diario,prueba,4,72.7447,base,60,todas,onsite,62011,2888,64899,2455,564,1891,11021,468,4667,546,0.2541033909722297,279,"{""devolucion_origen"": 5, ""entrega_sin_recogida"": 223, ""fisico"": 228, ""fuera_servicio"": 0, ""tope"": 0, ""visitas"": 0}",5513,5513,0,0,0,2455,0,14,67,0,74,"[0.1736, 0.3932, 0.1744, 0.5687, 0.1983, 0.3902, 0.264, 0.2371, 0.2893, 0.2561, 0.3427, 0.2448, 0.4086, 0.1688, 0.1692, 0.1737, 0.1686, 0.1771, 0.1777, 0.3048, 0.3855, 0.3674, 0.1832, 0.3262, 0.4449, 0.4303, 0.3877, 0.531, 0.407, 0.456, 0.4918, 0.3228, 0.3112, 0.4497, 0.5046, 0.4699, 0.3832, 0.6426, 0.8015, 0.4391, 0.3185, 0.5262, 0.5194, 0.3286, 0.3335, 0.425, 0.2827, 0.1774, 0.3514, 0.4616, 0.3537, 0.3128, 0.181, 0.3655, 0.3394, 0.1786, 0.3661, 0.4696, 0.3227, 0.3169, 0.3266, 0.3313, 0.3739, 0.1865, 0.1782, 0.1811, 0.1855, 0.1899, 0.1823, 0.193, 0.3146, 0.1657, 0.1772, 0.1587]",0.3245011879989761,0.5278817625985539,0.8015224999981001,0,26.511,5.0,0.0
2025-10-03|oraculo_directo|prueba|4|39.0694|base|60|todas|onsite,2025-10-03,oraculo_directo,prueba,4,39.0694,base,60,todas,onsite,27506,1325,28831,2558,649,1909,10424,380,1849,265,0.2330217934516253,143,"{""devolucion_origen"": 0, ""entrega_sin_recogida"": 410, ""fisico"": 410, ""fuera_servicio"": 0, ""tope"": 0, ""visitas"": 0}",5212,5212,0,0,0,2558,0,14,67,0,74,"[0.2776, 0.4389, 0.1849, 0.2509, 0.2506, 0.2666, 0.3518, 0.2669, 0.2551, 0.3551, 0.2326, 0.2327, 0.3401, 0.3715, 0.2469, 0.2939, 0.2601, 0.3554, 0.3319, 0.4062, 0.3515, 0.449, 0.5078, 0.1824, 0.3667, 0.3073, 0.1872, 0.4161, 0.3353, 0.4181, 0.356, 0.4314, 0.3744, 0.3696, 0.3375, 0.3443, 0.3609, 0.3632, 0.3522, 0.1933, 0.2531, 0.2952, 0.3057, 0.2904, 0.4119, 0.3895, 0.3611, 0.2929, 0.2624, 0.2996, 0.2629, 0.2554, 0.3634, 0.3196, 0.3134, 0.3979, 0.1854, 0.1843, 0.3487, 0.3215, 0.3164, 0.3287, 0.1867, 0.1891, 0.1804, 0.1817, 0.1949, 0.1805, 0.192, 0.188, 0.301, 0.2851, 0.1764, 0.1752]",0.3033591044986679,0.4227635102975909,0.5078154999937396,0,24.435,0.0,0.0
2025-10-03|lgbm_directo|prueba|4|88.9149|base|60|todas|onsite,2025-10-03,lgbm_directo,prueba,4,88.9149,base,60,todas,onsite,62022,2632,64654,2361,572,1789,11873,478,5063,527,0.2588236308634933,302,"{""devolucion_origen"": 9, ""entrega_sin_recogida"": 362, ""fisico"": 371, ""fuera_servicio"": 0, ""tope"": 0, ""visitas"": 0}",5941,5941,0,0,0,2361,0,14,67,0,74,"[1.2532, 0.2408, 0.3972, 0.2914, 0.4978, 0.2751, 0.2369, 0.5832, 0.167, 0.3705, 0.3311, 0.3059, 0.3472, 0.2868, 0.1705, 0.3173, 0.301, 0.1857, 0.1865, 0.3638, 0.346, 0.1763, 0.3527, 0.3389, 0.4186, 0.3981, 0.3299, 0.3867, 0.1803, 0.3488, 0.6612, 1.1533, 0.3756, 0.4202, 0.5243, 0.569, 0.1844, 0.5811, 0.6225, 0.4484, 0.3626, 0.4403, 0.489, 0.3749, 0.3093, 0.2751, 0.2861, 0.3728, 0.3315, 0.1747, 0.3603, 0.2951, 0.3059, 0.1773, 0.4217, 0.1764, 0.5564, 0.627, 0.3981, 0.4868, 0.3236, 0.3701, 0.4365, 0.3485, 0.1809, 0.3435, 0.1859, 0.1805, 0.1835, 0.3313, 0.1819, 0.1825, 0.1663, 0.1648]",0.3412038119968201,0.6240874335493573,1.2531623329996364,0,29.003,9.0,0.0
2025-10-04|sin_rebalanceo|prueba|0|0.0|base|60|todas|onsite,2025-10-04,sin_rebalanceo,prueba,0,0.0,base,60,todas,onsite,103379,14260,117639,0,0,0,0,0,1800,736,0.255383656752816,122,"{""devolucion_origen"": 0, ""entrega_sin_recogida"": 0, ""fisico"": 0, ""fuera_servicio"": 0, ""tope"": 0, ""visitas"": 0}",0,0,0,0,0,0,0,0,0,0,0,[],0.0,0.0,0.0,0,1.77,0.0,
2025-10-04|ecobici|prueba|0|0.0|base|60|todas|onsite,2025-10-04,ecobici,prueba,0,0.0,base,60,todas,onsite,60579,8150,68729,1294,750,544,3936,0,183,26,0.2160231000455416,57,"{""devolucion_origen"": 0, ""entrega_sin_recogida"": 0, ""fisico"": 2, ""fuera_servicio"": 0, ""tope"": 0, ""visitas"": 0}",1994,1940,0,-54,0,1292,0,39,70,0,0,[],0.0,0.0,0.0,0,1.752,0.0,1292.0
2025-10-04|oraculo_diario|prueba|4|57.5805|base|60|todas|onsite,2025-10-04,oraculo_diario,prueba,4,57.5805,base,60,todas,onsite,12915,985,13900,1045,169,876,3407,147,334,28,0.1835252898766973,23,"{""devolucion_origen"": 1, ""entrega_sin_recogida"": 43, ""fisico"": 44, ""fuera_servicio"": 0, ""tope"": 0, ""visitas"": 0}",1704,1704,0,0,0,1045,0,14,39,0,74,"[0.2017, 0.3922, 0.3657, 0.3593, 0.3608, 0.3984, 0.3262, 0.1835, 0.3686, 0.4049, 0.3502, 0.3519, 0.4249, 0.3183, 0.4707, 0.3507, 0.3909, 0.3381, 0.4149, 0.181, 0.4332, 0.6115, 0.4447, 0.3372, 0.311, 0.2944, 0.4866, 0.4836, 0.2938, 0.2921, 0.4185, 0.3025, 0.3979, 0.3418, 0.2775, 0.297, 0.4254, 0.3977, 0.3044, 0.4933, 0.5405, 0.4239, 0.4255, 0.4771, 0.1901, 0.1869, 0.3674, 0.3733, 0.3662, 0.3804, 0.1914, 0.5298, 0.8507, 0.5595, 0.3622, 0.4253, 0.6693, 0.4362, 0.5154, 0.4079, 0.4159, 0.4577, 0.4566, 0.4696, 0.1963, 0.5284, 1.369, 0.7483, 0.1933, 0.6703, 0.1905, 0.1742, 0.1734, 0.1683]",0.3856524789989635,0.6696458933012763,1.3690475830007929,0,31.332,1.0,0.0
2025-10-04|ma_diaria|prueba|4|72.8507|base|60|todas|onsite,2025-10-04,ma_diaria,prueba,4,72.8507,base,60,todas,onsite,28830,1595,30425,1112,154,958,3410,205,860,53,0.2114674023851151,58,"{""devolucion_origen"": 0, ""entrega_sin_recogida"": 24, ""fisico"": 24, ""fuera_servicio"": 0, ""tope"": 0, ""visitas"": 0}",1705,1705,0,0,0,1112,0,14,45,0,74,"[0.2935, 0.3968, 0.9621, 0.3858, 0.4097, 0.4665, 0.3822, 0.3807, 0.5855, 0.1824, 0.3984, 0.4771, 0.5986, 0.4273, 0.7453, 0.5039, 0.6251, 0.5444, 0.5834, 0.5138, 0.1918, 0.3692, 0.3775, 0.4274, 0.1809, 0.4008, 0.4301, 0.4288, 0.181, 0.9345, 0.1854, 0.3501, 0.4778, 0.3559, 0.1851, 0.588, 0.5571, 0.1908, 0.1869, 0.1849, 0.1785, 0.1906, 0.1849, 0.6947, 0.4332, 0.1928, 0.6079, 0.5992, 0.5032, 0.1926, 0.1865, 0.628, 0.5045, 0.5361, 0.4424, 0.1807, 0.1899, 0.4997, 0.1857, 0.1912, 0.5178, 0.7545, 0.7559, 0.4311, 0.429, 0.4711, 0.4118, 0.4638, 1.6742, 0.1866, 0.1755, 0.1709, 0.1659, 0.1625]",0.4195588955008134,0.7549791499986895,1.6742200419976143,0,32.994,0.0,0.0
2025-10-04|lgbm_diario|prueba|4|72.7447|base|60|todas|onsite,2025-10-04,lgbm_diario,prueba,4,72.7447,base,60,todas,onsite,27693,1470,29163,1078,142,936,3194,171,846,43,0.2062896064025567,56,"{""devolucion_origen"": 0, ""entrega_sin_recogida"": 13, ""fisico"": 13, ""fuera_servicio"": 0, ""tope"": 0, ""visitas"": 0}",1597,1597,0,0,0,1078,0,14,37,0,74,"[0.1927, 0.3611, 0.3957, 0.4563, 0.4246, 0.4196, 0.3776, 0.3394, 0.5055, 0.3485, 0.3478, 0.4027, 0.3181, 0.6422, 0.4909, 0.3781, 0.3583, 0.6257, 0.6001, 0.3494, 0.1992, 0.6116, 0.3742, 0.4486, 0.7, 0.3633, 0.4007, 0.3722, 0.1789, 0.8254, 0.7415, 0.5757, 0.4428, 0.1854, 0.5552, 0.4379, 0.1954, 0.1799, 0.1821, 0.1822, 0.4559, 0.183, 0.1891, 0.737, 0.5059, 0.6707, 0.1958, 0.1846, 0.6311, 0.5213, 0.1957, 0.5211, 0.5972, 0.6957, 0.2894, 0.4149, 0.193, 0.2957, 0.1916, 0.4585, 0.53, 1.275, 0.1854, 0.425, 0.3832, 0.5737, 1.2026, 0.1749, 0.4645, 0.181, 0.1745, 0.1689, 0.1654, 0.1609]",0.3894604999986768,0.7385514539539144,1.2750022089967388,0,32.608,0.0,0.0
2025-10-04|oraculo_directo|prueba|4|39.0694|base|60|todas|onsite,2025-10-04,oraculo_directo,prueba,4,39.0694,base,60,todas,onsite,10297,1036,11333,809,134,675,2376,109,128,25,0.1937620526825855,12,"{""devolucion_origen"": 0, ""entrega_sin_recogida"": 16, ""fisico"": 16, ""fuera_servicio"": 0, ""tope"": 0, ""visitas"": 0}",1188,1188,0,0,0,809,0,14,37,0,74,"[0.4368, 0.4439, 0.409, 0.4274, 0.4173, 0.3415, 0.3566, 0.3402, 0.4164, 0.48, 0.4571, 0.4411, 0.4421, 0.3975, 0.3138, 0.497, 0.1913, 0.4039, 0.4132, 0.4104, 0.3411, 0.6485, 0.6404, 0.3718, 0.2854, 0.3534, 0.3196, 0.6021, 0.3769, 0.574, 0.3511, 0.1923, 0.2902, 0.2887, 0.3446, 0.2771, 0.2955, 0.2841, 0.4651, 0.2988, 0.295, 0.4164, 0.5131, 0.3523, 0.4514, 0.4759, 0.4343, 0.4496, 0.6094, 0.3548, 0.5392, 0.3988, 0.6161, 0.4929, 0.4306, 0.1943, 0.4527, 0.311, 0.4605, 0.5158, 0.8498, 0.3721, 0.444, 0.4909, 0.6579, 0.3493, 0.277, 0.763, 0.1953, 0.9075, 0.3107, 0.1883, 0.1816, 0.1912]",0.4096908120009175,0.6517803909973736,0.9074760829971638,0,32.436,0.0,0.0
2025-10-04|lgbm_directo|prueba|4|88.9149|base|60|todas|onsite,2025-10-04,lgbm_directo,prueba,4,88.9149,base,60,todas,onsite,26846,1038,27884,1137,180,957,4036,199,944,39,0.2104889369220747,61,"{""devolucion_origen"": 2, ""entrega_sin_recogida"": 21, ""fisico"": 23, ""fuera_servicio"": 0, ""tope"": 0, ""visitas"": 0}",2019,2019,0,0,0,1139,2,14,39,0,74,"[1.2842, 0.4022, 0.3812, 0.3945, 0.3903, 0.4029, 0.6381, 0.186, 0.4357, 0.4058, 0.1978, 0.4726, 0.6128, 0.7161, 0.6154, 0.5398, 0.595, 0.4472, 0.6346, 0.3377, 0.9051, 0.4874, 0.4315, 0.6941, 0.5649, 0.6487, 0.1808, 0.7008, 0.1786, 1.4358, 0.6139, 0.6557, 0.1847, 0.3597, 0.3726, 0.6974, 0.4587, 0.1924, 0.382, 0.1834, 0.4155, 0.1911, 0.4459, 0.1865, 0.7961, 0.6931, 0.5822, 0.3908, 0.6463, 0.4109, 0.5263, 1.0376, 0.4249, 0.7913, 0.3185, 0.3976, 0.3844, 0.4011, 0.5133, 0.1928, 0.3232, 0.6477, 0.4403, 0.3592, 0.3684, 0.6103, 0.7908, 0.306, 0.1794, 0.1775, 0.1681, 0.1719, 0.1709, 0.1634]",0.4201966874970821,0.8342716376020683,1.4358215419997578,0,36.885,2.0,0.0
2025-10-05|sin_rebalanceo|prueba|0|0.0|base|60|todas|onsite,2025-10-05,sin_rebalanceo,prueba,0,0.0,base,60,todas,onsite,90217,14750,104967,0,0,0,0,0,1425,775,0.2566010591085532,119,"{""devolucion_origen"": 0, ""entrega_sin_recogida"": 0, ""fisico"": 0, ""fuera_servicio"": 0, ""tope"": 0, ""visitas"": 0}",0,0,0,0,0,0,0,0,0,0,0,[],0.0,0.0,0.0,0,1.722,0.0,
2025-10-05|ecobici|prueba|0|0.0|base|60|todas|onsite,2025-10-05,ecobici,prueba,0,0.0,base,60,todas,onsite,66023,9362,75385,1222,688,534,3953,0,132,60,0.2318855166347596,79,"{""devolucion_origen"": 0, ""entrega_sin_recogida"": 0, ""fisico"": 2, ""fuera_servicio"": 0, ""tope"": 0, ""visitas"": 0}",1969,1982,0,13,0,1221,0,28,40,0,0,[],0.0,0.0,0.0,0,1.773,0.0,1221.0
2025-10-05|oraculo_diario|prueba|4|57.5805|base|60|todas|onsite,2025-10-05,oraculo_diario,prueba,4,57.5805,base,60,todas,onsite,18008,359,18367,1019,174,845,3087,136,482,10,0.2371200411511785,44,"{""devolucion_origen"": 5, ""entrega_sin_recogida"": 50, ""fisico"": 55, ""fuera_servicio"": 0, ""tope"": 0, ""visitas"": 0}",1546,1546,0,0,0,1019,0,14,35,0,74,"[0.1877, 0.1914, 0.1879, 0.392, 0.4144, 0.3793, 0.3515, 0.4448, 0.3388, 0.4615, 0.539, 0.3886, 0.3042, 0.2819, 0.1807, 0.5284, 0.3429, 0.2605, 0.2935, 0.3314, 0.1779, 0.2696, 0.1782, 0.5029, 0.3117, 0.4624, 0.269, 0.2914, 0.3073, 0.5057, 0.1812, 0.1815, 0.313, 0.1894, 0.1991, 0.3434, 0.3365, 0.2985, 0.2938, 0.3569, 0.3542, 0.1949, 0.3661, 0.3212, 0.6828, 0.1869, 0.3854, 0.7197, 0.4365, 0.6141, 0.1797, 0.6291, 1.4978, 0.3929, 0.1946, 0.197, 0.5682, 0.4521, 0.4038, 0.3415, 0.5297, 0.574, 0.1839, 0.4801, 0.5696, 0.376, 1.2003, 0.2884, 0.1796, 0.1866, 0.1799, 0.1695, 0.175, 0.1734]",0.3339664379964233,0.6478983874050752,1.4978449170012027,0,29.022,5.0,0.0
2025-10-05|ma_diaria|prueba|4|72.8507|base|60|todas|onsite,2025-10-05,ma_diaria,prueba,4,72.8507,base,60,todas,onsite,32374,879,33253,1103,157,946,3488,191,1078,42,0.2460413686107699,74,"{""devolucion_origen"": 0, ""entrega_sin_recogida"": 25, ""fisico"": 25, ""fuera_servicio"": 0, ""tope"": 0, ""visitas"": 0}",1744,1744,0,0,0,1103,0,14,43,0,74,"[0.1895, 0.1933, 0.1842, 0.4153, 0.4284, 0.3914, 0.4224, 0.5734, 0.3704, 0.4142, 0.1848, 0.4354, 0.32, 0.5593, 0.5772, 0.4301, 0.5066, 0.4454, 0.1947, 0.799, 0.5653, 0.333, 0.9273, 0.5985, 0.3352, 0.6001, 0.1856, 0.6955, 0.4323, 0.1823, 0.3762, 0.1913, 0.5659, 0.1889, 0.4042, 0.1843, 0.4498, 0.4264, 0.4343, 0.1895, 0.46, 0.8106, 0.4556, 0.4308, 0.3814, 0.4045, 0.1836, 0.6707, 0.4836, 0.7203, 0.1826, 0.1916, 0.3516, 0.4386, 0.1809, 0.4373, 0.4356, 1.0249, 0.8074, 0.1905, 0.5263, 0.4217, 0.1856, 1.0214, 0.7745, 0.57, 0.7511, 0.9365, 0.4335, 0.1854, 0.1692, 0.2971, 0.1666, 0.1657]",0.4273932920004881,0.8514349106499133,1.0249475419986993,0,33.998,0.0,0.0
2025-10-05|lgbm_diario|prueba|4|72.7447|base|60|todas|onsite,2025-10-05,lgbm_diario,prueba,4,72.7447,base,60,todas,onsite,34566,1131,35697,1103,159,944,3325,201,1106,66,0.2459543032559633,84,"{""devolucion_origen"": 11, ""entrega_sin_recogida"": 22, ""fisico"": 33, ""fuera_servicio"": 0, ""tope"": 0, ""visitas"": 0}",1668,1668,0,0,0,1103,0,14,43,0,74,"[0.1797, 0.3791, 0.4223, 0.519, 0.4523, 0.3937, 0.4036, 0.3986, 0.4103, 0.3961, 0.1795, 0.4114, 0.7651, 0.5753, 0.3956, 0.3333, 0.4222, 0.3383, 0.341, 0.3597, 0.7172, 0.3613, 0.3443, 0.3683, 0.3629, 0.6631, 0.1798, 0.3487, 0.1805, 0.1836, 0.2017, 0.1847, 0.1774, 0.4493, 0.1895, 0.1823, 0.4552, 0.1921, 0.5057, 0.1877, 0.1895, 0.502, 0.4704, 0.5015, 0.6666, 0.1856, 0.1917, 0.4617, 0.7157, 0.1918, 0.194, 0.4697, 0.1891, 0.3597, 0.1885, 0.1912, 0.3939, 0.3899, 0.6852, 0.1892, 0.5891, 0.377, 0.1822, 0.9607, 0.4297, 0.4357, 0.6599, 0.1858, 0.4169, 0.1787, 0.1701, 0.2735, 0.165, 0.1661]",0.3656217085008393,0.6958909941993623,0.9607487920002312,0,28.94,11.0,0.0
2025-10-05|oraculo_directo|prueba|4|39.0694|base|60|todas|onsite,2025-10-05,oraculo_directo,prueba,4,39.0694,base,60,todas,onsite,12230,295,12525,788,138,650,2120,111,157,7,0.1947627849233298,22,"{""devolucion_origen"": 0, ""entrega_sin_recogida"": 24, ""fisico"": 24, ""fuera_servicio"": 0, ""tope"": 0, ""visitas"": 0}",1060,1060,0,0,0,788,0,14,37,0,74,"[0.1878, 0.1902, 0.1933, 0.5775, 0.4344, 0.2015, 0.4113, 0.3984, 0.4697, 0.3285, 0.3515, 0.3369, 0.1881, 0.4119, 0.4134, 0.403, 0.3913, 0.3156, 0.4201, 0.2976, 0.1866, 0.3559, 0.1862, 0.3801, 0.316, 0.2997, 0.3819, 0.4119, 0.1888, 0.2001, 0.3058, 0.3188, 0.3168, 0.3352, 0.5105, 0.3605, 0.2851, 0.3312, 0.1843, 0.3287, 0.3044, 0.3458, 0.3186, 0.1961, 0.4717, 0.1902, 0.3234, 0.3844, 0.4313, 0.3867, 0.4249, 0.4086, 0.4878, 0.4444, 0.5713, 0.7213, 0.4745, 0.5101, 0.4965, 0.4798, 0.1995, 0.6252, 0.7181, 1.6255, 0.7193, 0.1761, 1.2608, 0.5298, 0.1756, 0.1745, 0.173, 0.1685, 0.1683, 0.1685]",0.3486251880021882,0.7185168983458425,1.6255225830027484,0,30.259,0.0,0.0
2025-10-05|lgbm_directo|prueba|4|88.9149|base|60|todas|onsite,2025-10-05,lgbm_directo,prueba,4,88.9149,base,60,todas,onsite,34411,676,35087,1255,203,1052,4375,217,1395,35,0.2446243867364497,81,"{""devolucion_origen"": 1, ""entrega_sin_recogida"": 108, ""fisico"": 109, ""fuera_servicio"": 0, ""tope"": 0, ""visitas"": 0}",2188,2188,0,0,0,1255,0,14,43,0,74,"[1.1073, 0.1884, 0.406, 0.507, 0.3883, 0.3695, 0.4076, 0.5072, 0.1796, 0.3387, 0.4053, 0.5537, 0.5122, 0.1811, 0.5637, 0.6137, 0.421, 0.3461, 0.3741, 0.4787, 0.4382, 0.5806, 0.371, 0.1794, 0.3363, 0.4384, 0.3852, 0.3872, 0.3507, 0.3672, 0.1821, 0.4112, 0.463, 0.1825, 0.1802, 0.1783, 0.4016, 0.1874, 0.4379, 0.4614, 0.4008, 0.7058, 0.4743, 0.4486, 0.3878, 0.4217, 0.5032, 0.5682, 0.1958, 0.7013, 0.4191, 0.4084, 0.1916, 0.3124, 0.4169, 0.4834, 0.3152, 0.1905, 0.4553, 0.5439, 0.4318, 0.1863, 0.7578, 0.5366, 0.8276, 0.3901, 0.1834, 0.6042, 0.1869, 0.1723, 0.1679, 0.1794, 0.1653, 0.1632]",0.4034405830025207,0.7028557913457917,1.1072893340024166,0,31.145,1.0,0.0
2025-10-06|sin_rebalanceo|prueba|0|0.0|base|60|todas|onsite,2025-10-06,sin_rebalanceo,prueba,0,0.0,base,60,todas,onsite,226226,52829,279055,0,0,0,0,0,11172,6039,0.4299503242500969,863,"{""devolucion_origen"": 0, ""entrega_sin_recogida"": 0, ""fisico"": 0, ""fuera_servicio"": 0, ""tope"": 0, ""visitas"": 0}",0,0,0,0,0,0,0,0,0,0,0,[],0.0,0.0,0.0,0,2.07,0.0,
2025-10-06|ecobici|prueba|0|0.0|base|60|todas|onsite,2025-10-06,ecobici,prueba,0,0.0,base,60,todas,onsite,112604,11414,124018,2375,1152,1223,12722,0,2346,625,0.2942627881139923,331,"{""devolucion_origen"": 0, ""entrega_sin_recogida"": 0, ""fisico"": 263, ""fuera_servicio"": 0, ""tope"": 0, ""visitas"": 0}",6136,6323,0,187,0,2360,0,73,96,0,0,[],0.0,0.0,0.0,0,2.089,0.0,2360.0
2025-10-06|oraculo_diario|prueba|4|57.5805|base|60|todas|onsite,2025-10-06,oraculo_diario,prueba,4,57.5805,base,60,todas,onsite,46716,2465,49181,2561,610,1951,10274,456,3704,791,0.3113681832149445,297,"{""devolucion_origen"": 22, ""entrega_sin_recogida"": 327, ""fisico"": 349, ""fuera_servicio"": 0, ""tope"": 0, ""visitas"": 0}",5148,5148,0,0,0,2561,0,14,67,0,74,"[0.8243, 0.4177, 0.1751, 0.2399, 0.2197, 0.1705, 0.3206, 0.2178, 0.2146, 0.2202, 0.2353, 0.3892, 0.264, 0.3046, 0.2415, 0.1681, 0.1664, 0.1652, 0.1685, 0.1708, 0.2851, 0.1709, 0.2691, 0.5151, 0.5118, 0.5566, 0.3375, 0.5339, 0.5292, 0.5836, 0.1766, 0.3227, 0.3194, 0.3618, 0.3192, 0.4562, 0.3812, 0.4177, 0.3249, 0.5171, 0.2783, 0.1867, 0.1766, 0.2537, 0.263, 0.2939, 0.4993, 0.2343, 0.3277, 0.2954, 0.3495, 0.3078, 0.2696, 0.1719, 0.2793, 0.1744, 0.3491, 0.3091, 0.1833, 0.1804, 0.1944, 0.3822, 0.1907, 0.1831, 0.8482, 0.3902, 0.3561, 0.1888, 0.1785, 0.3442, 0.1808, 0.1714, 0.1811, 0.1693]",0.2739487500002724,0.5418275771025945,0.848182417001226,0,24.701,22.0,0.0
2025-10-06|ma_diaria|prueba|4|72.8507|base|60|todas|onsite,2025-10-06,ma_diaria,prueba,4,72.8507,base,60,todas,onsite,64185,3040,67225,2583,641,1942,12329,535,5121,762,0.2926458577947267,340,"{""devolucion_origen"": 5, ""entrega_sin_recogida"": 289, ""fisico"": 294, ""fuera_servicio"": 0, ""tope"": 0, ""visitas"": 0}",6167,6167,0,0,0,2583,0,14,67,0,74,"[0.6287, 0.2666, 0.4204, 0.244, 0.1694, 0.2437, 0.4329, 0.168, 0.3798, 0.2923, 0.245, 0.2285, 0.1642, 0.1636, 0.4038, 0.1677, 0.1666, 0.1747, 0.1653, 0.2961, 0.3301, 0.1709, 0.3251, 0.3392, 0.4109, 0.3367, 0.6866, 0.335, 0.7391, 0.3181, 0.3422, 0.4511, 0.5865, 0.5802, 0.3064, 0.1779, 0.3858, 0.4061, 0.3745, 0.5871, 0.3835, 0.1756, 0.3038, 0.3398, 0.5389, 0.2917, 0.3364, 0.314, 0.2695, 0.3412, 0.3485, 0.4062, 0.2935, 0.5076, 0.2682, 0.3747, 0.4195, 0.1711, 0.3425, 0.1757, 0.1845, 0.1862, 0.183, 0.1838, 0.4, 0.3707, 0.1832, 0.1839, 0.1805, 0.1879, 0.171, 0.1714, 0.1669, 0.1657]",0.3050806254977942,0.5866966564524774,0.739099874997919,0,25.283,5.0,0.0
2025-10-06|lgbm_diario|prueba|4|72.7447|base|60|todas|onsite,2025-10-06,lgbm_diario,prueba,4,72.7447,base,60,todas,onsite,64686,3303,67989,2587,608,1979,11594,555,5036,733,0.2798826416300949,351,"{""devolucion_origen"": 4, ""entrega_sin_recogida"": 196, ""fisico"": 200, ""fuera_servicio"": 0, ""tope"": 0, ""visitas"": 0}",5799,5799,0,0,0,2589,2,14,67,0,74,"[0.3835, 0.2515, 0.4126, 0.3197, 0.3357, 0.3296, 0.172, 0.2727, 0.5435, 0.2655, 0.2446, 0.4993, 0.1751, 0.1674, 0.476, 0.1712, 0.1734, 0.1723, 0.1724, 0.174, 0.1892, 0.1992, 0.3452, 0.3345, 0.3712, 0.3402, 0.3327, 0.1796, 0.3762, 0.575, 0.1819, 0.6826, 0.6254, 0.6316, 0.4021, 0.5987, 0.5885, 0.3873, 0.4349, 0.336, 0.4348, 0.5011, 0.4125, 0.5251, 0.1821, 0.1782, 0.3703, 0.5631, 0.27, 0.3583, 0.3651, 0.4993, 0.176, 0.3134, 0.6156, 0.2864, 0.1808, 0.3047, 0.1804, 0.1847, 0.1787, 0.1924, 0.1888, 0.1884, 0.177, 0.1869, 0.1853, 0.1898, 0.1937, 0.1832, 0.1782, 0.1694, 0.1719, 0.1702]",0.2795190420038125,0.6046346312519744,0.6826117090022308,0,25.528,4.0,0.0
2025-10-06|oraculo_directo|prueba|4|39.0694|base|60|todas|onsite,2025-10-06,oraculo_directo,prueba,4,39.0694,base,60,todas,onsite,36153,1625,37778,2532,636,1896,9633,415,2819,587,0.2918502001794577,222,"{""devolucion_origen"": 3, ""entrega_sin_recogida"": 381, ""fisico"": 384, ""fuera_servicio"": 0, ""tope"": 0, ""visitas"": 0}",4818,4818,0,0,0,2532,0,14,67,0,74,"[0.7926, 0.3215, 0.4373, 0.3943, 0.1741, 0.3229, 0.2427, 0.4142, 0.2724, 0.5359, 0.3392, 0.2621, 0.439, 0.1697, 0.4725, 0.2239, 0.1717, 0.2573, 0.2879, 0.3277, 0.3673, 0.2984, 0.275, 0.4657, 0.4769, 0.54, 0.4995, 0.3848, 0.3622, 0.4509, 0.4042, 0.5059, 0.3145, 0.3208, 0.1816, 0.3414, 0.2605, 0.3155, 0.5933, 0.2727, 0.2505, 0.4506, 0.4515, 0.2538, 0.3814, 0.1788, 0.2482, 0.3849, 0.2554, 0.3975, 0.3385, 0.3345, 0.2494, 0.3323, 0.2652, 0.387, 0.3078, 0.1806, 0.1813, 0.1794, 0.1817, 0.3119, 0.3903, 0.3323, 0.1837, 0.4313, 0.182, 0.1907, 0.1882, 0.6117, 0.1792, 0.4435, 0.1692, 0.2021]",0.3211312710009224,0.5373398813502718,0.7926481250033248,0,26.626,3.0,0.0
2025-10-06|lgbm_directo|prueba|4|88.9149|base|60|todas|onsite,2025-10-06,lgbm_directo,prueba,4,88.9149,base,60,todas,onsite,62219,2413,64632,2510,613,1897,12402,493,5262,722,0.2831830424565467,352,"{""devolucion_origen"": 10, ""entrega_sin_recogida"": 333, ""fisico"": 343, ""fuera_servicio"": 0, ""tope"": 0, ""visitas"": 0}",6206,6206,0,0,0,2510,0,14,67,0,74,"[1.4783, 0.5207, 0.1751, 0.2674, 0.3533, 0.171, 0.2989, 0.6035, 0.482, 0.5471, 0.2484, 0.6182, 0.5386, 0.3882, 0.3529, 0.1643, 0.1694, 0.177, 0.3403, 0.3322, 0.1798, 0.2035, 0.182, 0.3313, 0.177, 0.3742, 0.4191, 0.4148, 0.513, 0.1832, 0.7127, 0.3217, 0.3965, 0.3743, 0.3645, 0.3363, 0.3635, 0.3314, 0.3492, 0.4248, 0.4363, 0.3793, 0.7028, 0.4201, 0.4213, 0.4682, 0.4669, 0.2852, 0.2734, 0.1738, 0.3589, 0.3906, 0.4966, 0.3731, 0.2899, 0.3232, 0.4106, 0.3833, 0.3407, 0.3276, 0.183, 0.2019, 0.1879, 0.1808, 0.4173, 0.1825, 0.1811, 0.3449, 0.251, 0.3351, 0.1735, 0.1696, 0.166, 0.1661]",0.3405319994999445,0.6086561790521954,1.4782779160013888,0,28.209,10.0,0.0
2025-10-07|sin_rebalanceo|prueba|0|0.0|base|60|todas|onsite,2025-10-07,sin_rebalanceo,prueba,0,0.0,base,60,todas,onsite,240735,69845,310580,0,0,0,0,0,14940,9723,0.4726409731173614,1065,"{""devolucion_origen"": 0, ""entrega_sin_recogida"": 0, ""fisico"": 0, ""fuera_servicio"": 0, ""tope"": 0, ""visitas"": 0}",0,0,0,0,0,0,0,0,0,0,0,[],0.0,0.0,0.0,0,2.248,0.0,
2025-10-07|ecobici|prueba|0|0.0|base|60|todas|onsite,2025-10-07,ecobici,prueba,0,0.0,base,60,todas,onsite,122704,22681,145385,2798,1337,1461,14424,0,3814,1546,0.3146551860708087,394,"{""devolucion_origen"": 0, ""entrega_sin_recogida"": 0, ""fisico"": 534, ""fuera_servicio"": 0, ""tope"": 0, ""visitas"": 0}",6860,7030,0,170,0,2756,0,73,124,0,0,[],0.0,0.0,0.0,0,2.238,0.0,2756.0
2025-10-07|oraculo_diario|prueba|4|57.5805|base|60|todas|onsite,2025-10-07,oraculo_diario,prueba,4,57.5805,base,60,todas,onsite,46761,3696,50457,2903,721,2182,13111,501,4382,1312,0.286039763597253,307,"{""devolucion_origen"": 21, ""entrega_sin_recogida"": 344, ""fisico"": 365, ""fuera_servicio"": 0, ""tope"": 0, ""visitas"": 0}",6566,6566,0,0,0,2905,2,14,67,0,74,"[0.4156, 0.4037, 0.3219, 0.4099, 0.2522, 0.1705, 0.2105, 0.1654, 0.2577, 0.4989, 0.3356, 0.4355, 0.4302, 0.4571, 0.1632, 0.1654, 0.2536, 0.1596, 0.2367, 0.171, 0.1715, 0.1788, 0.2748, 0.1814, 0.2563, 0.2823, 0.3381, 0.1743, 0.249, 0.2405, 0.2421, 0.2291, 0.3851, 0.3088, 0.3629, 0.4003, 0.2427, 0.3176, 0.3333, 0.3365, 0.3155, 0.2411, 0.3057, 0.2921, 0.3189, 0.3176, 0.2762, 0.2795, 0.2989, 0.3981, 0.3149, 0.3243, 0.2509, 0.2864, 0.4245, 0.2401, 0.2713, 0.176, 0.2833, 0.2635, 0.1811, 0.2696, 0.1779, 0.1837, 0.1865, 0.3308, 0.178, 0.1792, 0.1884, 0.1739, 0.1766, 0.284, 0.2907, 0.1808]",0.2704482080007437,0.4265291143514332,0.498860791005427,0,22.569,21.0,0.0
2025-10-07|ma_diaria|prueba|4|72.8507|base|60|todas|onsite,2025-10-07,ma_diaria,prueba,4,72.8507,base,60,todas,onsite,66892,5934,72826,2799,746,2053,12403,487,5799,1375,0.2688756582028892,407,"{""devolucion_origen"": 7, ""entrega_sin_recogida"": 219, ""fisico"": 226, ""fuera_servicio"": 0, ""tope"": 0, ""visitas"": 0}",6205,6205,0,0,0,2801,2,14,67,0,74,"[0.2974, 0.3202, 0.392, 0.3269, 0.3773, 0.3127, 0.2753, 0.3823, 0.3346, 0.1701, 0.1667, 0.2443, 0.2361, 0.1662, 0.1634, 0.1739, 0.1665, 0.1736, 0.1773, 0.1777, 0.1824, 0.1773, 0.1739, 0.1736, 0.3552, 0.3204, 0.1774, 0.2999, 0.1841, 0.336, 0.311, 0.3051, 0.3547, 0.3447, 0.3083, 0.1827, 0.1819, 0.3557, 0.3966, 0.3053, 0.4611, 0.2889, 0.3857, 0.1833, 0.3055, 0.3673, 0.3086, 0.3486, 0.2771, 0.2613, 0.274, 0.1738, 0.3262, 0.2757, 0.3538, 0.2876, 0.1786, 0.1718, 0.1704, 0.1777, 0.1761, 0.1787, 0.1787, 0.1835, 0.1739, 0.183, 0.188, 0.1698, 0.1781, 0.173, 0.301, 0.2596, 0.1807, 0.1631]",0.2519468965001579,0.3834685022000485,0.4610954160016263,0,21.068,7.0,0.0
2025-10-07|lgbm_diario|prueba|4|72.7447|base|60|todas|onsite,2025-10-07,lgbm_diario,prueba,4,72.7447,base,60,todas,onsite,68847,6604,75451,2812,727,2085,12329,474,5814,1539,0.2636012768741405,408,"{""devolucion_origen"": 9, ""entrega_sin_recogida"": 225, ""fisico"": 234, ""fuera_servicio"": 0, ""tope"": 0, ""visitas"": 0}",6169,6169,0,0,0,2812,0,14,67,0,74,"[0.1783, 0.4014, 0.4776, 0.177, 0.293, 0.287, 0.3299, 0.2471, 0.2168, 0.313, 0.2545, 0.3853, 0.1642, 0.1596, 0.1653, 0.1629, 0.1636, 0.1664, 0.177, 0.1708, 0.172, 0.1745, 0.1732, 0.1753, 0.3057, 0.3138, 0.3172, 0.4506, 0.3165, 0.3272, 0.3519, 0.3251, 0.4203, 0.3257, 0.3258, 0.1804, 0.4198, 0.2827, 0.1783, 0.3704, 0.4738, 0.4819, 0.4273, 0.1754, 0.2793, 0.3215, 0.6094, 0.2891, 0.3454, 0.1702, 0.3347, 0.2824, 0.176, 0.3341, 0.1676, 0.2721, 0.2753, 0.28, 0.1729, 0.1785, 0.1715, 0.1775, 0.1817, 0.1785, 0.1753, 0.1837, 0.1719, 0.1778, 0.1747, 0.1751, 0.3045, 0.2755, 0.1784, 0.1604]",0.2633007295044081,0.4587396936512958,0.60939779200271,0,21.918,9.0,0.0
2025-10-07|oraculo_directo|prueba|4|39.0694|base|60|todas|onsite,2025-10-07,oraculo_directo,prueba,4,39.0694,base,60,todas,onsite,34187,2568,36755,2981,797,2184,12598,449,2769,1063,0.2535136561810582,181,"{""devolucion_origen"": 4, ""entrega_sin_recogida"": 462, ""fisico"": 466, ""fuera_servicio"": 0, ""tope"": 0, ""visitas"": 0}",6301,6301,0,0,0,2981,0,14,67,0,74,"[0.4584, 0.1806, 0.1801, 0.2977, 0.1734, 0.2207, 0.3095, 0.2177, 0.4522, 0.4014, 0.1666, 0.3063, 0.2276, 0.6112, 0.223, 0.3995, 0.4049, 0.1679, 0.1752, 0.4151, 0.264, 0.1833, 0.3089, 0.2679, 0.281, 0.287, 0.2653, 0.3627, 0.4897, 0.3265, 0.3128, 0.4065, 0.1856, 0.3066, 0.1805, 0.409, 0.1889, 0.2867, 0.3223, 0.2624, 0.2478, 0.3842, 0.4659, 0.4064, 0.3105, 0.2483, 0.2822, 0.257, 0.2623, 0.249, 0.2281, 0.2782, 0.2895, 0.2533, 0.2495, 0.421, 0.2913, 0.3505, 0.3354, 0.2758, 0.3804, 0.2864, 0.186, 0.1827, 0.1844, 0.1873, 0.1887, 0.1856, 0.1894, 0.2509, 0.2234, 0.3605, 0.2197, 0.238]",0.2718203960030223,0.4543778727020253,0.6112329999959911,0,23.551,4.0,0.0
2025-10-07|lgbm_directo|prueba|4|88.9149|base|60|todas|onsite,2025-10-07,lgbm_directo,prueba,4,88.9149,base,60,todas,onsite,69206,6399,75605,2705,713,1992,12784,502,6314,1570,0.2789423583126044,457,"{""devolucion_origen"": 2, ""entrega_sin_recogida"": 293, ""fisico"": 295, ""fuera_servicio"": 0, ""tope"": 0, ""visitas"": 0}",6393,6393,0,0,0,2707,2,14,67,0,74,"[1.2621, 0.2465, 0.2444, 0.4323, 0.2471, 0.1705, 0.4474, 0.5454, 0.2671, 0.2623, 0.3967, 0.2601, 0.3005, 0.2778, 0.2656, 0.1766, 0.18, 0.1701, 0.1719, 0.172, 0.1775, 0.1766, 0.1751, 0.1791, 0.3227, 0.3245, 0.3203, 0.3529, 0.3292, 0.3962, 0.3623, 0.3295, 0.3094, 0.3174, 0.4522, 0.6686, 0.3107, 0.2881, 0.1818, 0.2895, 0.3797, 0.3381, 0.4714, 0.6044, 0.4832, 0.3096, 0.4299, 0.3425, 0.3843, 0.3103, 0.4952, 0.6709, 0.3275, 0.3728, 0.2905, 0.2905, 0.292, 0.1741, 0.1772, 0.1715, 0.1788, 0.1789, 0.1751, 0.1735, 0.1867, 0.1769, 0.1743, 0.1698, 0.1786, 0.3086, 0.3978, 0.1794, 0.165, 0.1586]",0.2904923120004241,0.5660345022988619,1.262102959000913,0,25.188,2.0,0.0
2025-10-08|sin_rebalanceo|prueba|0|0.0|base|60|todas|onsite,2025-10-08,sin_rebalanceo,prueba,0,0.0,base,60,todas,onsite,148687,59185,207872,0,0,0,0,0,5814,5406,0.3811585091802971,579,"{""devolucion_origen"": 0, ""entrega_sin_recogida"": 0, ""fisico"": 0, ""fuera_servicio"": 0, ""tope"": 0, ""visitas"": 0}",0,0,0,0,0,0,0,0,0,0,0,[],0.0,0.0,0.0,0,1.893,0.0,
2025-10-08|ecobici|prueba|0|0.0|base|60|todas|onsite,2025-10-08,ecobici,prueba,0,0.0,base,60,todas,onsite,62307,13247,75554,2199,1100,1099,11278,0,667,311,0.2249280674561748,174,"{""devolucion_origen"": 0, ""entrega_sin_recogida"": 0, ""fisico"": 97, ""fuera_servicio"": 0, ""tope"": 0, ""visitas"": 0}",5544,5637,0,93,0,2186,0,53,76,0,0,[],0.0,0.0,0.0,0,1.895,0.0,2186.0
2025-10-08|oraculo_diario|prueba|4|57.5805|base|60|todas|onsite,2025-10-08,oraculo_diario,prueba,4,57.5805,base,60,todas,onsite,19259,1796,21055,1725,450,1275,7034,445,1279,350,0.3013952455029928,121,"{""devolucion_origen"": 8, ""entrega_sin_recogida"": 145, ""fisico"": 153, ""fuera_servicio"": 0, ""tope"": 0, ""visitas"": 0}",3521,3521,0,0,0,1725,0,14,67,0,74,"[0.29, 0.3205, 0.5351, 0.5102, 0.3596, 0.4947, 0.3824, 0.3559, 0.2358, 0.2294, 0.2285, 0.2398, 0.1679, 0.1714, 0.2032, 0.2346, 0.178, 0.1805, 0.1696, 0.1777, 0.1878, 0.1845, 0.1904, 0.2906, 0.3794, 0.177, 0.2843, 0.1956, 0.3267, 0.4139, 0.3087, 0.1994, 0.3769, 0.1976, 0.3109, 0.3702, 0.3331, 0.3308, 0.318, 0.3332, 0.1999, 0.3445, 0.3763, 0.3235, 0.3636, 0.3382, 0.1938, 0.3976, 0.3687, 0.3466, 0.4742, 0.1883, 0.3774, 0.4455, 0.7819, 0.3559, 0.1844, 0.1944, 0.1849, 0.1906, 0.3631, 0.5325, 0.1902, 0.3019, 0.3114, 0.965, 0.2593, 0.4191, 0.1807, 0.409, 0.2613, 0.1726, 0.1744, 0.1704]",0.3053040209997562,0.5180289710446231,0.9650490839994744,0,24.652,8.0,0.0
2025-10-08|ma_diaria|prueba|4|72.8507|base|60|todas|onsite,2025-10-08,ma_diaria,prueba,4,72.8507,base,60,todas,onsite,34211,3726,37937,1852,495,1357,8013,450,1935,475,0.2763859350663567,186,"{""devolucion_origen"": 17, ""entrega_sin_recogida"": 196, ""fisico"": 213, ""fuera_servicio"": 0, ""tope"": 0, ""visitas"": 0}",4015,4015,0,0,0,1852,0,14,67,0,74,"[0.2431, 0.3478, 0.4967, 0.3967, 0.4339, 0.3088, 0.2401, 0.2629, 0.3231, 0.282, 0.2303, 0.3266, 0.1761, 0.1663, 0.1695, 0.2711, 0.1711, 0.1802, 0.1709, 0.1769, 0.2056, 0.1812, 0.175, 0.1852, 0.1918, 0.1866, 0.3345, 0.3491, 0.3472, 0.3831, 0.3511, 0.3956, 0.3374, 0.3219, 0.3454, 0.3436, 0.5818, 0.4019, 0.3211, 0.3303, 0.3325, 0.3091, 0.1839, 0.3565, 0.2771, 0.3276, 0.3277, 0.3431, 0.4951, 0.5035, 0.3796, 0.3577, 0.4109, 0.3272, 0.1969, 0.477, 0.4002, 0.3562, 0.3388, 0.1834, 0.3716, 0.4242, 0.4119, 0.1912, 0.1799, 0.185, 0.1847, 0.1747, 0.1857, 0.1905, 0.18, 0.1738, 0.1702, 0.1719]",0.3214952085036202,0.4833129664511942,0.5818424590033828,0,23.664,17.0,0.0
2025-10-08|lgbm_diario|prueba|4|72.7447|base|60|todas|onsite,2025-10-08,lgbm_diario,prueba,4,72.7447,base,60,todas,onsite,34097,3983,38080,1862,497,1365,7965,406,1994,543,0.2765735132844878,186,"{""devolucion_origen"": 15, ""entrega_sin_recogida"": 191, ""fisico"": 206, ""fuera_servicio"": 0, ""tope"": 0, ""visitas"": 0}",3990,3990,0,0,0,1862,0,14,67,0,74,"[0.2724, 0.317, 0.261, 0.1781, 0.2718, 0.343, 0.2516, 0.2219, 0.5031, 0.3652, 0.3413, 0.2639, 0.1686, 0.1681, 0.1752, 0.1696, 0.1692, 0.1711, 0.1715, 0.1674, 0.1777, 0.1756, 0.1751, 0.1791, 0.1866, 0.1855, 0.3598, 0.4334, 0.1861, 0.3897, 0.3948, 0.346, 0.1865, 0.1888, 0.329, 0.3468, 0.1846, 0.4046, 0.1842, 0.3346, 0.3905, 0.3409, 0.3758, 0.3782, 0.3164, 0.4014, 0.3061, 0.5326, 0.3675, 0.3309, 0.3545, 0.3968, 0.5375, 0.3688, 0.4002, 0.4517, 0.2227, 0.3969, 0.3669, 0.1884, 0.1899, 0.1916, 0.1918, 0.2098, 0.3953, 0.1783, 0.1858, 0.1867, 0.1816, 0.1725, 0.1861, 0.2773, 0.1859, 0.1638]",0.2624285420024534,0.439810983452844,0.5375339579986758,0,22.656,15.0,0.0
2025-10-08|oraculo_directo|prueba|4|39.0694|base|60|todas|onsite,2025-10-08,oraculo_directo,prueba,4,39.0694,base,60,todas,onsite,14275,1718,15993,1718,485,1233,6297,388,942,266,0.2851839722992668,83,"{""devolucion_origen"": 1, ""entrega_sin_recogida"": 217, ""fisico"": 218, ""fuera_servicio"": 0, ""tope"": 0, ""visitas"": 0}",3149,3149,0,0,0,1718,0,14,67,0,74,"[0.1785, 0.3711, 0.414, 0.1731, 0.1772, 0.3226, 0.3367, 0.3963, 0.2995, 0.2205, 0.2156, 0.2444, 0.1739, 0.173, 0.2336, 0.1718, 0.1684, 0.1828, 0.3188, 0.1831, 0.2991, 0.2159, 0.1788, 0.2783, 0.3228, 0.2929, 0.285, 0.1858, 0.3596, 0.186, 0.1883, 0.1935, 0.1978, 0.344, 0.2942, 0.2826, 0.3106, 0.1897, 0.3489, 0.301, 0.4397, 0.3384, 0.3517, 0.3305, 0.3505, 0.3436, 0.3824, 0.4074, 0.3771, 0.3699, 0.3814, 0.3704, 0.4854, 0.3874, 0.1926, 0.3899, 0.4161, 0.1897, 0.1949, 0.4341, 0.409, 0.3714, 0.3301, 0.1857, 1.0336, 0.9112, 0.1852, 1.0925, 0.1933, 0.1774, 0.1766, 0.1751, 0.1711, 0.1732]",0.2966370415015262,0.4556576790502729,1.0924592499941357,0,24.85,1.0,0.0
2025-10-08|lgbm_directo|prueba|4|88.9149|base|60|todas|onsite,2025-10-08,lgbm_directo,prueba,4,88.9149,base,60,todas,onsite,33280,2843,36123,1826,465,1361,8695,423,2020,419,0.2978095345644888,179,"{""devolucion_origen"": 3, ""entrega_sin_recogida"": 245, ""fisico"": 248, ""fuera_servicio"": 0, ""tope"": 0, ""visitas"": 0}",4349,4349,0,0,0,1826,0,14,67,0,74,"[1.2559, 0.3324, 0.3891, 0.3483, 0.3701, 0.4763, 0.3138, 0.2353, 0.25, 0.2305, 0.2994, 0.2815, 0.292, 0.1632, 0.1706, 0.3095, 0.3241, 0.1691, 0.1863, 0.1708, 0.1722, 0.1722, 0.1755, 0.1985, 0.185, 0.3838, 0.3579, 0.4103, 0.3333, 0.1901, 0.3516, 0.3267, 0.351, 0.3803, 0.4054, 0.4465, 0.4419, 0.5646, 0.3688, 0.3266, 0.3259, 0.4405, 0.3581, 0.3477, 0.4402, 0.3149, 0.1791, 0.5096, 0.3624, 0.5347, 0.5439, 0.4279, 0.3843, 0.3872, 0.2081, 0.36, 0.1909, 0.3708, 0.3981, 0.3951, 0.1941, 0.4806, 0.1882, 0.4586, 0.3268, 0.4431, 0.2087, 0.1802, 0.1863, 0.3133, 0.1717, 0.1672, 0.1722, 0.1724]",0.3267591875010112,0.5183648563521273,1.2558917499991369,0,26.189,3.0,0.0
2025-10-09|sin_rebalanceo|prueba|0|0.0|base|60|todas|onsite,2025-10-09,sin_rebalanceo,prueba,0,0.0,base,60,todas,onsite,197924,76695,274619,0,0,0,0,0,10265,8535,0.399600320998368,953,"{""devolucion_origen"": 0, ""entrega_sin_recogida"": 0, ""fisico"": 0, ""fuera_servicio"": 0, ""tope"": 0, ""visitas"": 0}",0,0,0,0,0,0,0,0,0,0,0,[],0.0,0.0,0.0,0,2.07,0.0,
2025-10-09|ecobici|prueba|0|0.0|base|60|todas|onsite,2025-10-09,ecobici,prueba,0,0.0,base,60,todas,onsite,90919,18224,109143,2685,1295,1390,13796,0,1825,1002,0.239614580207026,287,"{""devolucion_origen"": 0, ""entrega_sin_recogida"": 0, ""fisico"": 213, ""fuera_servicio"": 0, ""tope"": 0, ""visitas"": 0}",6713,6870,0,157,0,2667,0,73,120,0,0,[],0.0,0.0,0.0,0,2.118,0.0,2667.0
2025-10-09|oraculo_diario|prueba|4|57.5805|base|60|todas|onsite,2025-10-09,oraculo_diario,prueba,4,57.5805,base,60,todas,onsite,25144,2427,27571,2306,631,1675,10650,406,2151,752,0.2148459417695937,217,"{""devolucion_origen"": 10, ""entrega_sin_recogida"": 167, ""fisico"": 177, ""fuera_servicio"": 0, ""tope"": 0, ""visitas"": 0}",5330,5330,0,0,0,2306,0,14,67,0,74,"[0.385, 0.3239, 0.3061, 0.2858, 0.3471, 0.3008, 0.2616, 0.1703, 0.1803, 0.2633, 0.2282, 0.2266, 0.1745, 0.171, 0.2048, 0.3201, 0.1744, 0.1724, 0.2428, 0.1729, 0.18, 0.1798, 0.1877, 0.1823, 0.1821, 0.1783, 0.3862, 0.193, 0.2884, 0.1783, 0.1863, 0.2751, 0.281, 0.1854, 0.2866, 0.2837, 0.4386, 0.2918, 0.1769, 0.2711, 0.429, 0.4086, 0.3746, 0.3262, 0.1819, 0.1777, 0.2538, 0.2785, 0.1863, 0.4413, 0.4228, 0.2982, 0.3388, 0.1712, 0.47, 0.3829, 0.3016, 0.2869, 0.2817, 0.1822, 0.1839, 0.1812, 0.1792, 0.1922, 0.1873, 0.1864, 0.3592, 0.1822, 0.299, 0.1808, 0.295, 0.2873, 0.1728, 0.1708]",0.2483031460033089,0.4249921750018984,0.4700315840018447,0,21.115,10.0,0.0
2025-10-09|ma_diaria|prueba|4|72.8507|base|60|todas|onsite,2025-10-09,ma_diaria,prueba,4,72.8507,base,60,todas,onsite,45554,4664,50218,2233,595,1638,10517,471,3220,1026,0.2227234563109383,307,"{""devolucion_origen"": 15, ""entrega_sin_recogida"": 130, ""fisico"": 145, ""fuera_servicio"": 0, ""tope"": 0, ""visitas"": 0}",5266,5266,0,0,0,2233,0,14,67,0,74,"[0.3167, 0.5526, 0.2678, 0.4625, 0.3171, 0.2678, 0.3065, 0.2439, 0.1689, 0.2531, 0.245, 0.2806, 0.1759, 0.1788, 0.2178, 0.1743, 0.176, 0.1718, 0.1841, 0.1845, 0.1796, 0.1775, 0.1766, 0.1861, 0.3938, 0.3492, 0.1828, 0.3282, 0.3835, 0.1834, 0.3917, 0.3518, 0.3556, 0.39, 0.3509, 0.3001, 0.338, 0.5257, 0.2954, 0.4954, 0.4291, 0.4041, 0.1812, 0.3844, 0.2658, 0.3439, 0.3359, 0.3989, 0.3396, 0.4541, 0.3893, 0.5362, 0.1804, 0.1731, 0.2911, 0.3772, 0.3329, 0.3077, 0.3488, 0.179, 0.3003, 0.1786, 0.1886, 0.1807, 0.1825, 0.1862, 0.1788, 0.1771, 0.1852, 0.1742, 0.2921, 0.2933, 0.1826, 0.1643]",0.2858246044997941,0.4740247124012965,0.5526467919989955,0,23.145,15.0,0.0
2025-10-09|lgbm_diario|prueba|4|72.7447|base|60|todas|onsite,2025-10-09,lgbm_diario,prueba,4,72.7447,base,60,todas,onsite,47198,4709,51907,2282,610,1672,10232,441,3451,1060,0.2186270735359031,314,"{""devolucion_origen"": 12, ""entrega_sin_recogida"": 150, ""fisico"": 162, ""fuera_servicio"": 0, ""tope"": 0, ""visitas"": 0}",5122,5122,0,0,0,2282,0,14,67,0,74,"[0.2904, 0.181, 0.3434, 0.3028, 0.2859, 0.2916, 0.2602, 0.2626, 0.2768, 0.3231, 0.2729, 0.2649, 0.2064, 0.1722, 0.193, 0.1793, 0.2128, 0.1736, 0.1818, 0.1746, 0.1767, 0.178, 0.1754, 0.1789, 0.1799, 0.1829, 0.1837, 0.3253, 0.184, 0.372, 0.3621, 0.4074, 0.3883, 0.1811, 0.3955, 0.3149, 0.3871, 0.3966, 0.5351, 0.3949, 0.1832, 0.4055, 0.4414, 0.3699, 0.4237, 0.3043, 0.299, 0.4011, 0.3891, 0.1811, 0.2916, 0.4878, 0.2936, 0.4205, 0.3159, 0.3228, 0.5227, 0.3464, 0.33, 0.3758, 0.1786, 0.1778, 0.1791, 0.1782, 0.1876, 0.1826, 0.1779, 0.1826, 0.1736, 0.1757, 0.3106, 0.2745, 0.1807, 0.1619]",0.2756158125048387,0.4298529584510105,0.5351090829935856,0,22.825,12.0,0.0
2025-10-09|oraculo_directo|prueba|4|39.0694|base|60|todas|onsite,2025-10-09,oraculo_directo,prueba,4,39.0694,base,60,todas,onsite,19183,2157,21340,2301,653,1648,9861,408,1093,729,0.1858518928009422,145,"{""devolucion_origen"": 9, ""entrega_sin_recogida"": 241, ""fisico"": 250, ""fuera_servicio"": 0, ""tope"": 0, ""visitas"": 0}",4935,4935,0,0,0,2301,0,14,67,0,74,"[0.3781, 0.1879, 0.2115, 0.2699, 0.3866, 0.2419, 0.1783, 0.1797, 0.1832, 0.1772, 0.172, 0.1838, 0.1735, 0.1679, 0.189, 0.2184, 0.1825, 0.1851, 0.1746, 0.1855, 0.3469, 0.1817, 0.1882, 0.2838, 0.1876, 0.1861, 0.1863, 0.1907, 0.1923, 0.2672, 0.3597, 0.2794, 0.2924, 0.2738, 0.3478, 0.1936, 0.3044, 0.3637, 0.4403, 0.6343, 0.3795, 0.2459, 0.6955, 0.609, 0.2795, 0.4156, 0.3578, 0.2535, 0.4048, 0.2731, 0.2512, 0.2511, 0.3413, 0.3363, 0.2558, 0.273, 0.2931, 0.3017, 0.1852, 0.3032, 0.1869, 0.1814, 0.1849, 0.1867, 0.1884, 0.1839, 0.3406, 0.299, 0.3203, 0.1854, 0.2727, 0.1862, 0.1752, 0.2099]",0.2485239165034727,0.4242627460487709,0.6954604999991716,0,21.893,9.0,0.0
2025-10-09|lgbm_directo|prueba|4|88.9149|base|60|todas|onsite,2025-10-09,lgbm_directo,prueba,4,88.9149,base,60,todas,onsite,44963,4944,49907,2245,612,1633,11018,455,3446,1139,0.2319230770424456,294,"{""devolucion_origen"": 16, ""entrega_sin_recogida"": 218, ""fisico"": 234, ""fuera_servicio"": 0, ""tope"": 0, ""visitas"": 0}",5517,5517,0,0,0,2245,0,14,67,0,74,"[1.325, 0.3233, 0.2967, 0.459, 0.2954, 0.3527, 0.382, 0.26, 0.2607, 0.2536, 0.4038, 0.43, 0.1682, 0.1691, 0.175, 0.1929, 0.171, 0.1728, 0.1743, 0.1721, 0.1755, 0.1976, 0.1777, 0.179, 0.3579, 0.1781, 0.3785, 0.3916, 0.2008, 0.1818, 0.3914, 0.4466, 0.3139, 0.4766, 0.4064, 0.347, 0.3061, 0.483, 0.6071, 0.327, 0.3091, 0.3506, 0.3153, 0.5416, 0.4928, 0.4454, 0.297, 0.3872, 0.3375, 0.5933, 0.4206, 0.4649, 0.3085, 0.4089, 0.2975, 0.4265, 0.4569, 0.3072, 0.3385, 0.1815, 0.1786, 0.1875, 0.1772, 0.1752, 0.1839, 0.188, 0.1824, 0.1844, 0.1822, 0.188, 0.3074, 0.184, 0.1658, 0.1627]",0.3066664584948739,0.5098500517509816,1.3249786250016768,0,25.474,16.0,0.0
2025-10-10|sin_rebalanceo|prueba|0|0.0|base|60|todas|onsite,2025-10-10,sin_rebalanceo,prueba,0,0.0,base,60,todas,onsite,154744,54659,209403,0,0,0,0,0,7641,6000,0.3678930331106909,632,"{""devolucion_origen"": 0, ""entrega_sin_recogida"": 0, ""fisico"": 0, ""fuera_servicio"": 0, ""tope"": 0, ""visitas"": 0}",0,0,0,0,0,0,0,0,0,0,0,[],0.0,0.0,0.0,0,1.999,0.0,
2025-10-10|ecobici|prueba|0|0.0|base|60|todas|onsite,2025-10-10,ecobici,prueba,0,0.0,base,60,todas,onsite,68160,11490,79650,2413,1195,1218,11700,0,1026,265,0.2189989832240147,178,"{""devolucion_origen"": 0, ""entrega_sin_recogida"": 0, ""fisico"": 68, ""fuera_servicio"": 0, ""tope"": 0, ""visitas"": 0}",5758,5874,0,116,0,2405,0,63,86,0,0,[],0.0,0.0,0.0,0,1.986,0.0,2405.0
2025-10-10|oraculo_diario|prueba|4|57.5805|base|60|todas|onsite,2025-10-10,oraculo_diario,prueba,4,57.5805,base,60,todas,onsite,21905,2328,24233,1904,494,1410,8716,348,1617,372,0.2294763599869307,162,"{""devolucion_origen"": 14, ""entrega_sin_recogida"": 177, ""fisico"": 191, ""fuera_servicio"": 0, ""tope"": 0, ""visitas"": 0}",4365,4365,0,0,0,1904,0,14,63,0,74,"[0.3008, 0.4337, 0.2652, 0.2964, 0.2328, 0.261, 0.2689, 0.4556, 0.2325, 0.2709, 0.1872, 0.169, 0.171, 0.1702, 0.1807, 0.1749, 0.182, 0.1775, 0.1736, 0.1741, 0.1846, 0.1797, 0.2839, 0.28, 0.291, 0.3037, 0.183, 0.1817, 0.3786, 0.2914, 0.2735, 0.2668, 0.4699, 0.4569, 0.2773, 0.5285, 0.3463, 0.3136, 0.452, 0.3184, 0.4216, 0.4092, 0.3962, 0.1788, 0.3772, 0.4358, 0.2751, 0.2948, 0.2916, 0.4065, 0.1767, 0.1897, 0.356, 0.2957, 0.3588, 0.3635, 0.3774, 0.356, 0.3075, 0.3792, 0.1912, 0.1884, 0.39, 0.183, 0.3436, 0.3611, 0.3445, 0.1945, 0.2017, 0.1897, 0.3409, 0.1756, 0.1792, 0.1776]",0.2819151455041719,0.4532717421010602,0.5285034170010476,0,23.21,14.0,0.0
2025-10-10|ma_diaria|prueba|4|72.8507|base|60|todas|onsite,2025-10-10,ma_diaria,prueba,4,72.8507,base,60,todas,onsite,38238,3814,42052,1959,539,1420,9508,405,2765,433,0.2348506122676288,236,"{""devolucion_origen"": 22, ""entrega_sin_recogida"": 219, ""fisico"": 241, ""fuera_servicio"": 0, ""tope"": 0, ""visitas"": 0}",4765,4765,0,0,0,1959,0,14,67,0,74,"[0.2984, 0.5598, 0.4364, 0.4321, 0.3747, 0.2882, 0.3131, 0.2643, 0.3, 0.3011, 0.2506, 0.2733, 0.1798, 0.1679, 0.2072, 0.2076, 0.1786, 0.2057, 0.1753, 0.2033, 0.1775, 0.1788, 0.2082, 0.1765, 0.3822, 0.2026, 0.183, 0.3949, 0.2211, 0.3874, 0.1839, 0.5104, 0.1841, 0.3943, 0.3295, 0.1777, 0.3676, 0.4211, 0.3911, 0.2172, 0.3088, 0.5348, 0.1963, 0.207, 0.4648, 0.3286, 0.4595, 0.386, 0.3876, 0.3375, 0.4162, 0.181, 0.5105, 0.3501, 0.1873, 0.3663, 0.4471, 0.4274, 0.6495, 0.3921, 0.4965, 0.5671, 0.439, 0.2204, 0.4231, 0.4077, 0.1818, 0.1925, 0.1975, 0.3187, 0.185, 0.297, 0.166, 0.1684]",0.3005640625015076,0.5189998875001036,0.6495177499964484,0,25.227,22.0,0.0
2025-10-10|lgbm_diario|prueba|4|72.7447|base|60|todas|onsite,2025-10-10,lgbm_diario,prueba,4,72.7447,base,60,todas,onsite,38224,4296,42520,1950,505,1445,8977,388,2733,549,0.2285858179681756,241,"{""devolucion_origen"": 7, ""entrega_sin_recogida"": 136, ""fisico"": 143, ""fuera_servicio"": 0, ""tope"": 0, ""visitas"": 0}",4492,4492,0,0,0,1950,0,14,60,0,74,"[0.3957, 0.5204, 0.6391, 0.4713, 0.4405, 0.1748, 0.2515, 0.2516, 0.2997, 0.2541, 0.1776, 0.2734, 0.1704, 0.1719, 0.1781, 0.1708, 0.1716, 0.1694, 0.1695, 0.1771, 0.1891, 0.1785, 0.1876, 0.1758, 0.1809, 0.1866, 0.3338, 0.3987, 0.4054, 0.4418, 0.1829, 0.1948, 0.4509, 0.4151, 0.3138, 0.1807, 0.5222, 0.3679, 0.4774, 0.6202, 0.7209, 0.4225, 0.4135, 0.4652, 0.4162, 0.3873, 0.3437, 0.3212, 0.3237, 0.308, 0.4343, 0.3252, 0.3216, 0.4965, 0.3901, 0.1887, 0.1955, 0.1885, 0.3942, 0.4041, 0.1946, 0.1862, 0.4879, 0.1935, 0.1861, 0.1822, 0.1779, 0.1866, 0.1787, 0.1844, 0.3166, 0.2756, 0.1838, 0.1652]",0.274541020495235,0.521053466650119,0.7209185829997296,0,24.722,7.0,0.0
2025-10-10|oraculo_directo|prueba|4|39.0694|base|60|todas|onsite,2025-10-10,oraculo_directo,prueba,4,39.0694,base,60,todas,onsite,16074,1811,17885,1882,516,1366,7752,315,920,297,0.2139525014825926,118,"{""devolucion_origen"": 0, ""entrega_sin_recogida"": 234, ""fisico"": 234, ""fuera_servicio"": 0, ""tope"": 0, ""visitas"": 0}",3876,3876,0,0,0,1882,0,14,67,0,74,"[0.3003, 0.565, 0.3357, 0.4606, 0.2735, 0.3353, 0.3624, 0.387, 0.2365, 0.1823, 0.2413, 0.3014, 0.1749, 0.1712, 0.1724, 0.1721, 0.1733, 0.1762, 0.1815, 0.1814, 0.1825, 0.1812, 0.1868, 0.1843, 0.1937, 0.1844, 0.1894, 0.3219, 0.2648, 0.2775, 0.268, 0.2922, 0.3935, 0.2118, 0.4759, 0.4318, 0.4362, 0.4492, 0.1796, 0.3149, 0.337, 0.1794, 0.2517, 0.2982, 0.3817, 0.3802, 0.4421, 0.5717, 0.327, 0.4756, 0.3186, 0.192, 0.4728, 0.3277, 0.3348, 0.2127, 0.1946, 0.3437, 0.3196, 0.1987, 0.1924, 0.3668, 0.1936, 0.1894, 0.2947, 0.1905, 0.1924, 0.3328, 0.1953, 0.1942, 0.3449, 0.2184, 0.172, 0.1819]",0.2663976455005468,0.4737450086529861,0.5717177500046091,0,22.904,0.0,0.0
2025-10-10|lgbm_directo|prueba|4|88.9149|base|60|todas|onsite,2025-10-10,lgbm_directo,prueba,4,88.9149,base,60,todas,onsite,38469,3001,41470,1961,513,1448,10053,434,2945,454,0.2393931028585203,246,"{""devolucion_origen"": 11, ""entrega_sin_recogida"": 240, ""fisico"": 251, ""fuera_servicio"": 0, ""tope"": 0, ""visitas"": 0}",5032,5032,0,0,0,1963,2,14,61,0,74,"[1.2899, 0.2906, 0.363, 0.4583, 0.3291, 0.4459, 0.1755, 0.2822, 0.2561, 0.2817, 0.3104, 0.3811, 0.2663, 0.1692, 0.1714, 0.1728, 0.1726, 0.1704, 0.1807, 0.175, 0.335, 0.4071, 0.3829, 0.3567, 0.523, 0.3412, 0.3393, 0.3365, 0.396, 0.3584, 0.3847, 0.3268, 0.1833, 0.18, 0.375, 0.4485, 0.1771, 0.3329, 0.3806, 0.3166, 0.1829, 0.3502, 0.3127, 0.5649, 0.4453, 0.745, 0.5283, 0.1791, 0.417, 0.6609, 0.3269, 0.3653, 0.337, 0.1767, 0.4771, 0.1872, 0.1842, 0.1892, 0.4413, 0.559, 0.5249, 0.3808, 0.1843, 0.4326, 0.1836, 0.4396, 0.1807, 0.1928, 0.1805, 0.1891, 0.3338, 0.1697, 0.1656, 0.164]",0.3309836040025402,0.5610695334529736,1.289945207994606,0,26.66,11.0,0.0
2025-10-11|sin_rebalanceo|prueba|0|0.0|base|60|todas|onsite,2025-10-11,sin_rebalanceo,prueba,0,0.0,base,60,todas,onsite,84163,21529,105692,0,0,0,0,0,1492,1218,0.2687323172071223,122,"{""devolucion_origen"": 0, ""entrega_sin_recogida"": 0, ""fisico"": 0, ""fuera_servicio"": 0, ""tope"": 0, ""visitas"": 0}",0,0,0,0,0,0,0,0,0,0,0,[],0.0,0.0,0.0,0,1.838,0.0,
2025-10-11|ecobici|prueba|0|0.0|base|60|todas|onsite,2025-10-11,ecobici,prueba,0,0.0,base,60,todas,onsite,50548,12260,62808,1265,650,615,3573,0,133,108,0.2239371043787109,52,"{""devolucion_origen"": 0, ""entrega_sin_recogida"": 0, ""fisico"": 3, ""fuera_servicio"": 0, ""tope"": 0, ""visitas"": 0}",1787,1783,0,-4,0,1263,0,29,54,0,0,[],0.0,0.0,0.0,0,1.814,0.0,1263.0
2025-10-11|oraculo_diario|prueba|4|57.5805|base|60|todas|onsite,2025-10-11,oraculo_diario,prueba,4,57.5805,base,60,todas,onsite,12110,1565,13675,954,196,758,2946,127,180,22,0.211456008937344,26,"{""devolucion_origen"": 2, ""entrega_sin_recogida"": 19, ""fisico"": 21, ""fuera_servicio"": 0, ""tope"": 0, ""visitas"": 0}",1474,1474,0,0,0,954,0,14,33,0,74,"[0.1898, 0.4729, 0.1893, 0.3955, 0.3916, 0.3574, 0.21, 0.19, 0.1849, 0.1872, 0.1865, 0.1906, 0.1901, 0.3684, 0.1824, 0.1839, 0.1896, 0.1799, 0.1829, 0.3221, 0.1841, 0.1798, 0.2989, 0.2998, 0.2771, 0.3567, 0.2894, 0.3388, 0.1849, 0.2839, 0.1834, 0.1836, 0.1881, 0.2016, 0.2847, 0.191, 0.1933, 0.1866, 0.299, 0.3129, 0.1953, 0.1811, 0.3103, 0.1835, 0.3221, 0.3822, 0.3429, 0.4082, 0.3627, 0.3258, 0.1825, 0.3455, 0.2287, 0.1823, 0.1862, 0.3605, 0.4392, 0.3614, 0.1853, 0.3258, 0.2073, 0.3637, 0.3626, 0.3725, 0.1914, 0.1992, 0.3322, 0.1958, 0.3374, 0.3128, 0.1984, 0.1762, 0.1722, 0.1668]",0.2044403959989722,0.392954227302107,0.4729059999954188,0,21.166,2.0,0.0
2025-10-11|ma_diaria|prueba|4|72.8507|base|60|todas|onsite,2025-10-11,ma_diaria,prueba,4,72.8507,base,60,todas,onsite,27829,2569,30398,959,202,757,2527,100,684,98,0.2179041875296296,62,"{""devolucion_origen"": 3, ""entrega_sin_recogida"": 2, ""fisico"": 5, ""fuera_servicio"": 0, ""tope"": 0, ""visitas"": 0}",1265,1265,0,0,0,959,0,14,26,0,74,"[0.1872, 0.2918, 0.2935, 0.3921, 0.1937, 0.1912, 0.4947, 0.3927, 0.3659, 0.2, 0.3945, 0.3934, 0.5454, 0.4032, 0.4195, 0.386, 0.3852, 0.182, 0.4394, 0.3916, 0.1815, 0.1919, 0.4218, 0.195, 0.1873, 0.1791, 0.1841, 0.181, 0.1824, 0.1845, 0.1831, 0.1796, 0.1843, 0.186, 0.1801, 0.1886, 0.1809, 0.1761, 0.1863, 0.1803, 0.1933, 0.1825, 0.1836, 0.1813, 0.1951, 0.1836, 0.5073, 0.202, 0.1817, 0.1942, 0.1887, 0.185, 0.1902, 0.4457, 0.1866, 0.1826, 0.1845, 0.428, 0.1898, 0.1843, 0.1821, 0.4342, 0.1846, 0.1805, 0.1907, 0.1854, 0.1831, 0.1791, 0.3369, 0.1791, 0.2868, 0.2972, 0.1802, 0.1632]",0.1879570204982883,0.4415685790474526,0.5453650420022313,0,20.496,3.0,0.0
2025-10-11|lgbm_diario|prueba|4|72.7447|base|60|todas|onsite,2025-10-11,lgbm_diario,prueba,4,72.7447,base,60,todas,onsite,27615,2900,30515,970,200,770,2422,102,682,126,0.221696100234424,63,"{""devolucion_origen"": 2, ""entrega_sin_recogida"": 5, ""fisico"": 7, ""fuera_servicio"": 0, ""tope"": 0, ""visitas"": 0}",1212,1212,0,0,0,970,0,14,26,0,74,"[0.1859, 0.2808, 0.426, 0.387, 0.3866, 0.4003, 0.4595, 0.1841, 0.1914, 0.1822, 0.19, 0.4219, 0.5004, 0.4588, 0.1911, 0.3848, 0.3663, 0.3697, 0.1871, 0.3676, 0.1885, 0.1782, 0.4137, 0.195, 0.1808, 0.1791, 0.1799, 0.1786, 0.4334, 0.1833, 0.1852, 0.1899, 0.1793, 0.1881, 0.1867, 0.1877, 0.1963, 0.1808, 0.1893, 0.1792, 0.183, 0.1857, 0.188, 0.1848, 0.1806, 0.4359, 0.5117, 0.1817, 0.1825, 0.1796, 0.4966, 0.1867, 0.1803, 0.19, 0.1881, 0.1831, 0.1878, 0.4941, 0.1911, 0.1836, 0.1869, 0.1929, 0.1898, 0.189, 0.181, 0.1862, 0.188, 0.1845, 0.1754, 0.1827, 0.3284, 0.2761, 0.1835, 0.1643]",0.1879772084976139,0.4716303373985281,0.5116864169976907,0,20.382,2.0,0.0
2025-10-11|oraculo_directo|prueba|4|39.0694|base|60|todas|onsite,2025-10-11,oraculo_directo,prueba,4,39.0694,base,60,todas,onsite,10428,1237,11665,738,157,581,1958,72,75,18,0.2104460863760902,24,"{""devolucion_origen"": 0, ""entrega_sin_recogida"": 6, ""fisico"": 6, ""fuera_servicio"": 0, ""tope"": 0, ""visitas"": 0}",979,979,0,0,0,738,0,14,33,0,74,"[0.1874, 0.1968, 0.1929, 0.5074, 0.1939, 0.2019, 0.3912, 0.2001, 0.3797, 0.1946, 0.2003, 0.3673, 0.3607, 0.3412, 0.4672, 0.1902, 0.1901, 0.1917, 0.1918, 0.189, 0.1843, 0.4109, 0.3314, 0.3775, 0.2856, 0.2988, 0.307, 0.189, 0.362, 0.1845, 0.3879, 0.1861, 0.1967, 0.1845, 0.3205, 0.1986, 0.3593, 0.1929, 0.1871, 0.2041, 0.1972, 0.1828, 0.1911, 0.193, 0.1848, 0.3296, 0.3744, 0.1901, 0.1874, 0.3215, 0.1855, 0.1892, 0.1849, 0.3205, 0.3464, 0.3313, 0.2043, 0.1936, 0.1877, 0.1922, 0.2019, 0.3521, 0.3762, 0.3259, 0.2993, 0.1866, 0.2519, 0.192, 0.199, 0.1839, 0.1765, 0.1857, 0.1833, 0.1875]",0.1969895834990893,0.3890753182960906,0.5073871670028893,0,20.601,0.0,0.0
2025-10-11|lgbm_directo|prueba|4|88.9149|base|60|todas|onsite,2025-10-11,lgbm_directo,prueba,4,88.9149,base,60,todas,onsite,27195,2054,29249,1027,187,840,3230,142,763,78,0.21962318857488,68,"{""devolucion_origen"": 0, ""entrega_sin_recogida"": 12, ""fisico"": 12, ""fuera_servicio"": 0, ""tope"": 0, ""visitas"": 0}",1615,1615,0,0,0,1027,0,14,30,0,74,"[1.1154, 0.1801, 0.4013, 0.4514, 0.3986, 0.1866, 0.3972, 0.1862, 0.3691, 0.1955, 0.4226, 0.5383, 0.2164, 0.4322, 0.1887, 0.4077, 0.1845, 0.3822, 0.4697, 0.3911, 0.1856, 0.1848, 0.3724, 0.3755, 0.1898, 0.1835, 0.1832, 0.3843, 0.1814, 0.3878, 0.1837, 0.1882, 0.1848, 0.5008, 0.1881, 0.182, 0.2069, 0.1811, 0.2041, 0.1872, 0.1838, 0.3957, 0.7173, 0.1865, 0.4656, 0.4986, 0.5439, 0.1835, 0.1802, 0.1886, 0.1935, 0.1884, 0.194, 0.4269, 0.4135, 0.1899, 0.1848, 0.1853, 0.4878, 0.5198, 0.5524, 0.4621, 0.401, 0.1865, 0.1762, 0.1817, 0.3885, 0.1858, 0.1847, 0.3447, 0.17, 0.1879, 0.1629, 0.1614]",0.1937546460030716,0.5402609664484771,1.1154048329990474,0,24.523,0.0,0.0
2025-10-12|sin_rebalanceo|prueba|0|0.0|base|60|todas|onsite,2025-10-12,sin_rebalanceo,prueba,0,0.0,base,60,todas,onsite,98586,21898,120484,0,0,0,0,0,2408,1173,0.281142217773909,185,"{""devolucion_origen"": 0, ""entrega_sin_recogida"": 0, ""fisico"": 0, ""fuera_servicio"": 0, ""tope"": 0, ""visitas"": 0}",0,0,0,0,0,0,0,0,0,0,0,[],0.0,0.0,0.0,0,1.851,0.0,
2025-10-12|ecobici|prueba|0|0.0|base|60|todas|onsite,2025-10-12,ecobici,prueba,0,0.0,base,60,todas,onsite,60905,12956,73861,1329,692,637,4326,0,258,170,0.2379469658401215,79,"{""devolucion_origen"": 0, ""entrega_sin_recogida"": 0, ""fisico"": 11, ""fuera_servicio"": 0, ""tope"": 0, ""visitas"": 0}",2159,2156,0,-3,0,1323,0,30,67,0,0,[],0.0,0.0,0.0,0,1.807,0.0,1323.0
2025-10-12|oraculo_diario|prueba|4|57.5805|base|60|todas|onsite,2025-10-12,oraculo_diario,prueba,4,57.5805,base,60,todas,onsite,16863,843,17706,1110,209,901,3732,154,430,26,0.192917804893807,60,"{""devolucion_origen"": 18, ""entrega_sin_recogida"": 83, ""fisico"": 101, ""fuera_servicio"": 0, ""tope"": 0, ""visitas"": 0}",1875,1875,0,0,0,1112,2,14,37,0,74,"[0.1901, 0.1881, 0.4605, 0.4805, 0.4027, 0.3971, 0.1862, 0.3849, 0.3602, 0.3384, 0.3259, 0.3742, 0.3252, 0.1858, 0.4794, 0.3211, 0.6007, 0.4058, 0.2964, 0.448, 0.2931, 0.3409, 0.3084, 0.3618, 0.3343, 0.1743, 0.2776, 0.2696, 0.2721, 0.3351, 0.2638, 0.2819, 0.2797, 0.305, 0.196, 0.3652, 0.2998, 0.2043, 0.189, 0.3027, 0.3339, 0.2991, 0.3656, 0.4003, 0.4959, 0.1873, 0.4254, 0.2991, 0.3664, 0.3477, 0.3936, 0.4617, 0.351, 0.3446, 0.3846, 0.6977, 0.3586, 0.1845, 0.3875, 0.1864, 0.1955, 0.1952, 0.3979, 0.3508, 0.1938, 0.1869, 0.1865, 0.3417, 0.1809, 0.4503, 0.1835, 0.2349, 0.1761, 0.1708]",0.3255481039996084,0.4797746336524142,0.6977099169962457,0,25.483,18.0,0.0
2025-10-12|ma_diaria|prueba|4|72.8507|base|60|todas|onsite,2025-10-12,ma_diaria,prueba,4,72.8507,base,60,todas,onsite,30566,1911,32477,1109,182,927,3161,146,954,109,0.2126698186557424,127,"{""devolucion_origen"": 1, ""entrega_sin_recogida"": 18, ""fisico"": 19, ""fuera_servicio"": 0, ""tope"": 0, ""visitas"": 0}",1581,1581,0,0,0,1109,0,14,45,0,74,"[0.1883, 0.329, 0.1906, 0.1877, 0.3904, 0.19, 0.1835, 0.3916, 0.4118, 0.1977, 0.194, 0.376, 0.551, 0.3763, 0.1815, 0.4433, 0.4008, 0.3844, 0.4782, 0.3106, 0.4993, 0.353, 0.3632, 0.4484, 0.4924, 0.1806, 0.3356, 0.3423, 0.3904, 0.1809, 0.3819, 0.1751, 0.1802, 0.1831, 0.178, 0.3869, 0.1787, 0.1812, 0.1819, 0.1848, 0.1817, 0.186, 0.1816, 0.1777, 0.1798, 0.1815, 0.398, 0.1863, 0.1886, 0.7431, 0.7485, 0.4028, 0.5351, 0.1886, 0.201, 0.4326, 0.2015, 0.1949, 0.1867, 0.1784, 0.3385, 0.3099, 0.1816, 0.1831, 0.1892, 0.1873, 0.1891, 0.4124, 0.3751, 0.1829, 0.1728, 0.1714, 0.1836, 0.1635]",0.1923210835011559,0.5118089602987309,0.7484663750001346,0,23.211,1.0,0.0
2025-10-12|lgbm_diario|prueba|4|72.7447|base|60|todas|onsite,2025-10-12,lgbm_diario,prueba,4,72.7447,base,60,todas,onsite,32238,1932,34170,1119,205,914,3020,138,993,112,0.2148876522656425,126,"{""devolucion_origen"": 0, ""entrega_sin_recogida"": 22, ""fisico"": 22, ""fuera_servicio"": 0, ""tope"": 0, ""visitas"": 0}",1510,1510,0,0,0,1119,0,14,34,0,74,"[0.1886, 0.1877, 0.1791, 0.2002, 0.1878, 0.4141, 0.4633, 0.4062, 0.1909, 0.4281, 0.3944, 0.438, 0.3768, 0.3693, 0.3213, 0.6309, 0.4788, 0.4279, 0.6293, 0.597, 0.6415, 0.3464, 0.3445, 0.35, 0.3361, 0.3696, 0.4354, 0.1824, 0.1789, 0.1827, 0.1832, 0.1817, 0.1793, 0.1807, 0.1818, 0.1758, 0.1876, 0.1793, 0.3681, 0.1796, 0.4813, 0.4521, 0.4488, 0.1866, 0.4844, 0.1897, 0.1878, 0.7635, 0.5187, 0.1875, 0.4104, 0.4906, 0.1845, 0.1899, 0.1893, 0.5642, 0.1815, 0.1806, 0.1826, 0.1872, 0.1779, 0.3866, 0.1967, 0.1858, 0.1869, 0.1851, 0.1921, 0.2354, 0.3937, 0.1828, 0.337, 0.1694, 0.1828, 0.164]",0.1943878335005138,0.6082862102979559,0.7635177920019487,0,24.714,0.0,0.0
2025-10-12|oraculo_directo|prueba|4|39.0694|base|60|todas|onsite,2025-10-12,oraculo_directo,prueba,4,39.0694,base,60,todas,onsite,13808,724,14532,907,179,728,2514,100,202,17,0.1948758671724416,54,"{""devolucion_origen"": 0, ""entrega_sin_recogida"": 49, ""fisico"": 49, ""fuera_servicio"": 0, ""tope"": 0, ""visitas"": 0}",1257,1257,0,0,0,907,0,14,26,0,74,"[0.1931, 0.1868, 0.192, 0.4822, 0.4379, 0.4282, 0.1955, 0.3439, 0.3489, 0.4012, 0.3924, 0.3465, 0.3475, 0.3532, 0.5097, 0.3397, 0.3245, 0.3241, 0.1858, 0.3367, 0.2832, 0.1832, 0.1886, 0.2797, 0.1785, 0.1851, 0.1825, 0.2589, 0.2705, 0.1797, 0.1758, 0.2834, 0.2843, 0.1865, 0.2968, 0.1847, 0.3641, 0.1852, 0.1857, 0.3108, 0.3209, 0.2788, 0.1935, 0.2772, 0.2992, 0.4771, 0.4346, 0.3135, 0.3824, 0.392, 0.3396, 0.4117, 0.5679, 0.3641, 0.3933, 0.3299, 0.3343, 0.1997, 0.3109, 0.1868, 0.1952, 0.2652, 0.3102, 0.3003, 0.2333, 0.1897, 0.2738, 0.1884, 0.332, 0.224, 0.2089, 0.206, 0.1734, 0.1708]",0.2838366875039355,0.4516348085478964,0.5679480829930981,0,23.324,0.0,0.0
2025-10-12|lgbm_directo|prueba|4|88.9149|base|60|todas|onsite,2025-10-12,lgbm_directo,prueba,4,88.9149,base,60,todas,onsite,28900,1519,30419,1216,224,992,3887,209,1057,73,0.2120543576951773,127,"{""devolucion_origen"": 1, ""entrega_sin_recogida"": 51, ""fisico"": 52, ""fuera_servicio"": 0, ""tope"": 0, ""visitas"": 0}",1944,1944,0,0,0,1218,2,14,43,0,74,"[1.0945, 0.393, 0.4477, 0.5038, 0.1884, 0.1948, 0.4606, 0.4384, 0.4198, 0.3566, 0.4202, 0.3866, 0.4604, 0.1865, 0.187, 0.5073, 0.6172, 0.4972, 0.3616, 0.6125, 0.4914, 0.7502, 0.5468, 0.3516, 0.6123, 0.3896, 0.3445, 0.3678, 0.1819, 0.1761, 0.1823, 0.1763, 0.1825, 0.1773, 0.1872, 0.176, 0.1788, 0.4807, 0.3722, 0.4756, 0.1818, 0.4572, 0.6407, 0.3884, 0.1841, 0.5079, 0.493, 0.3879, 0.1857, 0.1944, 0.6001, 0.36, 0.4514, 0.1872, 0.1842, 0.4079, 0.1882, 0.1849, 0.1887, 0.1969, 0.1955, 0.1836, 0.1835, 0.1925, 0.3359, 0.1794, 0.2024, 0.1915, 0.1797, 0.3575, 0.1834, 0.1917, 0.1679, 0.1656]",0.3480558749979536,0.6141163130512722,1.094476415993995,0,26.957,1.0,0.0
2025-10-13|sin_rebalanceo|prueba|0|0.0|base|60|todas|onsite,2025-10-13,sin_rebalanceo,prueba,0,0.0,base,60,todas,onsite,218172,71547,289719,0,0,0,0,0,13213,8929,0.4429894397317466,1070,"{""devolucion_origen"": 0, ""entrega_sin_recogida"": 0, ""fisico"": 0, ""fuera_servicio"": 0, ""tope"": 0, ""visitas"": 0}",0,0,0,0,0,0,0,0,0,0,0,[],0.0,0.0,0.0,0,2.325,0.0,
2025-10-13|ecobici|prueba|0|0.0|base|60|todas|onsite,2025-10-13,ecobici,prueba,0,0.0,base,60,todas,onsite,98267,20111,118378,3015,1474,1541,14644,0,2766,1262,0.2700949199802746,308,"{""devolucion_origen"": 0, ""entrega_sin_recogida"": 0, ""fisico"": 271, ""fuera_servicio"": 0, ""tope"": 0, ""visitas"": 0}",7107,7266,0,159,0,2989,0,69,117,0,0,[],0.0,0.0,0.0,0,2.247,0.0,2989.0
2025-10-13|oraculo_diario|prueba|4|57.5805|base|60|todas|onsite,2025-10-13,oraculo_diario,prueba,4,57.5805,base,60,todas,onsite,41169,3317,44486,2756,760,1996,12980,550,4794,1187,0.2810071722284317,301,"{""devolucion_origen"": 20, ""entrega_sin_recogida"": 362, ""fisico"": 382, ""fuera_servicio"": 0, ""tope"": 0, ""visitas"": 0}",6500,6500,0,0,0,2758,2,14,67,0,74,"[0.695, 0.2588, 0.3624, 0.4998, 0.2635, 0.3788, 0.3599, 0.2809, 0.2808, 0.5158, 0.2277, 0.3195, 0.4752, 0.2757, 0.1827, 0.1691, 0.1803, 0.1693, 0.1667, 0.172, 0.1806, 0.1717, 0.3078, 0.4435, 0.311, 0.175, 0.3, 0.2675, 0.3809, 0.3236, 0.1836, 0.1829, 0.2796, 0.2734, 0.4179, 0.323, 0.4443, 0.3527, 0.2456, 0.3318, 0.3068, 0.3776, 0.18, 0.1767, 0.3779, 0.3157, 0.2796, 0.3266, 0.2436, 0.3053, 0.2487, 0.2589, 0.2434, 0.3614, 0.2468, 0.2416, 0.2832, 0.2908, 0.2811, 0.1768, 0.1889, 0.1804, 0.1828, 0.1787, 0.1856, 0.1888, 0.1772, 0.1843, 0.3597, 0.1844, 0.181, 0.1706, 0.1751, 0.1812]",0.2654917085019406,0.4550977085516932,0.6950200830033282,0,22.672,20.0,0.0
2025-10-13|ma_diaria|prueba|4|72.8507|base|60|todas|onsite,2025-10-13,ma_diaria,prueba,4,72.8507,base,60,todas,onsite,65344,5444,70788,2871,780,2091,12885,550,6245,1435,0.2863156369166406,420,"{""devolucion_origen"": 13, ""entrega_sin_recogida"": 175, ""fisico"": 188, ""fuera_servicio"": 0, ""tope"": 0, ""visitas"": 0}",6449,6449,0,0,0,2871,0,14,67,0,74,"[0.1868, 0.434, 0.5417, 0.4361, 0.2914, 0.32, 0.3889, 0.1771, 0.4968, 0.2331, 0.2435, 0.4976, 0.4547, 0.1735, 0.1748, 0.2797, 0.1841, 0.1894, 0.1721, 0.1766, 0.1981, 0.1803, 0.1744, 0.3301, 0.2063, 0.3638, 0.1897, 0.3749, 0.1849, 0.1798, 0.3494, 0.3178, 0.3667, 0.3331, 0.6218, 0.1851, 0.4356, 0.3154, 0.4757, 0.5849, 0.4565, 0.3245, 0.5378, 0.5386, 0.3422, 0.3547, 0.3519, 0.373, 0.2803, 0.3896, 0.274, 0.2759, 0.3559, 0.3787, 0.2937, 0.4908, 0.1796, 0.1791, 0.1729, 0.1741, 0.1806, 0.1793, 0.1842, 0.1763, 0.1831, 0.1755, 0.1769, 0.174, 0.1756, 0.175, 0.2842, 0.2986, 0.1858, 0.1581]",0.2800212505026138,0.5380683692004823,0.621800417000486,0,24.194,13.0,0.0
2025-10-13|lgbm_diario|prueba|4|72.7447|base|60|todas|onsite,2025-10-13,lgbm_diario,prueba,4,72.7447,base,60,todas,onsite,67947,6116,74063,2823,745,2078,11826,501,6315,1417,0.2838341550801373,393,"{""devolucion_origen"": 10, ""entrega_sin_recogida"": 176, ""fisico"": 186, ""fuera_servicio"": 0, ""tope"": 0, ""visitas"": 0}",5918,5918,0,0,0,2823,0,14,67,0,74,"[0.3277, 0.338, 0.3364, 0.3517, 0.3101, 0.3295, 0.3715, 0.4575, 0.3533, 0.2727, 0.2891, 0.2619, 0.4645, 0.1954, 0.1707, 0.1731, 0.1698, 0.1711, 0.1705, 0.1739, 0.1723, 0.1722, 0.2001, 0.355, 0.1951, 0.18, 0.1832, 0.1811, 0.3665, 0.3615, 0.3545, 0.397, 0.1888, 0.3856, 0.4035, 0.3741, 0.5315, 0.3775, 0.4487, 0.3039, 0.4356, 0.4303, 0.417, 0.4165, 0.3416, 0.5182, 0.4473, 0.3588, 0.428, 0.2791, 0.3533, 0.3261, 0.3495, 0.4877, 0.4806, 0.2834, 0.1817, 0.179, 0.1749, 0.1866, 0.1767, 0.1754, 0.1761, 0.1752, 0.1788, 0.1769, 0.1743, 0.1741, 0.1812, 0.1768, 0.3026, 0.2928, 0.179, 0.1598]",0.2976719380021677,0.4701675918993714,0.5314847499976167,0,24.065,10.0,0.0
2025-10-13|oraculo_directo|prueba|4|39.0694|base|60|todas|onsite,2025-10-13,oraculo_directo,prueba,4,39.0694,base,60,todas,onsite,30207,2462,32669,2937,812,2125,12487,473,3208,994,0.2498789591421906,201,"{""devolucion_origen"": 3, ""entrega_sin_recogida"": 470, ""fisico"": 473, ""fuera_servicio"": 0, ""tope"": 0, ""visitas"": 0}",6245,6245,0,0,0,2937,0,14,67,0,74,"[0.6586, 0.1888, 0.2796, 0.4908, 0.3068, 0.3213, 0.5772, 0.1711, 0.2337, 0.2932, 0.2216, 0.5573, 0.4362, 0.2204, 0.3736, 0.2968, 0.1745, 0.1734, 0.1826, 0.1813, 0.1813, 0.1823, 0.4064, 0.2673, 0.3173, 0.1801, 0.5026, 0.3127, 0.375, 0.353, 0.4642, 0.4208, 0.3029, 0.1871, 0.4438, 0.2656, 0.3169, 0.2567, 0.2654, 0.3052, 0.2922, 0.4866, 0.3683, 0.3601, 0.1776, 0.3205, 0.2663, 0.3172, 0.3064, 0.1813, 0.3471, 0.4123, 0.5683, 0.4248, 0.3561, 0.6394, 0.3477, 0.3043, 0.2858, 0.2739, 0.3011, 0.2932, 0.182, 0.1773, 0.1837, 0.1868, 0.1773, 0.1852, 0.1806, 0.2362, 0.2862, 0.265, 0.1722, 0.2043]",0.2932257715001469,0.56116255229972,0.6586202499966021,0,25.027,3.0,0.0
2025-10-13|lgbm_directo|prueba|4|88.9149|base|60|todas|onsite,2025-10-13,lgbm_directo,prueba,4,88.9149,base,60,todas,onsite,69192,6413,75605,2770,738,2032,12559,505,6814,1577,0.2956108705974497,433,"{""devolucion_origen"": 5, ""entrega_sin_recogida"": 264, ""fisico"": 269, ""fuera_servicio"": 0, ""tope"": 0, ""visitas"": 0}",6282,6282,0,0,0,2770,0,14,67,0,74,"[1.3751, 0.2745, 0.5529, 0.3313, 0.3436, 0.3338, 0.3222, 0.3218, 0.4925, 0.6325, 0.1718, 0.2911, 0.4664, 0.1651, 0.1679, 0.1614, 0.1661, 0.1687, 0.171, 0.1729, 0.1726, 0.1753, 0.3769, 0.1881, 0.1834, 0.4262, 0.1862, 0.3577, 0.4705, 0.4098, 0.3881, 0.2014, 0.4022, 0.3877, 0.3391, 0.4424, 0.4155, 0.3462, 0.3329, 0.5521, 0.3514, 0.3937, 0.3334, 0.4982, 0.3547, 0.4886, 0.4985, 0.6227, 0.3005, 0.3064, 0.328, 0.364, 0.4762, 0.5675, 0.4336, 0.3601, 0.1842, 0.1761, 0.1734, 0.1906, 0.1737, 0.1743, 0.1763, 0.1798, 0.1862, 0.1849, 0.1853, 0.1806, 0.1813, 0.3121, 0.2868, 0.1796, 0.1609, 0.156]",0.3220408960041823,0.5580032788529933,1.375149583000166,0,26.287,5.0,0.0
2025-10-14|sin_rebalanceo|prueba|0|0.0|base|60|todas|onsite,2025-10-14,sin_rebalanceo,prueba,0,0.0,base,60,todas,onsite,235761,74472,310233,0,0,0,0,0,15340,9924,0.4583629465564906,1134,"{""devolucion_origen"": 0, ""entrega_sin_recogida"": 0, ""fisico"": 0, ""fuera_servicio"": 0, ""tope"": 0, ""visitas"": 0}",0,0,0,0,0,0,0,0,0,0,0,[],0.0,0.0,0.0,0,2.265,0.0,
2025-10-14|ecobici|prueba|0|0.0|base|60|todas|onsite,2025-10-14,ecobici,prueba,0,0.0,base,60,todas,onsite,109168,25503,134671,2867,1367,1500,14268,0,3167,1668,0.2902672375745081,395,"{""devolucion_origen"": 0, ""entrega_sin_recogida"": 0, ""fisico"": 270, ""fuera_servicio"": 0, ""tope"": 0, ""visitas"": 0}",6911,7087,0,176,0,2837,0,70,136,0,0,[],0.0,0.0,0.0,0,2.241,0.0,2837.0
2025-10-14|oraculo_diario|prueba|4|57.5805|base|60|todas|onsite,2025-10-14,oraculo_diario,prueba,4,57.5805,base,60,todas,onsite,46376,4054,50430,2900,789,2111,13149,546,5220,1461,0.2724029366596446,389,"{""devolucion_origen"": 19, ""entrega_sin_recogida"": 329, ""fisico"": 348, ""fuera_servicio"": 0, ""tope"": 0, ""visitas"": 0}",6584,6584,0,0,0,2902,2,14,67,0,74,"[0.5262, 0.2532, 0.319, 0.2519, 0.3029, 0.2583, 0.231, 0.265, 0.2497, 0.3633, 0.3244, 0.3168, 0.346, 0.1719, 0.1631, 0.1642, 0.1663, 0.1678, 0.1718, 0.1736, 0.1802, 0.1866, 0.1799, 0.2729, 0.3055, 0.2882, 0.2942, 0.2859, 0.1845, 0.3307, 0.2895, 0.1829, 0.3211, 0.3685, 0.5547, 0.4176, 0.267, 0.3059, 0.3262, 0.254, 0.5177, 0.2273, 0.405, 0.1727, 0.349, 0.2593, 0.1825, 0.3923, 0.3763, 0.2474, 0.3086, 0.3116, 0.2686, 0.7064, 0.3639, 0.1769, 0.3692, 0.2633, 0.2765, 0.175, 0.29, 0.1801, 0.1821, 0.1886, 0.18, 0.1783, 0.1817, 0.1825, 0.1887, 0.1718, 0.1778, 0.3054, 0.1748, 0.1875]",0.2612986669992096,0.4526657607511873,0.7064345840044552,0,22.479,19.0,0.0
2025-10-14|ma_diaria|prueba|4|72.8507|base|60|todas|onsite,2025-10-14,ma_diaria,prueba,4,72.8507,base,60,todas,onsite,68532,5489,74021,2883,754,2129,13455,557,6697,1617,0.2781718749908274,489,"{""devolucion_origen"": 11, ""entrega_sin_recogida"": 197, ""fisico"": 208, ""fuera_servicio"": 0, ""tope"": 0, ""visitas"": 0}",6733,6733,0,0,0,2883,0,14,67,0,74,"[0.344, 0.4601, 0.3316, 0.2899, 0.3497, 0.2541, 0.3357, 0.2827, 0.4712, 0.2233, 0.3737, 0.3052, 0.4145, 0.1697, 0.165, 0.1674, 0.1631, 0.1875, 0.2024, 0.1701, 0.1769, 0.1719, 0.1944, 0.3369, 0.1802, 0.2019, 0.1934, 0.4605, 0.3236, 0.6813, 0.3328, 0.3096, 0.4766, 0.3063, 0.1824, 0.5124, 0.598, 0.5294, 0.1815, 0.5972, 0.3324, 0.3981, 0.363, 0.3685, 0.4076, 0.3195, 0.6703, 0.3624, 0.3595, 0.2921, 0.4419, 0.4745, 0.1763, 0.3402, 0.6532, 0.2951, 0.2911, 0.1716, 0.3836, 0.1749, 0.1775, 0.1744, 0.1792, 0.1774, 0.1792, 0.1782, 0.1745, 0.179, 0.1778, 0.1727, 0.3305, 0.3242, 0.1853, 0.1593]",0.3001347294994048,0.5974814164495911,0.6813377919970662,0,25.027,11.0,0.0
2025-10-14|lgbm_diario|prueba|4|72.7447|base|60|todas|onsite,2025-10-14,lgbm_diario,prueba,4,72.7447,base,60,todas,onsite,69489,5423,74912,2926,769,2157,13313,526,6766,1587,0.2802210625950432,447,"{""devolucion_origen"": 11, ""entrega_sin_recogida"": 184, ""fisico"": 195, ""fuera_servicio"": 0, ""tope"": 0, ""visitas"": 0}",6662,6662,0,0,0,2926,0,14,67,0,74,"[0.1794, 0.3073, 0.4558, 0.2772, 0.261, 0.3185, 0.2885, 0.2568, 0.3371, 0.2974, 0.2524, 0.2954, 0.1777, 0.1698, 0.1636, 0.1674, 0.1674, 0.1679, 0.1747, 0.1687, 0.1748, 0.1742, 0.1744, 0.1772, 0.1755, 0.3261, 0.3942, 0.332, 0.3566, 0.5718, 0.1849, 0.3192, 0.4019, 0.6354, 0.3961, 0.3688, 0.3471, 0.4041, 0.6415, 0.412, 0.4833, 0.5054, 0.4171, 0.3015, 0.4173, 0.2951, 0.3342, 0.2734, 0.2687, 0.3529, 0.378, 0.4236, 0.2795, 0.6235, 0.4366, 0.2971, 0.3107, 0.1985, 0.2926, 0.1775, 0.1786, 0.1992, 0.1775, 0.176, 0.1753, 0.1798, 0.1756, 0.1939, 0.1786, 0.1859, 0.3031, 0.3063, 0.1821, 0.1662]",0.290517750003346,0.5286586602007443,0.6415451249995385,0,24.156,11.0,0.0
2025-10-14|oraculo_directo|prueba|4|39.0694|base|60|todas|onsite,2025-10-14,oraculo_directo,prueba,4,39.0694,base,60,todas,onsite,32047,2995,35042,3003,842,2161,12540,545,3396,1004,0.2370777400706016,232,"{""devolucion_origen"": 4, ""entrega_sin_recogida"": 511, ""fisico"": 515, ""fuera_servicio"": 0, ""tope"": 0, ""visitas"": 0}",6272,6272,0,0,0,3003,0,14,67,0,74,"[0.5627, 0.4711, 0.373, 0.4153, 0.3537, 0.181, 0.3318, 0.3041, 0.48, 0.2017, 0.1695, 0.4601, 0.2914, 0.4624, 0.4802, 0.3855, 0.1698, 0.2526, 0.1768, 0.1763, 0.1839, 0.2718, 0.3261, 0.1874, 0.3955, 0.289, 0.3014, 0.2926, 0.3254, 0.345, 0.525, 0.6493, 0.4224, 0.4323, 0.3353, 0.2602, 0.2719, 0.1769, 0.273, 0.2527, 0.2364, 0.2255, 0.3713, 0.2553, 0.2571, 0.2406, 0.381, 0.3648, 0.2477, 0.3242, 0.1868, 0.1803, 0.2674, 0.3915, 0.1887, 0.186, 0.2849, 0.3355, 0.293, 0.2991, 0.2904, 0.1956, 0.1941, 0.198, 0.1903, 0.1927, 0.3028, 0.1857, 0.3028, 0.2743, 0.2775, 0.2465, 0.1743, 0.1848]",0.2812239164995844,0.4800437186491763,0.6492776660015807,0,24.317,4.0,0.0
2025-10-14|lgbm_directo|prueba|4|88.9149|base|60|todas|onsite,2025-10-14,lgbm_directo,prueba,4,88.9149,base,60,todas,onsite,69802,6588,76390,2826,711,2115,13334,569,7077,1799,0.2945345090593514,463,"{""devolucion_origen"": 8, ""entrega_sin_recogida"": 281, ""fisico"": 289, ""fuera_servicio"": 0, ""tope"": 0, ""visitas"": 0}",6671,6671,0,0,0,2826,0,14,67,0,74,"[1.2481, 0.2585, 0.3361, 0.3997, 0.3412, 0.1772, 0.4344, 0.3165, 0.2811, 0.4532, 0.3895, 0.2392, 0.1722, 0.1737, 0.1595, 0.1642, 0.1698, 0.1709, 0.1671, 0.1728, 0.174, 0.1733, 0.177, 0.3343, 0.1771, 0.3344, 0.3469, 0.3367, 0.3177, 0.3736, 0.5159, 0.3299, 0.3749, 0.5028, 0.6417, 0.1833, 0.5323, 0.5136, 0.357, 0.1812, 0.1777, 0.2962, 0.3559, 0.3966, 0.3727, 0.4205, 0.4285, 0.2898, 0.4326, 0.8409, 0.3371, 0.2863, 0.2915, 0.6736, 0.3154, 0.2876, 0.3678, 0.1711, 0.176, 0.2901, 0.174, 0.1704, 0.1711, 0.175, 0.1706, 0.1806, 0.3743, 0.1785, 0.1803, 0.3087, 0.3211, 0.181, 0.1647, 0.1576]",0.2938668124988908,0.5705694334497815,1.2480967909941685,0,25.585,8.0,0.0
2025-10-15|sin_rebalanceo|prueba|0|0.0|base|60|todas|onsite,2025-10-15,sin_rebalanceo,prueba,0,0.0,base,60,todas,onsite,232395,70172,302567,0,0,0,0,0,14336,9110,0.4462227061350423,1010,"{""devolucion_origen"": 0, ""entrega_sin_recogida"": 0, ""fisico"": 0, ""fuera_servicio"": 0, ""tope"": 0, ""visitas"": 0}",0,0,0,0,0,0,0,0,0,0,0,[],0.0,0.0,0.0,0,2.231,0.0,
2025-10-15|ecobici|prueba|0|0.0|base|60|todas|onsite,2025-10-15,ecobici,prueba,0,0.0,base,60,todas,onsite,99502,21628,121130,3015,1454,1561,14539,0,2167,875,0.246798608815034,338,"{""devolucion_origen"": 0, ""entrega_sin_recogida"": 0, ""fisico"": 195, ""fuera_servicio"": 0, ""tope"": 0, ""visitas"": 0}",7075,7269,0,194,0,2987,0,72,114,0,0,[],0.0,0.0,0.0,0,2.196,0.0,2987.0
2025-10-15|oraculo_diario|prueba|4|57.5805|base|60|todas|onsite,2025-10-15,oraculo_diario,prueba,4,57.5805,base,60,todas,onsite,40966,3779,44745,2804,760,2044,13162,518,4111,1092,0.2517412162816504,317,"{""devolucion_origen"": 20, ""entrega_sin_recogida"": 325, ""fisico"": 345, ""fuera_servicio"": 0, ""tope"": 0, ""visitas"": 0}",6591,6591,0,0,0,2804,0,14,67,0,74,"[0.3286, 0.5005, 0.6305, 0.3788, 0.2642, 0.1721, 0.1689, 0.2943, 0.2535, 0.1682, 0.2397, 0.235, 0.1761, 0.163, 0.1769, 0.1665, 0.1633, 0.1711, 0.1735, 0.1715, 0.2692, 0.1819, 0.2745, 0.1754, 0.3373, 0.2926, 0.4008, 0.4214, 0.281, 0.1785, 0.3077, 0.3935, 0.3469, 0.1766, 0.2502, 0.3336, 0.5294, 0.3934, 0.2585, 0.2683, 0.303, 0.2342, 0.2742, 0.2468, 0.2727, 0.3353, 0.3898, 0.3121, 0.2425, 0.2086, 0.1749, 0.3366, 0.2893, 0.3284, 0.2532, 0.345, 0.4683, 0.1766, 0.2693, 0.3481, 0.3182, 0.2914, 0.2945, 0.1815, 0.2067, 0.1794, 0.1824, 0.1946, 0.1871, 0.1935, 0.1775, 0.2901, 0.1706, 0.1852]",0.2613951875027851,0.4378536079013426,0.6304826249979669,0,22.194,20.0,0.0
2025-10-15|ma_diaria|prueba|4|72.8507|base|60|todas|onsite,2025-10-15,ma_diaria,prueba,4,72.8507,base,60,todas,onsite,64810,4828,69638,2731,728,2003,12492,471,5505,1333,0.2700957330652206,403,"{""devolucion_origen"": 16, ""entrega_sin_recogida"": 202, ""fisico"": 218, ""fuera_servicio"": 0, ""tope"": 0, ""visitas"": 0}",6254,6254,0,0,0,2731,0,14,67,0,74,"[0.5181, 0.2985, 0.4626, 0.4764, 0.2809, 0.2383, 0.3184, 0.2762, 0.3212, 0.268, 0.3505, 0.3771, 0.244, 0.1649, 0.1653, 0.1768, 0.1627, 0.1671, 0.1719, 0.1692, 0.1727, 0.1715, 0.1816, 0.1805, 0.1859, 0.1904, 0.3323, 0.3669, 0.2095, 0.3747, 0.1926, 0.4313, 0.4087, 0.4786, 0.4546, 0.4007, 0.3008, 0.3444, 0.5453, 0.5276, 0.3752, 0.3298, 0.3603, 0.4761, 0.4258, 0.3343, 0.3821, 0.4385, 0.2781, 0.1767, 0.4772, 0.3288, 0.3336, 0.3402, 0.3078, 0.3176, 0.3288, 0.1773, 0.362, 0.1814, 0.1788, 0.177, 0.1758, 0.1799, 0.1821, 0.1771, 0.1746, 0.1797, 0.1761, 0.1827, 0.3158, 0.2826, 0.1789, 0.1569]",0.290543291499489,0.4776973272993928,0.5452745419970597,0,23.787,16.0,0.0
2025-10-15|lgbm_diario|prueba|4|72.7447|base|60|todas|onsite,2025-10-15,lgbm_diario,prueba,4,72.7447,base,60,todas,onsite,64954,5413,70367,2748,719,2029,12355,489,5619,1343,0.2623323811141067,411,"{""devolucion_origen"": 15, ""entrega_sin_recogida"": 171, ""fisico"": 186, ""fuera_servicio"": 0, ""tope"": 0, ""visitas"": 0}",6185,6185,0,0,0,2748,0,14,67,0,74,"[0.5086, 0.3454, 0.3675, 0.5409, 0.4599, 0.3843, 0.1798, 0.2355, 0.3533, 0.2439, 0.2345, 0.2603, 0.1613, 0.1631, 0.1627, 0.1691, 0.172, 0.1671, 0.1737, 0.1698, 0.1918, 0.1842, 0.1977, 0.3643, 0.1847, 0.1917, 0.1833, 0.1836, 0.3602, 0.3334, 0.3554, 0.3277, 0.4186, 0.3661, 0.3439, 0.4444, 0.2881, 0.4417, 0.7091, 0.4983, 0.2782, 0.3904, 0.3431, 0.2935, 0.3588, 0.4003, 0.3482, 0.3965, 0.2731, 0.3682, 0.2722, 0.3356, 0.1848, 0.4766, 0.3165, 0.3165, 0.2074, 0.3145, 0.3368, 0.1822, 0.1815, 0.1791, 0.1751, 0.2038, 0.1758, 0.1769, 0.1726, 0.1715, 0.1822, 0.184, 0.3125, 0.2712, 0.1768, 0.1545]",0.2726680625019071,0.4841922057024929,0.7090811249945546,0,23.455,15.0,0.0
2025-10-15|oraculo_directo|prueba|4|39.0694|base|60|todas|onsite,2025-10-15,oraculo_directo,prueba,4,39.0694,base,60,todas,onsite,27825,3604,31429,2877,842,2035,12507,455,2561,803,0.2198088643400688,208,"{""devolucion_origen"": 7, ""entrega_sin_recogida"": 448, ""fisico"": 455, ""fuera_servicio"": 0, ""tope"": 0, ""visitas"": 0}",6257,6257,0,0,0,2877,0,14,67,0,74,"[0.3428, 0.5158, 0.4239, 0.2311, 0.1784, 0.2435, 0.1782, 0.2403, 0.4161, 0.4449, 0.4074, 0.2212, 0.3164, 0.1638, 0.1783, 0.1699, 0.1719, 0.1696, 0.1738, 0.2572, 0.1767, 0.3451, 0.2575, 0.2665, 0.2899, 0.2791, 0.1901, 0.3535, 0.2791, 0.3593, 0.4354, 0.393, 0.3827, 0.2473, 0.4201, 0.4358, 0.2854, 0.5852, 0.332, 0.263, 0.1777, 0.2652, 0.369, 0.3652, 0.2332, 0.4491, 0.2972, 0.2785, 0.1819, 0.1801, 0.4407, 0.5298, 0.3081, 0.2656, 0.4599, 0.4979, 0.3142, 0.3298, 0.3257, 0.294, 0.3369, 0.1911, 0.187, 0.1849, 0.1824, 0.1918, 0.1871, 0.1875, 0.2984, 0.1815, 0.1903, 0.172, 0.1705, 0.1713]",0.2724849165024352,0.4731963794009059,0.5852312499991967,0,23.693,7.0,0.0
2025-10-15|lgbm_directo|prueba|4|88.9149|base|60|todas|onsite,2025-10-15,lgbm_directo,prueba,4,88.9149,base,60,todas,onsite,67626,6072,73698,2647,673,1974,12667,506,5928,1483,0.2681177441714047,444,"{""devolucion_origen"": 3, ""entrega_sin_recogida"": 242, ""fisico"": 245, ""fuera_servicio"": 0, ""tope"": 0, ""visitas"": 0}",6335,6335,0,0,0,2647,0,14,67,0,74,"[1.569, 0.4252, 0.3599, 0.2708, 0.2813, 0.1737, 0.291, 0.3399, 0.5485, 0.4168, 0.2487, 0.3553, 0.5202, 0.1667, 0.4435, 0.1622, 0.1864, 0.1712, 0.171, 0.1686, 0.178, 0.1854, 0.1772, 0.3536, 0.1813, 0.183, 0.345, 0.1853, 0.3231, 0.3245, 0.3188, 0.4014, 0.3903, 0.3087, 0.291, 0.3944, 0.34, 0.5016, 0.3051, 0.439, 0.4945, 0.5504, 0.5158, 0.2889, 0.4842, 0.4797, 0.325, 0.571, 0.4356, 0.2621, 0.3344, 0.3728, 0.3596, 0.3644, 0.3361, 0.3304, 0.1769, 0.1761, 0.1795, 0.1897, 0.1925, 0.1958, 0.1789, 0.1734, 0.1834, 0.1803, 0.1692, 0.1718, 0.1796, 0.3068, 0.2897, 0.1813, 0.1625, 0.1562]",0.2980707500028074,0.5300682601995502,1.568970749998698,0,25.621,3.0,0.0
2025-10-16|sin_rebalanceo|prueba|0|0.0|base|60|todas|onsite,2025-10-16,sin_rebalanceo,prueba,0,0.0,base,60,todas,onsite,213509,68673,282182,0,0,0,0,0,14052,8959,0.4417956557520128,985,"{""devolucion_origen"": 0, ""entrega_sin_recogida"": 0, ""fisico"": 0, ""fuera_servicio"": 0, ""tope"": 0, ""visitas"": 0}",0,0,0,0,0,0,0,0,0,0,0,[],0.0,0.0,0.0,0,2.23,0.0,
2025-10-16|ecobici|prueba|0|0.0|base|60|todas|onsite,2025-10-16,ecobici,prueba,0,0.0,base,60,todas,onsite,92276,16694,108970,2874,1447,1427,14542,0,2783,1257,0.2699977101956075,261,"{""devolucion_origen"": 0, ""entrega_sin_recogida"": 0, ""fisico"": 254, ""fuera_servicio"": 0, ""tope"": 0, ""visitas"": 0}",7072,7216,0,144,0,2846,0,69,122,0,0,[],0.0,0.0,0.0,0,2.198,0.0,2846.0
2025-10-16|oraculo_diario|prueba|4|57.5805|base|60|todas|onsite,2025-10-16,oraculo_diario,prueba,4,57.5805,base,60,todas,onsite,40041,3864,43905,2610,714,1896,12233,485,3948,1048,0.2694453795353724,272,"{""devolucion_origen"": 11, ""entrega_sin_recogida"": 287, ""fisico"": 298, ""fuera_servicio"": 0, ""tope"": 0, ""visitas"": 0}",6122,6122,0,0,0,2610,0,14,67,0,74,"[0.5054, 0.3358, 0.4849, 0.3892, 0.1818, 0.2898, 0.3125, 0.2202, 0.2219, 0.1718, 0.1675, 0.2347, 0.3715, 0.1688, 0.17, 0.2244, 0.1695, 0.1735, 0.1678, 0.1947, 0.1792, 0.1767, 0.1928, 0.2805, 0.2858, 0.1839, 0.3565, 0.265, 0.2952, 0.1798, 0.1827, 0.2552, 0.3549, 0.362, 0.2561, 0.2763, 0.2478, 0.3794, 0.3097, 0.272, 0.1753, 0.2749, 0.2587, 0.3476, 0.4413, 0.3202, 0.2524, 0.329, 0.4183, 0.2889, 0.517, 0.3425, 0.2558, 0.2616, 0.2456, 0.3653, 0.177, 0.3057, 0.1751, 0.18, 0.1832, 0.3598, 0.2859, 0.3187, 0.1782, 0.3205, 0.1807, 0.1809, 0.1894, 0.2854, 0.2782, 0.1829, 0.176, 0.1696]",0.2574299995030742,0.4263446751981972,0.5170362919961917,0,21.964,11.0,0.0
2025-10-16|ma_diaria|prueba|4|72.8507|base|60|todas|onsite,2025-10-16,ma_diaria,prueba,4,72.8507,base,60,todas,onsite,62459,4904,67363,2621,683,1938,11928,491,4912,1074,0.2526926770728356,351,"{""devolucion_origen"": 8, ""entrega_sin_recogida"": 189, ""fisico"": 197, ""fuera_servicio"": 0, ""tope"": 0, ""visitas"": 0}",5968,5968,0,0,0,2621,0,14,67,0,74,"[0.3166, 0.3286, 0.1786, 0.4538, 0.2508, 0.3224, 0.3718, 0.2297, 0.2691, 0.2358, 0.2467, 0.3285, 0.4631, 0.195, 0.1699, 0.1681, 0.1711, 0.1894, 0.1717, 0.204, 0.1806, 0.1743, 0.1748, 0.1807, 0.1756, 0.174, 0.3173, 0.3323, 0.3271, 0.3295, 0.3, 0.3556, 0.3792, 0.3242, 0.3271, 0.5762, 0.3478, 0.3941, 0.5157, 0.3532, 0.536, 0.4697, 0.4372, 0.2845, 0.1776, 0.3949, 0.3283, 0.3199, 0.3474, 0.5717, 0.5352, 0.352, 0.425, 0.3191, 0.495, 0.4116, 0.3124, 0.3007, 0.1747, 0.3096, 0.1974, 0.1815, 0.2057, 0.1982, 0.1843, 0.2056, 0.1925, 0.1984, 0.1749, 0.1779, 0.3099, 0.2728, 0.1804, 0.1574]",0.3051267494993226,0.5225553018502977,0.576217166002607,0,24.152,8.0,0.0
2025-10-16|lgbm_diario|prueba|4|72.7447|base|60|todas|onsite,2025-10-16,lgbm_diario,prueba,4,72.7447,base,60,todas,onsite,62149,5345,67494,2600,675,1925,11592,459,4893,1084,0.2583268294260331,343,"{""devolucion_origen"": 12, ""entrega_sin_recogida"": 211, ""fisico"": 223, ""fuera_servicio"": 0, ""tope"": 0, ""visitas"": 0}",5802,5802,0,0,0,2600,0,14,67,0,74,"[0.2677, 0.2566, 0.4514, 0.4602, 0.2576, 0.2817, 0.4829, 0.3654, 0.2922, 0.3171, 0.3347, 0.2549, 0.2951, 0.1767, 0.1699, 0.1656, 0.1751, 0.175, 0.1733, 0.1744, 0.1751, 0.1717, 0.1785, 0.1775, 0.1823, 0.3588, 0.3849, 0.3764, 0.34, 0.3098, 0.3501, 0.3022, 0.3401, 0.3062, 0.1803, 0.3934, 0.3362, 0.3741, 0.3602, 0.3086, 0.4067, 0.4678, 0.2972, 0.2735, 0.2986, 0.3616, 0.4506, 0.3294, 0.1757, 0.1753, 0.5015, 0.3573, 0.3664, 0.5751, 0.8174, 0.2925, 0.2996, 0.1758, 0.2909, 0.3218, 0.1768, 0.3227, 0.1794, 0.1794, 0.1831, 0.181, 0.1736, 0.1782, 0.175, 0.1778, 0.2956, 0.261, 0.1872, 0.1594]",0.2938359165018482,0.4730780147059703,0.8173659579988453,0,23.897,12.0,0.0
2025-10-16|oraculo_directo|prueba|4|39.0694|base|60|todas|onsite,2025-10-16,oraculo_directo,prueba,4,39.0694,base,60,todas,onsite,30124,2813,32937,2707,752,1955,11311,412,2492,743,0.2436993473331238,222,"{""devolucion_origen"": 1, ""entrega_sin_recogida"": 458, ""fisico"": 459, ""fuera_servicio"": 0, ""tope"": 0, ""visitas"": 0}",5656,5656,0,0,0,2707,0,14,67,0,74,"[0.7296, 0.4279, 0.3091, 0.2858, 0.2349, 0.3369, 0.1941, 0.3673, 0.2388, 0.2584, 0.3362, 0.2238, 0.3029, 0.231, 0.3051, 0.2427, 0.1797, 0.173, 0.1901, 0.1782, 0.1813, 0.3074, 0.2074, 0.2975, 0.2903, 0.2788, 0.2746, 0.5408, 0.3708, 0.264, 0.2838, 0.2696, 0.5783, 0.3751, 0.1762, 0.1798, 0.2802, 0.3347, 0.2366, 0.3027, 0.1759, 0.3862, 0.3825, 0.1771, 0.281, 0.2355, 0.1807, 0.3268, 0.2778, 0.3632, 0.27, 0.2927, 0.312, 0.409, 0.2571, 0.2639, 0.4374, 0.4142, 0.3888, 0.1919, 0.2815, 0.3001, 0.4281, 0.317, 0.2989, 0.2035, 0.1914, 0.1941, 0.2779, 1.0679, 0.6731, 0.317, 0.1754, 0.2091]",0.2812130005040671,0.5539397706008455,1.0678782499962836,0,25.033,1.0,0.0
2025-10-16|lgbm_directo|prueba|4|88.9149|base|60|todas|onsite,2025-10-16,lgbm_directo,prueba,4,88.9149,base,60,todas,onsite,63199,5173,68372,2548,654,1894,12113,470,5417,1117,0.2634590976820334,389,"{""devolucion_origen"": 1, ""entrega_sin_recogida"": 292, ""fisico"": 293, ""fuera_servicio"": 0, ""tope"": 0, ""visitas"": 0}",6057,6057,0,0,0,2548,0,14,67,0,74,"[1.2816, 0.2656, 0.2729, 0.2786, 0.4017, 0.2465, 0.3341, 0.3384, 0.2873, 0.2521, 0.3173, 0.1642, 0.4366, 0.1736, 0.181, 0.1805, 0.1738, 0.18, 0.1995, 0.1744, 0.1751, 0.1723, 0.1761, 0.1729, 0.1781, 0.1758, 0.3241, 0.3242, 0.3181, 0.3187, 0.3241, 0.3754, 0.1762, 0.2995, 0.3718, 0.529, 0.6223, 0.3158, 0.4821, 0.4462, 0.4679, 0.6079, 0.3609, 0.3183, 0.6629, 0.1787, 0.3284, 0.3952, 0.2975, 0.426, 0.3877, 0.3697, 0.4615, 0.3024, 0.4783, 0.1722, 0.315, 0.3162, 0.3006, 0.3099, 0.305, 0.3235, 0.1783, 0.181, 0.1907, 0.1827, 0.182, 0.1781, 0.1801, 0.1972, 0.352, 0.1829, 0.1641, 0.1634]",0.3015202915012196,0.5565897932960066,1.2815786249993837,0,25.115,1.0,0.0
2025-10-17|sin_rebalanceo|prueba|0|0.0|base|60|todas|onsite,2025-10-17,sin_rebalanceo,prueba,0,0.0,base,60,todas,onsite,203557,58950,262507,0,0,0,0,0,12464,7606,0.4173302622034338,928,"{""devolucion_origen"": 0, ""entrega_sin_recogida"": 0, ""fisico"": 0, ""fuera_servicio"": 0, ""tope"": 0, ""visitas"": 0}",0,0,0,0,0,0,0,0,0,0,0,[],0.0,0.0,0.0,0,2.159,0.0,
2025-10-17|ecobici|prueba|0|0.0|base|60|todas|onsite,2025-10-17,ecobici,prueba,0,0.0,base,60,todas,onsite,82768,12011,94779,2807,1329,1478,13665,0,1681,609,0.2506178961460314,274,"{""devolucion_origen"": 0, ""entrega_sin_recogida"": 0, ""fisico"": 152, ""fuera_servicio"": 0, ""tope"": 0, ""visitas"": 0}",6711,6802,0,91,0,2798,0,71,138,0,0,[],0.0,0.0,0.0,0,2.163,0.0,2798.0
2025-10-17|oraculo_diario|prueba|4|57.5805|base|60|todas|onsite,2025-10-17,oraculo_diario,prueba,4,57.5805,base,60,todas,onsite,34172,2485,36657,2353,634,1719,11038,429,2830,640,0.2361995003955277,211,"{""devolucion_origen"": 16, ""entrega_sin_recogida"": 348, ""fisico"": 364, ""fuera_servicio"": 0, ""tope"": 0, ""visitas"": 0}",5527,5527,0,0,0,2355,2,14,67,0,74,"[0.1899, 0.3009, 0.1979, 0.232, 0.2542, 0.3158, 0.259, 0.2685, 0.2684, 0.2433, 0.2236, 0.1713, 0.1878, 0.1713, 0.182, 0.1865, 0.1736, 0.1732, 0.1986, 0.1751, 0.1779, 0.1898, 0.2843, 0.3752, 0.1822, 0.2825, 0.3204, 0.3581, 0.2991, 0.247, 0.3441, 0.1761, 0.3222, 0.7255, 0.2579, 0.3113, 0.3056, 0.2572, 0.3185, 0.2378, 0.3547, 0.3622, 0.2552, 0.3316, 0.2843, 0.1791, 0.2635, 0.5849, 0.2953, 0.4834, 0.2943, 0.2597, 0.2003, 0.2996, 0.3057, 0.3309, 0.4023, 0.2827, 0.277, 0.4347, 0.3209, 0.295, 0.1826, 0.1901, 0.2099, 0.1787, 0.1839, 0.1926, 0.3279, 0.1866, 0.3122, 0.1725, 0.1747, 0.167]",0.2593731455017405,0.41359885230122,0.7254937920006341,0,22.22,16.0,0.0
2025-10-17|ma_diaria|prueba|4|72.8507|base|60|todas|onsite,2025-10-17,ma_diaria,prueba,4,72.8507,base,60,todas,onsite,53803,3476,57279,2385,608,1777,11430,516,4358,715,0.2350579756449146,328,"{""devolucion_origen"": 16, ""entrega_sin_recogida"": 227, ""fisico"": 243, ""fuera_servicio"": 0, ""tope"": 0, ""visitas"": 0}",5723,5723,0,0,0,2385,0,14,67,0,74,"[0.3655, 0.5395, 0.3833, 0.382, 0.2736, 0.3149, 0.294, 0.1894, 0.2411, 0.2468, 0.1731, 0.2656, 0.169, 0.167, 0.1686, 0.1712, 0.1692, 0.1772, 0.1722, 0.185, 0.174, 0.1741, 0.1823, 0.183, 0.1794, 0.1829, 0.3456, 0.4633, 0.371, 0.3994, 0.3472, 0.4313, 0.3901, 0.3077, 0.3892, 0.3288, 0.4547, 0.5325, 0.3121, 0.3398, 0.2767, 0.6737, 0.3986, 0.2884, 0.3769, 0.2704, 0.3213, 0.3304, 0.4428, 0.2925, 0.3001, 0.4194, 0.3113, 0.538, 0.4433, 0.3085, 0.3274, 0.3985, 0.3266, 0.1872, 0.1885, 0.4199, 0.1782, 0.1854, 0.4197, 0.3906, 0.1752, 0.1822, 0.1864, 0.3422, 0.3145, 0.1716, 0.1882, 0.1623]",0.30810177049716,0.4874866982449016,0.6737205420067767,0,24.561,16.0,0.0
2025-10-17|lgbm_diario|prueba|4|72.7447|base|60|todas|onsite,2025-10-17,lgbm_diario,prueba,4,72.7447,base,60,todas,onsite,51762,4114,55876,2405,568,1837,10753,473,4081,786,0.2280404888457989,317,"{""devolucion_origen"": 1, ""entrega_sin_recogida"": 187, ""fisico"": 188, ""fuera_servicio"": 0, ""tope"": 0, ""visitas"": 0}",5377,5377,0,0,0,2405,0,14,67,0,74,"[0.478, 0.3911, 0.2771, 0.4511, 0.2544, 0.3672, 0.3408, 0.3693, 0.4205, 0.2518, 0.264, 0.2971, 0.3248, 0.18, 0.172, 0.1706, 0.1663, 0.1754, 0.1724, 0.185, 0.1736, 0.1724, 0.1781, 0.4195, 0.3447, 0.3679, 0.3361, 0.388, 0.3807, 0.4024, 0.3759, 0.4562, 0.332, 0.5099, 0.6144, 0.5304, 0.3644, 0.4582, 0.8616, 0.3343, 0.5847, 0.3234, 0.3339, 0.3704, 0.45, 0.3401, 0.3091, 0.4023, 0.4486, 0.338, 0.6632, 0.324, 0.3238, 0.595, 0.4347, 0.1778, 0.3271, 0.3547, 0.3225, 0.1859, 0.1935, 0.3648, 0.1895, 0.1825, 0.1823, 0.1772, 0.184, 0.178, 0.1858, 0.1758, 0.3175, 0.1668, 0.1799, 0.1649]",0.3295828334994439,0.5883004579998669,0.8615733340047882,0,26.535,1.0,0.0
2025-10-17|oraculo_directo|prueba|4|39.0694|base|60|todas|onsite,2025-10-17,oraculo_directo,prueba,4,39.0694,base,60,todas,onsite,22413,2251,24664,2438,662,1776,10185,362,1708,562,0.1954365409607943,148,"{""devolucion_origen"": 3, ""entrega_sin_recogida"": 400, ""fisico"": 403, ""fuera_servicio"": 0, ""tope"": 0, ""visitas"": 0}",5094,5094,0,0,0,2440,2,14,67,0,74,"[0.5116, 0.2792, 0.4364, 0.3057, 0.3556, 0.2538, 0.3442, 0.2357, 0.1745, 0.2844, 0.3227, 0.2323, 0.1997, 0.1875, 0.1878, 0.3335, 0.1928, 0.181, 0.2942, 0.2688, 0.2734, 0.3009, 0.2757, 0.3383, 0.2856, 0.3013, 0.41, 0.505, 0.5218, 0.6094, 0.1831, 0.5549, 0.4371, 0.1786, 0.2991, 0.3547, 0.2742, 0.3783, 0.3872, 0.3503, 0.504, 0.378, 0.3017, 0.2485, 0.2917, 0.3355, 0.2784, 0.2762, 0.3894, 0.555, 0.1897, 0.3213, 0.3017, 0.3037, 0.3937, 0.2766, 0.2758, 0.3081, 0.3115, 0.3041, 0.185, 0.184, 0.1808, 0.1831, 0.1869, 0.1842, 0.1846, 0.1896, 0.3617, 0.2891, 0.1799, 0.2614, 0.1741, 0.1749]",0.2904022715010796,0.5151313062484405,0.6094342090000282,0,24.546,3.0,0.0
2025-10-17|lgbm_directo|prueba|4|88.9149|base|60|todas|onsite,2025-10-17,lgbm_directo,prueba,4,88.9149,base,60,todas,onsite,51738,3850,55588,2345,585,1760,11669,519,4412,813,0.2439948475418928,342,"{""devolucion_origen"": 5, ""entrega_sin_recogida"": 251, ""fisico"": 256, ""fuera_servicio"": 0, ""tope"": 0, ""visitas"": 0}",5837,5837,0,0,0,2345,0,14,67,0,74,"[1.2929, 0.2747, 0.2022, 0.3888, 0.3555, 0.3456, 0.2689, 0.3057, 0.4485, 0.3809, 0.2638, 0.2737, 0.3939, 0.3074, 0.1742, 0.1656, 0.1713, 0.1781, 0.1735, 0.1746, 0.1799, 0.1759, 0.1806, 0.4469, 0.1916, 0.1916, 0.3641, 0.1914, 0.4159, 0.4297, 0.4129, 0.5894, 0.4255, 0.5879, 0.4763, 0.3714, 0.4698, 0.4507, 0.6199, 0.422, 0.3666, 0.4711, 0.5209, 0.1741, 0.4381, 0.4121, 0.3802, 0.3576, 0.4013, 0.3137, 0.3257, 0.3826, 0.3862, 0.3467, 0.5622, 0.4996, 0.3318, 0.3806, 0.1807, 0.1811, 0.3454, 0.1869, 0.3854, 0.3576, 0.1891, 0.3837, 0.1772, 0.18, 0.1909, 0.3404, 0.3143, 0.174, 0.1712, 0.1668]",0.3461203955012024,0.5712100017513875,1.2929443749962957,0,27.426,5.0,0.0
2025-10-18|sin_rebalanceo|prueba|0|0.0|base|60|todas|onsite,2025-10-18,sin_rebalanceo,prueba,0,0.0,base,60,todas,onsite,95949,21334,117283,0,0,0,0,0,2056,1306,0.2723722087495194,192,"{""devolucion_origen"": 0, ""entrega_sin_recogida"": 0, ""fisico"": 0, ""fuera_servicio"": 0, ""tope"": 0, ""visitas"": 0}",0,0,0,0,0,0,0,0,0,0,0,[],0.0,0.0,0.0,0,1.856,0.0,
2025-10-18|ecobici|prueba|0|0.0|base|60|todas|onsite,2025-10-18,ecobici,prueba,0,0.0,base,60,todas,onsite,57384,13157,70541,1207,624,583,3664,0,217,117,0.183205498856904,86,"{""devolucion_origen"": 0, ""entrega_sin_recogida"": 0, ""fisico"": 10, ""fuera_servicio"": 0, ""tope"": 0, ""visitas"": 0}",1816,1838,0,22,0,1202,0,30,74,0,0,[],0.0,0.0,0.0,0,1.84,0.0,1202.0
2025-10-18|oraculo_diario|prueba|4|57.5805|base|60|todas|onsite,2025-10-18,oraculo_diario,prueba,4,57.5805,base,60,todas,onsite,11430,1299,12729,1143,204,939,4026,157,343,25,0.2016810877687801,61,"{""devolucion_origen"": 6, ""entrega_sin_recogida"": 46, ""fisico"": 52, ""fuera_servicio"": 0, ""tope"": 0, ""visitas"": 0}",2016,2016,0,0,0,1143,0,14,36,0,74,"[0.1917, 0.4438, 0.191, 0.1956, 0.4021, 0.1903, 0.1888, 0.2974, 0.3066, 0.3246, 0.3005, 0.2828, 0.2894, 0.3209, 0.3233, 0.3187, 0.3094, 0.183, 0.1822, 0.2827, 0.1775, 0.2694, 0.2938, 0.2817, 0.3313, 0.1924, 0.3326, 0.3221, 0.5572, 0.3865, 0.2751, 0.1831, 0.3098, 0.2982, 0.4731, 0.2856, 0.4497, 0.3847, 0.2888, 0.4038, 0.5534, 0.3202, 0.1902, 0.3099, 0.3973, 0.1814, 0.2942, 0.3867, 0.3747, 0.1893, 0.3666, 0.496, 0.3516, 0.3454, 0.3693, 0.1858, 0.3437, 0.3836, 0.1845, 0.1842, 0.191, 0.1867, 0.1895, 0.3385, 0.355, 0.1826, 0.543, 0.1944, 0.1814, 0.352, 0.1771, 0.1754, 0.1817, 0.1731]",0.2977889374997176,0.4810991909998846,0.5572479170004954,0,23.921,6.0,0.0
2025-10-18|ma_diaria|prueba|4|72.8507|base|60|todas|onsite,2025-10-18,ma_diaria,prueba,4,72.8507,base,60,todas,onsite,30765,2481,33246,1149,187,962,3370,131,1271,97,0.2074489095773019,107,"{""devolucion_origen"": 0, ""entrega_sin_recogida"": 10, ""fisico"": 10, ""fuera_servicio"": 0, ""tope"": 0, ""visitas"": 0}",1685,1685,0,0,0,1149,0,14,33,0,74,"[0.1952, 0.3314, 0.1833, 0.3946, 0.4763, 0.4943, 0.411, 0.4355, 0.4639, 0.5771, 0.7159, 0.2009, 0.6657, 0.6993, 0.97, 0.5031, 0.365, 0.3505, 0.3629, 0.3889, 0.3747, 0.3664, 0.1817, 0.429, 0.3982, 0.3911, 0.1999, 0.4021, 0.1861, 0.4796, 0.1831, 0.198, 0.2139, 0.1837, 0.3697, 0.2265, 0.1892, 0.1986, 0.1866, 0.4362, 0.3798, 0.5086, 0.69, 0.2066, 0.4911, 2.0195, 0.519, 0.2028, 0.187, 0.1836, 0.1873, 0.1947, 0.5399, 0.8021, 0.5578, 0.1891, 0.1942, 0.1833, 0.1912, 0.1838, 0.3963, 0.2117, 0.182, 0.1836, 0.1853, 0.1884, 0.6521, 0.1828, 0.1745, 0.3286, 0.1855, 0.1726, 0.1825, 0.1672]",0.3299977084971033,0.7051251392513221,2.019547124997189,0,28.966,0.0,0.0
2025-10-18|lgbm_diario|prueba|4|72.7447|base|60|todas|onsite,2025-10-18,lgbm_diario,prueba,4,72.7447,base,60,todas,onsite,28942,2508,31450,1119,182,937,3263,138,1135,86,0.2156144869708565,92,"{""devolucion_origen"": 1, ""entrega_sin_recogida"": 9, ""fisico"": 10, ""fuera_servicio"": 0, ""tope"": 0, ""visitas"": 0}",1632,1632,0,0,0,1119,0,14,41,0,74,"[0.1917, 0.4, 0.183, 0.1966, 0.7237, 0.4055, 0.3803, 0.5334, 0.1826, 0.5526, 0.4133, 0.429, 0.7918, 0.6187, 0.7164, 0.6437, 0.6033, 0.3784, 0.428, 0.4115, 0.1849, 0.3837, 0.1812, 0.3498, 0.3894, 0.4017, 0.1854, 0.1817, 0.1871, 0.4658, 0.1956, 0.1933, 0.1906, 0.1866, 0.4464, 0.1899, 0.1823, 0.5075, 0.5076, 0.6114, 0.3811, 0.77, 1.0367, 0.1922, 0.5066, 0.3967, 0.5468, 0.5604, 0.1963, 0.1871, 0.1908, 0.1879, 0.1825, 0.8243, 0.1794, 0.1872, 0.4086, 0.1929, 0.1874, 0.1905, 0.1892, 0.1892, 0.1918, 0.1871, 0.1803, 0.188, 0.4323, 0.1859, 0.1759, 0.1832, 0.1708, 0.1679, 0.1654, 0.1664]",0.1959432084986474,0.7399299147014969,1.036737374997756,0,27.623,1.0,0.0
2025-10-18|oraculo_directo|prueba|4|39.0694|base|60|todas|onsite,2025-10-18,oraculo_directo,prueba,4,39.0694,base,60,todas,onsite,9112,714,9826,940,171,769,2806,113,149,12,0.1941733389137309,39,"{""devolucion_origen"": 0, ""entrega_sin_recogida"": 21, ""fisico"": 21, ""fuera_servicio"": 0, ""tope"": 0, ""visitas"": 0}",1403,1403,0,0,0,940,0,14,29,0,74,"[0.2081, 0.2224, 0.1887, 0.5187, 0.4723, 0.1876, 0.3558, 0.4736, 0.2106, 0.3802, 0.5487, 0.3461, 0.3567, 0.3141, 0.1986, 0.3318, 0.3103, 0.3111, 0.2006, 0.2781, 0.4201, 0.2879, 0.4709, 0.2748, 0.3796, 0.2754, 0.2726, 0.2974, 0.5059, 0.2945, 0.2861, 0.1933, 0.3006, 0.2992, 0.2892, 0.3558, 0.4745, 0.2889, 0.5213, 0.3501, 0.3243, 0.3126, 0.1967, 0.3662, 0.1973, 0.3326, 0.1924, 0.3198, 0.3228, 0.4338, 0.5529, 0.3278, 0.444, 0.3623, 0.2015, 0.3703, 0.3575, 0.4049, 0.1942, 0.3874, 0.1881, 0.1933, 0.1884, 0.1912, 0.2758, 0.4258, 0.1876, 0.3399, 0.4894, 0.9405, 0.1811, 0.3073, 0.1867, 0.1843]",0.3118455420008104,0.5196381171001121,0.9405464160008704,0,26.084,0.0,0.0
2025-10-18|lgbm_directo|prueba|4|88.9149|base|60|todas|onsite,2025-10-18,lgbm_directo,prueba,4,88.9149,base,60,todas,onsite,29981,2088,32069,1189,204,985,4116,177,1383,82,0.2122079279918714,100,"{""devolucion_origen"": 2, ""entrega_sin_recogida"": 14, ""fisico"": 16, ""fuera_servicio"": 0, ""tope"": 0, ""visitas"": 0}",2059,2059,0,0,0,1189,0,14,39,0,74,"[1.1128, 0.4012, 0.1831, 0.4221, 0.1888, 0.3871, 0.4111, 0.4087, 0.186, 0.4766, 0.39, 0.365, 0.591, 0.5009, 0.6676, 1.2333, 0.4374, 0.6162, 0.3626, 0.4512, 0.1937, 0.1815, 0.3852, 0.395, 0.1845, 0.3886, 0.1837, 0.5183, 0.1819, 0.1781, 0.1791, 0.4012, 0.367, 0.1823, 0.6722, 0.1877, 0.1782, 0.387, 0.3698, 0.3862, 0.1838, 0.3806, 0.5158, 0.5531, 0.5183, 0.7231, 0.188, 0.7576, 0.1891, 0.1873, 0.1956, 0.4931, 0.5342, 0.471, 0.1894, 0.1895, 0.1876, 0.3341, 0.1798, 0.193, 0.1885, 0.1804, 0.1906, 0.1901, 0.1906, 0.1862, 0.1796, 0.4515, 0.3778, 0.1725, 0.171, 0.1691, 0.1661, 0.162]",0.3637883960000181,0.6899941880550611,1.2333212500016089,0,28.02,2.0,0.0
2025-10-19|sin_rebalanceo|prueba|0|0.0|base|60|todas|onsite,2025-10-19,sin_rebalanceo,prueba,0,0.0,base,60,todas,onsite,104876,24238,129114,0,0,0,0,0,2531,1337,0.2771860726349928,198,"{""devolucion_origen"": 0, ""entrega_sin_recogida"": 0, ""fisico"": 0, ""fuera_servicio"": 0, ""tope"": 0, ""visitas"": 0}",0,0,0,0,0,0,0,0,0,0,0,[],0.0,0.0,0.0,0,1.862,0.0,
2025-10-19|ecobici|prueba|0|0.0|base|60|todas|onsite,2025-10-19,ecobici,prueba,0,0.0,base,60,todas,onsite,70768,15127,85895,1283,715,568,4157,0,283,138,0.2151600914558118,85,"{""devolucion_origen"": 0, ""entrega_sin_recogida"": 0, ""fisico"": 4, ""fuera_servicio"": 0, ""tope"": 0, ""visitas"": 0}",2106,2047,0,-59,0,1280,0,24,72,0,0,[],0.0,0.0,0.0,0,1.816,0.0,1280.0
2025-10-19|oraculo_diario|prueba|4|57.5805|base|60|todas|onsite,2025-10-19,oraculo_diario,prueba,4,57.5805,base,60,todas,onsite,17648,1044,18692,1134,221,913,3718,155,540,12,0.2043642621905007,116,"{""devolucion_origen"": 6, ""entrega_sin_recogida"": 95, ""fisico"": 101, ""fuera_servicio"": 0, ""tope"": 0, ""visitas"": 0}",1862,1862,0,0,0,1134,0,14,38,0,74,"[0.1862, 0.1878, 0.1879, 0.4147, 0.1854, 0.1841, 0.3741, 0.3436, 0.3827, 0.3548, 0.3185, 0.4892, 0.3162, 0.4088, 0.1844, 0.5573, 0.3076, 0.3007, 0.2937, 0.2914, 0.3017, 0.3211, 0.3772, 0.3651, 0.186, 0.3742, 0.2983, 0.2791, 0.3731, 0.1982, 0.1758, 0.2891, 0.2233, 0.3028, 0.3789, 0.3157, 0.3107, 0.3548, 0.3767, 0.2789, 0.3004, 0.2739, 0.2782, 0.1836, 0.3115, 0.2121, 0.3229, 0.3232, 0.2302, 0.3125, 0.4931, 0.2976, 0.3336, 0.3799, 0.4091, 0.3288, 0.3459, 0.1909, 0.4647, 0.7843, 0.6955, 0.5195, 0.1937, 0.1984, 0.4676, 0.1892, 0.3259, 0.4697, 0.3922, 0.8882, 0.1842, 0.1707, 0.1805, 0.1659]",0.3120350209974276,0.5327654602973778,0.8881628330054809,0,26.09,6.0,0.0
2025-10-19|ma_diaria|prueba|4|72.8507|base|60|todas|onsite,2025-10-19,ma_diaria,prueba,4,72.8507,base,60,todas,onsite,34008,2277,36285,1173,176,997,3550,140,1171,98,0.2172859240603046,158,"{""devolucion_origen"": 2, ""entrega_sin_recogida"": 12, ""fisico"": 14, ""fuera_servicio"": 0, ""tope"": 0, ""visitas"": 0}",1776,1776,0,0,0,1173,0,14,35,0,74,"[0.1826, 0.4224, 0.1822, 0.4542, 0.4321, 0.1868, 0.3932, 0.3774, 0.1858, 0.3546, 0.3719, 0.383, 0.4158, 0.4109, 0.4842, 0.3139, 0.6239, 0.3801, 0.3793, 0.1826, 0.4782, 0.3295, 0.6396, 0.1942, 0.3679, 0.5117, 0.1835, 0.3351, 0.1796, 0.4053, 0.1867, 0.1802, 0.1802, 0.4195, 0.1878, 0.178, 0.1826, 0.1791, 0.4044, 0.1884, 0.4891, 0.186, 0.4471, 0.1842, 0.4574, 0.4783, 0.3914, 0.5383, 0.1901, 0.1851, 0.5109, 0.1836, 0.1878, 0.4278, 0.1866, 0.6167, 0.7617, 0.6984, 0.3827, 0.3812, 0.5041, 0.49, 0.4674, 0.4633, 0.5362, 0.1896, 0.1851, 0.3701, 0.1799, 0.3465, 0.3246, 0.3073, 0.1701, 0.1644]",0.3709622284986835,0.6192145085478842,0.7617348339990713,0,27.552,2.0,0.0
2025-10-19|lgbm_diario|prueba|4|72.7447|base|60|todas|onsite,2025-10-19,lgbm_diario,prueba,4,72.7447,base,60,todas,onsite,34856,2650,37506,1166,183,983,3257,136,1091,114,0.2212612317691164,142,"{""devolucion_origen"": 17, ""entrega_sin_recogida"": 20, ""fisico"": 37, ""fuera_servicio"": 0, ""tope"": 0, ""visitas"": 0}",1637,1637,0,0,0,1166,0,14,33,0,74,"[0.1803, 0.4285, 0.3852, 0.1963, 0.4322, 0.3834, 0.3907, 0.4183, 0.19, 0.185, 0.3581, 0.392, 0.4108, 0.4021, 0.3741, 0.6321, 0.4429, 0.3692, 0.3723, 0.4902, 0.1859, 0.3424, 0.3509, 0.3573, 0.8236, 0.4197, 0.1814, 0.3242, 0.1787, 0.3701, 0.1794, 0.189, 0.177, 0.1862, 0.1872, 0.1774, 0.1845, 0.179, 0.1778, 0.1801, 0.1873, 0.1792, 0.4844, 0.1822, 0.422, 0.4756, 0.4787, 0.4917, 0.1955, 0.2107, 0.2003, 0.368, 0.1847, 0.1867, 0.1996, 0.184, 0.4191, 0.4855, 0.1852, 0.1803, 0.1855, 0.5124, 0.994, 0.1891, 0.1773, 0.3313, 0.1869, 0.1878, 0.1935, 0.1873, 0.1743, 0.1831, 0.1712, 0.166]",0.1979654374990787,0.4989326373972289,0.9940019580026274,0,24.558,17.0,0.0
2025-10-19|oraculo_directo|prueba|4|39.0694|base|60|todas|onsite,2025-10-19,oraculo_directo,prueba,4,39.0694,base,60,todas,onsite,14548,993,15541,880,183,697,2545,99,244,15,0.2019688910858804,112,"{""devolucion_origen"": 3, ""entrega_sin_recogida"": 37, ""fisico"": 40, ""fuera_servicio"": 0, ""tope"": 0, ""visitas"": 0}",1274,1274,0,0,0,880,0,14,44,0,74,"[0.1875, 0.1922, 0.3743, 0.1902, 0.5201, 0.567, 0.497, 0.4769, 0.3811, 0.3611, 0.3956, 0.4966, 0.6587, 0.1945, 0.5811, 0.3639, 0.291, 0.2824, 0.3563, 0.2722, 0.294, 0.3655, 0.1809, 0.1871, 0.3226, 0.1898, 0.3031, 0.1912, 0.1847, 0.1889, 0.1858, 0.1857, 0.184, 0.2997, 0.1923, 0.3641, 0.3015, 0.1815, 0.2944, 0.1867, 0.3333, 0.422, 0.3028, 0.3092, 0.19, 0.3, 0.2979, 0.2908, 0.1874, 0.293, 0.3088, 0.3946, 0.296, 0.2988, 0.4282, 0.3237, 0.3179, 0.3316, 0.3329, 0.6745, 0.3764, 0.4024, 0.3598, 1.2577, 0.2641, 0.1812, 0.1786, 0.7358, 0.7542, 0.1787, 0.9013, 0.18, 0.1799, 0.1898]",0.3007634789973963,0.6959549018494723,1.2577116250031397,0,27.136,3.0,0.0
2025-10-19|lgbm_directo|prueba|4|88.9149|base|60|todas|onsite,2025-10-19,lgbm_directo,prueba,4,88.9149,base,60,todas,onsite,32667,2032,34699,1268,217,1051,4184,196,1297,88,0.2308984333733618,172,"{""devolucion_origen"": 2, ""entrega_sin_recogida"": 100, ""fisico"": 102, ""fuera_servicio"": 0, ""tope"": 0, ""visitas"": 0}",2093,2093,0,0,0,1270,2,14,44,0,74,"[1.066, 0.1809, 0.4223, 0.4325, 0.3852, 0.1938, 0.4221, 0.4104, 0.19, 0.3788, 0.4004, 0.3681, 0.4313, 0.407, 0.3981, 0.453, 0.4874, 0.3358, 0.4955, 0.3507, 0.5106, 0.5187, 0.5208, 0.1787, 0.6627, 0.349, 0.3453, 0.186, 0.3978, 0.369, 0.1881, 0.3452, 0.1828, 0.4693, 0.2017, 0.178, 0.1819, 0.1793, 0.2098, 0.1822, 0.354, 0.2183, 0.1838, 0.1861, 0.4841, 0.1878, 0.3895, 0.3698, 0.1854, 0.1888, 0.1865, 0.5356, 0.1869, 0.5636, 0.1977, 0.187, 0.2193, 0.5234, 0.2026, 0.1885, 0.4302, 0.4033, 0.514, 0.5938, 0.6432, 0.3738, 0.193, 0.1794, 0.1771, 0.1713, 0.3318, 0.1701, 0.167, 0.1701]",0.34715952100305,0.5741598602002339,1.0659949999972014,0,26.783,2.0,0.0
2025-10-20|sin_rebalanceo|prueba|0|0.0|base|60|todas|onsite,2025-10-20,sin_rebalanceo,prueba,0,0.0,base,60,todas,onsite,166661,50608,217269,0,0,0,0,0,7818,4250,0.4619416668971051,659,"{""devolucion_origen"": 0, ""entrega_sin_recogida"": 0, ""fisico"": 0, ""fuera_servicio"": 0, ""tope"": 0, ""visitas"": 0}",0,0,0,0,0,0,0,0,0,0,0,[],0.0,0.0,0.0,0,1.925,0.0,
2025-10-20|ecobici|prueba|0|0.0|base|60|todas|onsite,2025-10-20,ecobici,prueba,0,0.0,base,60,todas,onsite,64732,13521,78253,2460,1159,1301,12554,0,1582,468,0.2466026788929101,230,"{""devolucion_origen"": 0, ""entrega_sin_recogida"": 0, ""fisico"": 209, ""fuera_servicio"": 0, ""tope"": 0, ""visitas"": 0}",6083,6262,0,179,0,2453,0,68,122,0,0,[],0.0,0.0,0.0,0,1.868,0.0,2453.0
2025-10-20|oraculo_diario|prueba|4|57.5805|base|60|todas|onsite,2025-10-20,oraculo_diario,prueba,4,57.5805,base,60,todas,onsite,28552,1956,30508,2018,510,1508,8994,488,1957,515,0.2184182035470175,200,"{""devolucion_origen"": 26, ""entrega_sin_recogida"": 164, ""fisico"": 190, ""fuera_servicio"": 0, ""tope"": 0, ""visitas"": 0}",4510,4510,0,0,0,2018,0,14,67,0,74,"[0.395, 0.4768, 0.1814, 0.4446, 0.301, 0.2832, 0.3777, 0.2728, 0.1896, 0.2696, 0.1805, 0.3111, 0.1795, 0.186, 0.3003, 0.18, 0.1847, 0.1798, 0.1839, 0.198, 0.5652, 0.1879, 0.4089, 0.3868, 0.3704, 0.4367, 0.4732, 0.395, 0.1957, 0.3943, 0.3559, 0.3608, 0.5045, 0.4305, 0.3739, 0.3736, 0.4365, 0.5779, 0.4088, 0.5055, 0.3903, 0.4693, 0.3269, 0.431, 0.3974, 0.2992, 0.1729, 0.1801, 0.1794, 0.3477, 0.3705, 0.2546, 0.2547, 0.246, 0.3253, 0.2788, 0.3477, 0.6169, 0.1747, 0.2735, 0.3004, 0.1802, 0.3025, 0.1842, 0.3385, 0.1831, 0.1901, 0.1737, 0.1827, 0.176, 0.3178, 0.1712, 0.1711, 0.1668]",0.3007191875003627,0.50487443759921,0.6168942090007477,0,24.733,26.0,0.0
2025-10-20|ma_diaria|prueba|4|72.8507|base|60|todas|onsite,2025-10-20,ma_diaria,prueba,4,72.8507,base,60,todas,onsite,49349,3187,52536,2157,567,1590,10146,437,3082,629,0.2344134136461571,273,"{""devolucion_origen"": 20, ""entrega_sin_recogida"": 213, ""fisico"": 233, ""fuera_servicio"": 0, ""tope"": 0, ""visitas"": 0}",5083,5083,0,0,0,2157,0,14,67,0,74,"[0.5716, 0.2739, 0.3312, 0.3154, 0.2443, 0.2883, 0.2878, 0.2807, 0.2345, 0.2425, 0.2853, 0.2618, 0.1736, 0.2749, 0.1946, 0.3168, 0.1808, 0.3331, 0.3436, 0.6502, 0.1805, 1.2116, 0.1845, 0.4516, 0.4102, 0.1947, 0.7513, 0.1841, 0.4159, 0.386, 0.3973, 0.3557, 0.3652, 0.1868, 0.4792, 0.5072, 0.4596, 0.3258, 0.1846, 0.3109, 0.4566, 0.1834, 0.3411, 0.3758, 0.3503, 0.4307, 0.5644, 0.363, 0.504, 0.2823, 0.4797, 0.3553, 0.4243, 0.3673, 0.4424, 0.4277, 0.4639, 0.6613, 0.3003, 0.2896, 0.2972, 0.1724, 0.1807, 0.1821, 0.1804, 0.1753, 0.1744, 0.1799, 0.1866, 0.1739, 0.307, 0.2774, 0.1806, 0.1597]",0.3089562089990068,0.5991299936511492,1.2115873750008177,0,26.974,20.0,0.0
2025-10-20|lgbm_diario|prueba|4|72.7447|base|60|todas|onsite,2025-10-20,lgbm_diario,prueba,4,72.7447,base,60,todas,onsite,49719,2910,52629,2097,496,1601,9213,426,3042,595,0.2227293607268287,282,"{""devolucion_origen"": 7, ""entrega_sin_recogida"": 235, ""fisico"": 242, ""fuera_servicio"": 0, ""tope"": 0, ""visitas"": 0}",4610,4610,0,0,0,2097,0,14,67,0,74,"[0.2632, 0.5009, 0.3821, 0.3301, 0.3457, 0.4944, 0.3541, 0.3231, 0.1687, 0.3301, 0.3033, 0.2936, 0.3064, 0.1777, 0.1801, 0.1778, 0.381, 0.1808, 0.1875, 0.1812, 0.5409, 0.1828, 0.4672, 0.5114, 0.4712, 0.4947, 0.4309, 0.408, 0.1894, 0.4387, 0.5112, 0.779, 0.5485, 0.4281, 0.4933, 0.3688, 0.5701, 0.3627, 0.1888, 0.3188, 0.1863, 0.5902, 0.3569, 0.3851, 0.1832, 0.3151, 0.4828, 0.4741, 0.425, 0.4745, 0.4737, 0.5039, 0.3159, 0.7946, 0.3861, 0.4296, 0.1746, 0.1689, 0.3008, 0.309, 0.1794, 0.1785, 0.1781, 0.1767, 0.1862, 0.1746, 0.1748, 0.1752, 0.1776, 0.1767, 0.3011, 0.2674, 0.1798, 0.1589]",0.3209570625040214,0.5560718456006724,0.7945556670019869,0,26.998,7.0,0.0
2025-10-20|oraculo_directo|prueba|4|39.0694|base|60|todas|onsite,2025-10-20,oraculo_directo,prueba,4,39.0694,base,60,todas,onsite,20961,1804,22765,2033,522,1511,8488,426,988,483,0.1551350848889874,128,"{""devolucion_origen"": 0, ""entrega_sin_recogida"": 194, ""fisico"": 194, ""fuera_servicio"": 0, ""tope"": 0, ""visitas"": 0}",4244,4244,0,0,0,2033,0,14,67,0,74,"[0.414, 0.3814, 0.1911, 0.5311, 0.4353, 0.3925, 0.3098, 0.3211, 0.2985, 0.1829, 0.1749, 0.1838, 0.1852, 0.3265, 0.3123, 0.1894, 0.1826, 0.1834, 0.3964, 0.3839, 0.1853, 0.1867, 0.5022, 0.3812, 0.3741, 0.6658, 0.4677, 0.3808, 0.4651, 0.381, 0.3608, 0.3354, 0.3575, 0.3812, 0.4162, 0.47, 0.4723, 0.3104, 0.4083, 0.3686, 0.4424, 0.4861, 0.6436, 0.5624, 0.498, 0.5092, 0.5833, 0.2551, 0.3667, 0.3151, 0.4064, 0.1738, 0.2408, 0.2503, 0.1743, 0.3493, 0.2523, 0.3063, 0.1751, 0.317, 0.4243, 0.1817, 0.1896, 0.1914, 0.1845, 0.189, 0.1915, 0.1871, 0.1887, 0.1811, 0.1784, 0.2192, 0.174, 0.1707]",0.3190194584967685,0.5420953522960188,0.6657565420027822,0,25.966,0.0,0.0
2025-10-20|lgbm_directo|prueba|4|88.9149|base|60|todas|onsite,2025-10-20,lgbm_directo,prueba,4,88.9149,base,60,todas,onsite,48645,2778,51423,2320,601,1719,11527,551,3250,577,0.2255474450704606,301,"{""devolucion_origen"": 17, ""entrega_sin_recogida"": 286, ""fisico"": 303, ""fuera_servicio"": 0, ""tope"": 0, ""visitas"": 0}",5772,5772,0,0,0,2320,0,14,67,0,74,"[1.181, 0.4871, 0.4285, 0.4456, 0.2654, 0.3707, 0.3435, 0.2978, 0.2722, 0.3382, 0.3265, 0.2704, 0.2953, 0.1848, 0.177, 0.1802, 0.1822, 0.3733, 0.4971, 0.3905, 0.1862, 0.1875, 0.9554, 0.3183, 0.5518, 0.5758, 0.517, 0.3882, 0.4078, 0.4178, 0.5518, 0.5569, 0.4763, 0.3897, 0.4803, 0.5029, 0.4169, 0.3358, 0.6321, 0.3811, 0.5645, 0.4608, 0.6483, 0.3987, 0.3723, 0.3861, 0.5259, 0.353, 0.4439, 0.3927, 0.3249, 0.3076, 0.8061, 0.3734, 0.1823, 0.3111, 0.6667, 0.3322, 0.3108, 0.4087, 0.3427, 0.1779, 0.1765, 0.174, 0.1813, 0.1803, 0.1764, 0.1828, 0.186, 0.3815, 0.3128, 0.1812, 0.1629, 0.16]",0.3714893544965889,0.654774126754637,1.1809959589954817,0,30.044,17.0,0.0
2025-10-21|sin_rebalanceo|prueba|0|0.0|base|60|todas|onsite,2025-10-21,sin_rebalanceo,prueba,0,0.0,base,60,todas,onsite,228250,72348,300598,0,0,0,0,0,16816,10308,0.465087624228143,1478,"{""devolucion_origen"": 0, ""entrega_sin_recogida"": 0, ""fisico"": 0, ""fuera_servicio"": 0, ""tope"": 0, ""visitas"": 0}",0,0,0,0,0,0,0,0,0,0,0,[],0.0,0.0,0.0,0,2.349,0.0,
2025-10-21|ecobici|prueba|0|0.0|base|60|todas|onsite,2025-10-21,ecobici,prueba,0,0.0,base,60,todas,onsite,102138,22275,124413,2995,1432,1563,15132,0,3830,1509,0.3142186955511873,443,"{""devolucion_origen"": 0, ""entrega_sin_recogida"": 0, ""fisico"": 334, ""fuera_servicio"": 0, ""tope"": 0, ""visitas"": 0}",7269,7529,0,260,0,2968,0,74,130,0,0,[],0.0,0.0,0.0,0,2.307,0.0,2968.0
2025-10-21|oraculo_diario|prueba|4|57.5805|base|60|todas|onsite,2025-10-21,oraculo_diario,prueba,4,57.5805,base,60,todas,onsite,51066,3204,54270,2828,769,2059,13741,521,6169,1420,0.3044488489845837,411,"{""devolucion_origen"": 25, ""entrega_sin_recogida"": 410, ""fisico"": 435, ""fuera_servicio"": 0, ""tope"": 0, ""visitas"": 0}",6883,6883,0,0,0,2828,0,14,67,0,74,"[0.5404, 0.4803, 0.1733, 0.302, 0.2559, 0.2462, 0.173, 0.1818, 0.2782, 0.4372, 0.4159, 0.3317, 0.4731, 0.1688, 0.1599, 0.2824, 0.2554, 0.1663, 0.1803, 0.179, 0.3049, 0.262, 0.1736, 0.2698, 0.283, 0.3785, 0.1821, 0.3219, 0.2693, 0.1783, 0.3533, 0.3297, 0.3167, 0.2843, 0.4721, 0.2769, 0.3678, 0.176, 0.3669, 0.1771, 0.2493, 0.2595, 0.275, 0.2903, 0.1795, 0.2437, 0.2896, 0.4101, 0.371, 0.2552, 0.2483, 0.1708, 0.251, 0.3246, 0.3232, 0.3246, 0.266, 0.2541, 0.3214, 0.2533, 0.2831, 0.2846, 0.2783, 0.1813, 0.1844, 0.2865, 0.1818, 0.2071, 0.3308, 0.1787, 0.1815, 0.1711, 0.1745, 0.1829]",0.2676483960021869,0.449405429049875,0.5403824160021031,0,22.454,25.0,0.0
2025-10-21|ma_diaria|prueba|4|72.8507|base|60|todas|onsite,2025-10-21,ma_diaria,prueba,4,72.8507,base,60,todas,onsite,70170,5587,75757,2992,762,2230,13337,522,6994,1706,0.295504045356026,531,"{""devolucion_origen"": 7, ""entrega_sin_recogida"": 242, ""fisico"": 249, ""fuera_servicio"": 0, ""tope"": 0, ""visitas"": 0}",6672,6672,0,0,0,2992,0,14,67,0,74,"[0.4208, 0.4447, 0.3933, 0.28, 0.2825, 0.1732, 0.348, 0.2374, 0.5089, 0.4124, 0.323, 0.31, 0.5457, 0.1763, 0.1675, 0.1705, 0.1721, 0.1706, 0.1793, 0.1708, 0.176, 0.1776, 0.1812, 0.1764, 0.3905, 0.3823, 0.3605, 0.4056, 0.3467, 0.1863, 0.4132, 0.3284, 0.379, 0.1833, 0.3777, 0.2832, 0.3119, 0.3692, 0.3628, 0.3595, 0.4833, 0.6153, 0.451, 0.2792, 0.4608, 0.3234, 0.1808, 0.1792, 0.3026, 0.2726, 0.3339, 0.3407, 0.2766, 0.5091, 0.2798, 0.2976, 0.2904, 0.1713, 0.1724, 0.1772, 0.183, 0.1751, 0.1848, 0.1796, 0.1746, 0.174, 0.1707, 0.1833, 0.1783, 0.1684, 0.2956, 0.3123, 0.1892, 0.1722]",0.2812772289980785,0.4922730318030515,0.6153399999966496,0,23.639,7.0,0.0
2025-10-21|lgbm_diario|prueba|4|72.7447|base|60|todas|onsite,2025-10-21,lgbm_diario,prueba,4,72.7447,base,60,todas,onsite,70393,5558,75951,2962,763,2199,13085,535,7114,1734,0.2914546989924185,530,"{""devolucion_origen"": 7, ""entrega_sin_recogida"": 243, ""fisico"": 250, ""fuera_servicio"": 0, ""tope"": 0, ""visitas"": 0}",6546,6546,0,0,0,2962,0,14,67,0,74,"[0.3487, 0.1807, 0.178, 0.3927, 0.1898, 0.2619, 0.2392, 0.2757, 0.2537, 0.2492, 0.2543, 0.3134, 0.4186, 0.1648, 0.168, 0.1729, 0.1712, 0.1719, 0.1708, 0.1722, 0.1721, 0.1711, 0.1811, 0.1759, 0.1852, 0.1868, 0.3553, 0.345, 0.3342, 0.2038, 0.3332, 0.4065, 0.3855, 0.3175, 0.3084, 0.3243, 0.2102, 0.1814, 0.555, 0.3019, 0.4012, 0.4942, 0.4253, 0.3973, 0.529, 0.3122, 0.3772, 0.2698, 0.3089, 0.5573, 0.1719, 0.3783, 0.323, 0.4778, 0.3718, 0.316, 0.3438, 0.1733, 0.174, 0.1979, 0.1758, 0.1724, 0.1731, 0.1764, 0.1779, 0.1746, 0.1736, 0.1799, 0.3089, 0.1744, 0.3317, 0.2677, 0.1767, 0.1605]",0.2539996660016186,0.4835431290510313,0.557331999996677,0,22.696,7.0,0.0
2025-10-21|oraculo_directo|prueba|4|39.0694|base|60|todas|onsite,2025-10-21,oraculo_directo,prueba,4,39.0694,base,60,todas,onsite,36538,2469,39007,3102,864,2238,13493,521,4095,1142,0.2632498475499289,269,"{""devolucion_origen"": 3, ""entrega_sin_recogida"": 579, ""fisico"": 582, ""fuera_servicio"": 0, ""tope"": 0, ""visitas"": 0}",6748,6748,0,0,0,3104,2,14,67,0,74,"[0.3627, 0.4666, 0.2603, 0.4419, 0.2982, 0.2295, 0.2718, 0.357, 0.3239, 0.4132, 0.3515, 0.3898, 0.4154, 0.2945, 0.475, 0.2833, 0.3304, 0.3812, 0.4319, 0.171, 0.3291, 0.2653, 0.2609, 0.3572, 0.314, 0.5291, 0.2873, 0.3621, 0.5717, 0.4398, 0.3634, 0.2826, 0.2839, 0.2947, 0.3867, 0.3473, 0.3463, 0.3043, 0.3845, 0.3887, 0.2939, 0.3412, 0.2633, 0.5692, 0.4482, 0.1943, 0.4094, 0.2293, 0.4175, 0.1796, 0.5471, 0.2484, 0.8774, 0.364, 0.2466, 0.291, 0.2969, 0.2773, 0.3306, 0.2941, 0.3024, 0.2101, 0.2835, 0.1902, 0.1813, 0.1927, 0.189, 0.1946, 0.198, 0.1869, 0.1936, 0.2339, 0.191, 0.1824]",0.3002991039975313,0.5354294851978919,0.8774215419980465,0,26.532,3.0,0.0
2025-10-21|lgbm_directo|prueba|4|88.9149|base|60|todas|onsite,2025-10-21,lgbm_directo,prueba,4,88.9149,base,60,todas,onsite,72743,5956,78699,2863,731,2132,13519,521,7803,1751,0.3064616765899686,559,"{""devolucion_origen"": 11, ""entrega_sin_recogida"": 342, ""fisico"": 353, ""fuera_servicio"": 0, ""tope"": 0, ""visitas"": 0}",6765,6765,0,0,0,2863,0,14,67,0,74,"[1.3134, 0.3159, 0.3293, 0.2622, 0.4692, 0.265, 0.3061, 0.519, 0.2323, 0.1662, 0.5013, 0.3202, 0.1701, 0.2727, 0.1603, 0.1657, 0.1639, 0.1674, 0.17, 0.1713, 0.1721, 0.1793, 0.1748, 0.1859, 0.1797, 0.3518, 0.3428, 0.4037, 0.183, 0.3333, 0.4265, 0.3309, 0.1866, 0.4205, 0.3122, 0.1788, 0.4928, 0.1819, 0.3016, 0.407, 0.2941, 0.4597, 0.3272, 0.4112, 0.4213, 0.5199, 0.4177, 0.3981, 0.3601, 0.5078, 0.4016, 0.2846, 0.174, 0.4816, 0.3655, 0.3101, 0.3302, 0.3061, 0.1784, 0.1789, 0.1733, 0.1735, 0.1755, 0.1777, 0.1776, 0.1818, 0.1727, 0.1824, 0.1767, 0.3147, 0.2802, 0.1795, 0.1605, 0.1584]",0.2823844374979671,0.5035778353973,1.313447874999838,0,24.418,11.0,0.0
2025-10-22|sin_rebalanceo|prueba|0|0.0|base|60|todas|onsite,2025-10-22,sin_rebalanceo,prueba,0,0.0,base,60,todas,onsite,219261,73857,293118,0,0,0,0,0,14716,10196,0.4579849620908555,1270,"{""devolucion_origen"": 0, ""entrega_sin_recogida"": 0, ""fisico"": 0, ""fuera_servicio"": 0, ""tope"": 0, ""visitas"": 0}",0,0,0,0,0,0,0,0,0,0,0,[],0.0,0.0,0.0,0,2.286,0.0,
2025-10-22|ecobici|prueba|0|0.0|base|60|todas|onsite,2025-10-22,ecobici,prueba,0,0.0,base,60,todas,onsite,100040,21604,121644,3098,1466,1632,15344,0,3810,1722,0.3257605768535062,432,"{""devolucion_origen"": 0, ""entrega_sin_recogida"": 0, ""fisico"": 420, ""fuera_servicio"": 0, ""tope"": 0, ""visitas"": 0}",7324,7600,0,276,0,3063,0,72,146,0,0,[],0.0,0.0,0.0,0,2.244,0.0,3063.0
2025-10-22|oraculo_diario|prueba|4|57.5805|base|60|todas|onsite,2025-10-22,oraculo_diario,prueba,4,57.5805,base,60,todas,onsite,45847,4057,49904,2801,770,2031,13319,496,4926,1244,0.2734937278722856,335,"{""devolucion_origen"": 29, ""entrega_sin_recogida"": 410, ""fisico"": 439, ""fuera_servicio"": 0, ""tope"": 0, ""visitas"": 0}",6674,6674,0,0,0,2801,0,14,67,0,74,"[0.3814, 0.2445, 0.3573, 0.1719, 0.2207, 0.2994, 0.1689, 0.2131, 0.241, 0.3494, 0.2443, 0.161, 0.1649, 0.222, 0.1752, 0.1682, 0.1744, 0.1701, 0.1714, 0.3105, 0.1801, 0.1751, 0.1798, 0.1749, 0.2745, 0.2947, 0.2611, 0.1753, 0.3388, 0.3843, 0.3891, 0.3291, 0.3076, 0.2589, 0.2677, 0.3007, 0.2784, 0.663, 0.3977, 0.3194, 0.3632, 0.1768, 0.303, 0.2909, 0.341, 0.3025, 0.249, 0.2721, 0.2423, 0.307, 0.4103, 0.2367, 0.2609, 0.3821, 0.3157, 0.3865, 0.3802, 0.2984, 0.1768, 0.2569, 0.1774, 0.1805, 0.2786, 0.1799, 0.1844, 0.1839, 0.1807, 0.1785, 0.1902, 0.1739, 0.1775, 0.1691, 0.2699, 0.1825]",0.2529492499998014,0.3873914459461957,0.6629950419956003,0,21.62,29.0,0.0
2025-10-22|ma_diaria|prueba|4|72.8507|base|60|todas|onsite,2025-10-22,ma_diaria,prueba,4,72.8507,base,60,todas,onsite,64069,5356,69425,2762,723,2039,12511,511,6333,1323,0.2758153013037926,485,"{""devolucion_origen"": 13, ""entrega_sin_recogida"": 232, ""fisico"": 245, ""fuera_servicio"": 0, ""tope"": 0, ""visitas"": 0}",6262,6262,0,0,0,2762,0,14,67,0,74,"[0.3849, 0.3859, 0.4265, 0.3732, 0.4131, 0.1979, 0.2447, 0.2735, 0.4848, 0.3293, 0.168, 0.3493, 0.2542, 0.1716, 0.1681, 0.1669, 0.1706, 0.1695, 0.1705, 0.1804, 0.1756, 0.1717, 0.1781, 0.1767, 0.1805, 0.1803, 0.3626, 0.333, 0.3651, 0.3608, 0.374, 0.5446, 0.3394, 0.4819, 0.3021, 0.1823, 0.3795, 0.6469, 0.3216, 0.3835, 0.3626, 0.3886, 0.55, 0.5329, 0.2867, 0.3939, 0.4211, 0.2725, 0.3071, 0.2648, 0.3059, 0.3786, 0.3009, 0.4749, 0.5258, 0.3454, 0.438, 0.3105, 0.1865, 0.1778, 0.1823, 0.1821, 0.1818, 0.1755, 0.1756, 0.196, 0.1766, 0.1776, 0.1806, 0.1774, 0.3187, 0.3137, 0.1779, 0.1608]",0.3015050834983412,0.5282737023011577,0.6469247080021887,0,24.31,13.0,0.0
2025-10-22|lgbm_diario|prueba|4|72.7447|base|60|todas|onsite,2025-10-22,lgbm_diario,prueba,4,72.7447,base,60,todas,onsite,65476,6167,71643,2788,728,2060,12519,503,6239,1426,0.2711368875660476,474,"{""devolucion_origen"": 15, ""entrega_sin_recogida"": 209, ""fisico"": 224, ""fuera_servicio"": 0, ""tope"": 0, ""visitas"": 0}",6267,6267,0,0,0,2788,0,14,67,0,74,"[0.4235, 0.1817, 0.354, 0.4022, 0.1791, 0.1785, 0.2912, 0.2974, 0.4077, 0.2578, 0.2405, 0.3862, 0.303, 0.1702, 0.1664, 0.1698, 0.1668, 0.1809, 0.1754, 0.1805, 0.1731, 0.1764, 0.182, 0.1799, 0.1821, 0.1824, 0.336, 0.4021, 0.3527, 0.3383, 0.3924, 0.1827, 0.1861, 0.5351, 0.4419, 0.3504, 0.3015, 0.4357, 0.301, 0.5145, 0.3683, 0.4509, 0.6391, 0.289, 0.2863, 0.4742, 0.3999, 0.557, 0.368, 0.3444, 0.3141, 0.3715, 0.178, 0.287, 0.2938, 0.4509, 0.1737, 0.5092, 0.2968, 0.1771, 0.1783, 0.1793, 0.1752, 0.1746, 0.1731, 0.1768, 0.1715, 0.1897, 0.196, 0.1854, 0.1835, 0.282, 0.1819, 0.1597]",0.2841620210019755,0.5110274018505151,0.6391298750022543,0,23.59,15.0,0.0
2025-10-22|oraculo_directo|prueba|4|39.0694|base|60|todas|onsite,2025-10-22,oraculo_directo,prueba,4,39.0694,base,60,todas,onsite,32056,3028,35084,3065,861,2204,12772,468,3203,975,0.2469997467784837,241,"{""devolucion_origen"": 8, ""entrega_sin_recogida"": 582, ""fisico"": 590, ""fuera_servicio"": 0, ""tope"": 0, ""visitas"": 0}",6390,6390,0,0,0,3065,0,14,67,0,74,"[0.3603, 0.2646, 0.3056, 0.3669, 0.2283, 0.2709, 0.2588, 0.1753, 0.2383, 0.2411, 0.323, 0.1716, 0.1727, 0.2773, 0.1659, 0.4782, 0.1721, 0.1731, 0.1716, 0.176, 0.176, 0.1832, 0.1749, 0.1822, 0.258, 0.3843, 0.2793, 0.2976, 0.1852, 0.3682, 0.473, 0.3246, 0.5432, 0.4985, 0.2871, 0.3712, 0.4858, 0.175, 0.3629, 0.336, 0.3112, 0.2389, 0.2907, 0.3503, 0.2913, 0.3605, 0.2959, 0.2322, 0.5619, 0.3241, 0.5764, 0.2446, 0.4344, 0.247, 0.3626, 0.4055, 0.341, 0.4341, 0.3154, 0.4404, 0.1856, 0.2945, 0.1868, 0.3317, 0.1934, 0.1928, 0.201, 0.189, 0.1893, 0.1861, 0.2919, 0.1795, 0.2353, 0.1749]",0.2782984585028316,0.4902216477996262,0.5763644590042531,0,23.866,8.0,0.0
2025-10-22|lgbm_directo|prueba|4|88.9149|base|60|todas|onsite,2025-10-22,lgbm_directo,prueba,4,88.9149,base,60,todas,onsite,65205,6199,71404,2644,677,1967,12780,516,6544,1401,0.2750888616764338,495,"{""devolucion_origen"": 12, ""entrega_sin_recogida"": 299, ""fisico"": 311, ""fuera_servicio"": 0, ""tope"": 0, ""visitas"": 0}",6396,6396,0,0,0,2646,2,14,67,0,74,"[1.2757, 0.2566, 0.2502, 0.2459, 0.2726, 0.3937, 0.4009, 0.3277, 0.4126, 0.3128, 0.3228, 0.4387, 0.3706, 0.1714, 0.3676, 0.4415, 0.1778, 0.1704, 0.1704, 0.1761, 0.1767, 0.1795, 0.1777, 0.3897, 0.1809, 0.3346, 0.3923, 0.3404, 0.1849, 0.1851, 0.1851, 0.5959, 0.3824, 0.7314, 0.7462, 0.488, 0.3519, 0.3062, 0.4642, 0.307, 0.4575, 0.1803, 0.3364, 0.2965, 0.3744, 0.5312, 0.3106, 0.273, 0.393, 0.6885, 0.3057, 0.3511, 0.4495, 0.2846, 0.4084, 0.3005, 0.3867, 0.3652, 0.1831, 0.1805, 0.175, 0.1841, 0.1842, 0.1805, 0.1761, 0.183, 0.1765, 0.177, 0.1772, 0.3742, 0.183, 0.1803, 0.1626, 0.1566]",0.3059385410015238,0.6282761375048717,1.275709082998219,0,26.195,12.0,0.0
2025-10-23|sin_rebalanceo|prueba|0|0.0|base|60|todas|onsite,2025-10-23,sin_rebalanceo,prueba,0,0.0,base,60,todas,onsite,232734,69214,301948,0,0,0,0,0,15650,9073,0.4480302815665743,823,"{""devolucion_origen"": 0, ""entrega_sin_recogida"": 0, ""fisico"": 0, ""fuera_servicio"": 0, ""tope"": 0, ""visitas"": 0}",0,0,0,0,0,0,0,0,0,0,0,[],0.0,0.0,0.0,0,2.211,0.0,
2025-10-23|ecobici|prueba|0|0.0|base|60|todas|onsite,2025-10-23,ecobici,prueba,0,0.0,base,60,todas,onsite,109255,16741,125996,3599,1917,1682,15514,0,3462,1209,0.2989064438759228,309,"{""devolucion_origen"": 0, ""entrega_sin_recogida"": 0, ""fisico"": 323, ""fuera_servicio"": 0, ""tope"": 0, ""visitas"": 0}",7511,7680,0,169,0,3569,0,72,208,0,0,[],0.0,0.0,0.0,0,2.257,0.0,3569.0
2025-10-23|oraculo_diario|prueba|4|57.5805|base|60|todas|onsite,2025-10-23,oraculo_diario,prueba,4,57.5805,base,60,todas,onsite,47571,3482,51053,2778,756,2022,12957,490,4605,1022,0.259299579653345,307,"{""devolucion_origen"": 25, ""entrega_sin_recogida"": 359, ""fisico"": 384, ""fuera_servicio"": 0, ""tope"": 0, ""visitas"": 0}",6491,6491,0,0,0,2778,0,14,67,0,74,"[0.1796, 0.3187, 0.3057, 0.2477, 0.2695, 0.3018, 0.2355, 0.2417, 0.2326, 0.3893, 0.443, 0.3445, 0.2507, 0.3261, 0.1745, 0.1635, 0.1758, 0.1702, 0.1722, 0.1891, 0.2732, 0.1844, 0.1807, 0.2067, 0.3011, 0.3588, 0.3713, 0.2646, 0.2737, 0.3989, 0.3432, 0.3343, 0.2836, 0.4234, 0.3679, 0.1795, 0.3319, 0.3033, 0.256, 0.3057, 0.2703, 0.4243, 0.1912, 0.3979, 0.3122, 0.4204, 0.3192, 0.2492, 0.31, 0.3934, 0.2665, 0.3013, 0.2622, 0.2385, 0.3594, 0.3473, 0.2839, 0.1766, 0.2904, 0.2985, 0.4101, 0.2985, 0.2858, 0.265, 0.3341, 0.312, 0.179, 0.1761, 0.3221, 0.1861, 0.1914, 0.1756, 0.1729, 0.1695]",0.2837771250015066,0.4136785369501012,0.4430317079968517,0,22.935,25.0,0.0
2025-10-23|ma_diaria|prueba|4|72.8507|base|60|todas|onsite,2025-10-23,ma_diaria,prueba,4,72.8507,base,60,todas,onsite,67513,5009,72522,2807,737,2070,12465,492,5861,1195,0.2421995144134501,375,"{""devolucion_origen"": 15, ""entrega_sin_recogida"": 236, ""fisico"": 251, ""fuera_servicio"": 0, ""tope"": 0, ""visitas"": 0}",6240,6240,0,0,0,2807,0,14,67,0,74,"[0.3613, 0.2677, 0.288, 0.5156, 0.3501, 0.3646, 0.2732, 0.3453, 0.4142, 0.2692, 0.2725, 0.3835, 0.1655, 0.1662, 0.1929, 0.1672, 0.1732, 0.1848, 0.1718, 0.1723, 0.1711, 0.1776, 0.1781, 0.1753, 0.1812, 0.1749, 0.4204, 0.176, 0.3251, 0.1842, 0.3394, 0.335, 0.3675, 0.4421, 0.287, 0.3209, 0.2897, 0.1771, 0.5263, 0.4002, 0.3682, 0.4199, 0.3488, 0.2973, 0.4814, 0.3163, 0.3186, 0.3648, 0.2825, 0.249, 0.39, 0.305, 0.2624, 0.2861, 0.366, 0.36, 0.3057, 0.4089, 0.332, 0.3001, 0.1749, 0.3362, 0.1821, 0.1763, 0.1804, 0.1757, 0.1766, 0.177, 0.182, 0.1714, 0.1703, 0.2702, 0.1878, 0.1653]",0.284341354501521,0.4280093039513302,0.5262572920037201,0,22.992,15.0,0.0
2025-10-23|lgbm_diario|prueba|4|72.7447|base|60|todas|onsite,2025-10-23,lgbm_diario,prueba,4,72.7447,base,60,todas,onsite,67685,5596,73281,2849,730,2119,12428,470,5910,1302,0.2477870711309233,344,"{""devolucion_origen"": 10, ""entrega_sin_recogida"": 242, ""fisico"": 252, ""fuera_servicio"": 0, ""tope"": 0, ""visitas"": 0}",6219,6219,0,0,0,2849,0,14,67,0,74,"[0.3055, 0.3126, 0.3018, 0.4598, 0.5278, 0.2721, 0.3042, 0.3913, 0.4517, 0.4014, 0.2534, 0.2498, 0.1624, 0.4444, 0.1667, 0.1638, 0.171, 0.1707, 0.1703, 0.1712, 0.1757, 0.1751, 0.1788, 0.1763, 0.1797, 0.1782, 0.3283, 0.3233, 0.3147, 0.3159, 0.3294, 0.3326, 0.1814, 0.3485, 0.1824, 0.3086, 0.326, 0.2902, 0.4526, 0.4379, 0.4944, 0.1763, 0.3005, 0.1731, 0.1812, 0.3442, 0.4005, 0.4165, 0.3703, 0.3576, 0.2551, 0.2657, 0.3226, 0.4646, 0.3004, 0.363, 0.3073, 0.3074, 0.3792, 0.3064, 0.184, 0.3032, 0.1793, 0.1741, 0.1806, 0.1766, 0.1795, 0.1823, 0.1792, 0.1868, 0.3226, 0.2725, 0.1813, 0.1595]",0.3004507705009018,0.4551488935514498,0.527809499995783,0,23.125,10.0,0.0
2025-10-23|oraculo_directo|prueba|4|39.0694|base|60|todas|onsite,2025-10-23,oraculo_directo,prueba,4,39.0694,base,60,todas,onsite,32728,2917,35645,2895,800,2095,12115,441,2616,788,0.223909352838387,203,"{""devolucion_origen"": 9, ""entrega_sin_recogida"": 456, ""fisico"": 465, ""fuera_servicio"": 0, ""tope"": 0, ""visitas"": 0}",6062,6062,0,0,0,2895,0,14,67,0,74,"[0.199, 0.442, 0.3134, 0.3402, 0.3126, 0.3177, 0.3364, 0.2533, 0.3296, 0.2303, 0.2184, 0.2941, 0.2134, 0.4522, 0.1744, 0.1715, 0.1719, 0.1767, 0.1752, 0.2429, 0.2526, 0.277, 0.1832, 0.2938, 0.2587, 0.5484, 0.1876, 0.2785, 0.5285, 0.4811, 0.2875, 0.4863, 0.2672, 0.3977, 0.4016, 0.3538, 0.2979, 0.2529, 0.399, 0.2671, 0.2399, 0.1759, 0.182, 0.2569, 0.2421, 0.3786, 0.3779, 0.2922, 0.293, 0.4806, 0.2346, 0.3004, 0.3836, 0.352, 0.3346, 0.2673, 0.4316, 0.291, 0.2961, 0.2607, 0.4306, 0.1843, 0.2935, 0.1866, 0.2859, 0.2832, 0.1867, 0.189, 0.1874, 0.1845, 0.1776, 0.2309, 0.173, 0.2176]",0.2777811045016278,0.4807819705976726,0.5484296249996987,0,23.716,9.0,0.0
2025-10-23|lgbm_directo|prueba|4|88.9149|base|60|todas|onsite,2025-10-23,lgbm_directo,prueba,4,88.9149,base,60,todas,onsite,69170,5397,74567,2681,697,1984,12613,508,6459,1209,0.2604430407404503,381,"{""devolucion_origen"": 17, ""entrega_sin_recogida"": 316, ""fisico"": 333, ""fuera_servicio"": 0, ""tope"": 0, ""visitas"": 0}",6315,6315,0,0,0,2681,0,14,67,0,74,"[1.2446, 0.2498, 0.2482, 0.6379, 0.4236, 0.3159, 0.3622, 0.3011, 0.3258, 0.2592, 0.2703, 0.4445, 0.4819, 0.2795, 0.1641, 0.1648, 0.1732, 0.179, 0.1759, 0.1768, 0.1718, 0.1755, 0.182, 0.1751, 0.1776, 0.1772, 0.3487, 0.4158, 0.3364, 0.3957, 0.3621, 0.3875, 0.3126, 0.3068, 0.5278, 0.3856, 0.4305, 0.4052, 0.2973, 0.4949, 0.3427, 0.5331, 0.4203, 0.4861, 0.2984, 0.3752, 0.4107, 0.3929, 0.4436, 0.4185, 0.3901, 0.2908, 0.2533, 0.2975, 0.307, 0.314, 0.2974, 0.3088, 0.3028, 0.3233, 0.3563, 0.3309, 0.1874, 0.1801, 0.1796, 0.1755, 0.1931, 0.1684, 0.1791, 0.3096, 0.2996, 0.1695, 0.163, 0.155]",0.3068938125034037,0.5064206080038274,1.244613582995953,0,25.884,17.0,0.0
2025-10-24|sin_rebalanceo|prueba|0|0.0|base|60|todas|onsite,2025-10-24,sin_rebalanceo,prueba,0,0.0,base,60,todas,onsite,215934,52186,268120,0,0,0,0,0,13309,7084,0.4136622356304088,1001,"{""devolucion_origen"": 0, ""entrega_sin_recogida"": 0, ""fisico"": 0, ""fuera_servicio"": 0, ""tope"": 0, ""visitas"": 0}",0,0,0,0,0,0,0,0,0,0,0,[],0.0,0.0,0.0,0,2.16,0.0,
2025-10-24|ecobici|prueba|0|0.0|base|60|todas|onsite,2025-10-24,ecobici,prueba,0,0.0,base,60,todas,onsite,96188,10850,107038,2768,1374,1394,13439,0,2475,688,0.2732959745567087,387,"{""devolucion_origen"": 0, ""entrega_sin_recogida"": 0, ""fisico"": 172, ""fuera_servicio"": 0, ""tope"": 0, ""visitas"": 0}",6629,6638,0,9,0,2747,0,71,129,0,0,[],0.0,0.0,0.0,0,2.166,0.0,2747.0
2025-10-24|oraculo_diario|prueba|4|57.5805|base|60|todas|onsite,2025-10-24,oraculo_diario,prueba,4,57.5805,base,60,todas,onsite,40088,2907,42995,2574,664,1910,11630,483,3193,597,0.24735175299775,300,"{""devolucion_origen"": 20, ""entrega_sin_recogida"": 382, ""fisico"": 402, ""fuera_servicio"": 0, ""tope"": 0, ""visitas"": 0}",5825,5825,0,0,0,2574,0,14,67,0,74,"[0.4981, 0.3459, 0.268, 0.3406, 0.2775, 0.2739, 0.3715, 0.2334, 0.2892, 0.2194, 0.3164, 0.3015, 0.2857, 0.3951, 0.2502, 0.1715, 0.1706, 0.1711, 0.1701, 0.2614, 0.1798, 0.3374, 0.1776, 0.2895, 0.4427, 0.1772, 0.1786, 0.7392, 0.4298, 0.361, 0.5345, 0.3234, 0.3162, 0.303, 0.2784, 0.2437, 0.4304, 0.2487, 0.2571, 0.235, 0.3096, 0.238, 0.2513, 0.39, 0.4775, 0.2694, 0.246, 0.1723, 0.3024, 0.2635, 0.3681, 0.2585, 0.2507, 0.3553, 0.2534, 0.3355, 0.4397, 0.1754, 0.1784, 0.327, 0.3611, 0.3538, 0.1905, 0.3473, 0.3485, 0.189, 0.1886, 0.3147, 0.1858, 0.3562, 0.1708, 0.1857, 0.1695, 0.1712]",0.2756816249966505,0.4548717330988436,0.7391987500013784,0,23.777,20.0,0.0
2025-10-24|ma_diaria|prueba|4|72.8507|base|60|todas|onsite,2025-10-24,ma_diaria,prueba,4,72.8507,base,60,todas,onsite,61528,3612,65140,2593,661,1932,11963,497,4967,708,0.2495757561388727,431,"{""devolucion_origen"": 23, ""entrega_sin_recogida"": 341, ""fisico"": 364, ""fuera_servicio"": 0, ""tope"": 0, ""visitas"": 0}",5993,5993,0,0,0,2593,0,14,67,0,74,"[0.1797, 0.2906, 0.3002, 0.2561, 0.3022, 0.1725, 0.2926, 0.3899, 0.4379, 0.3405, 0.264, 0.2543, 0.3965, 0.1661, 0.1708, 0.1732, 0.17, 0.1685, 0.1773, 0.175, 0.1741, 0.1776, 0.363, 0.1849, 0.1763, 0.3955, 0.1988, 0.3498, 0.1836, 0.3551, 0.1791, 0.3054, 0.4774, 0.6507, 0.3072, 0.4579, 0.4401, 0.3226, 0.4848, 0.2808, 0.3288, 0.4157, 0.4757, 0.19, 0.2969, 0.3273, 0.3418, 0.2439, 0.3205, 0.3406, 0.2541, 0.3336, 0.3878, 0.3414, 0.3634, 0.4261, 0.2964, 0.3661, 0.3127, 0.3688, 0.2161, 0.3628, 0.1855, 0.1799, 0.1801, 0.1861, 0.1835, 0.1812, 0.1889, 0.1831, 0.3103, 0.2785, 0.1671, 0.1619]",0.2945089999993797,0.464161200547096,0.6507067080019624,0,23.502,23.0,0.0
2025-10-24|lgbm_diario|prueba|4|72.7447|base|60|todas|onsite,2025-10-24,lgbm_diario,prueba,4,72.7447,base,60,todas,onsite,60449,4079,64528,2633,627,2006,11504,450,4722,715,0.2456779689173476,395,"{""devolucion_origen"": 14, ""entrega_sin_recogida"": 246, ""fisico"": 260, ""fuera_servicio"": 0, ""tope"": 0, ""visitas"": 0}",5759,5759,0,0,0,2633,0,14,67,0,74,"[0.4912, 0.5572, 0.283, 0.3928, 0.4048, 0.3527, 0.3491, 0.2597, 0.1711, 0.2371, 0.3118, 0.5439, 0.3727, 0.2728, 0.1752, 0.1748, 0.1686, 0.1704, 0.1752, 0.1774, 0.1739, 0.1784, 0.3329, 0.1788, 0.1937, 0.2082, 0.3596, 0.1751, 0.4742, 0.1778, 0.3736, 0.5983, 0.417, 0.3964, 0.4625, 0.2766, 0.416, 0.4146, 0.2855, 0.3605, 0.4406, 0.3458, 0.2767, 0.172, 0.3516, 0.2851, 0.1736, 0.3486, 0.3879, 0.4032, 0.2816, 0.4361, 0.3781, 0.3723, 0.3192, 0.3229, 0.4483, 0.1757, 0.3217, 0.181, 0.4198, 0.1918, 0.179, 0.1868, 0.3658, 0.1829, 0.1763, 0.1812, 0.1787, 0.1862, 0.3087, 0.2908, 0.1785, 0.162]",0.2881332085016765,0.4801836433023708,0.5983339170052204,0,24.486,14.0,0.0
2025-10-24|oraculo_directo|prueba|4|39.0694|base|60|todas|onsite,2025-10-24,oraculo_directo,prueba,4,39.0694,base,60,todas,onsite,28859,2892,31751,2805,799,2006,11003,418,1931,584,0.2197812658225436,200,"{""devolucion_origen"": 5, ""entrega_sin_recogida"": 535, ""fisico"": 540, ""fuera_servicio"": 0, ""tope"": 0, ""visitas"": 0}",5504,5504,0,0,0,2807,2,14,67,0,74,"[0.2674, 0.2553, 0.2841, 0.4441, 0.1787, 0.1724, 0.2751, 0.2196, 0.1749, 0.3026, 0.2151, 0.4793, 0.1735, 0.1696, 0.1755, 0.1809, 0.176, 0.2593, 0.2537, 0.2497, 0.2614, 0.3496, 0.4303, 0.3497, 0.406, 0.5885, 0.466, 0.5447, 0.3685, 0.6174, 0.2808, 0.2715, 0.3987, 0.238, 0.2591, 0.2911, 0.2258, 0.3086, 0.2955, 0.1724, 0.1743, 0.2492, 0.3447, 0.3341, 0.1758, 0.3109, 0.3627, 0.3184, 0.1767, 0.2891, 0.1722, 0.1742, 0.2481, 0.2844, 0.2606, 0.4131, 0.2693, 0.2888, 0.3353, 0.1847, 0.2049, 0.1916, 0.1898, 0.1886, 0.1912, 0.1865, 0.1908, 0.1873, 0.1921, 0.1838, 0.2689, 0.1834, 0.26, 0.1732]",0.2592103539973323,0.4706242481537628,0.6174347909982316,0,22.436,5.0,0.0
2025-10-24|lgbm_directo|prueba|4|88.9149|base|60|todas|onsite,2025-10-24,lgbm_directo,prueba,4,88.9149,base,60,todas,onsite,61637,3701,65338,2483,617,1866,12193,470,5284,682,0.2577269917725887,436,"{""devolucion_origen"": 13, ""entrega_sin_recogida"": 352, ""fisico"": 365, ""fuera_servicio"": 0, ""tope"": 0, ""visitas"": 0}",6103,6103,0,0,0,2483,0,14,67,0,74,"[1.39, 0.4226, 0.4006, 0.3501, 0.4129, 0.2823, 0.3031, 0.1699, 0.266, 0.5039, 0.2705, 0.3027, 0.4778, 0.3653, 0.1871, 0.3153, 0.174, 0.1726, 0.1792, 0.3227, 0.3302, 0.4432, 0.386, 0.3575, 0.1802, 0.5406, 0.5853, 0.5677, 0.3835, 0.3625, 0.7269, 0.3299, 0.346, 0.3351, 0.3075, 0.345, 0.4981, 0.3647, 0.2861, 0.5561, 0.3476, 0.1763, 0.2765, 0.3318, 0.3026, 0.3558, 0.4777, 0.2895, 0.4192, 0.3741, 0.2696, 0.3408, 0.4319, 1.0304, 0.5149, 0.1794, 0.3165, 0.3631, 0.5553, 0.2049, 0.1903, 0.3721, 0.1833, 0.1954, 0.1946, 0.1788, 0.1804, 0.1771, 0.1776, 0.3311, 0.3407, 0.1848, 0.1619, 0.1668]",0.3314423124975292,0.573858327198468,1.3900117079974734,0,28.439,13.0,0.0
2025-10-25|sin_rebalanceo|prueba|0|0.0|base|60|todas|onsite,2025-10-25,sin_rebalanceo,prueba,0,0.0,base,60,todas,onsite,154592,16636,171228,0,0,0,0,0,3309,874,0.3059339944440487,235,"{""devolucion_origen"": 0, ""entrega_sin_recogida"": 0, ""fisico"": 0, ""fuera_servicio"": 0, ""tope"": 0, ""visitas"": 0}",0,0,0,0,0,0,0,0,0,0,0,[],0.0,0.0,0.0,0,2.01,0.0,
2025-10-25|ecobici|prueba|0|0.0|base|60|todas|onsite,2025-10-25,ecobici,prueba,0,0.0,base,60,todas,onsite,119597,15111,134708,1276,692,584,3186,0,453,162,0.2251243711665662,122,"{""devolucion_origen"": 0, ""entrega_sin_recogida"": 0, ""fisico"": 10, ""fuera_servicio"": 0, ""tope"": 0, ""visitas"": 0}",1646,1530,0,-116,0,1267,0,29,70,0,0,[],0.0,0.0,0.0,0,2.063,0.0,1267.0
2025-10-25|oraculo_diario|prueba|4|57.5805|base|60|todas|onsite,2025-10-25,oraculo_diario,prueba,4,57.5805,base,60,todas,onsite,29017,2319,31336,1536,296,1240,4949,247,1700,32,0.2228383012199838,142,"{""devolucion_origen"": 13, ""entrega_sin_recogida"": 134, ""fisico"": 147, ""fuera_servicio"": 0, ""tope"": 0, ""visitas"": 0}",2481,2481,0,0,0,1540,4,14,67,0,74,"[0.1839, 0.1831, 0.1896, 0.3265, 0.187, 0.1921, 0.3075, 0.3104, 0.2995, 0.3096, 0.3224, 0.3172, 0.298, 0.1856, 0.1827, 0.1783, 0.1803, 0.177, 0.352, 0.2706, 0.3632, 0.1845, 0.2966, 0.363, 0.3853, 0.3666, 0.3523, 0.5086, 0.195, 0.3167, 0.303, 0.3056, 0.3897, 0.2787, 0.5739, 0.3267, 0.3443, 0.1843, 0.1833, 0.2744, 0.1874, 0.4124, 0.4268, 0.4494, 0.3459, 0.532, 0.4056, 0.2667, 0.3387, 0.1761, 0.3672, 0.1738, 0.3398, 0.4397, 0.3049, 0.4739, 0.2933, 0.3721, 0.1765, 0.1763, 0.3133, 0.3339, 0.2981, 0.1779, 0.3188, 0.1863, 0.1797, 0.1874, 0.2762, 0.1877, 0.2549, 0.1731, 0.1743, 0.1865]",0.2988164170019445,0.4579895913466315,0.5739351660013199,0,23.483,13.0,0.0
2025-10-25|ma_diaria|prueba|4|72.8507|base|60|todas|onsite,2025-10-25,ma_diaria,prueba,4,72.8507,base,60,todas,onsite,53989,3635,57624,1498,214,1284,4558,199,2791,122,0.2546334227731745,199,"{""devolucion_origen"": 6, ""entrega_sin_recogida"": 62, ""fisico"": 68, ""fuera_servicio"": 0, ""tope"": 0, ""visitas"": 0}",2282,2282,0,0,0,1498,0,14,67,0,74,"[0.1769, 0.3857, 0.3807, 0.3709, 0.4514, 0.4008, 0.4062, 0.3461, 0.529, 0.5189, 0.4902, 0.1785, 0.3092, 0.6677, 0.3566, 0.399, 0.7109, 0.4075, 0.3378, 0.4601, 0.658, 0.4903, 0.4119, 0.4402, 0.3559, 0.1876, 0.1874, 0.4511, 0.4144, 0.1873, 0.1814, 0.2024, 0.1817, 0.1839, 0.1823, 0.1964, 0.1983, 0.459, 0.1792, 0.4282, 0.4824, 0.1858, 0.3864, 0.1819, 0.384, 0.3852, 0.2086, 0.4574, 0.5799, 0.1907, 0.4119, 0.5684, 0.1872, 0.6087, 0.439, 0.7405, 0.6103, 0.5159, 1.1375, 0.75, 0.3343, 0.3829, 0.3846, 0.4653, 0.425, 0.4959, 0.5975, 0.1766, 0.2915, 0.2908, 0.3016, 0.1679, 0.1819, 0.1657]",0.3854162710013042,0.6828027874977122,1.137490124994656,0,30.618,6.0,0.0
2025-10-25|lgbm_diario|prueba|4|72.7447|base|60|todas|onsite,2025-10-25,lgbm_diario,prueba,4,72.7447,base,60,todas,onsite,53411,3823,57234,1468,197,1271,4366,211,2881,96,0.2625204954416231,197,"{""devolucion_origen"": 4, ""entrega_sin_recogida"": 53, ""fisico"": 57, ""fuera_servicio"": 0, ""tope"": 0, ""visitas"": 0}",2185,2185,0,0,0,1470,2,14,67,0,74,"[0.1756, 0.3696, 0.3261, 0.3248, 0.1896, 0.3704, 0.3594, 0.3634, 0.1947, 0.5305, 0.8176, 0.3484, 0.3365, 0.1823, 0.3758, 0.4584, 0.7814, 0.4587, 0.4827, 0.1863, 0.547, 0.4504, 0.3603, 0.1901, 0.5395, 0.1805, 0.1911, 0.4518, 0.1906, 0.1884, 0.1817, 0.1827, 0.1794, 0.3781, 0.1914, 0.1911, 0.1891, 0.1874, 0.379, 0.3569, 0.1874, 0.1859, 0.5035, 0.3758, 0.4204, 0.1918, 0.1854, 0.1883, 0.1817, 1.5166, 0.1902, 0.377, 0.47, 0.5805, 0.8966, 1.7734, 0.5102, 1.3003, 0.4774, 0.6665, 0.5414, 0.4017, 0.477, 0.3002, 0.4872, 0.5046, 0.5926, 0.1741, 0.4078, 0.2822, 0.2804, 0.1677, 0.1779, 0.1614]",0.3598467289957625,0.8452701464990237,1.7733634169999275,0,31.717,4.0,0.0
2025-10-25|oraculo_directo|prueba|4|39.0694|base|60|todas|onsite,2025-10-25,oraculo_directo,prueba,4,39.0694,base,60,todas,onsite,18573,1973,20546,1191,247,944,3531,211,474,42,0.1840381434590737,76,"{""devolucion_origen"": 1, ""entrega_sin_recogida"": 40, ""fisico"": 41, ""fuera_servicio"": 0, ""tope"": 0, ""visitas"": 0}",1766,1766,0,0,0,1191,0,14,67,0,74,"[0.1776, 0.1837, 0.1938, 0.3659, 0.335, 0.314, 0.203, 0.3173, 0.1838, 0.1986, 0.2906, 0.3128, 0.1869, 0.332, 0.3306, 0.1913, 0.1926, 0.2995, 0.3763, 0.1939, 0.3219, 0.3131, 0.3437, 0.5078, 0.3295, 0.3015, 0.2845, 0.4518, 0.1898, 0.2866, 0.282, 0.3027, 0.3959, 0.2851, 0.2906, 0.3191, 0.193, 0.3143, 0.2767, 0.5027, 0.3213, 0.3076, 0.7833, 0.5255, 0.6713, 0.4897, 0.324, 0.3533, 0.3734, 0.5781, 0.4462, 0.2886, 0.4408, 0.5119, 0.4481, 0.4517, 0.1819, 0.3332, 0.2936, 0.1813, 0.2913, 0.1975, 0.1907, 0.2015, 0.1926, 0.1915, 0.1895, 0.1914, 0.1898, 0.1888, 0.1755, 0.2441, 0.1738, 0.1719]",0.2965402505033125,0.5166523432973917,0.7833491670025978,0,24.828,1.0,0.0
2025-10-25|lgbm_directo|prueba|4|88.9149|base|60|todas|onsite,2025-10-25,lgbm_directo,prueba,4,88.9149,base,60,todas,onsite,52634,3577,56211,1583,255,1328,5514,230,3204,108,0.2425707876381609,207,"{""devolucion_origen"": 12, ""entrega_sin_recogida"": 145, ""fisico"": 157, ""fuera_servicio"": 0, ""tope"": 0, ""visitas"": 0}",2763,2763,0,0,0,1587,4,14,65,0,74,"[1.0996, 0.1853, 0.1863, 0.4171, 0.3439, 0.1867, 0.3938, 0.3166, 0.5042, 0.332, 0.184, 0.5508, 0.5397, 0.5075, 0.4869, 0.4467, 0.3753, 0.3748, 0.352, 0.3519, 0.3614, 0.3968, 0.351, 0.6611, 0.3681, 0.1871, 0.1924, 0.3792, 0.1801, 0.4464, 0.1794, 0.1872, 0.4023, 0.4193, 0.1835, 0.1809, 0.3678, 0.4769, 0.4038, 0.3915, 0.9828, 0.4109, 0.6236, 0.1834, 0.3676, 0.4877, 0.3881, 0.1899, 0.1992, 0.5587, 1.2872, 0.5887, 0.5148, 0.3902, 0.3875, 0.4873, 0.524, 0.5488, 0.6986, 0.6224, 0.3514, 0.5526, 0.1727, 0.3018, 0.2997, 0.4191, 0.1735, 0.36, 0.1709, 0.314, 0.27, 0.1779, 0.1642, 0.1656]",0.375051312497817,0.6742288040532001,1.2872005409954,0,31.305,12.0,0.0
2025-10-26|sin_rebalanceo|prueba|0|0.0|base|60|todas|onsite,2025-10-26,sin_rebalanceo,prueba,0,0.0,base,60,todas,onsite,154946,42902,197848,0,0,0,0,0,3403,3017,0.2916835447791782,227,"{""devolucion_origen"": 0, ""entrega_sin_recogida"": 0, ""fisico"": 0, ""fuera_servicio"": 0, ""tope"": 0, ""visitas"": 0}",0,0,0,0,0,0,0,0,0,0,0,[],0.0,0.0,0.0,0,1.808,0.0,
2025-10-26|ecobici|prueba|0|0.0|base|60|todas|onsite,2025-10-26,ecobici,prueba,0,0.0,base,60,todas,onsite,98055,21980,120035,1349,739,610,4057,0,417,164,0.2250098575062337,85,"{""devolucion_origen"": 0, ""entrega_sin_recogida"": 0, ""fisico"": 13, ""fuera_servicio"": 0, ""tope"": 0, ""visitas"": 0}",2042,2002,0,-40,0,1342,0,40,69,0,0,[],0.0,0.0,0.0,0,1.78,0.0,1342.0
2025-10-26|oraculo_diario|prueba|4|57.5805|base|60|todas|onsite,2025-10-26,oraculo_diario,prueba,4,57.5805,base,60,todas,onsite,24417,3106,27523,1448,288,1160,4662,152,638,43,0.184644204204126,52,"{""devolucion_origen"": 12, ""entrega_sin_recogida"": 114, ""fisico"": 126, ""fuera_servicio"": 0, ""tope"": 0, ""visitas"": 0}",2337,2337,0,0,0,1450,2,14,67,0,74,"[0.1771, 0.18, 0.1881, 0.1878, 0.3854, 0.3558, 0.1831, 0.1835, 0.3211, 0.3193, 0.4134, 0.3666, 0.3216, 0.2938, 0.2658, 0.1794, 0.3552, 0.4025, 0.3869, 0.2571, 0.4048, 0.285, 0.2586, 0.2681, 0.2984, 0.1799, 0.2699, 0.3434, 0.3045, 0.2755, 0.2681, 0.2963, 0.3066, 0.2816, 0.4161, 0.3641, 0.3323, 0.3108, 0.1803, 0.2989, 0.3097, 0.1832, 0.3206, 0.461, 0.4314, 0.181, 0.3196, 0.3646, 0.4087, 0.5278, 0.6568, 0.4204, 0.6052, 0.3552, 0.1804, 0.3549, 0.3431, 0.3893, 0.3597, 0.3637, 0.3925, 0.3896, 0.182, 0.5067, 0.3667, 0.3911, 0.3747, 0.4081, 0.5198, 0.3623, 0.173, 0.171, 0.1693, 0.1702]",0.3208603334969666,0.5112883856501866,0.6567540840042057,0,25.644,12.0,0.0
2025-10-26|ma_diaria|prueba|4|72.8507|base|60|todas|onsite,2025-10-26,ma_diaria,prueba,4,72.8507,base,60,todas,onsite,48961,4691,53652,1490,243,1247,4705,197,1875,172,0.2131845267911241,117,"{""devolucion_origen"": 5, ""entrega_sin_recogida"": 47, ""fisico"": 52, ""fuera_servicio"": 0, ""tope"": 0, ""visitas"": 0}",2355,2355,0,0,0,1490,0,14,67,0,74,"[0.1799, 0.1827, 0.1778, 0.185, 0.173, 0.3694, 0.3568, 0.354, 0.3515, 0.1789, 0.3514, 0.1782, 0.318, 0.3007, 0.4279, 0.4409, 0.3175, 0.4989, 0.4928, 0.5239, 0.6704, 0.4632, 0.3867, 0.3215, 0.3903, 0.3347, 0.3821, 0.3877, 0.1775, 0.18, 0.1765, 0.3326, 0.181, 0.1823, 0.1827, 0.1784, 0.1892, 0.3629, 0.1825, 0.1797, 0.354, 0.4221, 0.4203, 0.4086, 0.3629, 0.4043, 0.4965, 0.3544, 0.5201, 0.3676, 0.4377, 0.1821, 0.3626, 0.3946, 0.4361, 0.1859, 0.1903, 0.1823, 0.4558, 0.4596, 0.1914, 0.529, 0.4791, 0.473, 0.416, 0.4846, 0.1814, 0.1781, 0.3648, 0.1818, 0.1877, 0.2999, 0.1809, 0.1646]",0.352762458500365,0.5063309356479293,0.6704127499979222,0,25.844,5.0,0.0
2025-10-26|lgbm_diario|prueba|4|72.7447|base|60|todas|onsite,2025-10-26,lgbm_diario,prueba,4,72.7447,base,60,todas,onsite,46182,5227,51409,1432,241,1191,4206,177,1702,206,0.2067852808568954,117,"{""devolucion_origen"": 8, ""entrega_sin_recogida"": 35, ""fisico"": 43, ""fuera_servicio"": 0, ""tope"": 0, ""visitas"": 0}",2107,2107,0,0,0,1432,0,14,67,0,74,"[0.1745, 0.1859, 0.1861, 0.1806, 0.1808, 0.187, 0.181, 0.3518, 0.3553, 0.3421, 0.3397, 0.3054, 0.1771, 0.3405, 0.5118, 0.5633, 0.5006, 0.3743, 0.5272, 0.4094, 0.3592, 0.4023, 0.3226, 0.3207, 0.372, 0.1768, 0.4778, 0.3381, 0.1749, 0.1782, 0.1824, 0.1756, 0.1895, 0.1935, 0.1884, 0.3787, 0.3586, 0.4216, 0.1808, 0.1828, 0.4579, 0.1815, 0.1816, 0.1861, 0.4341, 0.4089, 0.3676, 0.4551, 0.6327, 0.4603, 0.3598, 0.6151, 0.1813, 0.1849, 0.4518, 0.1845, 0.181, 0.1848, 0.496, 0.5549, 0.4292, 0.1899, 0.5294, 0.1844, 0.9818, 0.1763, 0.3799, 0.6122, 0.3829, 0.179, 0.3382, 0.1649, 0.1775, 0.16]",0.3381142079997516,0.580436027201358,0.9818224999980883,0,25.958,8.0,0.0
2025-10-26|oraculo_directo|prueba|4|39.0694|base|60|todas|onsite,2025-10-26,oraculo_directo,prueba,4,39.0694,base,60,todas,onsite,19747,3137,22884,1213,260,953,3392,161,295,53,0.1721703117612169,35,"{""devolucion_origen"": 0, ""entrega_sin_recogida"": 59, ""fisico"": 59, ""fuera_servicio"": 0, ""tope"": 0, ""visitas"": 0}",1696,1696,0,0,0,1213,0,14,67,0,74,"[0.1733, 0.1835, 0.1871, 0.1827, 0.1847, 0.1813, 0.1846, 0.3365, 0.338, 0.2946, 0.3247, 0.3051, 0.2843, 0.1893, 0.3434, 0.4187, 0.5489, 0.3283, 0.1824, 0.179, 0.2758, 0.1775, 0.3701, 0.4032, 0.188, 0.2886, 0.2992, 0.2766, 0.1756, 0.2818, 0.2922, 0.1768, 0.2925, 0.2864, 0.288, 0.2811, 0.291, 0.3251, 0.2787, 0.3366, 0.3824, 0.4069, 0.1751, 0.2773, 0.314, 0.417, 0.3657, 0.5343, 0.3507, 0.572, 0.1895, 0.5942, 0.4872, 0.4112, 0.3987, 0.3527, 0.4746, 0.5151, 0.3223, 0.1911, 0.1932, 0.3272, 0.39, 0.8932, 0.2726, 0.8232, 0.1913, 0.377, 0.2418, 3.1477, 0.2884, 0.2036, 0.1907, 0.1905]",0.2923582705006993,0.5797908870481477,3.1477116669993848,0,28.299,0.0,0.0
2025-10-26|lgbm_directo|prueba|4|88.9149|base|60|todas|onsite,2025-10-26,lgbm_directo,prueba,4,88.9149,base,60,todas,onsite,47823,4637,52460,1655,303,1352,5779,216,2057,166,0.2059982142484372,120,"{""devolucion_origen"": 7, ""entrega_sin_recogida"": 111, ""fisico"": 118, ""fuera_servicio"": 0, ""tope"": 0, ""visitas"": 0}",2893,2893,0,0,0,1659,4,14,67,0,74,"[1.085, 0.3805, 0.3851, 0.3961, 0.438, 0.1767, 0.1798, 0.178, 0.1776, 0.3616, 0.3457, 0.3153, 0.3147, 0.3303, 0.3051, 0.3412, 0.1767, 0.4219, 0.311, 0.4248, 0.3912, 0.3254, 0.1752, 0.1761, 0.5, 0.3263, 0.1756, 0.1804, 0.3715, 0.1803, 0.3382, 0.3518, 0.1778, 0.3498, 0.3418, 0.423, 0.1797, 0.1759, 0.1892, 0.368, 0.3732, 0.369, 0.4646, 0.1816, 0.3693, 0.5392, 0.4886, 0.6478, 0.4207, 0.507, 0.4249, 0.1766, 0.4839, 0.6341, 0.5988, 0.1815, 0.5075, 0.1846, 0.1875, 0.3028, 0.4691, 0.3982, 0.7034, 0.5372, 0.345, 0.1814, 0.4639, 0.3996, 0.1777, 0.3591, 0.1699, 0.1765, 0.1608, 0.1595]",0.3453216460002295,0.6111580689510445,1.0849589170029503,0,27.415,7.0,0.0
2025-10-27|sin_rebalanceo|prueba|0|0.0|base|60|todas|onsite,2025-10-27,sin_rebalanceo,prueba,0,0.0,base,60,todas,onsite,220739,67285,288024,0,0,0,0,0,13213,8685,0.4489274196367979,1406,"{""devolucion_origen"": 0, ""entrega_sin_recogida"": 0, ""fisico"": 0, ""fuera_servicio"": 0, ""tope"": 0, ""visitas"": 0}",0,0,0,0,0,0,0,0,0,0,0,[],0.0,0.0,0.0,0,2.202,0.0,
2025-10-27|ecobici|prueba|0|0.0|base|60|todas|onsite,2025-10-27,ecobici,prueba,0,0.0,base,60,todas,onsite,107060,20815,127875,3253,1630,1623,15367,0,2517,1528,0.2882497449153884,484,"{""devolucion_origen"": 0, ""entrega_sin_recogida"": 0, ""fisico"": 406, ""fuera_servicio"": 0, ""tope"": 0, ""visitas"": 0}",7369,7592,0,223,0,3226,0,70,118,0,0,[],0.0,0.0,0.0,0,2.184,0.0,3226.0
2025-10-27|oraculo_diario|prueba|4|57.5805|base|60|todas|onsite,2025-10-27,oraculo_diario,prueba,4,57.5805,base,60,todas,onsite,45670,3500,49170,2764,738,2026,12815,504,4307,840,0.2718422507816381,490,"{""devolucion_origen"": 25, ""entrega_sin_recogida"": 388, ""fisico"": 413, ""fuera_servicio"": 0, ""tope"": 0, ""visitas"": 0}",6420,6420,0,0,0,2764,0,14,67,0,74,"[0.3888, 0.3053, 0.3041, 0.3481, 0.3373, 0.2293, 0.1727, 0.2451, 0.3098, 0.4329, 0.2553, 0.3181, 0.4979, 0.3201, 0.1791, 0.1631, 0.1685, 0.1726, 0.1893, 0.3421, 0.2867, 0.5308, 0.1699, 0.3837, 0.2686, 0.3979, 0.6066, 0.3543, 0.184, 0.1858, 0.1868, 0.2739, 0.1901, 0.2603, 0.4974, 0.3098, 0.3336, 0.3501, 0.357, 0.4409, 0.2719, 0.3078, 0.3119, 0.2756, 0.3582, 0.2711, 0.3442, 0.2339, 0.2512, 0.2534, 0.2318, 0.3347, 0.3119, 0.3374, 0.3523, 0.3779, 0.3061, 0.1766, 0.1735, 0.2637, 0.2888, 0.2718, 0.1853, 0.2837, 0.3525, 0.2848, 0.1789, 0.1875, 0.1902, 0.1711, 0.1731, 0.3097, 0.1732, 0.1819]",0.2842353125015506,0.4606796159987422,0.6065716250013793,0,23.533,25.0,0.0
2025-10-27|ma_diaria|prueba|4|72.8507|base|60|todas|onsite,2025-10-27,ma_diaria,prueba,4,72.8507,base,60,todas,onsite,66326,4506,70832,2833,735,2098,12993,521,5756,1070,0.2731581422965807,655,"{""devolucion_origen"": 21, ""entrega_sin_recogida"": 335, ""fisico"": 356, ""fuera_servicio"": 0, ""tope"": 0, ""visitas"": 0}",6507,6507,0,0,0,2833,0,14,67,0,74,"[0.429, 0.2762, 0.3374, 0.2839, 0.2428, 0.2581, 0.2972, 0.3557, 0.4243, 0.2827, 0.3033, 0.2551, 0.1661, 0.2441, 0.5479, 0.1659, 0.1659, 0.1761, 0.1683, 0.1722, 0.1742, 0.1756, 0.1735, 0.1754, 0.3344, 0.4411, 0.549, 0.2007, 0.3566, 0.8509, 0.498, 0.4524, 0.1853, 0.1827, 0.5011, 0.3792, 0.4598, 0.3415, 0.1783, 0.5597, 0.34, 0.3715, 0.1743, 0.3858, 0.3561, 0.401, 0.4404, 0.3458, 0.2857, 0.3454, 0.3711, 0.2638, 0.311, 0.4482, 0.2698, 0.3016, 0.341, 0.4475, 0.1794, 0.1737, 0.1747, 0.1906, 0.1751, 0.1778, 0.178, 0.1756, 0.1779, 0.1763, 0.1817, 0.1779, 0.2989, 0.283, 0.1824, 0.1575]",0.2828404795000097,0.5174685892507112,0.8509006249951199,0,24.318,21.0,0.0
2025-10-27|lgbm_diario|prueba|4|72.7447|base|60|todas|onsite,2025-10-27,lgbm_diario,prueba,4,72.7447,base,60,todas,onsite,65770,4987,70757,2820,696,2124,12275,535,5422,1092,0.2562583203041075,611,"{""devolucion_origen"": 13, ""entrega_sin_recogida"": 190, ""fisico"": 203, ""fuera_servicio"": 0, ""tope"": 0, ""visitas"": 0}",6144,6144,0,0,0,2820,0,14,67,0,74,"[0.4171, 0.3635, 0.5099, 0.2548, 0.3408, 0.3106, 0.1703, 0.4089, 0.4785, 0.2537, 0.2488, 0.165, 0.3364, 0.1652, 0.1726, 0.399, 0.1669, 0.1656, 0.1727, 0.1712, 0.2018, 0.1734, 0.1763, 0.1777, 0.1779, 0.3519, 0.568, 0.3477, 0.3418, 0.3308, 0.5528, 0.5131, 0.3434, 0.1783, 0.3314, 0.297, 0.3815, 0.4784, 0.3864, 0.1784, 0.1849, 0.3101, 0.3088, 0.5558, 0.378, 0.2974, 0.3541, 0.6647, 0.2839, 0.3033, 0.1982, 0.3864, 0.3131, 0.3667, 0.1685, 0.3327, 0.3031, 0.2984, 0.296, 0.3095, 0.1729, 0.1787, 0.1719, 0.1768, 0.1787, 0.1716, 0.1741, 0.1766, 0.1721, 0.1721, 0.2825, 0.2869, 0.1781, 0.1627]",0.2965030414998182,0.5270086687502041,0.6647412499951315,0,23.783,13.0,0.0
2025-10-27|oraculo_directo|prueba|4|39.0694|base|60|todas|onsite,2025-10-27,oraculo_directo,prueba,4,39.0694,base,60,todas,onsite,32396,2712,35108,3007,861,2146,12577,505,2650,662,0.2284382975325266,366,"{""devolucion_origen"": 5, ""entrega_sin_recogida"": 538, ""fisico"": 543, ""fuera_servicio"": 0, ""tope"": 0, ""visitas"": 0}",6291,6291,0,0,0,3009,2,14,67,0,74,"[0.2742, 0.6566, 0.2765, 0.3791, 0.3426, 0.2633, 0.3708, 0.2235, 0.2333, 0.1714, 0.3634, 0.5681, 0.4351, 0.2527, 0.1698, 0.4161, 0.1668, 0.1645, 0.1732, 0.2585, 0.2561, 0.4541, 0.2945, 0.5982, 0.2904, 0.4081, 0.185, 0.4342, 0.4519, 0.537, 0.4997, 0.3637, 0.268, 0.3387, 0.3982, 0.3125, 0.2523, 0.1759, 0.3518, 0.453, 0.2631, 0.2333, 0.3123, 0.2331, 0.1716, 0.325, 0.2267, 0.2494, 0.1789, 0.3074, 0.2558, 0.2862, 0.2468, 0.5228, 0.2909, 0.2565, 0.2986, 0.3365, 0.2698, 0.2931, 0.2741, 0.1776, 0.1788, 0.1862, 0.1755, 0.1839, 0.1839, 0.1851, 0.1758, 0.2865, 0.2844, 0.246, 0.1739, 0.2075]",0.2719483129985747,0.527765166348763,0.6566074579968699,0,24.205,5.0,0.0
2025-10-27|lgbm_directo|prueba|4|88.9149|base|60|todas|onsite,2025-10-27,lgbm_directo,prueba,4,88.9149,base,60,todas,onsite,67804,4803,72607,2744,690,2054,13058,511,6151,996,0.2652641949484275,622,"{""devolucion_origen"": 8, ""entrega_sin_recogida"": 281, ""fisico"": 289, ""fuera_servicio"": 0, ""tope"": 0, ""visitas"": 0}",6533,6533,0,0,0,2746,2,14,67,0,74,"[1.317, 0.1754, 0.9283, 0.429, 0.1716, 0.298, 0.6235, 0.5615, 0.4576, 0.3789, 0.1655, 0.3301, 0.3929, 0.4709, 0.5428, 0.592, 0.1732, 0.1735, 0.1718, 0.1732, 0.1705, 0.1734, 0.1747, 0.3499, 0.1768, 0.3454, 0.3404, 0.4362, 0.409, 0.5262, 0.4109, 0.4454, 0.5137, 0.402, 0.1866, 0.3818, 0.1881, 0.4023, 0.3626, 0.5187, 0.3146, 0.3479, 0.2899, 0.3898, 0.314, 0.6215, 0.4128, 0.3636, 0.2946, 0.1737, 0.3755, 0.3685, 0.1709, 0.4474, 0.2825, 0.3957, 0.3863, 0.1755, 0.2978, 0.171, 0.1744, 0.1733, 0.1735, 0.1892, 0.1738, 0.1779, 0.1709, 0.1773, 0.1725, 0.321, 0.297, 0.1821, 0.163, 0.1562]",0.317800854001689,0.6023480499978175,1.3170165839983383,0,27.042,8.0,0.0
2025-10-28|sin_rebalanceo|prueba|0|0.0|base|60|todas|onsite,2025-10-28,sin_rebalanceo,prueba,0,0.0,base,60,todas,onsite,218888,69863,288751,0,0,0,0,0,13232,9516,0.4495402093579225,1059,"{""devolucion_origen"": 0, ""entrega_sin_recogida"": 0, ""fisico"": 0, ""fuera_servicio"": 0, ""tope"": 0, ""visitas"": 0}",0,0,0,0,0,0,0,0,0,0,0,[],0.0,0.0,0.0,0,2.28,0.0,
2025-10-28|ecobici|prueba|0|0.0|base|60|todas|onsite,2025-10-28,ecobici,prueba,0,0.0,base,60,todas,onsite,122216,25949,148165,3042,1566,1476,14155,0,3964,1860,0.3232171024957654,427,"{""devolucion_origen"": 0, ""entrega_sin_recogida"": 0, ""fisico"": 403, ""fuera_servicio"": 0, ""tope"": 0, ""visitas"": 0}",6766,6986,0,220,0,2992,0,65,124,0,0,[],0.0,0.0,0.0,0,2.287,0.0,2992.0
2025-10-28|oraculo_diario|prueba|4|57.5805|base|60|todas|onsite,2025-10-28,oraculo_diario,prueba,4,57.5805,base,60,todas,onsite,46908,3483,50391,2821,768,2053,13118,492,4412,862,0.285238136712875,298,"{""devolucion_origen"": 30, ""entrega_sin_recogida"": 388, ""fisico"": 418, ""fuera_servicio"": 0, ""tope"": 0, ""visitas"": 0}",6574,6574,0,0,0,2821,0,14,67,0,74,"[0.3809, 0.3865, 0.1735, 0.2412, 0.3126, 0.1706, 0.2132, 0.2123, 0.2106, 0.341, 0.2358, 0.3361, 0.5344, 0.1625, 0.171, 0.1594, 0.172, 0.1693, 0.1682, 0.1732, 0.2696, 0.1751, 0.1861, 0.1776, 0.298, 0.2886, 0.3504, 0.2785, 0.3013, 0.4701, 0.4053, 0.3352, 0.3871, 0.265, 0.2786, 0.1816, 0.3095, 0.3673, 0.2877, 0.6132, 0.4296, 0.3376, 0.1771, 0.4382, 0.3465, 0.2918, 0.2785, 0.3084, 0.2855, 0.3552, 0.2725, 0.3082, 0.2492, 0.433, 0.5107, 0.2585, 0.4046, 0.3205, 0.2837, 0.2459, 0.3859, 0.4669, 0.2857, 0.3366, 0.3519, 0.2933, 0.3824, 0.1804, 0.1913, 0.1853, 0.1737, 0.2868, 0.2989, 0.1813]",0.2872464585052512,0.4679796041484223,0.613207832997432,0,24.06,30.0,0.0
2025-10-28|ma_diaria|prueba|4|72.8507|base|60|todas|onsite,2025-10-28,ma_diaria,prueba,4,72.8507,base,60,todas,onsite,65701,5490,71191,2821,760,2061,12771,490,5544,1137,0.2611423326817489,433,"{""devolucion_origen"": 7, ""entrega_sin_recogida"": 258, ""fisico"": 265, ""fuera_servicio"": 0, ""tope"": 0, ""visitas"": 0}",6389,6389,0,0,0,2821,0,14,67,0,74,"[0.5458, 0.3101, 0.3365, 0.321, 0.4464, 0.2996, 0.2573, 0.2559, 0.538, 0.2586, 0.2554, 0.4748, 0.2696, 0.1723, 0.1629, 0.1679, 0.1815, 0.1693, 0.1667, 0.171, 0.1708, 0.1758, 0.1744, 0.1755, 0.1793, 0.1823, 0.3327, 0.3169, 0.3584, 0.3315, 0.1846, 0.476, 0.3458, 0.3233, 0.3189, 0.3091, 0.4146, 0.3026, 0.4523, 0.4358, 0.3886, 0.3248, 0.5039, 0.4168, 0.4281, 0.2867, 0.3453, 0.2946, 0.3343, 0.3449, 0.2936, 0.3261, 0.4105, 0.3639, 0.2736, 0.2845, 0.3451, 0.2917, 0.3129, 0.3286, 0.2978, 0.3037, 0.1831, 0.181, 0.1929, 0.1844, 0.1778, 0.1821, 0.176, 0.1734, 0.2923, 0.291, 0.1805, 0.1614]",0.2962207499986107,0.4752278874966578,0.5457788330022595,0,24.005,7.0,0.0
2025-10-28|lgbm_diario|prueba|4|72.7447|base|60|todas|onsite,2025-10-28,lgbm_diario,prueba,4,72.7447,base,60,todas,onsite,68152,6227,74379,2800,766,2034,12782,520,5899,1335,0.2710298840294433,444,"{""devolucion_origen"": 8, ""entrega_sin_recogida"": 255, ""fisico"": 263, ""fuera_servicio"": 0, ""tope"": 0, ""visitas"": 0}",6395,6395,0,0,0,2802,2,14,67,0,74,"[0.183, 0.3885, 0.2779, 0.302, 0.2366, 0.5268, 0.3638, 0.2947, 0.1718, 0.482, 0.2775, 0.1665, 0.2317, 0.1649, 0.165, 0.1691, 0.1661, 0.1652, 0.1708, 0.1675, 0.1691, 0.1738, 0.1715, 0.1793, 0.1784, 0.182, 0.1784, 0.3243, 0.3712, 0.182, 0.329, 0.3675, 0.3322, 0.3602, 0.1816, 0.312, 0.3302, 0.1769, 0.1788, 0.1771, 0.4117, 0.4283, 0.2794, 0.2952, 0.3291, 0.412, 0.3432, 0.4055, 0.3055, 0.4067, 0.3145, 0.3227, 0.2643, 0.2974, 0.377, 0.1718, 0.2823, 0.3446, 0.3288, 0.3494, 0.1764, 0.2858, 0.1778, 0.1807, 0.2084, 0.1766, 0.1785, 0.1771, 0.1841, 0.1728, 0.3295, 0.2839, 0.1795, 0.1597]",0.2708928539977933,0.4117936312490201,0.5268191659997683,0,21.9,8.0,0.0
2025-10-28|oraculo_directo|prueba|4|39.0694|base|60|todas|onsite,2025-10-28,oraculo_directo,prueba,4,39.0694,base,60,todas,onsite,34449,2521,36970,2993,841,2152,12337,439,2722,702,0.26280382200795,206,"{""devolucion_origen"": 7, ""entrega_sin_recogida"": 512, ""fisico"": 519, ""fuera_servicio"": 0, ""tope"": 0, ""visitas"": 0}",6172,6172,0,0,0,2993,0,14,67,0,74,"[0.3319, 0.2978, 0.2527, 0.2454, 0.2267, 0.2987, 0.2199, 0.511, 0.2204, 0.3343, 0.2156, 0.4768, 0.1636, 0.1658, 0.3011, 0.1652, 0.1703, 0.167, 0.1741, 0.1717, 0.1766, 0.2561, 0.3524, 0.3618, 0.2904, 0.3835, 0.2774, 0.3813, 0.2747, 0.4059, 0.3652, 0.3458, 0.2808, 0.3552, 0.6367, 0.5185, 0.1859, 0.1856, 0.3976, 0.3208, 0.3561, 0.3706, 0.1807, 0.1799, 0.4527, 0.3348, 0.2996, 0.3591, 0.2521, 0.4519, 0.2596, 0.2763, 0.2278, 0.3199, 0.4594, 0.2569, 0.2458, 0.1778, 0.3872, 0.3048, 0.2674, 0.1855, 0.1929, 0.1864, 0.1846, 0.191, 0.285, 0.1848, 0.1895, 0.1821, 0.2537, 0.1781, 0.222, 0.1972]",0.2635152919974644,0.4654808000024785,0.6366672919975827,0,23.246,7.0,0.0
2025-10-28|lgbm_directo|prueba|4|88.9149|base|60|todas|onsite,2025-10-28,lgbm_directo,prueba,4,88.9149,base,60,todas,onsite,66699,6576,73275,2650,709,1941,12755,496,6180,1354,0.2779263689358108,435,"{""devolucion_origen"": 11, ""entrega_sin_recogida"": 379, ""fisico"": 390, ""fuera_servicio"": 0, ""tope"": 0, ""visitas"": 0}",6383,6383,0,0,0,2650,0,14,67,0,74,"[1.2605, 0.2793, 0.3054, 0.2435, 0.3875, 0.2834, 0.4171, 0.3407, 0.1646, 0.3167, 0.4817, 0.3469, 0.4046, 0.1654, 0.1604, 0.1611, 0.1673, 0.168, 0.1694, 0.1703, 0.1717, 0.1729, 0.1729, 0.3606, 0.1827, 0.3977, 0.1806, 0.2043, 0.1835, 0.4466, 0.3456, 0.374, 0.1919, 0.4637, 0.3043, 0.3426, 0.3338, 0.4302, 0.4321, 0.4554, 0.3983, 0.558, 0.3405, 0.4488, 0.3624, 0.3413, 0.1734, 0.2711, 0.1948, 0.3336, 0.6052, 0.4261, 0.2978, 0.5525, 0.2815, 0.279, 0.3452, 0.3411, 0.4791, 0.3216, 0.3268, 0.3793, 0.2144, 0.1774, 0.1823, 0.191, 0.1899, 0.1776, 0.1846, 0.3339, 0.2996, 0.1823, 0.1622, 0.1589]",0.3048327914984838,0.506465262948404,1.2605455410011928,0,25.433,11.0,0.0
2025-10-29|sin_rebalanceo|prueba|0|0.0|base|60|todas|onsite,2025-10-29,sin_rebalanceo,prueba,0,0.0,base,60,todas,onsite,226732,68892,295624,0,0,0,0,0,15174,8867,0.429448234967637,1044,"{""devolucion_origen"": 0, ""entrega_sin_recogida"": 0, ""fisico"": 0, ""fuera_servicio"": 0, ""tope"": 0, ""visitas"": 0}",0,0,0,0,0,0,0,0,0,0,0,[],0.0,0.0,0.0,0,2.227,0.0,
2025-10-29|ecobici|prueba|0|0.0|base|60|todas|onsite,2025-10-29,ecobici,prueba,0,0.0,base,60,todas,onsite,102877,15968,118845,3041,1532,1509,14440,0,3267,704,0.2726144297122208,349,"{""devolucion_origen"": 0, ""entrega_sin_recogida"": 0, ""fisico"": 166, ""fuera_servicio"": 0, ""tope"": 0, ""visitas"": 0}",7171,7103,0,-68,0,3025,0,73,133,0,0,[],0.0,0.0,0.0,0,2.235,0.0,3025.0
2025-10-29|oraculo_diario|prueba|4|57.5805|base|60|todas|onsite,2025-10-29,oraculo_diario,prueba,4,57.5805,base,60,todas,onsite,48905,3218,52123,2823,762,2061,12958,534,4830,742,0.275550472749327,336,"{""devolucion_origen"": 38, ""entrega_sin_recogida"": 463, ""fisico"": 501, ""fuera_servicio"": 0, ""tope"": 0, ""visitas"": 0}",6498,6498,0,0,0,2823,0,14,67,0,74,"[0.3503, 0.2668, 0.2422, 0.328, 0.2802, 0.2947, 0.2277, 0.3053, 0.1715, 0.2713, 0.2256, 0.3033, 0.5435, 0.227, 0.2537, 0.2861, 0.1713, 0.1663, 0.188, 0.2544, 0.2937, 0.2922, 0.2656, 0.2725, 0.1836, 0.2661, 0.2846, 0.1776, 0.2568, 0.2838, 0.2783, 0.2465, 0.3355, 0.3111, 0.4301, 0.4763, 0.6297, 0.2538, 0.2937, 0.3023, 0.2579, 0.2504, 0.1744, 0.3316, 0.2061, 0.1764, 0.2449, 0.265, 0.2957, 0.3547, 0.2452, 0.3993, 0.3673, 0.499, 0.2531, 0.3428, 0.3287, 0.285, 0.322, 0.2885, 0.2905, 0.2708, 0.2841, 0.1853, 0.2124, 0.1758, 0.3488, 0.2941, 0.1862, 0.1735, 0.1724, 0.1726, 0.1736, 0.181]",0.2710540420011966,0.4462541274049724,0.6297334999981103,0,22.802,38.0,0.0
2025-10-29|ma_diaria|prueba|4|72.8507|base|60|todas|onsite,2025-10-29,ma_diaria,prueba,4,72.8507,base,60,todas,onsite,70857,5294,76151,2843,700,2143,12706,486,6009,945,0.2651645782730485,389,"{""devolucion_origen"": 14, ""entrega_sin_recogida"": 341, ""fisico"": 355, ""fuera_servicio"": 0, ""tope"": 0, ""visitas"": 0}",6360,6360,0,0,0,2843,0,14,67,0,74,"[0.1741, 0.2944, 0.4077, 0.2589, 0.2327, 0.3158, 0.3755, 0.2805, 0.5922, 0.2382, 0.2512, 0.2618, 0.4231, 0.1723, 0.1707, 0.1924, 0.1674, 0.1689, 0.1712, 0.4729, 0.1756, 0.1794, 0.1795, 0.1958, 0.3804, 0.2072, 0.3561, 0.3325, 0.4711, 0.369, 0.4827, 0.4319, 0.6559, 0.3345, 0.5435, 0.3613, 0.281, 0.503, 0.2766, 0.1911, 0.3087, 0.3033, 0.3902, 0.1734, 0.3552, 0.3063, 0.1785, 0.2705, 0.2621, 0.7654, 0.2582, 0.3082, 0.3073, 0.1728, 0.319, 0.3383, 0.3412, 0.2993, 0.3139, 0.3288, 0.3075, 0.3342, 0.1797, 0.1739, 0.1785, 0.1745, 0.1746, 0.173, 0.1723, 0.1804, 0.3178, 0.2744, 0.1813, 0.1597]",0.2807717499963473,0.517196243748185,0.7653897919954034,0,24.091,14.0,0.0
2025-10-29|lgbm_diario|prueba|4|72.7447|base|60|todas|onsite,2025-10-29,lgbm_diario,prueba,4,72.7447,base,60,todas,onsite,69944,5069,75013,2862,717,2145,12609,529,5851,955,0.2602624528531648,404,"{""devolucion_origen"": 11, ""entrega_sin_recogida"": 347, ""fisico"": 358, ""fuera_servicio"": 0, ""tope"": 0, ""visitas"": 0}",6310,6310,0,0,0,2864,2,14,67,0,74,"[0.3002, 0.408, 0.4139, 0.3454, 0.345, 0.3061, 0.3538, 0.3561, 0.5318, 0.4244, 0.236, 0.243, 0.2733, 0.1644, 0.1719, 0.1958, 0.1666, 0.1718, 0.1786, 0.2047, 0.1832, 0.178, 0.1802, 0.1763, 0.1786, 0.1797, 0.1812, 0.3578, 0.3972, 0.3214, 0.3159, 0.3027, 0.3157, 0.4001, 0.1808, 0.3389, 0.4771, 0.7109, 0.5563, 0.4654, 0.4066, 0.3132, 0.4597, 0.332, 0.3807, 0.3367, 0.5168, 0.3004, 0.3789, 0.426, 0.2961, 0.5077, 0.6237, 0.2815, 0.2968, 0.3086, 0.3306, 0.3907, 0.3175, 0.3456, 0.394, 0.1882, 0.1809, 0.184, 0.1826, 0.1735, 0.1777, 0.1807, 0.1794, 0.1783, 0.3256, 0.2878, 0.1815, 0.1578]",0.3073697500003618,0.5220850750003592,0.7109391659978428,0,25.131,11.0,0.0
2025-10-29|oraculo_directo|prueba|4|39.0694|base|60|todas|onsite,2025-10-29,oraculo_directo,prueba,4,39.0694,base,60,todas,onsite,34072,2508,36580,3044,875,2169,12729,480,3091,509,0.2407097774286229,228,"{""devolucion_origen"": 3, ""entrega_sin_recogida"": 557, ""fisico"": 560, ""fuera_servicio"": 0, ""tope"": 0, ""visitas"": 0}",6366,6366,0,0,0,3044,0,14,67,0,74,"[0.269, 0.3825, 0.3232, 0.2645, 0.2754, 0.2582, 0.4433, 0.2334, 0.288, 0.4168, 0.2648, 0.4766, 0.458, 0.2869, 0.3727, 0.5371, 0.5052, 0.1939, 0.3461, 0.2753, 0.2733, 0.291, 0.2801, 0.2821, 0.3119, 0.2872, 0.2649, 0.1826, 0.2741, 0.4583, 0.3915, 0.4429, 0.3797, 0.5584, 0.3845, 0.4775, 0.3494, 0.1769, 0.3128, 0.3479, 0.272, 0.4416, 0.1716, 0.3097, 0.275, 0.2289, 0.3305, 0.2565, 0.1724, 0.3395, 0.2233, 0.1735, 0.1746, 0.4114, 0.3416, 0.3555, 0.3351, 0.3404, 0.2804, 0.2741, 0.1832, 0.2979, 0.1841, 0.1906, 0.1963, 0.1795, 0.1927, 0.1807, 0.192, 0.1891, 0.2618, 0.1755, 0.1712, 0.1693]",0.2802574169982108,0.4769468459522613,0.558378834000905,0,24.371,3.0,0.0
2025-10-29|lgbm_directo|prueba|4|88.9149|base|60|todas|onsite,2025-10-29,lgbm_directo,prueba,4,88.9149,base,60,todas,onsite,73180,5692,78872,2718,670,2048,12678,492,6393,1023,0.2723948991825028,401,"{""devolucion_origen"": 16, ""entrega_sin_recogida"": 472, ""fisico"": 488, ""fuera_servicio"": 0, ""tope"": 0, ""visitas"": 0}",6347,6347,0,0,0,2718,0,14,67,0,74,"[1.3233, 0.3359, 0.2603, 0.5178, 0.3323, 0.3065, 0.287, 0.1744, 0.7011, 0.4193, 0.2409, 0.4595, 0.3127, 0.2775, 0.294, 0.3318, 0.3014, 0.168, 0.1755, 0.3152, 0.3434, 0.365, 0.1759, 0.1816, 0.1818, 0.3677, 0.3305, 0.3524, 0.3373, 0.3247, 0.3206, 0.5148, 0.304, 0.443, 0.5537, 0.3663, 0.3394, 0.3453, 0.1749, 0.2861, 0.3358, 0.2945, 0.5117, 0.2839, 0.3427, 0.3323, 0.32, 0.6138, 0.4247, 0.5228, 0.4853, 0.3962, 0.1728, 0.3447, 0.6169, 0.18, 0.3018, 0.2994, 0.3138, 0.3084, 0.3063, 0.3173, 0.1729, 0.1805, 0.1885, 0.1778, 0.1745, 0.1757, 0.1804, 0.3269, 0.1833, 0.1786, 0.1625, 0.1575]",0.3145172709992039,0.5747371810513865,1.3233116660048836,0,26.779,16.0,0.0
2025-10-30|sin_rebalanceo|prueba|0|0.0|base|60|todas|onsite,2025-10-30,sin_rebalanceo,prueba,0,0.0,base,60,todas,onsite,218087,59850,277937,0,0,0,0,0,13356,8318,0.4295326562995378,1351,"{""devolucion_origen"": 0, ""entrega_sin_recogida"": 0, ""fisico"": 0, ""fuera_servicio"": 0, ""tope"": 0, ""visitas"": 0}",0,0,0,0,0,0,0,0,0,0,0,[],0.0,0.0,0.0,0,2.235,0.0,
2025-10-30|ecobici|prueba|0|0.0|base|60|todas|onsite,2025-10-30,ecobici,prueba,0,0.0,base,60,todas,onsite,115317,14895,130212,3202,1759,1443,13949,0,3518,1118,0.279763853833031,444,"{""devolucion_origen"": 0, ""entrega_sin_recogida"": 0, ""fisico"": 214, ""fuera_servicio"": 0, ""tope"": 0, ""visitas"": 0}",6999,6736,0,-263,0,3163,0,70,124,0,0,[],0.0,0.0,0.0,0,2.227,0.0,3163.0
2025-10-30|oraculo_diario|prueba|4|57.5805|base|60|todas|onsite,2025-10-30,oraculo_diario,prueba,4,57.5805,base,60,todas,onsite,49593,3018,52611,2759,735,2024,12487,526,4821,770,0.2865433114271485,373,"{""devolucion_origen"": 29, ""entrega_sin_recogida"": 373, ""fisico"": 402, ""fuera_servicio"": 0, ""tope"": 0, ""visitas"": 0}",6258,6258,0,0,0,2761,2,14,67,0,74,"[0.8221, 0.4028, 0.4162, 0.235, 0.2854, 0.3146, 0.3229, 0.4216, 0.258, 0.1702, 0.2237, 0.2322, 0.3109, 0.4964, 0.4426, 0.2986, 0.1664, 0.1673, 0.1811, 0.2397, 0.3361, 0.1781, 0.1747, 0.3077, 0.2918, 0.4655, 0.3289, 0.343, 0.2771, 0.1749, 0.2751, 0.2739, 0.2798, 0.2622, 0.3006, 0.6528, 0.4288, 0.3389, 0.4404, 0.2952, 0.4575, 0.3503, 0.2477, 0.4089, 0.275, 0.2435, 0.3302, 0.2924, 0.1811, 0.2713, 0.425, 0.1734, 0.3188, 0.3669, 0.2512, 0.4198, 0.5031, 0.2823, 0.2432, 0.299, 0.3152, 0.2692, 0.2808, 0.1804, 0.189, 0.1773, 0.184, 0.1796, 0.1887, 0.1744, 0.1721, 0.1702, 0.1746, 0.1682]",0.2802915209977072,0.4763368541516682,0.8220827089971863,0,24.338,29.0,0.0
2025-10-30|ma_diaria|prueba|4|72.8507|base|60|todas|onsite,2025-10-30,ma_diaria,prueba,4,72.8507,base,60,todas,onsite,68480,4300,72780,2738,678,2060,12396,481,5926,862,0.2794721767911955,486,"{""devolucion_origen"": 8, ""entrega_sin_recogida"": 282, ""fisico"": 290, ""fuera_servicio"": 0, ""tope"": 0, ""visitas"": 0}",6202,6202,0,0,0,2740,2,14,67,0,74,"[0.1755, 0.2517, 0.4271, 0.2275, 0.329, 0.2169, 0.1711, 0.4186, 0.1728, 0.1748, 0.2284, 0.381, 0.5273, 0.4731, 0.19, 0.1678, 0.1668, 0.171, 0.1708, 0.1696, 0.3067, 0.1763, 0.1724, 0.3056, 0.1775, 0.1802, 0.3262, 0.7357, 0.1773, 0.3188, 0.1914, 0.3971, 0.3528, 0.3479, 0.4016, 0.4559, 0.3173, 0.4997, 0.4444, 0.4327, 0.4275, 0.2895, 0.2971, 0.3186, 0.3443, 0.2878, 0.2551, 0.3037, 0.3256, 0.3523, 0.3861, 0.2459, 0.2583, 0.2642, 0.6573, 0.3906, 0.2825, 0.2798, 0.2914, 0.2934, 0.1848, 0.3063, 0.1879, 0.1872, 0.1853, 0.1794, 0.1776, 0.184, 0.1789, 0.1709, 0.3041, 0.3981, 0.1818, 0.1641]",0.2851440835001995,0.4824344347474833,0.7357448750044568,0,23.834,8.0,0.0
2025-10-30|lgbm_diario|prueba|4|72.7447|base|60|todas|onsite,2025-10-30,lgbm_diario,prueba,4,72.7447,base,60,todas,onsite,65604,4442,70046,2716,672,2044,12334,484,5475,869,0.2746623883427291,466,"{""devolucion_origen"": 14, ""entrega_sin_recogida"": 251, ""fisico"": 265, ""fuera_servicio"": 0, ""tope"": 0, ""visitas"": 0}",6174,6174,0,0,0,2720,4,14,67,0,74,"[0.2552, 0.4586, 0.2343, 0.2676, 0.3452, 0.2858, 0.3326, 0.405, 0.4467, 0.2433, 0.2821, 0.3624, 0.3163, 0.3786, 0.1737, 0.1667, 0.1915, 0.1804, 0.1717, 0.1712, 0.304, 0.1754, 0.3062, 0.1738, 0.1779, 0.4907, 0.5562, 0.3513, 0.4244, 0.3883, 0.3501, 0.3269, 0.4641, 0.402, 0.4005, 0.5217, 0.3898, 0.5555, 0.3023, 0.5698, 0.3219, 0.1828, 0.5242, 0.313, 0.3018, 0.3456, 0.2555, 0.2807, 0.2669, 0.2645, 0.2714, 0.3834, 0.3567, 0.3177, 0.415, 0.4099, 0.3663, 0.1739, 0.4069, 0.3457, 0.4254, 0.2938, 0.1852, 0.1842, 0.1772, 0.1749, 0.1755, 0.1798, 0.1708, 0.1866, 0.2919, 0.1838, 0.1793, 0.1596]",0.3031238334988302,0.5225588148023235,0.5697512499973527,0,25.17,14.0,0.0
2025-10-30|oraculo_directo|prueba|4|39.0694|base|60|todas|onsite,2025-10-30,oraculo_directo,prueba,4,39.0694,base,60,todas,onsite,35747,3096,38843,2928,805,2123,12095,466,3260,718,0.2896850018015333,286,"{""devolucion_origen"": 5, ""entrega_sin_recogida"": 520, ""fisico"": 525, ""fuera_servicio"": 0, ""tope"": 0, ""visitas"": 0}",6050,6050,0,0,0,2932,4,14,67,0,74,"[0.7893, 0.2655, 0.3157, 0.4768, 0.2682, 0.2543, 0.3946, 0.2789, 0.2794, 0.3298, 0.2921, 0.4218, 0.4517, 0.1665, 0.4475, 0.3647, 0.1651, 0.2482, 0.3916, 0.2498, 0.2577, 0.3522, 0.4099, 0.6791, 0.5549, 0.3312, 0.5373, 0.3689, 0.4625, 0.3163, 0.4185, 0.6154, 0.5339, 0.4251, 0.2754, 0.3236, 0.3061, 0.2687, 0.2772, 0.1773, 0.3411, 0.3554, 0.4452, 0.3281, 0.2521, 0.2525, 0.2848, 0.1886, 0.2379, 0.3172, 0.301, 0.1768, 0.3522, 0.2464, 0.3426, 0.3801, 0.3155, 0.1789, 0.2843, 0.2814, 0.2771, 0.461, 0.1872, 0.1897, 0.1835, 0.188, 0.1935, 0.1912, 0.1981, 0.1779, 0.1936, 0.2784, 0.2502, 0.1895]",0.2884394165012054,0.5434422141519462,0.7892557079976541,0,26.088,5.0,0.0
2025-10-30|lgbm_directo|prueba|4|88.9149|base|60|todas|onsite,2025-10-30,lgbm_directo,prueba,4,88.9149,base,60,todas,onsite,66475,4142,70617,2627,628,1999,12551,481,5989,868,0.2767541842649331,476,"{""devolucion_origen"": 13, ""entrega_sin_recogida"": 372, ""fisico"": 385, ""fuera_servicio"": 0, ""tope"": 0, ""visitas"": 0}",6282,6282,0,0,0,2629,2,14,67,0,74,"[1.3486, 0.2597, 0.3906, 0.4472, 0.3025, 0.3452, 0.1761, 0.1841, 0.4426, 0.1689, 0.3298, 0.3079, 0.2513, 0.3477, 0.3053, 0.3308, 0.175, 0.1651, 0.1711, 0.1732, 0.3252, 0.358, 0.3296, 0.3512, 0.6226, 0.5582, 0.6831, 0.5528, 0.1781, 0.4767, 0.3344, 0.4331, 0.3728, 0.4777, 0.4266, 0.7232, 0.4426, 0.5552, 0.3891, 0.4161, 0.296, 0.4549, 0.3473, 0.5683, 0.3258, 0.1711, 0.1771, 0.4671, 0.2794, 0.3695, 0.5053, 0.2772, 0.3378, 0.421, 0.2976, 0.3077, 0.3659, 0.5496, 0.2929, 0.3261, 0.4274, 0.1795, 0.3379, 0.1789, 0.1787, 0.3741, 0.192, 0.1798, 0.1735, 0.3417, 0.1914, 0.185, 0.1666, 0.1668]",0.3326058335005655,0.5873098351992664,1.3486321669988683,0,28.372,13.0,0.0
2025-10-31|sin_rebalanceo|prueba|0|0.0|base|60|todas|onsite,2025-10-31,sin_rebalanceo,prueba,0,0.0,base,60,todas,onsite,199415,45921,245336,0,0,0,0,0,11941,6193,0.4187318332560028,1058,"{""devolucion_origen"": 0, ""entrega_sin_recogida"": 0, ""fisico"": 0, ""fuera_servicio"": 0, ""tope"": 0, ""visitas"": 0}",0,0,0,0,0,0,0,0,0,0,0,[],0.0,0.0,0.0,0,2.167,0.0,
2025-10-31|ecobici|prueba|0|0.0|base|60|todas|onsite,2025-10-31,ecobici,prueba,0,0.0,base,60,todas,onsite,88628,8749,97377,2867,1430,1437,13324,0,1640,273,0.2390009044637683,273,"{""devolucion_origen"": 0, ""entrega_sin_recogida"": 0, ""fisico"": 86, ""fuera_servicio"": 0, ""tope"": 0, ""visitas"": 0}",6567,6671,0,104,0,2853,0,56,114,0,0,[],0.0,0.0,0.0,0,2.184,0.0,2853.0
2025-10-31|oraculo_diario|prueba|4|57.5805|base|60|todas|onsite,2025-10-31,oraculo_diario,prueba,4,57.5805,base,60,todas,onsite,34112,1600,35712,2281,553,1728,10632,414,2556,198,0.2112400913094567,288,"{""devolucion_origen"": 22, ""entrega_sin_recogida"": 318, ""fisico"": 340, ""fuera_servicio"": 0, ""tope"": 0, ""visitas"": 0}",5327,5327,0,0,0,2281,0,14,67,0,74,"[0.2883, 0.3782, 0.4472, 0.5028, 0.4532, 0.2774, 0.3807, 0.2569, 0.2942, 0.2473, 0.1728, 0.1644, 0.3374, 0.2338, 0.2516, 0.2346, 0.3076, 0.2659, 0.2653, 0.2681, 0.3143, 0.2599, 0.2634, 0.2664, 0.5208, 0.341, 0.4682, 0.3316, 0.4865, 0.5368, 0.1751, 0.4749, 0.3925, 0.4571, 0.6321, 0.2533, 0.3534, 0.309, 0.2708, 0.2522, 0.4408, 0.3456, 0.3045, 0.3014, 0.3359, 0.2913, 0.2728, 0.2399, 0.2745, 0.2768, 0.3292, 0.2945, 0.7952, 0.2948, 0.2982, 0.271, 0.3111, 0.3567, 0.2782, 0.1793, 0.1821, 0.2911, 0.3624, 0.3922, 0.1875, 0.3606, 0.33, 0.3082, 0.1918, 0.2839, 0.2711, 0.1709, 0.1695, 0.1694]",0.2943364794991794,0.5091141335487918,0.7951686250016792,0,25.819,22.0,0.0
2025-10-31|ma_diaria|prueba|4|72.8507|base|60|todas|onsite,2025-10-31,ma_diaria,prueba,4,72.8507,base,60,todas,onsite,53520,3201,56721,2282,544,1738,11035,466,4347,366,0.2460589364011763,456,"{""devolucion_origen"": 17, ""entrega_sin_recogida"": 297, ""fisico"": 314, ""fuera_servicio"": 0, ""tope"": 0, ""visitas"": 0}",5526,5526,0,0,0,2282,0,14,67,0,74,"[0.324, 0.176, 0.2331, 0.4223, 0.2276, 0.2286, 0.2197, 0.3362, 0.2573, 0.2299, 0.2846, 0.2495, 0.3741, 0.165, 0.3045, 0.1715, 0.2971, 0.174, 0.1767, 0.3477, 0.1775, 0.1835, 0.3409, 0.4386, 0.3649, 0.4874, 0.5306, 0.3458, 0.3529, 0.3443, 0.341, 0.565, 0.4319, 0.5428, 0.5642, 0.4524, 0.452, 0.4302, 0.1974, 0.4109, 0.3395, 0.3786, 0.3885, 0.3101, 0.3121, 0.3011, 0.1786, 0.2794, 0.1742, 0.4298, 0.3606, 0.3545, 0.3555, 0.6209, 0.4223, 0.3031, 0.4799, 0.3159, 0.3694, 0.4084, 0.3796, 0.4484, 0.4118, 0.1841, 0.1849, 0.4239, 0.1824, 0.1824, 0.1747, 0.3373, 0.17, 0.2891, 0.1791, 0.1598]",0.3367232709970267,0.5348876516502059,0.6208600829995703,0,26.191,17.0,0.0
2025-10-31|lgbm_diario|prueba|4|72.7447|base|60|todas|onsite,2025-10-31,lgbm_diario,prueba,4,72.7447,base,60,todas,onsite,51929,2982,54911,2326,516,1810,10609,464,3867,337,0.2437482794513586,438,"{""devolucion_origen"": 7, ""entrega_sin_recogida"": 226, ""fisico"": 233, ""fuera_servicio"": 0, ""tope"": 0, ""visitas"": 0}",5308,5308,0,0,0,2326,0,14,67,0,74,"[0.4994, 0.3104, 0.1761, 0.4744, 0.2671, 0.1691, 0.3295, 0.3051, 0.258, 0.2525, 0.2983, 0.1741, 0.5253, 0.1682, 0.2817, 0.2948, 0.1726, 0.1693, 0.1728, 0.3543, 0.1761, 0.3394, 0.486, 0.4699, 0.5663, 0.4133, 0.4927, 0.5664, 0.3746, 0.3256, 0.5934, 0.3678, 0.383, 0.1827, 0.4067, 0.1806, 0.4517, 0.3816, 0.1813, 0.3035, 0.4272, 0.1737, 0.3458, 0.4152, 0.4691, 0.3379, 0.1784, 0.3296, 0.313, 0.1743, 0.314, 0.5804, 0.4032, 0.4849, 0.1794, 0.1841, 0.3772, 0.1826, 0.4351, 0.1804, 0.3406, 0.3401, 0.3361, 0.1778, 0.3664, 0.3999, 0.179, 0.1798, 0.3309, 0.3742, 0.3123, 0.1711, 0.179, 0.1609]",0.327542541501316,0.539657839699066,0.5934106249987963,0,25.991,7.0,0.0
2025-10-31|oraculo_directo|prueba|4|39.0694|base|60|todas|onsite,2025-10-31,oraculo_directo,prueba,4,39.0694,base,60,todas,onsite,24183,1624,25807,2425,634,1791,9927,366,1459,105,0.2170251400928789,202,"{""devolucion_origen"": 3, ""entrega_sin_recogida"": 394, ""fisico"": 397, ""fuera_servicio"": 0, ""tope"": 0, ""visitas"": 0}",4965,4965,0,0,0,2425,0,14,67,0,74,"[0.6171, 0.4388, 0.3922, 0.5507, 0.3193, 0.2446, 0.1761, 0.1761, 0.2273, 0.3213, 0.1697, 0.3125, 0.2565, 0.2636, 0.2424, 0.3158, 0.3138, 0.3051, 0.347, 0.5849, 0.353, 0.4758, 0.2754, 0.459, 0.5242, 0.503, 0.1823, 0.3481, 0.4794, 0.3812, 0.4909, 0.4052, 0.4563, 0.3292, 0.1885, 0.3068, 0.1806, 0.4963, 0.1783, 0.2918, 0.1765, 0.3798, 0.2919, 0.3008, 0.2956, 0.4089, 0.1801, 0.2489, 0.3756, 0.1837, 0.3333, 0.3218, 0.3234, 0.3664, 0.2833, 0.3598, 0.276, 0.3653, 0.2958, 0.328, 0.3009, 0.3126, 0.3058, 0.2867, 0.2821, 0.1827, 0.1773, 0.1865, 0.2938, 0.1752, 0.2888, 0.2518, 0.1809, 0.1708]",0.3054281040022033,0.5104273209526581,0.617073707995587,0,25.572,3.0,0.0
2025-10-31|lgbm_directo|prueba|4|88.9149|base|60|todas|onsite,2025-10-31,lgbm_directo,prueba,4,88.9149,base,60,todas,onsite,56228,2455,58683,2261,532,1729,11494,460,4729,261,0.2448777628209382,438,"{""devolucion_origen"": 4, ""entrega_sin_recogida"": 324, ""fisico"": 328, ""fuera_servicio"": 0, ""tope"": 0, ""visitas"": 0}",5749,5749,0,0,0,2261,0,14,67,0,74,"[1.6413, 0.2427, 0.3622, 0.3396, 0.4761, 0.4594, 0.4539, 0.5562, 0.5439, 0.3352, 0.3496, 0.2511, 0.4783, 0.1659, 0.3339, 0.3417, 0.1746, 0.3607, 0.3268, 0.3724, 0.3406, 0.5048, 0.6109, 0.3675, 0.4338, 0.3634, 0.3685, 0.4816, 0.6845, 0.755, 0.1791, 0.4354, 0.5476, 0.4046, 0.4074, 0.4565, 0.412, 0.5567, 0.4706, 0.3522, 0.4753, 0.3182, 0.5937, 0.3141, 0.1999, 0.1741, 0.3877, 0.3598, 0.2811, 0.5581, 0.4723, 0.3273, 0.447, 0.3696, 0.3366, 0.3247, 0.1803, 0.1849, 0.4419, 0.4856, 0.3342, 0.4053, 0.1783, 0.1824, 0.1848, 0.389, 0.5321, 0.3246, 0.1812, 0.17, 0.1694, 0.169, 0.1659, 0.1606]",0.36279706249843,0.5997404312500293,1.641272832996037,0,30.748,4.0,0.0
2025-11-01|sin_rebalanceo|prueba|0|0.0|base|60|todas|onsite,2025-11-01,sin_rebalanceo,prueba,0,0.0,base,60,todas,onsite,98112,18184,116296,0,0,0,0,0,2447,883,0.266724982530013,201,"{""devolucion_origen"": 0, ""entrega_sin_recogida"": 0, ""fisico"": 0, ""fuera_servicio"": 0, ""tope"": 0, ""visitas"": 0}",0,0,0,0,0,0,0,0,0,0,0,[],0.0,0.0,0.0,0,1.857,0.0,
2025-11-01|ecobici|prueba|0|0.0|base|60|todas|onsite,2025-11-01,ecobici,prueba,0,0.0,base,60,todas,onsite,58100,12817,70917,1274,676,598,3945,0,209,47,0.2120485448688642,77,"{""devolucion_origen"": 0, ""entrega_sin_recogida"": 0, ""fisico"": 2, ""fuera_servicio"": 0, ""tope"": 0, ""visitas"": 0}",1978,1965,0,-13,0,1272,0,26,55,0,0,[],0.0,0.0,0.0,0,1.821,0.0,1272.0
2025-11-01|oraculo_diario|prueba|4|57.5805|base|60|todas|onsite,2025-11-01,oraculo_diario,prueba,4,57.5805,base,60,todas,onsite,14962,690,15652,1193,231,962,4278,167,481,7,0.2096825936024756,52,"{""devolucion_origen"": 8, ""entrega_sin_recogida"": 77, ""fisico"": 85, ""fuera_servicio"": 0, ""tope"": 0, ""visitas"": 0}",2143,2143,0,0,0,1197,4,14,43,0,74,"[0.1899, 0.1913, 0.186, 0.3586, 0.3975, 0.1881, 0.1869, 0.4042, 0.2103, 0.1891, 0.3147, 0.2978, 0.3226, 0.3763, 0.3123, 0.2854, 0.3234, 0.3118, 0.5192, 0.1799, 0.3168, 0.3321, 0.3185, 0.2681, 0.315, 0.1749, 0.4154, 0.1953, 0.4972, 0.3684, 0.3509, 0.3035, 0.3889, 0.302, 0.3497, 0.5085, 0.5464, 0.2721, 0.2737, 0.323, 0.3044, 0.3651, 0.3174, 0.491, 0.4554, 0.3629, 0.4126, 0.5263, 0.624, 0.751, 0.3354, 0.4952, 0.6424, 0.4935, 0.3279, 0.4428, 0.3408, 0.3719, 0.3182, 0.186, 0.349, 0.5571, 0.4891, 0.5229, 0.3264, 0.44, 0.3594, 0.3659, 0.1875, 0.2864, 0.1888, 0.1772, 0.1805, 0.1689]",0.3271627085014188,0.5501420807970134,0.7509627500039642,0,27.683,8.0,0.0
2025-11-01|ma_diaria|prueba|4|72.8507|base|60|todas|onsite,2025-11-01,ma_diaria,prueba,4,72.8507,base,60,todas,onsite,38778,2225,41003,1237,176,1061,3826,138,1695,138,0.2224118316126319,128,"{""devolucion_origen"": 0, ""entrega_sin_recogida"": 30, ""fisico"": 30, ""fuera_servicio"": 0, ""tope"": 0, ""visitas"": 0}",1913,1913,0,0,0,1237,0,14,36,0,74,"[0.1863, 0.3237, 0.4325, 0.1979, 0.3821, 0.1937, 0.4949, 0.4567, 0.3735, 0.413, 0.4493, 0.5471, 0.3872, 0.1803, 0.3737, 0.8429, 0.3364, 0.3892, 0.7133, 0.3387, 0.7692, 0.6194, 0.7431, 0.2067, 0.1823, 0.1864, 0.4677, 0.1904, 0.1938, 0.1893, 0.4863, 0.4153, 0.1885, 0.1858, 0.1851, 0.3663, 0.1774, 0.1864, 0.3414, 0.3313, 0.1787, 0.3524, 0.186, 0.3285, 0.4053, 0.4469, 0.1884, 0.342, 0.6456, 0.3582, 0.7238, 0.5372, 0.6696, 0.3822, 0.4784, 0.6362, 0.5422, 0.4778, 0.5069, 0.1834, 0.1804, 0.4891, 0.1829, 0.1904, 0.1767, 0.1815, 0.183, 0.1816, 0.3418, 0.1827, 0.3065, 0.2985, 0.1839, 0.1709]",0.341577999999572,0.7169749647047865,0.8429326669938746,0,28.409,0.0,0.0
2025-11-01|lgbm_diario|prueba|4|72.7447|base|60|todas|onsite,2025-11-01,lgbm_diario,prueba,4,72.7447,base,60,todas,onsite,38673,2133,40806,1274,168,1106,3835,139,1741,149,0.2181507595748019,132,"{""devolucion_origen"": 5, ""entrega_sin_recogida"": 27, ""fisico"": 32, ""fuera_servicio"": 0, ""tope"": 0, ""visitas"": 0}",1920,1920,0,0,0,1274,0,14,43,0,74,"[0.1852, 0.406, 0.4101, 0.3458, 0.3835, 0.3557, 0.373, 0.4214, 0.1936, 0.4435, 0.6201, 0.2003, 0.4046, 0.4076, 0.4018, 0.5838, 0.4325, 0.3519, 0.1803, 0.5107, 0.1849, 0.3501, 0.3716, 0.4367, 0.3719, 0.188, 0.3756, 0.4682, 0.1854, 0.3881, 0.3953, 0.6194, 0.3972, 0.1788, 0.3695, 0.3586, 0.1819, 0.1816, 0.3361, 0.4704, 0.3434, 0.1859, 0.3507, 0.4614, 0.1969, 0.1848, 0.6064, 0.3503, 0.6252, 0.4649, 0.7413, 0.6662, 0.3619, 0.3725, 0.4467, 0.5576, 0.3942, 0.1847, 0.4121, 0.1902, 0.1904, 0.4804, 0.1887, 0.1864, 0.1923, 0.1891, 0.1885, 0.1747, 0.3436, 0.3328, 0.3048, 0.1842, 0.1814, 0.1652]",0.3602369164982519,0.619635951849341,0.7413427919964306,0,27.84,5.0,0.0
2025-11-01|oraculo_directo|prueba|4|39.0694|base|60|todas|onsite,2025-11-01,oraculo_directo,prueba,4,39.0694,base,60,todas,onsite,12174,643,12817,1024,199,825,3126,141,181,15,0.2113777444253995,34,"{""devolucion_origen"": 0, ""entrega_sin_recogida"": 39, ""fisico"": 39, ""fuera_servicio"": 0, ""tope"": 0, ""visitas"": 0}",1563,1563,0,0,0,1024,0,14,40,0,74,"[0.1871, 0.1907, 0.194, 0.4438, 0.4058, 0.1871, 0.3871, 0.1923, 0.1992, 0.3259, 0.3705, 0.3252, 0.4464, 0.3831, 0.3278, 0.3686, 0.4441, 0.4401, 0.5146, 0.5317, 0.3618, 0.5967, 0.3454, 0.461, 0.4119, 0.5899, 0.3328, 0.3099, 0.1905, 0.3178, 0.4269, 0.2995, 0.2807, 0.2876, 0.4238, 0.2982, 0.186, 0.4654, 0.4272, 0.1813, 0.3279, 0.3337, 0.1916, 0.2963, 0.5186, 0.3919, 0.3845, 0.184, 0.3182, 0.6336, 0.4044, 0.3152, 0.4427, 0.6048, 0.4601, 0.1945, 0.6519, 0.4628, 0.5013, 0.4441, 0.4729, 0.3649, 0.3573, 0.3784, 0.3236, 0.3118, 0.1941, 1.9641, 0.4998, 0.3166, 0.1846, 0.173, 0.1754, 0.1932]",0.3595730409979296,0.5995565061526577,1.9640735829962068,0,29.971,0.0,0.0
2025-11-01|lgbm_directo|prueba|4|88.9149|base|60|todas|onsite,2025-11-01,lgbm_directo,prueba,4,88.9149,base,60,todas,onsite,35394,2184,37578,1411,224,1187,5165,196,1793,107,0.2214909984188468,143,"{""devolucion_origen"": 5, ""entrega_sin_recogida"": 46, ""fisico"": 51, ""fuera_servicio"": 0, ""tope"": 0, ""visitas"": 0}",2585,2585,0,0,0,1411,0,14,40,0,74,"[1.1307, 0.4145, 0.1943, 0.3839, 0.3795, 0.3595, 0.3744, 0.3937, 0.4039, 0.3954, 0.3919, 0.3595, 0.1899, 0.7795, 0.4648, 0.4062, 0.4966, 0.3597, 0.3895, 0.5276, 0.6337, 0.3858, 0.4254, 0.6256, 0.3823, 0.5382, 0.4863, 0.4844, 0.6251, 0.1839, 0.3693, 0.4541, 0.3625, 0.1792, 0.3443, 0.1819, 0.1827, 0.6081, 0.1802, 0.556, 0.3974, 0.3546, 0.3454, 0.363, 0.4383, 0.3763, 0.5612, 0.354, 1.0609, 0.5616, 0.3993, 0.502, 0.3676, 0.4596, 0.1818, 0.7692, 0.3998, 0.3996, 0.1782, 0.1854, 0.1844, 0.3874, 0.1856, 0.1872, 0.1837, 0.1809, 0.4078, 0.3527, 0.1837, 0.174, 0.3321, 0.1854, 0.1657, 0.1642]",0.3831159789988305,0.6811485146983606,1.1307464170022286,0,30.817,5.0,0.0
2025-11-02|sin_rebalanceo|prueba|0|0.0|base|60|todas|onsite,2025-11-02,sin_rebalanceo,prueba,0,0.0,base,60,todas,onsite,110564,24923,135487,0,0,0,0,0,1840,1271,0.2802727332995325,124,"{""devolucion_origen"": 0, ""entrega_sin_recogida"": 0, ""fisico"": 0, ""fuera_servicio"": 0, ""tope"": 0, ""visitas"": 0}",0,0,0,0,0,0,0,0,0,0,0,[],0.0,0.0,0.0,0,1.781,0.0,
2025-11-02|ecobici|prueba|0|0.0|base|60|todas|onsite,2025-11-02,ecobici,prueba,0,0.0,base,60,todas,onsite,75058,14737,89795,1370,789,581,3901,0,252,117,0.2153399713462209,70,"{""devolucion_origen"": 0, ""entrega_sin_recogida"": 0, ""fisico"": 11, ""fuera_servicio"": 0, ""tope"": 0, ""visitas"": 0}",2062,1828,0,-234,0,1362,0,37,73,0,0,[],0.0,0.0,0.0,0,1.801,0.0,1362.0
2025-11-02|oraculo_diario|prueba|4|57.5805|base|60|todas|onsite,2025-11-02,oraculo_diario,prueba,4,57.5805,base,60,todas,onsite,21219,808,22027,1059,189,870,3174,124,408,26,0.1940436399576427,50,"{""devolucion_origen"": 2, ""entrega_sin_recogida"": 101, ""fisico"": 103, ""fuera_servicio"": 0, ""tope"": 0, ""visitas"": 0}",1588,1588,0,0,0,1059,0,14,39,0,74,"[0.2026, 0.3483, 0.3863, 0.1942, 1.0011, 0.4282, 0.402, 0.3816, 0.3904, 0.4038, 0.3511, 0.3386, 0.4521, 0.3481, 0.1761, 0.3711, 0.2968, 0.2785, 0.2701, 0.4616, 0.2884, 0.3125, 0.4677, 0.2816, 0.1935, 0.3105, 0.2958, 0.3418, 0.3049, 0.2854, 0.3235, 0.2803, 0.3034, 0.2816, 0.4294, 0.324, 0.184, 0.35, 0.1863, 0.1828, 0.3251, 0.3864, 0.3415, 0.331, 0.3568, 0.3044, 0.3455, 0.4684, 0.5497, 0.3254, 0.4718, 0.2264, 0.3648, 0.3543, 0.3451, 0.5693, 0.3537, 0.348, 0.3269, 0.3656, 0.4231, 0.5755, 0.6301, 0.5632, 0.2282, 0.4477, 0.4305, 0.339, 0.2923, 0.1858, 0.185, 0.1761, 0.1725, 0.1709]",0.340238541499275,0.5653497414507,1.0011032080001314,0,27.603,2.0,0.0
2025-11-02|ma_diaria|prueba|4|72.8507|base|60|todas|onsite,2025-11-02,ma_diaria,prueba,4,72.8507,base,60,todas,onsite,35344,2309,37653,1107,163,944,3543,126,901,123,0.2243892965539507,66,"{""devolucion_origen"": 3, ""entrega_sin_recogida"": 42, ""fisico"": 45, ""fuera_servicio"": 0, ""tope"": 0, ""visitas"": 0}",1773,1773,0,0,0,1107,0,14,36,0,74,"[0.2887, 0.3622, 0.4594, 0.1829, 0.3868, 0.3775, 0.3996, 0.3769, 0.4067, 0.5326, 0.4652, 0.4502, 0.468, 0.5153, 0.4971, 0.4723, 0.412, 0.4501, 0.4394, 0.1937, 0.4153, 0.3273, 0.5665, 0.3387, 0.3252, 0.533, 0.3413, 0.7507, 0.5523, 0.3882, 0.1847, 0.1768, 0.1755, 0.1797, 0.4207, 0.1785, 0.3753, 0.1834, 0.1852, 0.1944, 0.3635, 0.1914, 0.2011, 0.4739, 0.4129, 0.4835, 0.5379, 0.6338, 0.1844, 0.4121, 0.7315, 0.401, 0.4414, 0.1913, 0.1898, 0.4684, 0.4685, 0.496, 0.1871, 0.4647, 0.1798, 0.1935, 0.1882, 0.3777, 0.1785, 0.176, 0.3891, 0.1832, 0.199, 0.3387, 0.1721, 0.1742, 0.1818, 0.1658]",0.3772234790012589,0.5572485351989598,0.7506534579952131,0,27.809,3.0,0.0
2025-11-02|lgbm_diario|prueba|4|72.7447|base|60|todas|onsite,2025-11-02,lgbm_diario,prueba,4,72.7447,base,60,todas,onsite,35911,2521,38432,1071,171,900,3195,126,809,123,0.2122552217571966,69,"{""devolucion_origen"": 1, ""entrega_sin_recogida"": 38, ""fisico"": 39, ""fuera_servicio"": 0, ""tope"": 0, ""visitas"": 0}",1598,1598,0,0,0,1071,0,14,31,0,74,"[0.1976, 0.4827, 0.4448, 0.3936, 0.1859, 0.2197, 0.2029, 0.1854, 0.4838, 0.4375, 0.578, 0.498, 0.4261, 0.385, 0.3696, 0.5579, 0.3394, 0.5881, 0.3912, 0.6353, 0.4244, 0.4786, 0.735, 0.4647, 0.3535, 0.3654, 0.1788, 0.1783, 0.1804, 0.1939, 0.1816, 0.3596, 0.332, 0.1964, 0.2086, 0.1812, 0.4091, 0.1768, 0.1816, 0.1816, 0.1856, 0.1857, 0.1804, 0.4502, 0.4544, 0.8282, 0.5129, 0.5304, 0.4665, 0.4105, 0.1825, 0.4514, 0.758, 0.4732, 0.5217, 0.4239, 0.4589, 0.4849, 0.1866, 0.7281, 0.185, 0.1935, 0.195, 0.1816, 0.1823, 0.5192, 0.1862, 0.3569, 0.3732, 0.3448, 0.1697, 0.1848, 0.1803, 0.162]",0.36250322900014,0.6677634045016015,0.828170583001338,0,28.217,1.0,0.0
2025-11-02|oraculo_directo|prueba|4|39.0694|base|60|todas|onsite,2025-11-02,oraculo_directo,prueba,4,39.0694,base,60,todas,onsite,18464,749,19213,861,157,704,2318,109,236,24,0.1908383786247752,37,"{""devolucion_origen"": 2, ""entrega_sin_recogida"": 53, ""fisico"": 55, ""fuera_servicio"": 0, ""tope"": 0, ""visitas"": 0}",1160,1160,0,0,0,861,0,14,43,0,74,"[0.1889, 0.3798, 0.4713, 0.376, 0.5339, 0.7957, 0.5629, 0.1965, 0.3961, 0.3805, 0.3824, 0.3939, 0.3318, 0.1946, 0.3257, 0.3091, 0.3999, 0.1885, 0.5918, 0.4449, 0.4636, 0.4544, 0.3953, 0.2808, 0.299, 0.1966, 0.1853, 0.1764, 0.2752, 0.2016, 0.3299, 0.1867, 0.3743, 0.4426, 0.3136, 0.2945, 0.5247, 0.3091, 0.328, 0.3371, 0.3393, 0.4099, 0.3146, 0.3, 0.33, 0.1966, 0.3181, 0.297, 0.4269, 0.3558, 0.375, 0.4152, 0.1902, 0.1884, 0.3251, 0.1852, 0.3689, 0.2045, 0.355, 0.3762, 0.5716, 0.6292, 0.5426, 0.4904, 0.3498, 0.2826, 0.242, 0.1851, 0.2302, 3.1503, 0.1841, 0.1754, 0.1845, 0.1722]",0.3299457704997621,0.5786772687508345,3.150261791997764,0,29.732,2.0,0.0
2025-11-02|lgbm_directo|prueba|4|88.9149|base|60|todas|onsite,2025-11-02,lgbm_directo,prueba,4,88.9149,base,60,todas,onsite,35784,1918,37702,1315,227,1088,4872,205,1134,117,0.214662350686281,94,"{""devolucion_origen"": 6, ""entrega_sin_recogida"": 88, ""fisico"": 94, ""fuera_servicio"": 0, ""tope"": 0, ""visitas"": 0}",2439,2439,0,0,0,1315,0,14,42,0,74,"[1.1149, 0.189, 0.4212, 0.4612, 0.1856, 0.4253, 0.4773, 0.1792, 0.1789, 0.4303, 0.6139, 0.6083, 0.6477, 0.45, 0.4328, 0.7123, 0.5655, 0.5749, 0.3648, 0.4259, 0.3375, 0.3208, 0.1751, 0.1821, 0.1825, 0.3471, 0.354, 0.5991, 0.692, 0.3579, 0.4587, 0.1822, 0.3378, 0.1811, 0.1814, 0.1819, 0.3482, 0.3538, 0.183, 0.4369, 0.1779, 0.4739, 0.1787, 0.4697, 0.4866, 0.743, 0.5354, 0.1841, 0.5688, 0.4172, 0.7219, 0.5276, 0.1968, 0.5106, 0.7874, 0.7622, 0.5124, 0.4063, 0.5026, 0.1899, 0.7126, 0.9451, 0.532, 0.4865, 0.1824, 0.3906, 0.183, 0.1888, 0.1886, 0.3598, 0.1688, 0.1859, 0.1665, 0.1637]",0.4117652079985419,0.7496793353009706,1.114918374994886,0,31.967,6.0,0.0
2025-11-03|sin_rebalanceo|prueba|0|0.0|base|60|todas|onsite,2025-11-03,sin_rebalanceo,prueba,0,0.0,base,60,todas,onsite,248156,57365,305521,0,0,0,0,0,13912,6816,0.4637975175218926,1193,"{""devolucion_origen"": 0, ""entrega_sin_recogida"": 0, ""fisico"": 0, ""fuera_servicio"": 0, ""tope"": 0, ""visitas"": 0}",0,0,0,0,0,0,0,0,0,0,0,[],0.0,0.0,0.0,0,2.164,0.0,
2025-11-03|ecobici|prueba|0|0.0|base|60|todas|onsite,2025-11-03,ecobici,prueba,0,0.0,base,60,todas,onsite,124570,13680,138250,3206,1754,1452,14449,0,2686,671,0.2832342395714786,431,"{""devolucion_origen"": 0, ""entrega_sin_recogida"": 0, ""fisico"": 226, ""fuera_servicio"": 0, ""tope"": 0, ""visitas"": 0}",6959,7264,0,305,0,3177,0,70,136,0,0,[],0.0,0.0,0.0,0,2.12,0.0,3177.0
2025-11-03|oraculo_diario|prueba|4|57.5805|base|60|todas|onsite,2025-11-03,oraculo_diario,prueba,4,57.5805,base,60,todas,onsite,54265,2078,56343,2733,675,2058,12053,459,4593,589,0.2601743289780041,395,"{""devolucion_origen"": 17, ""entrega_sin_recogida"": 384, ""fisico"": 401, ""fuera_servicio"": 0, ""tope"": 0, ""visitas"": 0}",6035,6035,0,0,0,2737,4,14,67,0,74,"[0.6364, 0.2723, 0.4133, 0.3643, 0.2659, 0.3937, 0.3088, 0.2465, 0.2701, 0.2734, 0.2595, 0.2676, 0.2639, 0.2555, 0.4723, 0.2474, 0.1736, 0.1649, 0.1723, 0.2666, 0.182, 0.2732, 0.264, 0.3061, 0.4888, 0.378, 0.6499, 0.4602, 0.3775, 0.335, 0.5285, 0.3926, 0.5373, 0.4633, 0.3247, 0.3198, 0.4029, 0.2753, 0.3152, 0.2737, 0.171, 0.3159, 0.2605, 0.2996, 0.1741, 0.227, 0.3104, 0.1754, 0.2581, 0.1749, 0.5173, 0.3125, 0.2487, 0.4706, 0.3116, 0.3499, 0.2672, 0.1733, 0.2808, 0.3017, 0.3047, 0.3974, 0.1713, 0.3083, 0.3358, 0.1759, 0.1791, 0.4957, 0.3704, 0.1789, 0.1735, 0.1684, 0.1711, 0.1698]",0.2780529580013535,0.521220890247423,0.6498989169995184,0,24.97,17.0,0.0
2025-11-03|ma_diaria|prueba|4|72.8507|base|60|todas|onsite,2025-11-03,ma_diaria,prueba,4,72.8507,base,60,todas,onsite,78314,2842,81156,2901,697,2204,13561,570,6206,806,0.2553132137239473,560,"{""devolucion_origen"": 9, ""entrega_sin_recogida"": 307, ""fisico"": 316, ""fuera_servicio"": 0, ""tope"": 0, ""visitas"": 0}",6785,6785,0,0,0,2901,0,14,67,0,74,"[0.6602, 0.3951, 0.2465, 0.1666, 0.2392, 0.228, 0.3449, 0.2256, 0.2191, 0.3645, 0.3403, 0.435, 0.3455, 0.1756, 0.2693, 0.1654, 0.1684, 0.1788, 0.3244, 0.1743, 0.1721, 0.3265, 0.3315, 0.4182, 0.3717, 0.531, 0.5067, 0.4533, 0.1758, 0.4771, 0.4528, 0.4334, 0.5845, 0.3871, 0.4685, 0.1824, 0.5107, 0.3262, 0.301, 0.1787, 0.3531, 0.3351, 0.3779, 0.247, 0.5013, 0.3265, 0.1789, 0.3261, 0.1815, 0.4664, 0.3458, 0.2776, 0.5252, 0.2841, 0.2816, 0.2945, 0.2837, 0.2894, 0.2948, 0.3243, 0.1764, 0.2904, 0.2856, 0.1829, 0.3475, 0.176, 0.1769, 0.1741, 0.1779, 0.3033, 0.3196, 0.2787, 0.1821, 0.161]",0.2978949585012742,0.5157611649021419,0.6601913749982486,0,25.25,9.0,0.0
2025-11-03|lgbm_diario|prueba|4|72.7447|base|60|todas|onsite,2025-11-03,lgbm_diario,prueba,4,72.7447,base,60,todas,onsite,77184,2627,79811,2928,651,2277,12786,520,5752,764,0.2417611568307631,517,"{""devolucion_origen"": 4, ""entrega_sin_recogida"": 252, ""fisico"": 256, ""fuera_servicio"": 0, ""tope"": 0, ""visitas"": 0}",6395,6395,0,0,0,2928,0,14,67,0,74,"[0.2596, 0.4693, 0.3942, 0.2861, 0.17, 0.2956, 0.2726, 0.2407, 0.3609, 0.2393, 0.2424, 0.271, 0.4645, 0.1661, 0.1694, 0.1695, 0.1687, 0.1712, 0.1764, 0.1716, 0.1721, 0.1756, 0.3783, 0.3815, 0.6452, 0.7675, 0.3343, 0.6609, 0.3393, 0.4116, 0.5355, 0.5452, 0.3084, 0.3081, 0.3725, 0.5185, 0.3181, 0.5337, 0.2927, 0.1736, 0.3332, 0.4559, 0.4, 0.2861, 0.2868, 0.3491, 0.2923, 0.2682, 0.1841, 0.4086, 0.4528, 0.2899, 0.5562, 0.4585, 0.4555, 0.2884, 0.2889, 0.286, 0.375, 0.2944, 0.2987, 0.3008, 0.1792, 0.3048, 0.177, 0.1764, 0.1731, 0.181, 0.1744, 0.171, 0.2898, 0.312, 0.1814, 0.1591]",0.2924924579965591,0.5490242186508112,0.7674889170011738,0,25.709,4.0,0.0
2025-11-03|oraculo_directo|prueba|4|39.0694|base|60|todas|onsite,2025-11-03,oraculo_directo,prueba,4,39.0694,base,60,todas,onsite,38300,1593,39893,2951,809,2142,12163,483,2889,456,0.2247912046401938,256,"{""devolucion_origen"": 3, ""entrega_sin_recogida"": 460, ""fisico"": 463, ""fuera_servicio"": 0, ""tope"": 0, ""visitas"": 0}",6083,6083,0,0,0,2955,4,14,67,0,74,"[0.6469, 0.4365, 0.296, 0.3117, 0.262, 0.179, 0.2484, 0.1754, 0.2983, 0.1704, 0.2379, 0.1752, 0.2653, 0.2465, 0.2938, 0.1867, 0.1833, 0.1985, 0.1791, 0.2964, 0.1824, 0.3441, 0.1867, 0.3144, 0.2882, 0.3626, 0.183, 0.4081, 0.4534, 0.398, 0.4167, 0.4806, 0.1815, 0.2062, 0.5297, 0.4595, 0.1827, 0.2294, 0.1693, 0.5599, 0.3195, 0.2979, 0.2509, 0.3184, 0.2255, 0.4476, 0.2216, 0.239, 0.3739, 0.3929, 0.3308, 0.2529, 0.2582, 0.5494, 0.544, 0.4262, 0.2795, 0.479, 0.1813, 0.2843, 0.1836, 0.1801, 0.1847, 0.1972, 0.1832, 0.3604, 0.1879, 0.2, 0.7693, 0.5215, 0.3416, 0.3398, 0.1712, 0.1721]",0.2723983125033555,0.545893671047088,0.7693257919963798,0,24.74,3.0,0.0
2025-11-03|lgbm_directo|prueba|4|88.9149|base|60|todas|onsite,2025-11-03,lgbm_directo,prueba,4,88.9149,base,60,todas,onsite,76046,2796,78842,2858,659,2199,13986,570,6326,747,0.2570062301102032,562,"{""devolucion_origen"": 8, ""entrega_sin_recogida"": 368, ""fisico"": 376, ""fuera_servicio"": 0, ""tope"": 0, ""visitas"": 0}",6997,6997,0,0,0,2860,2,14,67,0,74,"[1.2546, 0.4563, 0.3548, 0.5014, 0.2417, 0.3935, 0.4708, 0.3838, 0.2349, 0.4048, 0.5521, 0.3435, 0.3399, 0.262, 0.5007, 0.1669, 0.3357, 0.1718, 0.4978, 0.3261, 0.3584, 0.3544, 0.4333, 0.4235, 0.5641, 0.4434, 0.4552, 0.6976, 0.3686, 0.4368, 0.365, 0.3508, 0.5188, 0.333, 0.3343, 0.5562, 0.4664, 0.4195, 0.4083, 0.3815, 0.2981, 0.5058, 0.4354, 0.4131, 0.409, 0.689, 0.3253, 0.3962, 0.328, 0.3992, 0.5087, 0.5257, 0.5198, 0.177, 0.5703, 0.1699, 0.3199, 0.5626, 0.296, 0.7402, 0.2921, 0.4126, 0.3704, 0.1789, 0.3392, 0.1735, 0.1739, 0.3462, 0.1811, 0.1675, 0.2995, 0.1788, 0.1664, 0.1586]",0.3759596039999451,0.6118507500003028,1.2546244170007412,0,31.093,8.0,0.0
2025-11-04|sin_rebalanceo|prueba|0|0.0|base|60|todas|onsite,2025-11-04,sin_rebalanceo,prueba,0,0.0,base,60,todas,onsite,221215,64074,285289,0,0,0,0,0,14044,8349,0.4607368836198632,1317,"{""devolucion_origen"": 0, ""entrega_sin_recogida"": 0, ""fisico"": 0, ""fuera_servicio"": 0, ""tope"": 0, ""visitas"": 0}",0,0,0,0,0,0,0,0,0,0,0,[],0.0,0.0,0.0,0,2.283,0.0,
2025-11-04|ecobici|prueba|0|0.0|base|60|todas|onsite,2025-11-04,ecobici,prueba,0,0.0,base,60,todas,onsite,112224,18660,130884,3223,1734,1489,14637,0,3577,1242,0.3039304508835054,543,"{""devolucion_origen"": 0, ""entrega_sin_recogida"": 0, ""fisico"": 270, ""fuera_servicio"": 0, ""tope"": 0, ""visitas"": 0}",7122,7245,0,123,0,3183,0,69,143,0,0,[],0.0,0.0,0.0,0,2.221,0.0,3183.0
2025-11-04|oraculo_diario|prueba|4|57.5805|base|60|todas|onsite,2025-11-04,oraculo_diario,prueba,4,57.5805,base,60,todas,onsite,50378,3694,54072,2847,740,2107,12867,536,5275,1086,0.2969829701351312,455,"{""devolucion_origen"": 7, ""entrega_sin_recogida"": 384, ""fisico"": 391, ""fuera_servicio"": 0, ""tope"": 0, ""visitas"": 0}",6437,6437,0,0,0,2847,0,14,67,0,74,"[0.5636, 0.3751, 0.1804, 0.3646, 0.2805, 0.3041, 0.256, 0.2446, 0.3193, 0.2277, 0.1701, 0.5629, 0.3933, 0.4066, 0.2684, 0.2244, 0.1672, 0.2457, 0.1654, 0.1717, 0.2717, 0.2911, 0.2673, 0.2866, 0.2854, 0.1808, 0.2657, 0.2835, 0.3488, 0.2572, 0.2752, 0.286, 0.4485, 0.5105, 0.1887, 0.2644, 0.5492, 0.5486, 0.1751, 0.2929, 0.2456, 0.4418, 0.2376, 0.2858, 0.3798, 0.2991, 0.2629, 0.3015, 0.2885, 0.3085, 0.4096, 0.3989, 0.2996, 0.1641, 0.3517, 0.398, 0.3705, 0.3837, 0.4145, 0.2581, 0.1826, 0.1765, 0.1768, 0.1755, 0.1766, 0.1841, 0.1836, 0.1821, 0.1832, 0.1735, 0.1713, 0.2776, 0.2637, 0.1795]",0.2734395205006876,0.5238259130535878,0.563566416996764,0,23.678,7.0,0.0
2025-11-04|ma_diaria|prueba|4|72.8507|base|60|todas|onsite,2025-11-04,ma_diaria,prueba,4,72.8507,base,60,todas,onsite,66102,4483,70585,2735,692,2043,12656,534,6278,1201,0.2813747455032251,551,"{""devolucion_origen"": 10, ""entrega_sin_recogida"": 231, ""fisico"": 241, ""fuera_servicio"": 0, ""tope"": 0, ""visitas"": 0}",6333,6333,0,0,0,2735,0,14,67,0,74,"[0.366, 0.3049, 0.254, 0.3903, 0.2524, 0.3472, 0.1748, 0.1698, 0.2675, 0.4652, 0.3009, 0.4796, 0.2701, 0.169, 0.2536, 0.1664, 0.1684, 0.1706, 0.1753, 0.1723, 0.1719, 0.1902, 0.1753, 0.2017, 0.1776, 0.1923, 0.3367, 0.3133, 0.3722, 0.1782, 0.3436, 0.3578, 0.1838, 0.3583, 0.4173, 0.4088, 0.4169, 0.4303, 0.3476, 0.4909, 0.1815, 0.3966, 0.3275, 0.2717, 0.4348, 0.3281, 0.3187, 0.3149, 0.2717, 0.3245, 0.2573, 0.3789, 0.3432, 0.334, 0.3596, 0.589, 0.3646, 0.28, 0.3371, 0.1795, 0.1791, 0.1754, 0.1749, 0.1924, 0.1747, 0.173, 0.172, 0.1724, 0.17, 0.1714, 0.3023, 0.3181, 0.2016, 0.1844]",0.2716690209999797,0.4454628002014941,0.5889743340012501,0,23.019,10.0,0.0
2025-11-04|lgbm_diario|prueba|4|72.7447|base|60|todas|onsite,2025-11-04,lgbm_diario,prueba,4,72.7447,base,60,todas,onsite,66810,5560,72370,2763,699,2064,12730,539,6465,1268,0.2811556072177592,558,"{""devolucion_origen"": 16, ""entrega_sin_recogida"": 202, ""fisico"": 218, ""fuera_servicio"": 0, ""tope"": 0, ""visitas"": 0}",6373,6373,0,0,0,2763,0,14,67,0,74,"[0.3792, 0.3507, 0.1791, 0.3224, 0.2326, 0.2346, 0.2964, 0.3879, 0.479, 0.4049, 0.1752, 0.3753, 0.1677, 0.1652, 0.1968, 0.1653, 0.1724, 0.1714, 0.2094, 0.1772, 0.1791, 0.1707, 0.1775, 0.3384, 0.1857, 0.3442, 0.2229, 0.3372, 0.3242, 0.3226, 0.364, 0.3977, 0.3734, 0.3739, 0.5391, 0.3702, 0.6868, 0.4114, 0.4279, 0.285, 0.4258, 0.343, 0.4248, 0.3925, 0.2815, 0.3547, 0.4642, 0.6162, 0.3956, 0.4083, 0.176, 0.3032, 0.4008, 0.1732, 0.3487, 0.3084, 0.1759, 0.269, 0.3588, 0.1808, 0.1773, 0.1759, 0.1792, 0.1834, 0.1755, 0.1794, 0.1736, 0.1772, 0.1721, 0.1701, 0.3209, 0.1685, 0.1815, 0.1652]",0.2906881039998552,0.4693791124012931,0.6868004580028355,0,23.911,16.0,0.0
2025-11-04|oraculo_directo|prueba|4|39.0694|base|60|todas|onsite,2025-11-04,oraculo_directo,prueba,4,39.0694,base,60,todas,onsite,37420,3366,40786,3025,831,2194,12476,487,3646,914,0.2661995052309059,313,"{""devolucion_origen"": 0, ""entrega_sin_recogida"": 509, ""fisico"": 509, ""fuera_servicio"": 0, ""tope"": 0, ""visitas"": 0}",6238,6238,0,0,0,3027,2,14,67,0,74,"[0.5822, 0.1829, 0.2831, 0.2661, 0.1797, 0.1764, 0.2363, 0.3389, 0.2286, 0.2609, 0.3037, 0.3532, 0.3077, 0.2965, 0.5222, 0.169, 0.3638, 0.4269, 0.2398, 0.259, 0.6286, 0.4451, 0.4974, 0.6359, 0.2718, 0.3366, 0.383, 0.4161, 0.2912, 0.3537, 0.1847, 0.3339, 0.2985, 0.3247, 0.1807, 0.3538, 0.2743, 0.3901, 0.3074, 0.4549, 0.2502, 0.3686, 0.2356, 0.3198, 0.3274, 0.3456, 0.265, 0.2703, 0.2262, 0.5159, 0.5376, 0.177, 0.299, 0.1749, 0.3317, 0.4245, 0.2516, 0.4605, 0.1781, 0.3909, 0.1866, 0.1822, 0.2991, 0.2002, 0.1803, 0.1939, 0.192, 0.1802, 0.1935, 0.1881, 0.183, 0.1862, 0.2288, 0.272]",0.2871526875023846,0.5276020534998678,0.6359127079995233,0,24.92,0.0,0.0
2025-11-04|lgbm_directo|prueba|4|88.9149|base|60|todas|onsite,2025-11-04,lgbm_directo,prueba,4,88.9149,base,60,todas,onsite,70885,4431,75316,2617,649,1968,13000,549,7172,1135,0.3053157348872532,576,"{""devolucion_origen"": 2, ""entrega_sin_recogida"": 306, ""fisico"": 308, ""fuera_servicio"": 0, ""tope"": 0, ""visitas"": 0}",6501,6501,0,0,0,2617,0,14,67,0,74,"[1.3983, 0.4302, 0.2886, 0.3319, 0.2716, 0.3018, 0.3103, 0.1693, 0.5156, 0.7239, 0.4929, 0.4688, 0.3533, 0.2699, 0.4486, 0.2733, 0.1726, 0.3302, 0.3295, 0.1718, 0.1749, 0.1752, 0.3462, 0.3868, 0.3697, 0.4936, 0.3495, 0.3659, 0.3497, 0.3238, 0.3737, 0.4692, 0.3872, 0.3515, 0.3492, 0.3134, 0.4342, 0.4986, 0.435, 0.2854, 0.2958, 0.4253, 0.4374, 0.1738, 0.366, 0.2681, 0.2682, 0.4576, 0.5861, 0.5684, 0.5308, 0.4553, 0.1723, 0.4061, 0.2619, 0.3743, 0.272, 0.3776, 0.3073, 0.324, 0.1794, 0.3231, 0.1883, 0.1769, 0.1742, 0.1805, 0.1741, 0.1809, 0.202, 0.3366, 0.3099, 0.1808, 0.1621, 0.1568]",0.3298396045029221,0.5439649357536834,1.39828391699848,0,27.872,2.0,0.0
2025-11-05|sin_rebalanceo|prueba|0|0.0|base|60|todas|onsite,2025-11-05,sin_rebalanceo,prueba,0,0.0,base,60,todas,onsite,233410,65178,298588,0,0,0,0,0,15323,8613,0.4657276441609103,1161,"{""devolucion_origen"": 0, ""entrega_sin_recogida"": 0, ""fisico"": 0, ""fuera_servicio"": 0, ""tope"": 0, ""visitas"": 0}",0,0,0,0,0,0,0,0,0,0,0,[],0.0,0.0,0.0,0,2.237,0.0,
2025-11-05|ecobici|prueba|0|0.0|base|60|todas|onsite,2025-11-05,ecobici,prueba,0,0.0,base,60,todas,onsite,108214,20024,128238,3260,1684,1576,14985,0,3948,1548,0.3111328192271679,390,"{""devolucion_origen"": 0, ""entrega_sin_recogida"": 0, ""fisico"": 283, ""fuera_servicio"": 0, ""tope"": 0, ""visitas"": 0}",7226,7476,0,250,0,3219,0,71,135,0,0,[],0.0,0.0,0.0,0,2.288,0.0,3219.0
2025-11-05|oraculo_diario|prueba|4|57.5805|base|60|todas|onsite,2025-11-05,oraculo_diario,prueba,4,57.5805,base,60,todas,onsite,53539,3409,56948,2887,771,2116,13322,541,5670,1025,0.3049719074871079,383,"{""devolucion_origen"": 12, ""entrega_sin_recogida"": 373, ""fisico"": 385, ""fuera_servicio"": 0, ""tope"": 0, ""visitas"": 0}",6667,6667,0,0,0,2891,4,14,67,0,74,"[0.5781, 0.5376, 0.2519, 0.3655, 0.2774, 0.3497, 0.4551, 0.3231, 0.2514, 0.1731, 0.1698, 0.3245, 0.3224, 0.3689, 0.163, 0.3334, 0.2489, 0.1647, 0.1825, 0.1689, 0.248, 0.2973, 0.3582, 0.4209, 0.2685, 0.4859, 0.2691, 0.2915, 0.5877, 0.413, 0.4419, 0.5247, 0.2624, 0.5284, 0.3537, 0.2618, 0.2875, 0.2359, 0.3349, 0.3389, 0.3504, 0.1796, 0.2912, 0.301, 0.278, 0.3321, 0.2694, 0.2142, 0.2834, 0.2396, 0.3341, 0.4247, 0.3393, 0.3336, 0.2472, 0.2485, 0.3693, 0.2604, 0.2598, 0.3842, 0.4345, 0.1846, 0.1813, 0.1821, 0.1868, 0.1761, 0.1783, 0.1823, 0.1875, 0.3198, 0.1758, 0.2954, 0.1732, 0.1667]",0.2854301874976954,0.5260241856456559,0.5877224159994512,0,24.515,12.0,0.0
2025-11-05|ma_diaria|prueba|4|72.8507|base|60|todas|onsite,2025-11-05,ma_diaria,prueba,4,72.8507,base,60,todas,onsite,73828,5045,78873,2839,719,2120,12843,549,6832,1211,0.2803338443974764,455,"{""devolucion_origen"": 11, ""entrega_sin_recogida"": 291, ""fisico"": 302, ""fuera_servicio"": 0, ""tope"": 0, ""visitas"": 0}",6427,6427,0,0,0,2839,0,14,67,0,74,"[0.3624, 0.2675, 0.2711, 0.5134, 0.226, 0.2473, 0.3156, 0.274, 0.3604, 0.2854, 0.1695, 0.3891, 0.3996, 0.1867, 0.1655, 0.1693, 0.17, 0.1675, 0.1701, 0.1664, 0.1795, 0.1744, 0.1806, 0.3101, 0.3281, 0.1908, 0.3674, 0.5211, 0.1911, 0.192, 0.3303, 0.4236, 0.4813, 0.3629, 0.4843, 0.582, 0.2944, 0.283, 0.4267, 0.4076, 0.6488, 0.3668, 0.3057, 0.3572, 0.382, 0.3965, 0.3157, 0.311, 0.4396, 0.4243, 0.3715, 0.3211, 0.1681, 0.4223, 0.3445, 0.3008, 0.3029, 0.2814, 0.3326, 0.2954, 0.1746, 0.1837, 0.1733, 0.1852, 0.1726, 0.1806, 0.1699, 0.1707, 0.174, 0.169, 0.3177, 0.2926, 0.1805, 0.1601]",0.2949151875000098,0.4944890020993623,0.6487551669997629,0,24.122,11.0,0.0
2025-11-05|lgbm_diario|prueba|4|72.7447|base|60|todas|onsite,2025-11-05,lgbm_diario,prueba,4,72.7447,base,60,todas,onsite,73497,4916,78413,2867,701,2166,12749,530,6655,1242,0.2768912726094603,451,"{""devolucion_origen"": 3, ""entrega_sin_recogida"": 246, ""fisico"": 249, ""fuera_servicio"": 0, ""tope"": 0, ""visitas"": 0}",6376,6376,0,0,0,2867,0,14,67,0,74,"[0.3007, 0.3859, 0.4864, 0.3993, 0.2336, 0.4528, 0.6196, 0.3355, 0.2861, 0.2454, 0.235, 0.322, 0.2631, 0.1982, 0.1699, 0.1728, 0.1834, 0.1769, 0.1738, 0.1783, 0.3065, 0.1786, 0.1767, 0.3281, 0.3186, 0.1844, 0.3388, 0.3231, 0.4832, 0.3522, 0.1841, 0.4524, 0.3712, 0.4635, 0.3318, 0.3126, 0.1816, 0.8381, 0.678, 0.6167, 0.3872, 0.2775, 0.3758, 0.1775, 0.3494, 0.4365, 0.4246, 0.3182, 0.3048, 0.2672, 0.2871, 0.3006, 0.383, 0.321, 0.2675, 0.2905, 0.2739, 0.2705, 0.28, 0.1692, 0.1821, 0.1751, 0.1728, 0.177, 0.1777, 0.1808, 0.173, 0.1799, 0.1729, 0.1675, 0.3121, 0.2981, 0.1768, 0.1565]",0.2865961664974747,0.5320292206022706,0.8380525419997866,0,24.53,3.0,0.0
2025-11-05|oraculo_directo|prueba|4|39.0694|base|60|todas|onsite,2025-11-05,oraculo_directo,prueba,4,39.0694,base,60,todas,onsite,39208,2717,41925,3096,851,2245,12973,544,3838,739,0.2580255455965073,256,"{""devolucion_origen"": 1, ""entrega_sin_recogida"": 553, ""fisico"": 554, ""fuera_servicio"": 0, ""tope"": 0, ""visitas"": 0}",6487,6487,0,0,0,3098,2,14,67,0,74,"[0.6693, 0.3121, 0.4017, 0.2672, 0.2599, 0.2239, 0.259, 0.2698, 0.4695, 0.2239, 0.256, 0.1679, 0.263, 0.3508, 0.387, 0.1669, 0.1655, 0.1649, 0.2973, 0.3423, 0.3448, 0.3486, 0.2782, 0.3072, 0.2531, 0.4339, 0.3694, 0.4594, 0.3031, 0.3533, 0.3872, 0.5629, 0.4555, 0.4108, 0.5392, 0.3058, 0.2829, 0.3294, 0.3499, 0.4636, 0.2685, 0.2835, 0.2047, 0.3806, 0.3451, 0.3904, 0.2433, 0.2296, 0.3959, 0.4485, 0.3562, 0.5013, 0.3193, 0.1691, 0.5883, 0.3462, 0.2899, 0.4034, 0.2847, 0.344, 0.3765, 0.3061, 0.5132, 0.3308, 0.1829, 0.183, 0.2024, 0.189, 0.1809, 0.24, 0.3839, 0.2483, 0.1752, 0.1744]",0.3096803125008591,0.5223360142528689,0.6693047910011956,0,26.241,1.0,0.0
2025-11-05|lgbm_directo|prueba|4|88.9149|base|60|todas|onsite,2025-11-05,lgbm_directo,prueba,4,88.9149,base,60,todas,onsite,74038,4679,78717,2775,672,2103,13349,547,7270,1170,0.2979495225783593,481,"{""devolucion_origen"": 5, ""entrega_sin_recogida"": 348, ""fisico"": 353, ""fuera_servicio"": 0, ""tope"": 0, ""visitas"": 0}",6677,6677,0,0,0,2775,0,14,67,0,74,"[1.1887, 0.3329, 0.4633, 0.4449, 0.2895, 0.1697, 0.3082, 0.2826, 0.4577, 0.3372, 0.3178, 0.3348, 0.5563, 0.2949, 0.1721, 0.171, 0.1764, 0.1697, 0.176, 0.1762, 0.1759, 0.2041, 0.1787, 0.1797, 0.1806, 0.3406, 0.3441, 0.3273, 0.3934, 0.3644, 0.3447, 0.5375, 0.3297, 0.4147, 0.4376, 0.3338, 0.4597, 0.5809, 0.5339, 0.495, 0.3958, 0.3032, 0.1838, 0.366, 0.3007, 0.2725, 0.3584, 0.4696, 0.2594, 0.4538, 0.5858, 0.3133, 0.4344, 0.6465, 0.2764, 0.4427, 0.3073, 0.3856, 0.3419, 0.3242, 0.1762, 0.1814, 0.1763, 0.1759, 0.1725, 0.1774, 0.1749, 0.1734, 0.1681, 0.3149, 0.3169, 0.1862, 0.1643, 0.1545]",0.3158601250033825,0.5649299664466524,1.1887047499985783,0,26.428,5.0,0.0
2025-11-06|sin_rebalanceo|prueba|0|0.0|base|60|todas|onsite,2025-11-06,sin_rebalanceo,prueba,0,0.0,base,60,todas,onsite,222770,68670,291440,0,0,0,0,0,14321,9013,0.4490574967252775,1520,"{""devolucion_origen"": 0, ""entrega_sin_recogida"": 0, ""fisico"": 0, ""fuera_servicio"": 0, ""tope"": 0, ""visitas"": 0}",0,0,0,0,0,0,0,0,0,0,0,[],0.0,0.0,0.0,0,2.264,0.0,
2025-11-06|ecobici|prueba|0|0.0|base|60|todas|onsite,2025-11-06,ecobici,prueba,0,0.0,base,60,todas,onsite,107292,18107,125399,3209,1739,1470,14737,0,3182,1299,0.2976650154769151,528,"{""devolucion_origen"": 0, ""entrega_sin_recogida"": 0, ""fisico"": 267, ""fuera_servicio"": 0, ""tope"": 0, ""visitas"": 0}",7153,7317,0,164,0,3179,0,69,145,0,0,[],0.0,0.0,0.0,0,2.264,0.0,3179.0
2025-11-06|oraculo_diario|prueba|4|57.5805|base|60|todas|onsite,2025-11-06,oraculo_diario,prueba,4,57.5805,base,60,todas,onsite,50653,3721,54374,2692,692,2000,12784,532,4588,1079,0.261406886716701,447,"{""devolucion_origen"": 28, ""entrega_sin_recogida"": 374, ""fisico"": 402, ""fuera_servicio"": 0, ""tope"": 0, ""visitas"": 0}",6406,6406,0,0,0,2692,0,14,67,0,74,"[0.2642, 0.2788, 0.3309, 0.2572, 0.1779, 0.2932, 0.2278, 0.2842, 0.2229, 0.2372, 0.2475, 0.1647, 0.2637, 0.339, 0.3051, 0.2273, 0.2723, 0.1722, 0.1938, 0.1996, 0.1752, 0.277, 0.3434, 0.2658, 0.3927, 0.2791, 0.4268, 0.3461, 0.3108, 0.1835, 0.478, 0.4793, 0.5353, 0.2885, 0.3212, 0.2564, 0.3497, 0.3224, 0.2997, 0.2964, 0.1775, 0.3649, 0.3374, 0.2484, 0.3461, 0.4321, 0.3451, 0.2501, 0.2425, 0.4121, 0.273, 0.248, 0.256, 0.5394, 0.1717, 0.2443, 0.3949, 0.2713, 0.2553, 0.2644, 0.2705, 0.3141, 0.18, 0.1772, 0.1796, 0.1746, 0.1885, 0.289, 0.1777, 0.1778, 0.172, 0.1706, 0.1709, 0.1841]",0.2651151459976972,0.4481757209476197,0.5393784590050927,0,22.822,28.0,0.0
2025-11-06|ma_diaria|prueba|4|72.8507|base|60|todas|onsite,2025-11-06,ma_diaria,prueba,4,72.8507,base,60,todas,onsite,69967,4855,74822,2745,707,2038,12687,512,5874,1126,0.2538951141393681,560,"{""devolucion_origen"": 17, ""entrega_sin_recogida"": 203, ""fisico"": 220, ""fuera_servicio"": 0, ""tope"": 0, ""visitas"": 0}",6352,6352,0,0,0,2745,0,14,67,0,74,"[0.2936, 0.3016, 0.3975, 0.2815, 0.3461, 0.3231, 0.2837, 0.2223, 0.5269, 0.246, 0.3687, 0.2387, 0.1653, 0.1626, 0.164, 0.1666, 0.1688, 0.1734, 0.1698, 0.168, 0.2017, 0.1731, 0.1716, 0.1758, 0.3359, 0.3294, 0.1763, 0.1859, 0.3565, 0.1837, 0.1841, 0.3196, 0.5231, 0.3272, 0.3072, 0.3798, 0.4769, 0.3289, 0.6196, 0.5437, 0.3262, 0.4221, 0.3579, 0.3581, 0.3045, 0.1797, 0.281, 0.1729, 0.2511, 0.3009, 0.3156, 0.2755, 0.4098, 0.1705, 0.3242, 0.2878, 0.3053, 0.3392, 0.3249, 0.1802, 0.1781, 0.2876, 0.1804, 0.1754, 0.179, 0.1743, 0.176, 0.1786, 0.1733, 0.2941, 0.1775, 0.2957, 0.1807, 0.1588]",0.2812376880028751,0.4931002813478696,0.6196011249994626,0,22.48,17.0,0.0
2025-11-06|lgbm_diario|prueba|4|72.7447|base|60|todas|onsite,2025-11-06,lgbm_diario,prueba,4,72.7447,base,60,todas,onsite,71057,5612,76669,2803,733,2070,12332,463,5802,1202,0.252900430695101,574,"{""devolucion_origen"": 18, ""entrega_sin_recogida"": 187, ""fisico"": 205, ""fuera_servicio"": 0, ""tope"": 0, ""visitas"": 0}",6175,6175,0,0,0,2803,0,14,67,0,74,"[0.2886, 0.2726, 0.2518, 0.2274, 0.3366, 0.2386, 0.3769, 0.2622, 0.318, 0.2403, 0.2381, 0.2522, 0.2559, 0.1635, 0.168, 0.1624, 0.1685, 0.1943, 0.1725, 0.1711, 0.175, 0.1812, 0.1747, 0.1864, 0.3613, 0.1787, 0.1751, 0.1867, 0.3923, 0.3776, 0.1841, 0.1781, 0.1894, 0.3138, 0.3245, 0.3338, 0.3415, 0.4468, 0.3107, 0.5359, 0.2982, 0.3676, 0.2958, 0.391, 0.3548, 0.3298, 0.3372, 0.3981, 0.4546, 0.2816, 0.5112, 0.2922, 0.4098, 0.4409, 0.1705, 0.3001, 0.1773, 0.2987, 0.3066, 0.174, 0.1739, 0.1765, 0.1761, 0.1739, 0.1756, 0.1723, 0.1719, 0.1785, 0.1729, 0.1738, 0.2814, 0.2678, 0.1722, 0.1572]",0.2520058125010109,0.4429865960490133,0.535871166997822,0,21.901,18.0,0.0
2025-11-06|oraculo_directo|prueba|4|39.0694|base|60|todas|onsite,2025-11-06,oraculo_directo,prueba,4,39.0694,base,60,todas,onsite,38231,2735,40966,2911,786,2125,12501,493,3135,769,0.2280438335824221,348,"{""devolucion_origen"": 5, ""entrega_sin_recogida"": 495, ""fisico"": 500, ""fuera_servicio"": 0, ""tope"": 0, ""visitas"": 0}",6253,6253,0,0,0,2911,0,14,67,0,74,"[0.3695, 0.3728, 0.2362, 0.2228, 0.181, 0.2922, 0.2709, 0.2496, 0.1908, 0.1725, 0.4204, 0.5296, 0.3833, 0.2184, 0.1655, 0.2234, 0.2298, 0.4566, 0.2451, 0.2534, 0.2874, 0.3476, 0.4276, 0.1832, 0.1803, 0.2981, 0.5473, 0.4667, 0.1885, 0.4973, 0.4181, 0.4173, 0.3191, 0.4254, 0.191, 0.5773, 0.182, 0.4077, 0.2916, 0.2958, 0.3554, 0.3443, 0.4188, 0.2532, 0.2617, 0.1759, 0.2589, 0.1724, 0.2737, 0.327, 0.2948, 0.1723, 0.4464, 0.1792, 0.5075, 0.3263, 0.271, 0.2647, 0.329, 0.3308, 0.1938, 0.2614, 0.1814, 0.1862, 0.1909, 0.1825, 0.1934, 0.189, 0.1771, 0.1812, 0.1877, 0.26, 0.1703, 0.1683]",0.261552728999959,0.5008863670991558,0.5772525000065798,0,23.609,5.0,0.0
2025-11-06|lgbm_directo|prueba|4|88.9149|base|60|todas|onsite,2025-11-06,lgbm_directo,prueba,4,88.9149,base,60,todas,onsite,70031,5517,75548,2660,668,1992,13054,546,6268,1253,0.2566473945186533,598,"{""devolucion_origen"": 14, ""entrega_sin_recogida"": 319, ""fisico"": 333, ""fuera_servicio"": 0, ""tope"": 0, ""visitas"": 0}",6534,6534,0,0,0,2660,0,14,67,0,74,"[1.3808, 0.5041, 0.2574, 0.2475, 0.3425, 0.4617, 0.2869, 0.3347, 0.3224, 0.3882, 0.3919, 0.4329, 0.2653, 0.1701, 0.1899, 0.168, 0.1623, 0.1678, 0.1728, 0.178, 0.1688, 0.1747, 0.1826, 0.3653, 0.1815, 0.1781, 0.4586, 0.3675, 0.4776, 0.3537, 0.1951, 0.3878, 0.3429, 0.396, 0.4339, 0.3438, 0.359, 0.333, 0.4489, 0.4032, 0.3135, 0.3817, 0.2994, 0.521, 0.4725, 0.3947, 0.2619, 0.1746, 0.363, 0.174, 0.4002, 0.3842, 0.5125, 0.1736, 0.3466, 0.3777, 0.3162, 0.3004, 0.2867, 0.3263, 0.3043, 0.1739, 0.1729, 0.1736, 0.1854, 0.1899, 0.1704, 0.1754, 0.1716, 0.3322, 0.4472, 0.1761, 0.1649, 0.1601]",0.3148271460013347,0.4869227898998359,1.380837791999511,0,25.465,14.0,0.0
2025-11-07|sin_rebalanceo|prueba|0|0.0|base|60|todas|onsite,2025-11-07,sin_rebalanceo,prueba,0,0.0,base,60,todas,onsite,207973,53587,261560,0,0,0,0,0,12168,6973,0.4056214903652497,1255,"{""devolucion_origen"": 0, ""entrega_sin_recogida"": 0, ""fisico"": 0, ""fuera_servicio"": 0, ""tope"": 0, ""visitas"": 0}",0,0,0,0,0,0,0,0,0,0,0,[],0.0,0.0,0.0,0,2.259,0.0,
2025-11-07|ecobici|prueba|0|0.0|base|60|todas|onsite,2025-11-07,ecobici,prueba,0,0.0,base,60,todas,onsite,95107,8955,104062,2935,1530,1405,13282,0,1987,479,0.2543561380334481,326,"{""devolucion_origen"": 0, ""entrega_sin_recogida"": 0, ""fisico"": 111, ""fuera_servicio"": 0, ""tope"": 0, ""visitas"": 0}",6603,6568,0,-35,0,2915,0,67,116,0,0,[],0.0,0.0,0.0,0,2.283,0.0,2915.0
2025-11-07|oraculo_diario|prueba|4|57.5805|base|60|todas|onsite,2025-11-07,oraculo_diario,prueba,4,57.5805,base,60,todas,onsite,42737,2446,45183,2496,635,1861,11291,467,3083,386,0.2217503718317626,313,"{""devolucion_origen"": 17, ""entrega_sin_recogida"": 360, ""fisico"": 377, ""fuera_servicio"": 0, ""tope"": 0, ""visitas"": 0}",5654,5654,0,0,0,2496,0,14,67,0,74,"[0.3365, 0.2849, 0.3688, 0.2418, 0.3109, 0.2475, 0.2467, 0.2239, 0.1733, 0.2761, 0.2724, 0.2325, 0.2284, 0.1691, 0.4261, 0.1677, 0.1902, 0.1698, 0.1903, 0.2876, 0.3092, 0.2699, 0.3457, 0.1765, 0.482, 0.3378, 0.3213, 0.4538, 0.2728, 0.4789, 0.3406, 0.3249, 0.1799, 0.2794, 0.3931, 0.4189, 0.2749, 0.3729, 0.2788, 0.2965, 0.2488, 0.2582, 0.3986, 0.483, 0.2827, 0.3584, 0.2422, 0.2892, 0.269, 0.3595, 0.2914, 0.2517, 0.4746, 0.2989, 0.2758, 0.3025, 0.4637, 0.3391, 0.3197, 0.4715, 0.1839, 0.2872, 0.3122, 0.2924, 0.3461, 0.3532, 0.1794, 0.328, 0.3538, 0.4593, 0.3449, 0.1709, 0.1714, 0.1677]",0.2902998539975669,0.4725723291485337,0.4830228749997332,0,24.545,17.0,0.0
2025-11-07|ma_diaria|prueba|4|72.8507|base|60|todas|onsite,2025-11-07,ma_diaria,prueba,4,72.8507,base,60,todas,onsite,63483,3625,67108,2457,600,1857,11757,493,4818,579,0.2456373715034939,427,"{""devolucion_origen"": 15, ""entrega_sin_recogida"": 304, ""fisico"": 319, ""fuera_servicio"": 0, ""tope"": 0, ""visitas"": 0}",5886,5886,0,0,0,2457,0,14,67,0,74,"[0.394, 0.3467, 0.455, 0.2581, 0.2859, 0.2687, 0.2177, 0.2322, 0.273, 0.2415, 0.2268, 0.2609, 0.3711, 0.2743, 0.296, 0.3213, 0.1705, 0.1716, 0.1715, 0.1742, 0.1737, 0.3191, 0.3324, 0.3389, 0.1784, 0.3861, 0.34, 0.3401, 0.4296, 0.5151, 0.5133, 0.3342, 0.469, 0.4595, 0.3231, 0.3104, 0.2093, 0.3194, 0.4378, 0.3282, 0.4797, 0.4766, 0.378, 0.2102, 0.2972, 0.322, 0.3423, 0.2661, 0.3802, 0.2495, 0.2617, 0.1748, 0.3779, 0.4742, 0.3631, 0.3778, 0.4437, 0.3072, 0.4339, 0.3318, 0.3398, 0.3612, 0.3457, 0.1887, 0.1796, 0.1776, 0.1781, 0.1788, 0.1755, 0.1847, 0.3012, 0.2901, 0.1838, 0.1704]",0.3147409994999179,0.4750202329989406,0.5151090840008692,0,24.962,15.0,0.0
2025-11-07|lgbm_diario|prueba|4|72.7447|base|60|todas|onsite,2025-11-07,lgbm_diario,prueba,4,72.7447,base,60,todas,onsite,62044,3540,65584,2507,592,1915,11213,463,4571,477,0.2379009915868745,422,"{""devolucion_origen"": 11, ""entrega_sin_recogida"": 263, ""fisico"": 274, ""fuera_servicio"": 0, ""tope"": 0, ""visitas"": 0}",5612,5612,0,0,0,2507,0,14,66,0,74,"[0.3016, 0.381, 0.2706, 0.2516, 0.3549, 0.4268, 0.3033, 0.3837, 0.24, 0.2792, 0.1908, 0.2631, 0.2596, 0.1786, 0.1744, 0.2655, 0.1704, 0.1682, 0.1691, 0.1687, 0.1759, 0.173, 0.3378, 0.3351, 0.3349, 0.1828, 0.3719, 0.3351, 0.5068, 0.4815, 0.4703, 0.6136, 0.5209, 0.3177, 0.4822, 0.52, 0.5668, 0.3742, 0.475, 0.4844, 0.5131, 0.415, 0.3917, 0.5288, 0.3438, 0.1817, 0.1859, 0.3652, 0.1739, 0.5613, 0.1729, 0.2983, 0.2985, 0.3858, 0.506, 0.3545, 0.3125, 0.3068, 0.3549, 0.18, 0.3243, 0.1846, 0.1788, 0.3949, 0.1823, 0.3935, 0.1722, 0.1764, 0.1786, 0.349, 0.3416, 0.2884, 0.1818, 0.1655]",0.3151274580013705,0.5236288254498503,0.6135685000044759,0,25.946,11.0,0.0
2025-11-07|oraculo_directo|prueba|4|39.0694|base|60|todas|onsite,2025-11-07,oraculo_directo,prueba,4,39.0694,base,60,todas,onsite,30268,2195,32463,2583,698,1885,10734,392,1616,289,0.1801220757552778,169,"{""devolucion_origen"": 6, ""entrega_sin_recogida"": 445, ""fisico"": 451, ""fuera_servicio"": 0, ""tope"": 0, ""visitas"": 0}",5370,5370,0,0,0,2583,0,14,67,0,74,"[0.4109, 0.3353, 0.3401, 0.1848, 0.2913, 0.1855, 0.2648, 0.3237, 0.266, 0.2773, 0.1717, 0.2435, 0.2539, 0.2055, 0.3119, 0.2883, 0.2554, 0.1843, 0.1749, 0.2702, 0.2974, 0.4566, 0.5613, 0.5267, 0.4342, 0.3024, 0.4893, 0.3764, 0.3162, 0.5694, 0.5265, 0.3433, 0.2113, 0.4217, 0.5806, 0.2872, 0.2554, 0.3602, 0.3909, 0.234, 0.3289, 0.2409, 0.3464, 0.3401, 0.2068, 0.2763, 0.2599, 0.2803, 0.2673, 0.5455, 0.2989, 0.2719, 0.2647, 0.185, 0.3649, 0.2797, 0.3414, 0.2752, 0.1951, 0.4339, 0.1974, 0.3165, 0.2873, 0.183, 0.2994, 0.2285, 0.2076, 0.1855, 0.2239, 0.2727, 0.1781, 0.2491, 0.1731, 0.1732]",0.2784851875003369,0.5332942586519492,0.5806154579986469,0,24.638,6.0,0.0
2025-11-07|lgbm_directo|prueba|4|88.9149|base|60|todas|onsite,2025-11-07,lgbm_directo,prueba,4,88.9149,base,60,todas,onsite,62589,3283,65872,2431,601,1830,12307,503,5052,478,0.246133023158505,454,"{""devolucion_origen"": 7, ""entrega_sin_recogida"": 360, ""fisico"": 367, ""fuera_servicio"": 0, ""tope"": 0, ""visitas"": 0}",6157,6157,0,0,0,2431,0,14,67,0,74,"[1.2899, 0.4203, 0.5643, 0.4871, 0.2467, 0.398, 0.4161, 0.1712, 0.1646, 0.3287, 0.2692, 0.4177, 0.408, 0.5969, 0.2916, 0.1836, 0.1717, 0.1749, 0.1729, 0.3453, 0.3885, 0.3847, 0.401, 0.3818, 0.3724, 0.3544, 0.3715, 0.8637, 0.3615, 0.3788, 0.574, 0.4258, 0.3936, 0.1808, 0.4264, 0.3029, 0.4326, 0.1751, 0.318, 0.3719, 0.4099, 0.3288, 0.4598, 0.3638, 0.4755, 0.3557, 0.3572, 0.4063, 0.3077, 0.4275, 0.1879, 0.2945, 0.4793, 0.3764, 0.4779, 0.4292, 0.3451, 0.3242, 0.3115, 0.1867, 0.3829, 0.1833, 0.3639, 0.1875, 0.1865, 0.184, 0.1797, 0.1789, 0.1738, 0.1835, 0.3264, 0.1792, 0.1622, 0.1606]",0.3564707919977081,0.5677086563486227,1.2899121250011376,0,27.947,7.0,0.0
2025-11-08|sin_rebalanceo|prueba|0|0.0|base|60|todas|onsite,2025-11-08,sin_rebalanceo,prueba,0,0.0,base,60,todas,onsite,124050,20760,144810,0,0,0,0,0,2381,1245,0.2720789366447967,164,"{""devolucion_origen"": 0, ""entrega_sin_recogida"": 0, ""fisico"": 0, ""fuera_servicio"": 0, ""tope"": 0, ""visitas"": 0}",0,0,0,0,0,0,0,0,0,0,0,[],0.0,0.0,0.0,0,1.898,0.0,
2025-11-08|ecobici|prueba|0|0.0|base|60|todas|onsite,2025-11-08,ecobici,prueba,0,0.0,base,60,todas,onsite,85205,11435,96640,1265,710,555,3765,0,195,114,0.2216162320539243,95,"{""devolucion_origen"": 0, ""entrega_sin_recogida"": 0, ""fisico"": 11, ""fuera_servicio"": 0, ""tope"": 0, ""visitas"": 0}",1886,1868,0,-18,0,1263,0,33,60,0,0,[],0.0,0.0,0.0,0,1.893,0.0,1263.0
2025-11-08|oraculo_diario|prueba|4|57.5805|base|60|todas|onsite,2025-11-08,oraculo_diario,prueba,4,57.5805,base,60,todas,onsite,19190,1014,20204,1212,203,1009,4091,140,428,15,0.2126971090817972,47,"{""devolucion_origen"": 3, ""entrega_sin_recogida"": 49, ""fisico"": 52, ""fuera_servicio"": 0, ""tope"": 0, ""visitas"": 0}",2047,2047,0,0,0,1212,0,14,37,0,74,"[0.1922, 0.4377, 0.1843, 0.3328, 0.3353, 0.381, 0.5017, 0.3422, 0.4015, 0.5289, 0.3489, 0.2949, 0.3509, 0.1935, 0.2789, 0.2873, 0.3169, 0.2956, 0.3136, 0.1813, 0.2908, 0.3433, 0.2908, 0.2883, 0.1877, 0.1814, 0.2838, 0.3041, 0.2942, 0.3498, 0.2792, 0.4757, 0.3151, 0.1852, 0.3584, 0.2898, 0.6096, 0.3576, 0.3066, 0.3063, 0.4575, 0.1939, 0.3569, 0.4725, 0.5697, 0.311, 0.3185, 0.4827, 0.5236, 0.2946, 0.3108, 0.401, 0.4041, 0.43, 0.305, 0.4911, 0.185, 0.1852, 0.3813, 0.3523, 0.6255, 0.5224, 0.1891, 0.3561, 0.9824, 0.4137, 0.4985, 0.4707, 0.6989, 0.5048, 0.1858, 0.17, 0.173, 0.1678]",0.3256607920011447,0.5837003811484462,0.9823975839972264,0,28.163,3.0,0.0
2025-11-08|ma_diaria|prueba|4|72.8507|base|60|todas|onsite,2025-11-08,ma_diaria,prueba,4,72.8507,base,60,todas,onsite,39559,1824,41383,1351,194,1157,4351,183,1401,69,0.2213406215244454,87,"{""devolucion_origen"": 5, ""entrega_sin_recogida"": 26, ""fisico"": 31, ""fuera_servicio"": 0, ""tope"": 0, ""visitas"": 0}",2178,2178,0,0,0,1351,0,14,39,0,74,"[0.1913, 0.4322, 0.3971, 0.387, 0.3792, 0.378, 0.4785, 0.3618, 0.1795, 0.5148, 0.6418, 0.5439, 0.6184, 0.1835, 0.5577, 0.3342, 0.3759, 0.6364, 0.5844, 0.4543, 0.597, 0.3567, 0.3892, 0.3561, 0.1858, 0.3905, 0.3654, 0.3472, 0.4354, 0.4733, 0.3809, 0.3986, 0.2109, 0.1866, 0.1881, 0.4005, 0.4184, 0.1842, 0.4356, 0.5568, 0.6659, 0.7705, 0.4548, 0.1843, 0.3929, 0.1862, 0.1811, 0.8323, 0.7709, 0.3716, 0.1836, 0.8227, 0.7924, 0.1878, 0.918, 0.3573, 0.5259, 0.1817, 0.1862, 0.4056, 0.7051, 0.1803, 0.2035, 0.1821, 0.187, 0.5882, 0.185, 0.3726, 0.5164, 0.1811, 0.171, 0.1671, 0.1684, 0.1667]",0.3800583960000949,0.7783934687518921,0.9180054999960704,0,31.139,5.0,0.0
2025-11-08|lgbm_diario|prueba|4|72.7447|base|60|todas|onsite,2025-11-08,lgbm_diario,prueba,4,72.7447,base,60,todas,onsite,39379,1665,41044,1331,185,1146,4109,153,1468,71,0.2229206162463888,108,"{""devolucion_origen"": 1, ""entrega_sin_recogida"": 38, ""fisico"": 39, ""fuera_servicio"": 0, ""tope"": 0, ""visitas"": 0}",2055,2055,0,0,0,1331,0,14,37,0,74,"[0.1841, 0.411, 0.1837, 0.19, 0.3852, 0.3502, 0.5229, 0.4031, 0.5073, 0.6199, 0.5195, 0.4177, 0.4852, 0.4538, 0.4264, 0.5796, 0.5905, 0.3555, 0.4752, 0.585, 0.3773, 0.3894, 0.1797, 0.6345, 0.4085, 0.4889, 0.1866, 0.4271, 0.1885, 0.1849, 0.4335, 0.3964, 0.782, 0.4615, 0.3662, 0.3737, 0.4421, 0.4507, 0.654, 0.5575, 0.539, 0.5331, 0.4882, 0.4893, 0.4749, 0.4633, 0.6089, 0.4508, 0.3689, 0.1923, 0.867, 0.183, 0.6277, 0.7348, 0.5473, 0.5546, 0.543, 0.4719, 0.1892, 0.4626, 0.1901, 0.1939, 0.4386, 0.1812, 0.1918, 0.3775, 0.1784, 0.1873, 0.4183, 0.1829, 0.1686, 0.2939, 0.1819, 0.164]",0.4267108335006924,0.6413597311493503,0.8670267920024344,0,32.196,1.0,0.0
2025-11-08|oraculo_directo|prueba|4|39.0694|base|60|todas|onsite,2025-11-08,oraculo_directo,prueba,4,39.0694,base,60,todas,onsite,13385,961,14346,988,160,828,2984,106,167,13,0.2102016485876785,29,"{""devolucion_origen"": 0, ""entrega_sin_recogida"": 29, ""fisico"": 29, ""fuera_servicio"": 0, ""tope"": 0, ""visitas"": 0}",1492,1492,0,0,0,990,2,14,41,0,74,"[0.1853, 0.1938, 0.187, 0.455, 0.4702, 0.3287, 0.3575, 0.385, 0.334, 0.311, 0.3186, 0.1897, 0.3084, 0.1964, 0.4093, 0.1964, 0.4238, 0.3737, 0.3025, 0.1831, 0.3171, 0.3103, 0.3803, 0.3307, 0.3688, 0.3197, 0.397, 0.2836, 0.1932, 0.3002, 0.415, 0.2807, 0.4404, 0.3853, 0.3543, 0.3062, 0.3717, 0.2889, 0.3705, 0.3032, 0.5687, 0.5322, 0.3036, 0.4602, 0.2962, 0.3011, 0.422, 0.1876, 0.4073, 0.5082, 0.3056, 0.3271, 0.4155, 0.4174, 0.3474, 0.3483, 0.3653, 0.4023, 0.3685, 0.5979, 0.3692, 0.3778, 0.6708, 0.4826, 0.4531, 0.3563, 2.1092, 0.9332, 0.3626, 0.7319, 0.3373, 0.3969, 0.1759, 0.2837]",0.3569080415036296,0.6234296084534431,2.109150749995024,0,30.657,0.0,0.0
2025-11-08|lgbm_directo|prueba|4|88.9149|base|60|todas|onsite,2025-11-08,lgbm_directo,prueba,4,88.9149,base,60,todas,onsite,39201,1386,40587,1505,261,1244,5875,195,1618,64,0.2331813964061218,102,"{""devolucion_origen"": 5, ""entrega_sin_recogida"": 69, ""fisico"": 74, ""fuera_servicio"": 0, ""tope"": 0, ""visitas"": 0}",2940,2940,0,0,0,1505,0,14,38,0,74,"[1.1141, 0.4019, 0.3867, 0.3821, 0.3931, 0.3911, 0.5599, 0.7195, 0.6547, 0.6641, 0.767, 0.5512, 0.3257, 0.5545, 0.3447, 0.5154, 0.5014, 0.3276, 0.4852, 0.7276, 0.1792, 0.3987, 0.4193, 0.3453, 0.348, 0.6781, 0.1821, 0.4665, 0.6877, 0.7268, 0.5034, 0.1863, 0.5591, 0.3821, 0.3826, 0.3836, 0.3564, 0.4196, 0.5765, 0.4846, 0.517, 0.7618, 0.3573, 0.5417, 0.567, 0.4306, 0.3954, 0.4718, 0.356, 0.1818, 0.4382, 0.4751, 0.3714, 0.356, 0.3867, 0.6689, 0.1917, 0.3873, 0.3995, 0.3873, 0.1859, 0.1858, 0.4747, 0.1819, 0.1815, 0.1873, 0.1799, 0.606, 0.1751, 0.3745, 0.168, 0.1655, 0.1677, 0.1612]",0.3942838125003618,0.7270780835489858,1.114058584003942,0,33.433,5.0,0.0
2025-11-09|sin_rebalanceo|prueba|0|0.0|base|60|todas|onsite,2025-11-09,sin_rebalanceo,prueba,0,0.0,base,60,todas,onsite,131833,21177,153010,0,0,0,0,0,2247,1323,0.2792483594086853,154,"{""devolucion_origen"": 0, ""entrega_sin_recogida"": 0, ""fisico"": 0, ""fuera_servicio"": 0, ""tope"": 0, ""visitas"": 0}",0,0,0,0,0,0,0,0,0,0,0,[],0.0,0.0,0.0,0,1.782,0.0,
2025-11-09|ecobici|prueba|0|0.0|base|60|todas|onsite,2025-11-09,ecobici,prueba,0,0.0,base,60,todas,onsite,89465,8539,98004,1597,931,666,4411,0,266,79,0.2115421035273775,92,"{""devolucion_origen"": 0, ""entrega_sin_recogida"": 0, ""fisico"": 11, ""fuera_servicio"": 0, ""tope"": 0, ""visitas"": 0}",2256,2144,0,-112,0,1593,0,30,68,0,0,[],0.0,0.0,0.0,0,1.859,0.0,1593.0
2025-11-09|oraculo_diario|prueba|4|57.5805|base|60|todas|onsite,2025-11-09,oraculo_diario,prueba,4,57.5805,base,60,todas,onsite,24024,670,24694,1270,226,1044,3995,187,477,15,0.2164184373451031,66,"{""devolucion_origen"": 9, ""entrega_sin_recogida"": 116, ""fisico"": 125, ""fuera_servicio"": 0, ""tope"": 0, ""visitas"": 0}",2002,2002,0,0,0,1270,0,14,55,0,74,"[0.1923, 0.1888, 0.1925, 0.4536, 0.3973, 0.4161, 0.1853, 0.3482, 0.3814, 0.3071, 0.2885, 0.1771, 0.4654, 0.5714, 0.458, 0.5394, 0.179, 0.3658, 0.4429, 0.2666, 0.3492, 0.4413, 0.4224, 0.3982, 0.3339, 0.2828, 0.3366, 0.2875, 0.3136, 0.2897, 0.3281, 0.2954, 0.3034, 0.3577, 0.2985, 0.4524, 0.2925, 0.1841, 0.3036, 0.304, 0.313, 0.3456, 0.4337, 0.3349, 0.4885, 0.5656, 0.5312, 0.182, 0.4547, 0.1856, 0.3303, 0.3445, 0.5345, 0.3541, 0.3747, 0.3992, 0.3737, 0.3471, 0.5394, 0.3883, 0.4729, 0.5716, 0.1854, 0.1869, 1.2042, 0.1807, 0.176, 0.5506, 0.1914, 0.65, 0.183, 0.1687, 0.1771, 0.1712]",0.3405597915043472,0.5676175437478377,1.204216833000828,0,28.204,9.0,0.0
2025-11-09|ma_diaria|prueba|4|72.8507|base|60|todas|onsite,2025-11-09,ma_diaria,prueba,4,72.8507,base,60,todas,onsite,45063,1549,46612,1420,216,1204,4586,196,1433,87,0.2242135380200801,133,"{""devolucion_origen"": 6, ""entrega_sin_recogida"": 45, ""fisico"": 51, ""fuera_servicio"": 0, ""tope"": 0, ""visitas"": 0}",2296,2296,0,0,0,1420,0,14,67,0,74,"[0.1774, 0.1874, 0.3926, 0.3904, 0.1823, 0.4781, 0.5793, 0.4226, 0.505, 0.6132, 0.3723, 0.6476, 0.6089, 0.412, 0.467, 0.4234, 0.4824, 0.3847, 0.3592, 0.5398, 0.5242, 0.3324, 0.1895, 0.4654, 0.5219, 0.3325, 0.5425, 0.1741, 0.4259, 0.3273, 0.406, 0.1743, 0.6257, 0.3649, 0.3519, 0.559, 0.3425, 0.4942, 0.4239, 0.1819, 0.4462, 0.4149, 0.4172, 0.4891, 0.4987, 0.5099, 0.6319, 0.1797, 0.3528, 0.3986, 0.39, 0.1911, 0.6397, 0.4999, 0.5472, 0.5098, 0.3889, 0.4699, 0.3987, 0.1857, 0.409, 0.1825, 0.1919, 0.1861, 0.18, 0.1811, 0.1895, 0.3775, 0.1809, 0.3281, 0.1712, 0.173, 0.1821, 0.1651]",0.395629437000025,0.6175648834512685,0.6475663750024978,0,29.963,6.0,0.0
2025-11-09|lgbm_diario|prueba|4|72.7447|base|60|todas|onsite,2025-11-09,lgbm_diario,prueba,4,72.7447,base,60,todas,onsite,42693,1430,44123,1368,209,1159,4199,191,1259,97,0.2205289443192585,119,"{""devolucion_origen"": 1, ""entrega_sin_recogida"": 42, ""fisico"": 43, ""fuera_servicio"": 0, ""tope"": 0, ""visitas"": 0}",2100,2100,0,0,0,1368,0,14,57,0,74,"[0.184, 0.1863, 0.3774, 0.3644, 0.5186, 0.4872, 0.5307, 0.5155, 0.3738, 0.4481, 0.5762, 0.5476, 0.5236, 0.1749, 0.4789, 0.4068, 0.1991, 0.6508, 0.3349, 0.5625, 0.5083, 0.3968, 0.6292, 0.3992, 0.4854, 0.4589, 0.4689, 0.3334, 0.1779, 0.1825, 0.4241, 0.3651, 0.4231, 0.1826, 0.6608, 0.1909, 0.4189, 0.3685, 0.3564, 0.3814, 0.4168, 0.4108, 0.4306, 0.3862, 0.4882, 0.1877, 0.4288, 0.1808, 0.7267, 0.5644, 0.1866, 0.1862, 0.3957, 0.588, 0.5635, 0.4647, 0.7279, 0.1921, 0.1906, 0.4881, 0.1883, 0.1995, 0.1927, 0.1918, 0.1801, 0.1788, 0.1912, 0.3728, 0.1798, 0.1809, 0.1751, 0.1758, 0.1799, 0.1682]",0.3838165624983958,0.6367503108518575,0.7279478330019629,0,29.17,1.0,0.0
2025-11-09|oraculo_directo|prueba|4|39.0694|base|60|todas|onsite,2025-11-09,oraculo_directo,prueba,4,39.0694,base,60,todas,onsite,17935,719,18654,1048,199,849,2896,121,225,14,0.2125755349528588,51,"{""devolucion_origen"": 0, ""entrega_sin_recogida"": 74, ""fisico"": 74, ""fuera_servicio"": 0, ""tope"": 0, ""visitas"": 0}",1448,1448,0,0,0,1048,0,14,61,0,74,"[0.181, 0.1845, 0.3082, 0.1953, 0.4144, 0.3699, 0.3744, 0.5823, 0.4074, 0.5785, 0.417, 0.5583, 0.5581, 0.5853, 0.3381, 0.3752, 0.1886, 0.44, 0.6134, 0.3042, 0.1891, 0.4579, 0.4848, 0.3567, 0.3361, 0.4064, 0.3087, 0.2905, 0.1857, 0.1876, 0.2732, 0.3397, 0.2854, 0.1874, 0.4162, 0.2781, 0.3025, 0.3282, 0.3606, 0.4459, 0.2942, 0.2998, 0.3683, 0.3678, 0.3332, 0.4964, 0.4463, 0.3034, 0.5022, 0.3268, 0.1966, 0.3428, 0.4439, 0.3625, 0.3792, 0.1875, 0.2047, 0.336, 0.3256, 0.536, 0.4495, 0.4531, 0.4629, 0.7992, 0.2208, 0.3691, 0.1843, 1.1712, 0.7164, 0.1784, 0.1799, 0.1932, 0.1687, 0.1738]",0.3412465209985384,0.5951731972505512,1.1711967500013998,0,29.069,0.0,0.0
2025-11-09|lgbm_directo|prueba|4|88.9149|base|60|todas|onsite,2025-11-09,lgbm_directo,prueba,4,88.9149,base,60,todas,onsite,44250,961,45211,1643,285,1358,5959,293,1566,57,0.2242439886994492,136,"{""devolucion_origen"": 13, ""entrega_sin_recogida"": 167, ""fisico"": 180, ""fuera_servicio"": 0, ""tope"": 0, ""visitas"": 0}",2986,2986,0,0,0,1643,0,14,52,0,74,"[1.1203, 0.1854, 0.409, 0.3858, 0.4415, 0.6042, 0.1849, 0.3558, 0.4049, 0.3907, 0.5929, 0.5051, 0.1741, 0.6096, 0.44, 0.699, 0.6134, 0.3472, 0.4841, 0.3402, 0.5395, 0.3229, 0.3746, 0.6153, 0.5149, 0.3241, 0.4466, 0.5364, 0.4551, 0.5775, 0.3791, 0.3273, 0.3657, 0.6406, 0.5454, 0.1802, 0.5303, 0.4017, 0.3672, 0.3664, 0.1812, 0.481, 0.8093, 0.3664, 0.3957, 0.4563, 0.1826, 0.5341, 0.4369, 0.7032, 0.7382, 0.6701, 0.7456, 0.6613, 0.8663, 0.4807, 0.4196, 0.5735, 0.1857, 0.184, 0.488, 0.1923, 0.3476, 0.5255, 0.187, 0.1827, 0.1844, 0.3775, 0.1887, 0.1761, 0.1967, 0.1727, 0.167, 0.1668]",0.4069387084964546,0.7407618875025945,1.1203246249933727,0,33.606,13.0,0.0
2025-11-10|sin_rebalanceo|prueba|0|0.0|base|60|todas|onsite,2025-11-10,sin_rebalanceo,prueba,0,0.0,base,60,todas,onsite,207211,60053,267264,0,0,0,0,0,9887,6858,0.4133907627254685,1186,"{""devolucion_origen"": 0, ""entrega_sin_recogida"": 0, ""fisico"": 0, ""fuera_servicio"": 0, ""tope"": 0, ""visitas"": 0}",0,0,0,0,0,0,0,0,0,0,0,[],0.0,0.0,0.0,0,2.168,0.0,
2025-11-10|ecobici|prueba|0|0.0|base|60|todas|onsite,2025-11-10,ecobici,prueba,0,0.0,base,60,todas,onsite,108919,12941,121860,2968,1561,1407,13721,0,2570,769,0.2921343489019237,457,"{""devolucion_origen"": 0, ""entrega_sin_recogida"": 0, ""fisico"": 209, ""fuera_servicio"": 0, ""tope"": 0, ""visitas"": 0}",6713,6799,0,86,0,2944,0,68,128,0,0,[],0.0,0.0,0.0,0,2.156,0.0,2944.0
2025-11-10|oraculo_diario|prueba|4|57.5805|base|60|todas|onsite,2025-11-10,oraculo_diario,prueba,4,57.5805,base,60,todas,onsite,46400,3185,49585,2604,662,1942,11726,491,3355,739,0.2632850496600919,368,"{""devolucion_origen"": 16, ""entrega_sin_recogida"": 367, ""fisico"": 383, ""fuera_servicio"": 0, ""tope"": 0, ""visitas"": 0}",5871,5871,0,0,0,2606,2,14,67,0,74,"[0.478, 0.4603, 0.6284, 0.4898, 0.1699, 0.2344, 0.3059, 0.2753, 0.2833, 0.3116, 0.3741, 0.2911, 0.2444, 0.3127, 0.2336, 0.1639, 0.2661, 0.1703, 0.1735, 0.2551, 0.3258, 0.1703, 0.3845, 0.1812, 0.5903, 0.2603, 0.4795, 0.4467, 0.3134, 0.3292, 0.287, 0.4481, 0.4375, 0.5126, 0.6873, 0.3098, 0.3454, 0.2702, 0.2918, 0.3288, 0.2788, 0.176, 0.4822, 0.2613, 0.3328, 0.5206, 0.1751, 0.3018, 0.2999, 0.2257, 0.1787, 0.1711, 0.2777, 0.2605, 0.2751, 0.2759, 0.3332, 0.2747, 0.173, 0.1716, 0.1866, 0.3134, 0.3169, 0.1797, 0.1802, 0.1839, 0.1739, 0.3416, 0.1965, 0.1814, 0.1748, 0.1719, 0.191, 0.1857]",0.2767849789961474,0.5154115853052644,0.6873071669979254,0,24.116,16.0,0.0
2025-11-10|ma_diaria|prueba|4|72.8507|base|60|todas|onsite,2025-11-10,ma_diaria,prueba,4,72.8507,base,60,todas,onsite,65834,4405,70239,2540,669,1871,11953,474,5096,929,0.3049990340997338,521,"{""devolucion_origen"": 15, ""entrega_sin_recogida"": 323, ""fisico"": 338, ""fuera_servicio"": 0, ""tope"": 0, ""visitas"": 0}",5984,5984,0,0,0,2542,2,14,67,0,74,"[0.5202, 0.2451, 0.1676, 0.2669, 0.2718, 0.1731, 0.2521, 0.2567, 0.3161, 0.4186, 0.472, 0.1639, 0.3442, 0.2912, 0.1655, 0.3303, 0.17, 0.1716, 0.1763, 0.1767, 0.3199, 0.3327, 0.1764, 0.4173, 0.3433, 0.432, 0.5624, 0.5104, 0.4404, 0.5234, 0.4645, 0.3742, 0.3604, 0.3764, 0.4474, 0.5084, 0.3252, 0.1799, 0.3162, 0.32, 0.547, 0.1741, 0.3729, 0.1768, 0.3259, 0.4015, 0.1777, 0.2592, 0.4435, 0.3178, 0.3266, 0.3789, 0.2823, 0.4796, 0.3708, 0.3197, 0.3071, 0.2991, 0.3017, 0.3469, 0.1853, 0.1757, 0.1795, 0.1802, 0.1773, 0.1815, 0.1791, 0.1766, 0.1803, 0.1716, 0.3125, 0.3081, 0.1803, 0.1595]",0.3103054165003414,0.5137979102000826,0.5623829579999438,0,24.621,15.0,0.0
2025-11-10|lgbm_diario|prueba|4|72.7447|base|60|todas|onsite,2025-11-10,lgbm_diario,prueba,4,72.7447,base,60,todas,onsite,65601,4724,70325,2529,636,1893,11165,441,4695,995,0.273255328611531,502,"{""devolucion_origen"": 19, ""entrega_sin_recogida"": 263, ""fisico"": 282, ""fuera_servicio"": 0, ""tope"": 0, ""visitas"": 0}",5592,5592,0,0,0,2529,0,14,67,0,74,"[0.5557, 0.3075, 0.2849, 0.3105, 0.2785, 0.4299, 0.3012, 0.4035, 0.48, 0.3127, 0.4447, 0.1661, 0.2476, 0.1671, 0.2758, 0.1718, 0.165, 0.2007, 0.1703, 0.1776, 0.1741, 0.1741, 0.1759, 0.422, 0.1856, 0.3539, 0.1829, 0.3438, 0.3344, 0.3373, 0.3568, 0.3457, 0.3543, 0.6034, 0.5063, 0.4297, 0.4913, 0.5382, 0.4762, 0.5718, 0.4252, 0.3556, 0.3293, 0.2944, 0.3413, 0.2789, 0.2873, 0.4148, 0.3092, 0.1737, 0.2738, 0.3063, 0.3331, 0.3468, 0.5206, 0.3649, 0.1733, 0.3026, 0.1805, 0.2864, 0.1737, 0.3243, 0.1742, 0.179, 0.1776, 0.1727, 0.182, 0.1817, 0.1813, 0.1708, 0.3072, 0.2757, 0.1835, 0.1664]",0.3018918959969596,0.5267684767502941,0.6034150410050643,0,24.629,19.0,0.0
2025-11-10|oraculo_directo|prueba|4|39.0694|base|60|todas|onsite,2025-11-10,oraculo_directo,prueba,4,39.0694,base,60,todas,onsite,34792,3312,38104,2812,783,2029,11479,440,2179,563,0.227487882874754,290,"{""devolucion_origen"": 5, ""entrega_sin_recogida"": 477, ""fisico"": 482, ""fuera_servicio"": 0, ""tope"": 0, ""visitas"": 0}",5742,5742,0,0,0,2812,0,14,67,0,74,"[0.4143, 0.503, 0.2698, 0.3326, 0.2693, 0.177, 0.3646, 0.1662, 0.1697, 0.2501, 0.3497, 0.1675, 0.4737, 0.2934, 0.3299, 0.4345, 0.2342, 0.2336, 0.3684, 0.2624, 0.2604, 0.1786, 0.3141, 0.3561, 0.3089, 0.183, 0.2906, 0.3357, 0.3721, 0.3174, 0.4922, 0.4631, 0.3751, 0.4089, 0.5927, 0.2915, 0.2769, 0.2981, 0.3637, 0.4098, 0.3225, 0.3913, 0.6058, 0.1772, 0.2671, 0.2731, 0.3302, 0.2754, 0.1748, 0.1772, 0.3669, 0.2492, 0.3119, 0.3506, 0.3405, 0.2825, 0.3549, 0.2951, 0.1874, 0.3235, 0.3336, 0.2086, 0.1829, 0.2137, 0.2051, 0.1887, 0.208, 0.1797, 0.1865, 0.1829, 0.2726, 0.1721, 0.1741, 0.1727]",0.2910853754983691,0.480181474996425,0.605752167000901,0,24.064,5.0,0.0
2025-11-10|lgbm_directo|prueba|4|88.9149|base|60|todas|onsite,2025-11-10,lgbm_directo,prueba,4,88.9149,base,60,todas,onsite,68490,4365,72855,2621,663,1958,12455,541,5409,891,0.2905857093762095,538,"{""devolucion_origen"": 15, ""entrega_sin_recogida"": 393, ""fisico"": 408, ""fuera_servicio"": 0, ""tope"": 0, ""visitas"": 0}",6235,6235,0,0,0,2621,0,14,67,0,74,"[1.3231, 0.374, 0.2553, 0.3665, 0.2743, 0.3068, 0.1674, 0.5707, 0.1695, 0.3488, 0.198, 0.3484, 0.5487, 0.5347, 0.2719, 0.3121, 0.1704, 0.2088, 0.1793, 0.1804, 0.3635, 0.1887, 0.3636, 0.1845, 0.1817, 0.5713, 0.7168, 0.3332, 0.4242, 0.1789, 0.4005, 0.3664, 0.5013, 0.3634, 0.6418, 0.6971, 0.3494, 0.4952, 0.3386, 0.3056, 0.4823, 0.289, 0.4648, 0.3146, 0.3626, 0.375, 0.4265, 0.4208, 0.2726, 0.4139, 0.5557, 0.2709, 0.2808, 0.3396, 0.3682, 0.389, 0.3279, 0.1793, 0.2028, 0.1806, 0.4172, 0.4018, 0.1915, 0.2052, 0.1858, 0.1779, 0.1736, 0.1807, 0.1849, 0.3632, 0.3086, 0.1664, 0.1636, 0.1595]",0.3305393330010702,0.5959355472532475,1.323053375002928,0,27.476,15.0,0.0
2025-11-11|sin_rebalanceo|prueba|0|0.0|base|60|todas|onsite,2025-11-11,sin_rebalanceo,prueba,0,0.0,base,60,todas,onsite,202227,72324,274551,0,0,0,0,0,12836,9102,0.4650394324389623,1359,"{""devolucion_origen"": 0, ""entrega_sin_recogida"": 0, ""fisico"": 0, ""fuera_servicio"": 0, ""tope"": 0, ""visitas"": 0}",0,0,0,0,0,0,0,0,0,0,0,[],0.0,0.0,0.0,0,2.222,0.0,
2025-11-11|ecobici|prueba|0|0.0|base|60|todas|onsite,2025-11-11,ecobici,prueba,0,0.0,base,60,todas,onsite,101352,24218,125570,2994,1560,1434,14539,0,2964,1413,0.2939156163142014,454,"{""devolucion_origen"": 0, ""entrega_sin_recogida"": 0, ""fisico"": 204, ""fuera_servicio"": 0, ""tope"": 0, ""visitas"": 0}",7048,7287,0,239,0,2967,0,72,120,0,0,[],0.0,0.0,0.0,0,2.176,0.0,2967.0
2025-11-11|oraculo_diario|prueba|4|57.5805|base|60|todas|onsite,2025-11-11,oraculo_diario,prueba,4,57.5805,base,60,todas,onsite,46144,4249,50393,2657,742,1915,12232,572,4389,1206,0.2933186430591731,390,"{""devolucion_origen"": 20, ""entrega_sin_recogida"": 394, ""fisico"": 414, ""fuera_servicio"": 0, ""tope"": 0, ""visitas"": 0}",6126,6126,0,0,0,2657,0,14,67,0,74,"[0.1842, 0.6492, 0.2408, 0.3952, 0.3641, 0.2916, 0.1715, 0.3158, 0.1714, 0.2561, 0.2383, 0.1681, 0.1727, 0.1798, 0.199, 0.1716, 0.1759, 0.1764, 0.174, 0.1843, 0.1877, 0.2058, 0.1756, 0.3023, 0.3273, 0.2733, 0.2914, 0.2778, 0.2896, 0.379, 0.2922, 0.2719, 0.2776, 0.2065, 0.2755, 0.2585, 0.3513, 0.2383, 0.3368, 0.3095, 0.3645, 0.3674, 0.2729, 0.3336, 0.5055, 0.3107, 0.3008, 0.1953, 0.2316, 0.2739, 0.2667, 0.2297, 0.3106, 0.2613, 0.6152, 0.1667, 0.301, 0.301, 0.1927, 0.1786, 0.1782, 0.1808, 0.1718, 0.1793, 0.1889, 0.1987, 0.1794, 0.1882, 0.1889, 0.1745, 0.1701, 0.2775, 0.262, 0.1668]",0.248477916502452,0.3846630710500903,0.649191290998715,0,21.376,20.0,0.0
2025-11-11|ma_diaria|prueba|4|72.8507|base|60|todas|onsite,2025-11-11,ma_diaria,prueba,4,72.8507,base,60,todas,onsite,66066,5984,72050,2669,746,1923,12143,533,5445,1348,0.2690235136477021,494,"{""devolucion_origen"": 25, ""entrega_sin_recogida"": 197, ""fisico"": 222, ""fuera_servicio"": 0, ""tope"": 0, ""visitas"": 0}",6084,6084,0,0,0,2669,0,14,67,0,74,"[0.331, 0.3352, 0.4377, 0.4595, 0.3684, 0.177, 0.3046, 0.2247, 0.2801, 0.2288, 0.2629, 0.1736, 0.1759, 0.1635, 0.1675, 0.1661, 0.1701, 0.1722, 0.1733, 0.1736, 0.1714, 0.1712, 0.1771, 0.1814, 0.1772, 0.1803, 0.1822, 0.1757, 0.1809, 0.3292, 0.1909, 0.3571, 0.1956, 0.3602, 0.699, 0.6005, 0.5102, 0.4567, 0.4459, 0.331, 0.286, 0.1767, 0.4183, 0.4012, 0.3626, 0.4017, 0.3069, 0.2568, 0.375, 0.3737, 0.2714, 0.3271, 0.2871, 0.2933, 0.3685, 0.335, 0.1777, 0.323, 0.1733, 0.1759, 0.1789, 0.1726, 0.1729, 0.172, 0.1717, 0.1779, 0.1768, 0.1715, 0.1683, 0.1717, 0.2845, 0.2707, 0.1811, 0.1591]",0.2101143755025987,0.4576548268541955,0.6989665840010275,0,22.089,25.0,0.0
2025-11-11|lgbm_diario|prueba|4|72.7447|base|60|todas|onsite,2025-11-11,lgbm_diario,prueba,4,72.7447,base,60,todas,onsite,66227,6096,72323,2705,769,1936,12096,478,5335,1404,0.2670177560096645,485,"{""devolucion_origen"": 34, ""entrega_sin_recogida"": 235, ""fisico"": 269, ""fuera_servicio"": 0, ""tope"": 0, ""visitas"": 0}",6065,6065,0,0,0,2705,0,14,67,0,74,"[0.4025, 0.2479, 0.3564, 0.4429, 0.3187, 0.2592, 0.4055, 0.5045, 0.2594, 0.2829, 0.307, 0.6728, 0.3827, 0.1638, 0.1674, 0.1906, 0.1689, 0.2026, 0.1732, 0.1703, 0.1957, 0.1709, 0.1721, 0.1787, 0.178, 0.18, 0.3403, 0.306, 0.3779, 0.1758, 0.3504, 0.3717, 0.3707, 0.3128, 0.4193, 0.482, 0.1831, 0.4511, 0.4629, 0.338, 0.5505, 0.569, 0.6075, 0.3376, 0.2734, 0.2787, 0.2794, 0.2891, 0.3967, 0.319, 0.3283, 0.2933, 0.3707, 0.4305, 0.17, 0.3196, 0.3184, 0.3032, 0.1732, 0.1767, 0.1754, 0.175, 0.1747, 0.1721, 0.174, 0.1722, 0.1824, 0.1798, 0.175, 0.171, 0.2839, 0.3312, 0.1825, 0.1572]",0.2834072909972747,0.5206005629486751,0.6727704160002759,0,23.942,34.0,0.0
2025-11-11|oraculo_directo|prueba|4|39.0694|base|60|todas|onsite,2025-11-11,oraculo_directo,prueba,4,39.0694,base,60,todas,onsite,33789,2877,36666,2862,825,2037,12141,510,2515,864,0.2350166965978816,248,"{""devolucion_origen"": 1, ""entrega_sin_recogida"": 529, ""fisico"": 530, ""fuera_servicio"": 0, ""tope"": 0, ""visitas"": 0}",6071,6071,0,0,0,2862,0,14,67,0,74,"[0.5121, 0.3372, 0.285, 0.1795, 0.2517, 0.2792, 0.2843, 0.3616, 0.2371, 0.3192, 0.289, 0.4319, 0.502, 0.1742, 0.4226, 0.1694, 0.1941, 0.1691, 0.1703, 0.2552, 0.249, 0.2875, 0.2874, 0.3351, 0.2839, 0.2693, 0.2941, 0.4015, 0.2943, 0.4679, 0.1889, 0.3804, 0.2761, 0.4537, 0.3958, 0.3431, 0.3549, 0.3408, 0.2442, 0.4488, 0.404, 0.1813, 0.2397, 0.3161, 0.2313, 0.226, 0.3593, 0.5029, 0.226, 0.4451, 0.2754, 0.3746, 0.4909, 0.4074, 0.4233, 0.307, 0.1867, 0.2727, 0.2839, 0.183, 0.1847, 0.1916, 0.1835, 0.1874, 0.1906, 0.1808, 0.3245, 0.2552, 0.184, 0.3197, 0.2888, 0.2572, 0.1747, 0.2062]",0.2840898955037119,0.4759680851038864,0.51208845799556,0,24.237,1.0,0.0
2025-11-11|lgbm_directo|prueba|4|88.9149|base|60|todas|onsite,2025-11-11,lgbm_directo,prueba,4,88.9149,base,60,todas,onsite,68345,6977,75322,2552,714,1838,12537,529,5780,1518,0.2744272140760307,512,"{""devolucion_origen"": 13, ""entrega_sin_recogida"": 274, ""fisico"": 287, ""fuera_servicio"": 0, ""tope"": 0, ""visitas"": 0}",6275,6275,0,0,0,2552,0,14,67,0,74,"[1.2761, 0.3255, 0.3605, 0.3248, 0.3403, 0.2822, 0.3125, 0.549, 0.1725, 0.1679, 0.443, 0.294, 0.4539, 0.1764, 0.1687, 0.1705, 0.171, 0.164, 0.1697, 0.1744, 0.1752, 0.1722, 0.1754, 0.1781, 0.1893, 0.2098, 0.1775, 0.3564, 0.3307, 0.32, 0.3284, 0.3994, 0.3691, 0.3627, 0.3884, 0.1758, 0.306, 0.3783, 0.388, 0.3549, 0.3118, 0.6059, 0.3678, 0.7103, 0.4412, 0.4205, 0.3723, 0.3133, 0.3492, 0.3539, 0.1762, 0.3785, 0.1691, 0.3028, 0.4174, 0.2989, 0.3174, 0.3194, 0.3006, 0.1771, 0.1762, 0.1752, 0.1735, 0.1703, 0.1705, 0.1776, 0.1767, 0.172, 0.1768, 0.3429, 0.2892, 0.1762, 0.1579, 0.157]",0.3017372709982737,0.4871972750028357,1.2760969579976518,0,24.302,13.0,0.0
2025-11-12|sin_rebalanceo|prueba|0|0.0|base|60|todas|onsite,2025-11-12,sin_rebalanceo,prueba,0,0.0,base,60,todas,onsite,231380,73900,305280,0,0,0,0,0,14285,9637,0.4618922072916662,1278,"{""devolucion_origen"": 0, ""entrega_sin_recogida"": 0, ""fisico"": 0, ""fuera_servicio"": 0, ""tope"": 0, ""visitas"": 0}",0,0,0,0,0,0,0,0,0,0,0,[],0.0,0.0,0.0,0,2.313,0.0,
2025-11-12|ecobici|prueba|0|0.0|base|60|todas|onsite,2025-11-12,ecobici,prueba,0,0.0,base,60,todas,onsite,113073,19830,132903,3248,1665,1583,14775,0,3617,1415,0.3018208859632736,395,"{""devolucion_origen"": 0, ""entrega_sin_recogida"": 0, ""fisico"": 192, ""fuera_servicio"": 0, ""tope"": 0, ""visitas"": 0}",7211,7372,0,161,0,3210,0,74,139,0,0,[],0.0,0.0,0.0,0,2.335,0.0,3210.0
2025-11-12|oraculo_diario|prueba|4|57.5805|base|60|todas|onsite,2025-11-12,oraculo_diario,prueba,4,57.5805,base,60,todas,onsite,48970,3476,52446,2844,780,2064,12982,495,4528,1144,0.2694027280317553,336,"{""devolucion_origen"": 30, ""entrega_sin_recogida"": 403, ""fisico"": 433, ""fuera_servicio"": 0, ""tope"": 0, ""visitas"": 0}",6506,6506,0,0,0,2844,0,14,67,0,74,"[0.3915, 0.4769, 0.6388, 0.2337, 0.4224, 0.3071, 0.2979, 0.2827, 0.3019, 0.3973, 0.1697, 0.2221, 0.3578, 0.1649, 0.2234, 0.1645, 0.1703, 0.171, 0.1687, 0.1719, 0.1736, 0.2517, 0.3783, 0.1765, 0.3088, 0.4163, 0.1792, 0.1762, 0.182, 0.2596, 0.4885, 0.4308, 0.3067, 0.2976, 0.3964, 0.3393, 0.3407, 0.2573, 0.4199, 0.2382, 0.4381, 0.3456, 0.3468, 0.5508, 0.3713, 0.2758, 0.373, 0.4289, 0.277, 0.2368, 0.2592, 0.2662, 0.3161, 0.352, 0.2445, 0.2571, 0.1821, 0.2983, 0.3096, 0.3004, 0.3027, 0.1817, 0.1805, 0.18, 0.1906, 0.1835, 0.1757, 0.2997, 0.1932, 0.1744, 0.1726, 0.1768, 0.1751, 0.1708]",0.2709736875003727,0.4516860749979967,0.6388332080023247,0,23.262,30.0,0.0
2025-11-12|ma_diaria|prueba|4|72.8507|base|60|todas|onsite,2025-11-12,ma_diaria,prueba,4,72.8507,base,60,todas,onsite,68463,6542,75005,2770,763,2007,12600,487,5726,1519,0.2726497436320405,413,"{""devolucion_origen"": 20, ""entrega_sin_recogida"": 260, ""fisico"": 280, ""fuera_servicio"": 0, ""tope"": 0, ""visitas"": 0}",6310,6310,0,0,0,2770,0,14,67,0,74,"[0.3216, 0.256, 0.3233, 0.4468, 0.5979, 0.2596, 0.3152, 0.2511, 0.1721, 0.3434, 0.3149, 0.2888, 0.3333, 0.344, 0.167, 0.168, 0.1689, 0.1701, 0.1713, 0.1756, 0.1758, 0.1725, 0.1867, 0.1766, 0.1751, 0.181, 0.3778, 0.1808, 0.1891, 0.3679, 0.1904, 0.3435, 0.3228, 0.4682, 0.3235, 0.3156, 0.6227, 0.5281, 0.4663, 0.6423, 0.6076, 0.4469, 0.3416, 0.3415, 0.3605, 0.3307, 0.2665, 0.3049, 0.3047, 0.4219, 0.3258, 0.4939, 0.3905, 0.2566, 0.1767, 0.2943, 0.1748, 0.1718, 0.1753, 0.1769, 0.1775, 0.1801, 0.1758, 0.1828, 0.1765, 0.1786, 0.176, 0.178, 0.1734, 0.1855, 0.3227, 0.2958, 0.1785, 0.1589]",0.2630493744982232,0.5525729143486383,0.6423399170016637,0,23.422,20.0,0.0
2025-11-12|lgbm_diario|prueba|4|72.7447|base|60|todas|onsite,2025-11-12,lgbm_diario,prueba,4,72.7447,base,60,todas,onsite,68063,6695,74758,2836,773,2063,12704,507,5719,1586,0.2722991593755192,422,"{""devolucion_origen"": 16, ""entrega_sin_recogida"": 221, ""fisico"": 237, ""fuera_servicio"": 0, ""tope"": 0, ""visitas"": 0}",6360,6360,0,0,0,2836,0,14,67,0,74,"[0.3699, 0.1845, 0.4794, 0.4042, 0.2762, 0.247, 0.3384, 0.3342, 0.168, 0.1769, 0.2772, 0.2777, 0.2605, 0.1957, 0.1657, 0.1685, 0.1702, 0.1665, 0.174, 0.1717, 0.1719, 0.173, 0.1747, 0.1805, 0.2073, 0.1829, 0.182, 0.3276, 0.178, 0.3239, 0.317, 0.317, 0.1836, 0.1819, 0.3979, 0.312, 0.379, 0.4788, 0.3862, 0.3777, 0.3736, 0.3737, 0.3336, 0.1768, 0.2682, 0.3528, 0.3962, 0.2771, 0.2946, 0.624, 0.3169, 0.4466, 0.303, 0.3253, 0.5414, 0.2821, 0.1771, 0.1791, 0.1701, 0.1744, 0.1747, 0.1762, 0.1762, 0.1774, 0.1829, 0.1708, 0.172, 0.1813, 0.1747, 0.1734, 0.2855, 0.2885, 0.1782, 0.1598]",0.2271408540000266,0.4578830586517141,0.6239932079988648,0,21.865,16.0,0.0
2025-11-12|oraculo_directo|prueba|4|39.0694|base|60|todas|onsite,2025-11-12,oraculo_directo,prueba,4,39.0694,base,60,todas,onsite,34184,2926,37110,3029,851,2178,12871,485,2912,797,0.236102665391061,202,"{""devolucion_origen"": 3, ""entrega_sin_recogida"": 535, ""fisico"": 538, ""fuera_servicio"": 0, ""tope"": 0, ""visitas"": 0}",6437,6437,0,0,0,3029,0,14,67,0,74,"[0.2548, 0.2848, 0.2769, 0.2514, 0.3782, 0.1815, 0.4331, 0.2874, 0.2516, 0.2334, 0.2297, 0.3326, 0.5062, 0.175, 0.4572, 0.1889, 0.1723, 0.1888, 0.1662, 0.2592, 0.1876, 0.2599, 0.4416, 0.2807, 0.4066, 0.4402, 0.381, 0.3197, 0.351, 0.3161, 0.4506, 0.8664, 0.2047, 0.2791, 0.4457, 0.5687, 0.4783, 0.2689, 0.3163, 0.1802, 0.3094, 0.3533, 0.2741, 0.3125, 0.3798, 0.2861, 0.3187, 0.3086, 0.1799, 0.3909, 0.1714, 0.4378, 0.4181, 0.1743, 0.2635, 0.2681, 0.1824, 0.4161, 0.317, 0.2792, 0.2944, 0.1829, 0.1881, 0.1966, 0.1898, 0.3067, 0.2995, 0.3008, 0.6326, 0.318, 0.5617, 0.2493, 0.1738, 0.2441]",0.2867406039986235,0.5255887482468093,0.866422250001051,0,25.406,3.0,0.0
2025-11-12|lgbm_directo|prueba|4|88.9149|base|60|todas|onsite,2025-11-12,lgbm_directo,prueba,4,88.9149,base,60,todas,onsite,70019,6590,76609,2709,724,1985,13036,540,6392,1535,0.2830011692502601,486,"{""devolucion_origen"": 12, ""entrega_sin_recogida"": 336, ""fisico"": 348, ""fuera_servicio"": 0, ""tope"": 0, ""visitas"": 0}",6524,6524,0,0,0,2709,0,14,67,0,74,"[1.3255, 0.3182, 0.3156, 0.3724, 0.4067, 0.4289, 0.3885, 0.3145, 0.2684, 0.1748, 0.2535, 0.3444, 0.1611, 0.1676, 0.3089, 0.1673, 0.1683, 0.169, 0.1727, 0.1993, 0.173, 0.1755, 0.1775, 0.1753, 0.2055, 0.1802, 0.3465, 0.3587, 0.1866, 0.1846, 0.1904, 0.3541, 0.3634, 0.4604, 0.3996, 0.3496, 0.3242, 0.3, 0.3634, 0.6, 0.6716, 0.3869, 0.4648, 0.3756, 0.4204, 0.1766, 0.4268, 0.4004, 0.3622, 0.2662, 0.5615, 0.3008, 0.1765, 0.3219, 0.3358, 0.298, 0.3007, 0.299, 0.3211, 0.1763, 0.1803, 0.1727, 0.173, 0.177, 0.1763, 0.1735, 0.1724, 0.1689, 0.1729, 0.3086, 0.3172, 0.1816, 0.1618, 0.1569]",0.2994668339997588,0.4986772375028516,1.325486292000278,0,24.297,12.0,0.0
2025-11-13|sin_rebalanceo|prueba|0|0.0|base|60|todas|onsite,2025-11-13,sin_rebalanceo,prueba,0,0.0,base,60,todas,onsite,216594,69724,286318,0,0,0,0,0,13874,9085,0.4533064307125603,1247,"{""devolucion_origen"": 0, ""entrega_sin_recogida"": 0, ""fisico"": 0, ""fuera_servicio"": 0, ""tope"": 0, ""visitas"": 0}",0,0,0,0,0,0,0,0,0,0,0,[],0.0,0.0,0.0,0,2.192,0.0,
2025-11-13|ecobici|prueba|0|0.0|base|60|todas|onsite,2025-11-13,ecobici,prueba,0,0.0,base,60,todas,onsite,107825,17387,125212,2934,1486,1448,14067,0,3885,1081,0.3202344307199021,481,"{""devolucion_origen"": 0, ""entrega_sin_recogida"": 0, ""fisico"": 265, ""fuera_servicio"": 0, ""tope"": 0, ""visitas"": 0}",6843,6959,0,116,0,2910,0,70,145,0,0,[],0.0,0.0,0.0,0,2.245,0.0,2910.0
2025-11-13|oraculo_diario|prueba|4|57.5805|base|60|todas|onsite,2025-11-13,oraculo_diario,prueba,4,57.5805,base,60,todas,onsite,51328,5216,56544,2667,734,1933,12532,523,4670,1197,0.2667443703941869,479,"{""devolucion_origen"": 24, ""entrega_sin_recogida"": 325, ""fisico"": 349, ""fuera_servicio"": 0, ""tope"": 0, ""visitas"": 0}",6278,6278,0,0,0,2667,0,14,67,0,74,"[0.2752, 0.3532, 0.2462, 0.4455, 0.2364, 0.2019, 0.311, 0.1898, 0.172, 0.2721, 0.3143, 0.2885, 0.2215, 0.1616, 0.2288, 0.1638, 0.1686, 0.1669, 0.1728, 0.1696, 0.1782, 0.372, 0.26, 0.2999, 0.3697, 0.3578, 0.4136, 0.181, 0.3012, 0.1792, 0.293, 0.2029, 0.2798, 0.1934, 0.564, 0.177, 0.4888, 0.2897, 0.2611, 0.4262, 0.2567, 0.3459, 0.5317, 0.3, 0.2472, 0.2509, 0.1715, 0.254, 0.2812, 0.2629, 0.2453, 0.4711, 0.2735, 0.314, 0.2485, 0.4327, 0.272, 0.2746, 0.1779, 0.2646, 0.1801, 0.1801, 0.2037, 0.1766, 0.1847, 0.1927, 0.1826, 0.1798, 0.1863, 0.1839, 0.1886, 0.2889, 0.1715, 0.1885]",0.2497045210002397,0.4544606534967896,0.564014916002634,0,21.723,24.0,0.0
2025-11-13|ma_diaria|prueba|4|72.8507|base|60|todas|onsite,2025-11-13,ma_diaria,prueba,4,72.8507,base,60,todas,onsite,67038,7016,74054,2663,710,1953,12298,493,5538,1314,0.2598668021820935,473,"{""devolucion_origen"": 22, ""entrega_sin_recogida"": 241, ""fisico"": 263, ""fuera_servicio"": 0, ""tope"": 0, ""visitas"": 0}",6160,6160,0,0,0,2663,0,14,67,0,74,"[0.2768, 0.4113, 0.4589, 0.1769, 0.2602, 0.2893, 0.2425, 0.1701, 0.1718, 0.2402, 0.3693, 0.3985, 0.1677, 0.2027, 0.1717, 0.1751, 0.1704, 0.1698, 0.1655, 0.1768, 0.1794, 0.1752, 0.1796, 0.1783, 0.1789, 0.1797, 0.3899, 0.3291, 0.1871, 0.1909, 0.3004, 0.3738, 0.5085, 0.45, 0.3145, 0.6568, 0.1911, 0.1924, 0.4219, 0.539, 0.3623, 0.4974, 0.3815, 0.3594, 0.2972, 0.1777, 0.2859, 0.4126, 0.3092, 0.4037, 0.1748, 0.3665, 0.4064, 0.4377, 0.3394, 0.3174, 0.4149, 0.2928, 0.1765, 0.1767, 0.1837, 0.1738, 0.1755, 0.1805, 0.1761, 0.1805, 0.1717, 0.1765, 0.1835, 0.1729, 0.2847, 0.287, 0.1824, 0.1618]",0.221459896001761,0.4723932016506294,0.65678887499962,0,22.587,22.0,0.0
2025-11-13|lgbm_diario|prueba|4|72.7447|base|60|todas|onsite,2025-11-13,lgbm_diario,prueba,4,72.7447,base,60,todas,onsite,66697,7356,74053,2730,737,1993,12336,490,5434,1327,0.2581572597014364,507,"{""devolucion_origen"": 22, ""entrega_sin_recogida"": 208, ""fisico"": 230, ""fuera_servicio"": 0, ""tope"": 0, ""visitas"": 0}",6179,6179,0,0,0,2730,0,14,67,0,74,"[0.2624, 0.4732, 0.5081, 0.29, 0.3436, 0.4548, 0.2475, 0.3206, 0.255, 0.2551, 0.1934, 0.1713, 0.1853, 0.1826, 0.1733, 0.1942, 0.1933, 0.1712, 0.1708, 0.1695, 0.1733, 0.2043, 0.173, 0.1782, 0.1791, 0.3643, 0.1916, 0.3959, 0.3261, 0.3623, 0.1827, 0.3282, 0.3187, 0.3567, 0.4639, 0.3145, 0.1961, 0.5242, 0.2974, 0.5625, 0.3199, 0.3767, 0.5364, 0.3785, 0.3357, 0.558, 0.4703, 0.3098, 0.3511, 0.3049, 0.344, 0.3164, 0.3406, 0.4167, 0.4756, 0.386, 0.3576, 0.2802, 0.178, 0.1727, 0.1762, 0.1781, 0.1784, 0.1843, 0.1868, 0.2039, 0.1776, 0.1923, 0.1797, 0.1804, 0.179, 0.3072, 0.1825, 0.1591]",0.271291104498232,0.513726947699979,0.562537624995457,0,23.558,22.0,0.0
2025-11-13|oraculo_directo|prueba|4|39.0694|base|60|todas|onsite,2025-11-13,oraculo_directo,prueba,4,39.0694,base,60,todas,onsite,37943,4421,42364,2913,839,2074,12280,455,3099,952,0.2353706066619046,343,"{""devolucion_origen"": 4, ""entrega_sin_recogida"": 465, ""fisico"": 469, ""fuera_servicio"": 0, ""tope"": 0, ""visitas"": 0}",6142,6142,0,0,0,2917,4,14,67,0,74,"[0.3151, 0.6092, 0.2116, 0.3347, 0.3335, 0.1766, 0.2605, 0.3085, 0.2433, 0.1714, 0.2767, 0.2354, 0.2189, 0.1707, 0.1939, 0.1635, 0.1733, 0.2452, 0.17, 0.1795, 0.2843, 0.2819, 0.3039, 0.3645, 0.2733, 0.3849, 0.4374, 0.4341, 0.3265, 0.3148, 0.323, 0.1876, 0.2784, 0.5149, 0.4276, 0.4096, 0.603, 0.2579, 0.4186, 0.364, 0.3829, 0.3052, 0.4693, 0.174, 0.3455, 0.3637, 0.1733, 0.2536, 0.1762, 0.1735, 0.5354, 0.2243, 0.2365, 0.5294, 0.4936, 0.2662, 0.3723, 0.4606, 0.1844, 0.1806, 0.1966, 0.1796, 0.1817, 0.1815, 0.1855, 0.1815, 0.1919, 0.1832, 0.1875, 0.1881, 0.1832, 0.19, 0.176, 0.1737]",0.255749937499786,0.5199463250039116,0.609209957998246,0,23.293,4.0,0.0
2025-11-13|lgbm_directo|prueba|4|88.9149|base|60|todas|onsite,2025-11-13,lgbm_directo,prueba,4,88.9149,base,60,todas,onsite,68944,7548,76492,2642,713,1929,12917,505,6174,1359,0.2650889803438364,528,"{""devolucion_origen"": 11, ""entrega_sin_recogida"": 358, ""fisico"": 369, ""fuera_servicio"": 0, ""tope"": 0, ""visitas"": 0}",6464,6464,0,0,0,2642,0,14,67,0,74,"[1.2649, 0.6541, 0.3333, 0.1749, 0.4538, 0.4866, 0.2393, 0.2869, 0.2916, 0.315, 0.2399, 0.2953, 0.4926, 0.4581, 0.1674, 0.1679, 0.1707, 0.1735, 0.1712, 0.1695, 0.1973, 0.1701, 0.1782, 0.3505, 0.1837, 0.183, 0.3581, 0.1879, 0.382, 0.3943, 0.1932, 0.3653, 0.3798, 0.3605, 0.5659, 0.4206, 0.3242, 0.3528, 0.3207, 0.2916, 0.484, 0.436, 0.431, 0.3851, 0.386, 0.3712, 0.3929, 0.1704, 0.4233, 0.4262, 0.3863, 0.5622, 0.3888, 0.2655, 0.3118, 0.3582, 0.1767, 0.3596, 0.1722, 0.3096, 0.1778, 0.176, 0.175, 0.1762, 0.1808, 0.1745, 0.1728, 0.1768, 0.1745, 0.3159, 0.2875, 0.1808, 0.1624, 0.1565]",0.3024458334984956,0.5169377040474497,1.2649150409997674,0,25.354,11.0,0.0
2025-11-14|sin_rebalanceo|prueba|0|0.0|base|60|todas|onsite,2025-11-14,sin_rebalanceo,prueba,0,0.0,base,60,todas,onsite,186023,59092,245115,0,0,0,0,0,10245,7066,0.3987363012648022,998,"{""devolucion_origen"": 0, ""entrega_sin_recogida"": 0, ""fisico"": 0, ""fuera_servicio"": 0, ""tope"": 0, ""visitas"": 0}",0,0,0,0,0,0,0,0,0,0,0,[],0.0,0.0,0.0,0,2.166,0.0,
2025-11-14|ecobici|prueba|0|0.0|base|60|todas|onsite,2025-11-14,ecobici,prueba,0,0.0,base,60,todas,onsite,92359,14547,106906,2874,1536,1338,12690,0,1982,674,0.2803634798442759,310,"{""devolucion_origen"": 0, ""entrega_sin_recogida"": 0, ""fisico"": 120, ""fuera_servicio"": 0, ""tope"": 0, ""visitas"": 0}",6246,6324,0,78,0,2859,0,64,113,0,0,[],0.0,0.0,0.0,0,2.181,0.0,2859.0
2025-11-14|oraculo_diario|prueba|4|57.5805|base|60|todas|onsite,2025-11-14,oraculo_diario,prueba,4,57.5805,base,60,todas,onsite,34804,3517,38321,2282,607,1675,10614,417,2270,327,0.2180032023990471,253,"{""devolucion_origen"": 16, ""entrega_sin_recogida"": 342, ""fisico"": 358, ""fuera_servicio"": 0, ""tope"": 0, ""visitas"": 0}",5315,5315,0,0,0,2284,2,14,67,0,74,"[0.4788, 0.2596, 0.2751, 0.3764, 0.3832, 0.1789, 0.2939, 0.2595, 0.2329, 0.3745, 0.1702, 0.2551, 0.2717, 0.2454, 0.2673, 0.1668, 0.1746, 0.2019, 0.1802, 0.2671, 0.1804, 0.1768, 0.288, 0.2884, 0.1829, 0.2904, 0.3286, 0.259, 0.1837, 0.3684, 0.3041, 0.5664, 0.3586, 0.3348, 0.6202, 0.176, 0.3618, 0.3102, 0.2589, 0.3127, 0.4063, 0.2341, 0.2646, 0.346, 0.313, 0.1817, 0.333, 0.2984, 0.3568, 0.285, 0.4131, 0.2534, 0.3118, 0.2841, 0.2894, 0.2934, 0.1794, 0.2921, 0.3079, 0.2813, 0.2984, 0.3263, 0.1943, 0.1849, 0.1845, 0.3625, 0.1774, 0.3462, 0.1858, 0.1731, 0.1733, 0.2721, 0.2591, 0.1846]",0.2781877499983238,0.4087038853995181,0.6202470000062021,0,22.927,16.0,0.0
2025-11-14|ma_diaria|prueba|4|72.8507|base|60|todas|onsite,2025-11-14,ma_diaria,prueba,4,72.8507,base,60,todas,onsite,53181,4383,57564,2297,615,1682,11184,495,3917,394,0.2314718350556814,393,"{""devolucion_origen"": 20, ""entrega_sin_recogida"": 306, ""fisico"": 326, ""fuera_servicio"": 0, ""tope"": 0, ""visitas"": 0}",5602,5602,0,0,0,2297,0,14,67,0,74,"[0.259, 0.2605, 0.2529, 0.4896, 0.2641, 0.2682, 0.4454, 0.1764, 0.2735, 0.2434, 0.6037, 0.2659, 0.3016, 0.1757, 0.1685, 0.1734, 0.1718, 0.1731, 0.1699, 0.1726, 0.1774, 0.1732, 0.1779, 0.1837, 0.437, 0.3617, 0.3795, 0.3476, 0.401, 0.3898, 0.3892, 0.3861, 0.3446, 0.3365, 0.4116, 0.5276, 0.4728, 0.5195, 0.4394, 0.4167, 0.1751, 0.2915, 0.2844, 0.272, 0.3475, 0.3324, 0.261, 0.3108, 0.175, 0.2855, 0.2617, 0.2789, 0.2906, 0.2882, 0.4645, 0.4187, 0.3142, 0.1818, 0.361, 0.3465, 0.3185, 0.3927, 0.1879, 0.4436, 0.4576, 0.1762, 0.1755, 0.1834, 0.1812, 0.308, 0.3294, 0.1709, 0.1799, 0.1611]",0.2868853125000896,0.4786705251019156,0.6037158749968512,0,24.435,20.0,0.0
2025-11-14|lgbm_diario|prueba|4|72.7447|base|60|todas|onsite,2025-11-14,lgbm_diario,prueba,4,72.7447,base,60,todas,onsite,50063,4665,54728,2246,570,1676,10567,445,3363,386,0.2248060594755375,367,"{""devolucion_origen"": 13, ""entrega_sin_recogida"": 224, ""fisico"": 237, ""fuera_servicio"": 0, ""tope"": 0, ""visitas"": 0}",5290,5290,0,0,0,2246,0,14,58,0,74,"[0.2672, 0.3599, 0.2501, 0.3652, 0.2844, 0.3379, 0.4487, 0.3096, 0.3085, 0.2505, 0.2791, 0.1697, 0.2727, 0.1631, 0.1793, 0.1719, 0.1692, 0.1713, 0.1763, 0.1756, 0.1776, 0.1799, 0.3404, 0.3498, 0.1861, 0.1793, 0.1849, 0.3587, 0.4292, 0.3874, 0.4084, 0.3232, 0.3118, 0.332, 0.4369, 0.314, 0.3771, 0.4303, 0.7768, 0.3757, 0.4012, 0.1761, 0.303, 0.3716, 0.4589, 0.4717, 0.4667, 0.4587, 0.2804, 0.4013, 0.2972, 0.4097, 0.5183, 0.3841, 0.3344, 0.4293, 0.3426, 0.3212, 0.3111, 0.1839, 0.4054, 0.1801, 0.1966, 0.191, 0.1876, 0.182, 0.1855, 0.1775, 0.1758, 0.3426, 0.1873, 0.1694, 0.1787, 0.1654]",0.3090271460023359,0.461653331695561,0.7767999580028118,0,24.49,13.0,0.0
2025-11-14|oraculo_directo|prueba|4|39.0694|base|60|todas|onsite,2025-11-14,oraculo_directo,prueba,4,39.0694,base,60,todas,onsite,26485,2997,29482,2419,670,1749,9839,383,1316,119,0.2170122076217578,158,"{""devolucion_origen"": 3, ""entrega_sin_recogida"": 431, ""fisico"": 434, ""fuera_servicio"": 0, ""tope"": 0, ""visitas"": 0}",4921,4921,0,0,0,2419,0,14,67,0,74,"[0.4724, 0.419, 0.3336, 0.3399, 0.4013, 0.1789, 0.2391, 0.291, 0.3172, 0.2058, 0.2492, 0.2383, 0.2437, 0.237, 0.3042, 0.1741, 0.1941, 0.3374, 0.1858, 0.3025, 0.3059, 0.2987, 0.3492, 0.4181, 0.5111, 0.3189, 0.3652, 0.52, 0.2064, 0.5418, 0.414, 0.3713, 0.3096, 0.6065, 0.5115, 0.3248, 0.3856, 0.1823, 0.2514, 0.2552, 0.3495, 0.2784, 0.3009, 0.178, 0.3276, 0.5565, 0.2658, 0.2556, 0.2978, 0.1809, 0.3176, 0.2862, 0.4139, 0.6205, 0.265, 0.1801, 0.2016, 0.3321, 0.3044, 0.2078, 0.1954, 0.3587, 0.2092, 0.1977, 0.3514, 0.2018, 0.1846, 0.1837, 0.3193, 0.3369, 0.2767, 0.2576, 0.1749, 0.1704]",0.2997833335030009,0.5276620107440975,0.6205486670005484,0,24.845,3.0,0.0
2025-11-14|lgbm_directo|prueba|4|88.9149|base|60|todas|onsite,2025-11-14,lgbm_directo,prueba,4,88.9149,base,60,todas,onsite,51828,4244,56072,2289,601,1688,11816,566,4143,251,0.2317286212946973,413,"{""devolucion_origen"": 16, ""entrega_sin_recogida"": 340, ""fisico"": 356, ""fuera_servicio"": 0, ""tope"": 0, ""visitas"": 0}",5916,5916,0,0,0,2289,0,14,63,0,74,"[1.2962, 0.3503, 0.2741, 0.18, 0.3391, 0.2722, 0.3279, 0.1736, 0.3178, 0.3432, 0.2763, 0.4119, 0.3146, 0.292, 0.3158, 0.1794, 0.1689, 0.1784, 0.1826, 0.1837, 0.1773, 0.1799, 0.3904, 0.1863, 0.187, 0.4223, 0.3323, 0.3789, 0.1912, 0.3947, 0.3613, 0.338, 0.3587, 0.3161, 0.4922, 0.1787, 0.5974, 0.4339, 0.3143, 0.4709, 0.4023, 0.3129, 0.4284, 0.3688, 0.1958, 0.3535, 0.2888, 0.3337, 0.3934, 0.457, 0.4032, 0.3178, 0.3257, 0.4005, 0.3434, 0.3333, 0.1818, 0.1797, 0.3457, 0.3536, 0.4538, 0.3563, 0.4613, 0.1991, 0.1858, 0.1837, 0.1789, 0.1809, 0.1783, 0.3508, 0.1861, 0.188, 0.165, 0.1644]",0.3177691044948005,0.4646710728011384,1.296245124998677,0,25.459,16.0,0.0
2025-11-15|sin_rebalanceo|prueba|0|0.0|base|60|todas|onsite,2025-11-15,sin_rebalanceo,prueba,0,0.0,base,60,todas,onsite,93755,30709,124464,0,0,0,0,0,1827,1551,0.2816742595679453,182,"{""devolucion_origen"": 0, ""entrega_sin_recogida"": 0, ""fisico"": 0, ""fuera_servicio"": 0, ""tope"": 0, ""visitas"": 0}",0,0,0,0,0,0,0,0,0,0,0,[],0.0,0.0,0.0,0,1.802,0.0,
2025-11-15|ecobici|prueba|0|0.0|base|60|todas|onsite,2025-11-15,ecobici,prueba,0,0.0,base,60,todas,onsite,62460,16022,78482,1309,787,522,3559,0,215,88,0.2347420666157608,80,"{""devolucion_origen"": 0, ""entrega_sin_recogida"": 0, ""fisico"": 4, ""fuera_servicio"": 0, ""tope"": 0, ""visitas"": 0}",1804,1751,0,-53,0,1307,0,30,46,0,0,[],0.0,0.0,0.0,0,1.814,0.0,1307.0
2025-11-15|oraculo_diario|prueba|4|57.5805|base|60|todas|onsite,2025-11-15,oraculo_diario,prueba,4,57.5805,base,60,todas,onsite,20095,2448,22543,1017,214,803,3265,129,290,51,0.2001883048129431,61,"{""devolucion_origen"": 3, ""entrega_sin_recogida"": 57, ""fisico"": 60, ""fuera_servicio"": 0, ""tope"": 0, ""visitas"": 0}",1634,1634,0,0,0,1017,0,14,42,0,74,"[0.1998, 0.3287, 0.3848, 0.1909, 0.1938, 0.1852, 0.1862, 0.3546, 0.185, 0.3371, 0.3633, 0.3236, 0.3236, 0.3211, 0.3224, 0.3258, 0.2938, 0.3972, 0.3579, 0.3092, 0.3535, 0.3074, 0.2828, 0.1807, 0.183, 0.4352, 0.5803, 0.3364, 0.309, 0.185, 0.185, 0.3036, 0.3833, 0.2841, 0.335, 0.2114, 0.3077, 0.2967, 0.3208, 0.2031, 0.3074, 0.1948, 0.3564, 0.1844, 0.3171, 0.1915, 0.188, 0.1858, 0.2224, 0.3285, 0.3417, 0.196, 0.3458, 0.4008, 0.3235, 0.3798, 0.6201, 0.3753, 0.1855, 0.3902, 0.357, 0.1862, 0.1888, 0.1909, 0.1847, 0.3874, 0.1933, 0.7826, 0.1808, 0.2578, 0.3062, 0.1725, 0.1737, 0.1716]",0.3074165625002933,0.412838408648531,0.7826280840017716,0,23.524,3.0,0.0
2025-11-15|ma_diaria|prueba|4|72.8507|base|60|todas|onsite,2025-11-15,ma_diaria,prueba,4,72.8507,base,60,todas,onsite,35522,4520,40042,1159,211,948,3429,120,1114,145,0.2255481704659436,114,"{""devolucion_origen"": 1, ""entrega_sin_recogida"": 18, ""fisico"": 19, ""fuera_servicio"": 0, ""tope"": 0, ""visitas"": 0}",1715,1715,0,0,0,1161,2,14,37,0,74,"[0.181, 0.1836, 0.2017, 0.4254, 0.3853, 0.1946, 0.1832, 0.1834, 0.1849, 0.3816, 0.4316, 0.7527, 0.1816, 0.1865, 0.3564, 0.2105, 0.5109, 0.4146, 0.4319, 0.5515, 0.3878, 0.1882, 0.4459, 0.4493, 0.3854, 0.1853, 0.1829, 0.3881, 0.3941, 0.1764, 0.1795, 0.176, 0.1843, 0.1867, 0.1824, 0.1776, 0.369, 0.3837, 0.413, 0.3916, 0.4617, 0.4977, 0.1872, 0.4643, 0.3771, 0.3849, 0.1853, 0.3794, 0.1801, 0.5012, 0.1838, 0.4837, 0.4503, 0.4126, 0.3809, 0.1825, 0.1854, 0.1782, 0.1853, 0.1856, 0.1906, 0.1859, 0.1901, 0.1848, 0.1846, 0.1784, 0.1838, 0.1771, 0.1762, 0.3016, 0.1728, 0.189, 0.1846, 0.1633]",0.1895224169966241,0.4989002561502275,0.7527132079994772,0,23.345,1.0,0.0
2025-11-15|lgbm_diario|prueba|4|72.7447|base|60|todas|onsite,2025-11-15,lgbm_diario,prueba,4,72.7447,base,60,todas,onsite,33594,4584,38178,1107,208,899,3212,119,1032,149,0.2265806974050451,113,"{""devolucion_origen"": 0, ""entrega_sin_recogida"": 15, ""fisico"": 15, ""fuera_servicio"": 0, ""tope"": 0, ""visitas"": 0}",1606,1606,0,0,0,1107,0,14,38,0,74,"[0.1787, 0.1827, 0.3743, 0.384, 0.371, 0.1982, 0.3886, 0.1901, 0.3835, 0.3903, 0.4049, 0.5194, 0.42, 0.3428, 0.3975, 0.3403, 0.1813, 0.4224, 0.4403, 0.3516, 0.1839, 0.1777, 0.9908, 0.3738, 0.3875, 0.409, 0.5245, 0.4235, 0.1843, 0.1999, 0.1988, 0.1762, 0.1807, 0.3898, 0.1863, 0.1798, 0.3736, 0.3947, 0.188, 0.1798, 0.5129, 0.3732, 0.3729, 0.6343, 0.3782, 0.3841, 0.2007, 0.177, 0.179, 0.391, 0.1807, 0.396, 0.1851, 0.1839, 0.1887, 0.1867, 0.1835, 0.402, 0.1805, 0.1861, 0.1898, 0.1846, 0.1859, 0.1787, 0.1938, 0.1891, 0.1867, 0.1857, 0.2967, 0.2924, 0.3143, 0.3031, 0.1853, 0.1659]",0.2465305000005173,0.5151626227991073,0.9908450000002632,0,24.076,0.0,0.0
2025-11-15|oraculo_directo|prueba|4|39.0694|base|60|todas|onsite,2025-11-15,oraculo_directo,prueba,4,39.0694,base,60,todas,onsite,17861,1905,19766,832,193,639,2346,93,191,48,0.2126082018698354,57,"{""devolucion_origen"": 0, ""entrega_sin_recogida"": 19, ""fisico"": 19, ""fuera_servicio"": 0, ""tope"": 0, ""visitas"": 0}",1173,1173,0,0,0,832,0,14,50,0,74,"[0.1863, 0.1997, 0.2014, 0.1897, 0.1892, 0.1925, 0.1938, 0.1991, 0.1883, 0.3764, 0.3579, 0.3492, 0.3724, 0.3308, 0.3164, 0.4211, 0.3582, 0.187, 0.33, 0.1823, 0.3261, 0.1963, 0.4196, 0.3319, 0.6436, 0.3105, 0.3888, 0.3855, 0.2985, 0.1851, 0.4224, 0.327, 0.3852, 0.3915, 0.3477, 0.1867, 0.3086, 0.3098, 0.3004, 0.1849, 0.3001, 0.189, 0.3182, 0.2959, 0.185, 0.1834, 0.1969, 0.1919, 0.1947, 0.3776, 0.1882, 0.1829, 0.349, 0.1935, 0.4057, 0.1881, 0.3778, 0.3467, 0.3451, 0.3572, 0.1869, 0.1947, 0.1963, 0.2925, 0.2083, 0.2599, 0.1886, 0.1802, 0.1917, 0.2094, 0.2344, 0.2719, 0.1786, 0.1825]",0.265906291500869,0.4105793188518873,0.6435858330005431,0,22.163,0.0,0.0
2025-11-15|lgbm_directo|prueba|4|88.9149|base|60|todas|onsite,2025-11-15,lgbm_directo,prueba,4,88.9149,base,60,todas,onsite,32954,3920,36874,1346,267,1079,4940,175,1176,104,0.2236373203505729,118,"{""devolucion_origen"": 16, ""entrega_sin_recogida"": 50, ""fisico"": 66, ""fuera_servicio"": 0, ""tope"": 0, ""visitas"": 0}",2478,2478,0,0,0,1350,4,14,37,0,74,"[1.1211, 0.1917, 0.1818, 0.4158, 0.3972, 0.3784, 0.183, 0.1882, 0.3831, 0.4251, 0.194, 0.4087, 0.3991, 0.4269, 0.7541, 0.6022, 0.1885, 0.3652, 0.5948, 0.6331, 0.3812, 0.1899, 0.1877, 0.3871, 0.4184, 0.3619, 0.4432, 0.4285, 0.1795, 0.4318, 0.3692, 0.1773, 0.1801, 0.4026, 0.3714, 0.1885, 0.4225, 0.3646, 0.382, 0.3665, 0.4053, 0.3687, 0.4902, 0.3807, 0.4727, 0.3814, 0.3953, 0.5786, 0.3767, 0.3767, 0.379, 0.3949, 0.6649, 0.4706, 0.6344, 0.4065, 0.1951, 0.1865, 0.4072, 0.3937, 0.1894, 0.1826, 0.181, 0.1924, 0.1844, 0.1784, 0.1859, 0.1822, 0.1889, 0.3717, 0.3488, 0.1831, 0.1677, 0.1641]",0.3775696249977045,0.6335487643467786,1.1210956669965526,0,28.205,16.0,0.0
2025-11-16|sin_rebalanceo|prueba|0|0.0|base|60|todas|onsite,2025-11-16,sin_rebalanceo,prueba,0,0.0,base,60,todas,onsite,105638,27709,133347,0,0,0,0,0,1514,1245,0.257136330676614,131,"{""devolucion_origen"": 0, ""entrega_sin_recogida"": 0, ""fisico"": 0, ""fuera_servicio"": 0, ""tope"": 0, ""visitas"": 0}",0,0,0,0,0,0,0,0,0,0,0,[],0.0,0.0,0.0,0,1.784,0.0,
2025-11-16|ecobici|prueba|0|0.0|base|60|todas|onsite,2025-11-16,ecobici,prueba,0,0.0,base,60,todas,onsite,72359,17377,89736,1357,740,617,3852,0,197,148,0.2402847761678119,79,"{""devolucion_origen"": 0, ""entrega_sin_recogida"": 0, ""fisico"": 7, ""fuera_servicio"": 0, ""tope"": 0, ""visitas"": 0}",1975,1870,0,-105,0,1355,0,25,56,0,0,[],0.0,0.0,0.0,0,1.826,0.0,1355.0
2025-11-16|oraculo_diario|prueba|4|57.5805|base|60|todas|onsite,2025-11-16,oraculo_diario,prueba,4,57.5805,base,60,todas,onsite,20313,2404,22717,1118,224,894,3366,152,332,50,0.2035024053404596,43,"{""devolucion_origen"": 16, ""entrega_sin_recogida"": 56, ""fisico"": 72, ""fuera_servicio"": 0, ""tope"": 0, ""visitas"": 0}",1691,1691,0,0,0,1118,0,14,53,0,74,"[0.1827, 0.1848, 0.1904, 0.1906, 0.4195, 0.185, 0.3724, 0.3596, 0.1946, 0.4346, 0.3386, 0.1774, 0.3251, 0.1863, 0.2787, 0.1772, 0.3131, 0.2944, 0.267, 0.1812, 0.3347, 0.2834, 0.3972, 0.177, 0.193, 0.3202, 0.1774, 0.1827, 0.1805, 0.1787, 0.1779, 0.1817, 0.1811, 0.1772, 0.1815, 0.1784, 0.3285, 0.1764, 0.3227, 0.3121, 0.3117, 0.3035, 0.1884, 0.3194, 0.1932, 0.3218, 0.3409, 0.3551, 0.35, 0.188, 0.354, 0.1909, 0.4327, 0.3246, 0.4236, 0.336, 0.3774, 0.3734, 0.3744, 0.1915, 0.3824, 0.4834, 0.4091, 0.4265, 0.369, 0.398, 0.8455, 0.305, 0.1891, 0.1863, 0.1715, 0.1769, 0.1764, 0.1725]",0.2889404790003027,0.428639901751012,0.845539791000192,0,22.681,16.0,0.0
2025-11-16|ma_diaria|prueba|4|72.8507|base|60|todas|onsite,2025-11-16,ma_diaria,prueba,4,72.8507,base,60,todas,onsite,35277,3739,39016,1097,191,906,3386,133,966,101,0.2165341444531305,93,"{""devolucion_origen"": 4, ""entrega_sin_recogida"": 18, ""fisico"": 22, ""fuera_servicio"": 0, ""tope"": 0, ""visitas"": 0}",1695,1695,0,0,0,1097,0,14,41,0,74,"[0.1877, 0.2037, 0.1971, 0.4122, 0.4037, 0.1863, 0.1815, 0.3746, 0.3601, 0.3615, 0.4762, 0.3521, 0.4185, 0.3547, 0.6005, 0.4356, 0.425, 0.5024, 0.5733, 0.3943, 0.4533, 0.4415, 0.1811, 0.3472, 0.3563, 0.1787, 0.3359, 0.3355, 0.3552, 0.183, 0.1836, 0.2166, 0.3766, 0.1842, 0.1878, 0.2113, 0.1901, 0.3874, 0.1833, 0.187, 0.213, 0.4487, 0.4333, 0.1883, 0.4757, 0.3673, 0.3743, 0.1842, 0.1787, 0.4376, 0.7501, 0.1879, 0.1848, 0.5169, 0.2149, 0.4039, 0.5594, 0.5247, 0.1975, 0.1894, 0.1827, 0.4857, 0.1846, 0.1925, 0.1826, 0.1863, 0.1774, 0.1822, 0.1733, 0.1858, 0.174, 0.2896, 0.1829, 0.1649]",0.2531153124982666,0.5368059123036799,0.7500775000007707,0,24.672,4.0,0.0
2025-11-16|lgbm_diario|prueba|4|72.7447|base|60|todas|onsite,2025-11-16,lgbm_diario,prueba,4,72.7447,base,60,todas,onsite,36128,3924,40052,1092,202,890,3003,118,1046,147,0.2155402250269189,95,"{""devolucion_origen"": 5, ""entrega_sin_recogida"": 35, ""fisico"": 40, ""fuera_servicio"": 0, ""tope"": 0, ""visitas"": 0}",1504,1504,0,0,0,1094,2,14,43,0,74,"[0.175, 0.1855, 0.1818, 0.3962, 0.3878, 0.4055, 0.1845, 0.4057, 0.4048, 0.3752, 0.6597, 0.4345, 0.4023, 0.4748, 0.3381, 0.1823, 0.4609, 0.939, 0.4053, 0.5531, 0.1826, 0.1841, 0.3905, 0.3338, 0.5382, 0.4546, 0.1841, 0.355, 0.1774, 0.1818, 0.1782, 0.1815, 0.1808, 0.1817, 0.1814, 0.1785, 0.1883, 0.1773, 0.1801, 0.1786, 0.1822, 0.1856, 0.1817, 0.1809, 0.4635, 0.1858, 0.1814, 0.1878, 0.4962, 0.4927, 0.7957, 0.4209, 0.1911, 0.5479, 0.5576, 0.473, 0.4236, 0.5095, 0.429, 0.1818, 0.178, 0.1867, 0.1884, 0.1797, 0.1861, 0.1895, 0.1865, 0.1869, 0.196, 0.1879, 0.3286, 0.3606, 0.1895, 0.1681]",0.1889500004981528,0.5546502146979037,0.9389802499936196,0,24.856,5.0,0.0
2025-11-16|oraculo_directo|prueba|4|39.0694|base|60|todas|onsite,2025-11-16,oraculo_directo,prueba,4,39.0694,base,60,todas,onsite,18712,2331,21043,850,187,663,2119,88,223,47,0.2036841004677953,37,"{""devolucion_origen"": 1, ""entrega_sin_recogida"": 29, ""fisico"": 30, ""fuera_servicio"": 0, ""tope"": 0, ""visitas"": 0}",1060,1060,0,0,0,850,0,14,54,0,74,"[0.2154, 0.2008, 0.1993, 0.197, 0.2015, 0.1915, 0.1912, 0.1857, 0.3533, 0.3678, 0.1981, 0.3813, 0.1923, 0.4219, 0.326, 0.3363, 0.3243, 0.4573, 0.3152, 0.3188, 0.3181, 0.2896, 0.1865, 0.3054, 0.1832, 0.3008, 0.1825, 0.1831, 0.1831, 0.179, 0.1874, 0.1905, 0.1834, 0.1893, 0.1836, 0.3067, 0.1864, 0.3043, 0.3302, 0.3463, 0.3262, 0.1906, 0.1815, 0.1847, 0.1973, 0.3898, 0.3276, 0.3337, 0.3928, 0.3428, 0.183, 0.4603, 0.1886, 0.1849, 0.3641, 0.3923, 0.4335, 0.1853, 0.1875, 0.1886, 0.1885, 0.1895, 0.3167, 0.3412, 0.2825, 0.8766, 0.1807, 1.0118, 0.3028, 0.2217, 0.3701, 0.2035, 0.1767, 0.1709]",0.2094921249990875,0.4418638682025629,1.0117926659950172,0,22.594,1.0,0.0
2025-11-16|lgbm_directo|prueba|4|88.9149|base|60|todas|onsite,2025-11-16,lgbm_directo,prueba,4,88.9149,base,60,todas,onsite,34574,3125,37699,1339,251,1088,4807,202,1185,67,0.2087226483959885,82,"{""devolucion_origen"": 17, ""entrega_sin_recogida"": 71, ""fisico"": 88, ""fuera_servicio"": 0, ""tope"": 0, ""visitas"": 0}",2412,2412,0,0,0,1349,10,14,36,0,74,"[1.1094, 0.4025, 0.1818, 0.4131, 0.4221, 0.4952, 0.1823, 0.1828, 0.4179, 0.3635, 0.4817, 0.18, 0.4234, 0.331, 0.5649, 0.1752, 0.402, 0.553, 0.1759, 0.3552, 0.3528, 0.1815, 0.3359, 0.3558, 0.3569, 0.3724, 0.3379, 0.3451, 0.3495, 0.1765, 0.3735, 0.3692, 0.1801, 0.4508, 0.1817, 0.1841, 0.3759, 0.1817, 0.1838, 0.184, 0.1795, 0.1875, 0.376, 0.1874, 0.1785, 0.5024, 0.1801, 0.1805, 0.3812, 0.1821, 0.4473, 0.423, 0.3771, 0.6155, 0.5057, 0.1866, 0.4253, 0.4454, 0.2007, 0.3976, 0.182, 0.1901, 0.1826, 0.1859, 0.4748, 0.1816, 0.181, 0.1837, 0.1791, 0.1894, 0.3188, 0.1851, 0.1686, 0.1686]",0.3334653750025609,0.5222650334486386,1.10943891700299,0,25.047,17.0,0.0
2025-11-17|sin_rebalanceo|prueba|0|0.0|base|60|todas|onsite,2025-11-17,sin_rebalanceo,prueba,0,0.0,base,60,todas,onsite,82175,20780,102955,0,0,0,0,0,1304,882,0.2519997856156716,91,"{""devolucion_origen"": 0, ""entrega_sin_recogida"": 0, ""fisico"": 0, ""fuera_servicio"": 0, ""tope"": 0, ""visitas"": 0}",0,0,0,0,0,0,0,0,0,0,0,[],0.0,0.0,0.0,0,1.703,0.0,
2025-11-17|ecobici|prueba|0|0.0|base|60|todas|onsite,2025-11-17,ecobici,prueba,0,0.0,base,60,todas,onsite,63581,15397,78978,996,589,407,3223,0,202,76,0.2229047867218493,44,"{""devolucion_origen"": 0, ""entrega_sin_recogida"": 0, ""fisico"": 4, ""fuera_servicio"": 0, ""tope"": 0, ""visitas"": 0}",1623,1596,0,-27,0,994,0,46,50,0,0,[],0.0,0.0,0.0,0,1.714,0.0,994.0
2025-11-17|oraculo_diario|prueba|4|57.5805|base|60|todas|onsite,2025-11-17,oraculo_diario,prueba,4,57.5805,base,60,todas,onsite,16254,1208,17462,1048,200,848,3235,128,215,19,0.2176168968850519,50,"{""devolucion_origen"": 5, ""entrega_sin_recogida"": 41, ""fisico"": 46, ""fuera_servicio"": 0, ""tope"": 0, ""visitas"": 0}",1620,1620,0,0,0,1048,0,14,35,0,74,"[0.1841, 0.4373, 0.3012, 0.425, 0.4595, 0.4019, 0.4402, 0.3613, 0.3985, 0.1914, 0.3615, 0.3525, 0.3886, 0.19, 0.3814, 0.3373, 0.4177, 0.1844, 0.3599, 0.3508, 0.4144, 0.1885, 0.1949, 0.1862, 0.3276, 0.1904, 0.3057, 0.3504, 0.3233, 0.1839, 0.5645, 0.1838, 0.324, 0.214, 0.3273, 0.298, 0.3437, 0.1774, 0.1864, 0.3199, 0.3691, 0.4804, 0.1833, 0.3028, 0.3029, 0.3233, 0.1853, 0.3831, 0.3172, 0.185, 0.3231, 0.2999, 0.7728, 0.4927, 0.4842, 0.5853, 0.3531, 0.1884, 0.3535, 0.4167, 0.3866, 0.5507, 0.1884, 0.4507, 0.3548, 0.1969, 0.1905, 0.4444, 0.1764, 0.1729, 0.2305, 0.2056, 0.1979, 0.1869]",0.3236787080022623,0.5130429540538896,0.7728013750020182,0,25.573,5.0,0.0
2025-11-17|ma_diaria|prueba|4|72.8507|base|60|todas|onsite,2025-11-17,ma_diaria,prueba,4,72.8507,base,60,todas,onsite,28752,2641,31393,1080,178,902,3231,110,717,49,0.2160363950079801,63,"{""devolucion_origen"": 7, ""entrega_sin_recogida"": 21, ""fisico"": 28, ""fuera_servicio"": 0, ""tope"": 0, ""visitas"": 0}",1619,1619,0,0,0,1080,0,14,30,0,74,"[0.1834, 0.3093, 0.1876, 0.4322, 0.44, 0.4208, 0.3932, 0.4228, 0.4832, 0.3872, 0.4435, 0.4005, 0.3408, 0.3893, 0.1829, 0.6758, 0.6769, 0.3656, 0.4096, 0.342, 0.1838, 0.1946, 0.3926, 0.4224, 0.1848, 0.4183, 0.1902, 0.3808, 0.1815, 0.1837, 0.4556, 0.5151, 0.1884, 0.4688, 0.5497, 0.1886, 0.1949, 0.3929, 0.4239, 0.4474, 0.4057, 0.4578, 0.496, 0.1844, 0.5065, 0.3919, 0.5105, 0.3609, 0.4638, 0.8653, 0.4021, 0.5661, 0.1948, 0.194, 0.393, 0.4793, 0.1868, 0.5058, 0.4584, 0.4734, 0.1897, 0.4602, 0.1909, 0.1839, 0.549, 0.2649, 0.3626, 0.184, 1.0636, 0.192, 0.3061, 0.2787, 0.191, 0.1681]",0.3927891669991368,0.6045099625989672,1.0636454170016805,0,29.36,7.0,0.0
2025-11-17|lgbm_diario|prueba|4|72.7447|base|60|todas|onsite,2025-11-17,lgbm_diario,prueba,4,72.7447,base,60,todas,onsite,30729,2983,33712,941,192,749,2232,89,682,86,0.2128323253425244,74,"{""devolucion_origen"": 4, ""entrega_sin_recogida"": 10, ""fisico"": 14, ""fuera_servicio"": 0, ""tope"": 0, ""visitas"": 0}",1118,1118,0,0,0,941,0,14,27,0,74,"[0.1814, 0.311, 0.1846, 0.4702, 0.3921, 0.3962, 0.3889, 0.4278, 0.1941, 0.1904, 0.4401, 0.1829, 0.1807, 0.1966, 0.1894, 0.5472, 0.4641, 0.1823, 0.1814, 0.5066, 0.1923, 0.1915, 0.2069, 0.1921, 0.4344, 0.1893, 0.1834, 0.1802, 0.1825, 0.1852, 0.434, 0.1816, 0.1908, 0.1812, 0.3867, 0.1799, 0.1853, 0.1888, 0.1799, 0.1876, 0.1836, 0.1876, 0.4621, 0.4036, 0.1825, 0.1846, 0.1857, 0.392, 0.192, 0.1833, 0.1906, 0.1837, 0.1873, 0.1865, 0.1822, 0.1883, 0.4733, 0.1893, 0.4215, 0.1814, 0.1916, 0.1862, 0.1865, 0.1929, 0.1827, 0.3063, 0.1884, 0.1939, 0.186, 0.2667, 0.2421, 0.2581, 0.1826, 0.1636]",0.189320833003876,0.4662156228019739,0.5472383750020526,0,20.424,4.0,0.0
2025-11-17|oraculo_directo|prueba|4|39.0694|base|60|todas|onsite,2025-11-17,oraculo_directo,prueba,4,39.0694,base,60,todas,onsite,13664,1023,14687,838,172,666,2172,94,125,9,0.1957999164933744,23,"{""devolucion_origen"": 0, ""entrega_sin_recogida"": 21, ""fisico"": 21, ""fuera_servicio"": 0, ""tope"": 0, ""visitas"": 0}",1086,1086,0,0,0,840,2,14,38,0,74,"[0.1863, 0.1927, 0.1921, 0.1917, 0.1973, 0.4607, 0.4064, 0.1974, 0.1945, 0.1858, 0.1885, 0.367, 0.1889, 0.3508, 0.1997, 0.4004, 0.188, 0.1897, 0.35, 0.3098, 0.3129, 0.3236, 0.1906, 0.1842, 0.1899, 0.1891, 0.1888, 0.3159, 0.3377, 0.3157, 0.3253, 0.4116, 0.4302, 0.3029, 0.4414, 0.3043, 0.3065, 0.3161, 0.3185, 0.3182, 0.1999, 0.3395, 0.3063, 0.194, 0.3406, 0.3172, 0.327, 0.4336, 0.4072, 0.4321, 0.2841, 0.4167, 0.4382, 0.5405, 0.5237, 0.1903, 0.3248, 0.3457, 0.1829, 0.425, 0.1902, 0.1935, 0.1878, 0.3318, 0.5873, 0.2642, 0.2164, 0.1991, 0.1805, 0.1811, 0.2154, 0.171, 0.1709, 0.2065]",0.3052886455006955,0.4481795749969022,0.5873245420007152,0,23.251,0.0,0.0
2025-11-17|lgbm_directo|prueba|4|88.9149|base|60|todas|onsite,2025-11-17,lgbm_directo,prueba,4,88.9149,base,60,todas,onsite,28500,2284,30784,1393,291,1102,5360,227,931,48,0.2088840933106991,71,"{""devolucion_origen"": 16, ""entrega_sin_recogida"": 123, ""fisico"": 139, ""fuera_servicio"": 0, ""tope"": 0, ""visitas"": 0}",2688,2688,0,0,0,1401,8,14,36,0,74,"[1.0704, 0.1971, 0.1906, 0.1994, 0.4433, 0.4062, 0.4302, 0.4492, 0.5137, 0.4027, 0.1925, 0.426, 0.4839, 0.4672, 0.5083, 0.1902, 0.1921, 0.3817, 0.417, 0.4035, 0.1809, 0.4023, 0.1839, 0.5293, 0.4762, 0.4055, 0.4298, 0.4393, 0.183, 0.1858, 0.5486, 0.5421, 0.6276, 0.4771, 0.3911, 0.1839, 0.395, 0.5025, 0.4729, 0.4474, 0.1848, 0.5991, 0.3969, 0.6188, 0.6379, 0.6296, 0.5371, 0.3944, 0.1827, 0.7028, 0.3635, 0.4785, 0.6067, 0.3803, 0.5904, 0.4043, 0.4588, 0.2934, 0.1896, 0.4687, 0.1869, 0.1887, 0.1973, 0.1889, 0.1806, 0.1946, 0.1963, 0.181, 0.1899, 0.3725, 0.3214, 0.1838, 0.1663, 0.164]",0.4025286245014285,0.6283038789508282,1.0703930419986136,0,29.822,16.0,0.0
2025-11-18|sin_rebalanceo|prueba|0|0.0|base|60|todas|onsite,2025-11-18,sin_rebalanceo,prueba,0,0.0,base,60,todas,onsite,229945,78135,308080,0,0,0,0,0,12936,9792,0.4400503459705505,930,"{""devolucion_origen"": 0, ""entrega_sin_recogida"": 0, ""fisico"": 0, ""fuera_servicio"": 0, ""tope"": 0, ""visitas"": 0}",0,0,0,0,0,0,0,0,0,0,0,[],0.0,0.0,0.0,0,2.238,0.0,
2025-11-18|ecobici|prueba|0|0.0|base|60|todas|onsite,2025-11-18,ecobici,prueba,0,0.0,base,60,todas,onsite,117557,23298,140855,2966,1570,1396,14059,0,3029,1388,0.2723635087320424,332,"{""devolucion_origen"": 0, ""entrega_sin_recogida"": 0, ""fisico"": 235, ""fuera_servicio"": 0, ""tope"": 0, ""visitas"": 0}",6947,6877,0,-70,0,2935,0,68,128,0,0,[],0.0,0.0,0.0,0,2.314,0.0,2935.0
2025-11-18|oraculo_diario|prueba|4|57.5805|base|60|todas|onsite,2025-11-18,oraculo_diario,prueba,4,57.5805,base,60,todas,onsite,52214,5481,57695,2760,783,1977,12713,523,4175,1268,0.2650362762032746,282,"{""devolucion_origen"": 27, ""entrega_sin_recogida"": 328, ""fisico"": 355, ""fuera_servicio"": 0, ""tope"": 0, ""visitas"": 0}",6370,6370,0,0,0,2762,2,14,67,0,74,"[0.2791, 0.3929, 0.1827, 0.2413, 0.3377, 0.2489, 0.1749, 0.307, 0.2428, 0.1746, 0.3075, 0.1653, 0.1737, 0.165, 0.1817, 0.1611, 0.1698, 0.1693, 0.1732, 0.1672, 0.181, 0.173, 0.2745, 0.2763, 0.4762, 0.3038, 0.3003, 0.3453, 0.3151, 0.3865, 0.3569, 0.2836, 0.5207, 0.3852, 0.2515, 0.2452, 0.6787, 0.4432, 0.3535, 0.2764, 0.3512, 0.3057, 0.2689, 0.3602, 0.2894, 0.3633, 0.2462, 0.1739, 0.2706, 0.3071, 0.3291, 0.3132, 0.3992, 0.566, 0.2347, 0.3345, 0.1781, 0.1774, 0.1747, 0.2962, 0.1916, 0.1977, 0.1841, 0.1812, 0.1982, 0.1778, 0.1787, 0.178, 0.1851, 0.1832, 0.1746, 0.2982, 0.1705, 0.1654]",0.2501724164976622,0.4547505977017861,0.6787014170040493,0,22.097,27.0,0.0
2025-11-18|ma_diaria|prueba|4|72.8507|base|60|todas|onsite,2025-11-18,ma_diaria,prueba,4,72.8507,base,60,todas,onsite,69342,6280,75622,2832,824,2008,13020,524,5633,1478,0.2703365790096581,404,"{""devolucion_origen"": 28, ""entrega_sin_recogida"": 195, ""fisico"": 223, ""fuera_servicio"": 0, ""tope"": 0, ""visitas"": 0}",6524,6524,0,0,0,2832,0,14,67,0,74,"[0.3401, 0.3879, 0.4015, 0.5846, 0.1816, 0.3449, 0.4436, 0.3279, 0.2342, 0.261, 0.2462, 0.319, 0.253, 0.1669, 0.1648, 0.1636, 0.1664, 0.1694, 0.167, 0.1713, 0.1722, 0.1736, 0.1779, 0.1755, 0.1826, 0.1777, 0.1783, 0.181, 0.3769, 0.1765, 0.3122, 0.1771, 0.4534, 0.4007, 0.3083, 0.373, 0.5887, 0.5679, 0.177, 0.3909, 0.4906, 0.2961, 0.3261, 0.3009, 0.1782, 0.3413, 0.3068, 0.2583, 0.2969, 0.3595, 0.2757, 0.3877, 0.2907, 0.3468, 0.3144, 0.1791, 0.1767, 0.1729, 0.1756, 0.1728, 0.1732, 0.1771, 0.1719, 0.1786, 0.173, 0.1708, 0.1792, 0.1764, 0.1736, 0.1762, 0.2959, 0.3421, 0.164, 0.1627]",0.2084071669996774,0.4663913681986739,0.5887189169952762,0,21.86,28.0,0.0
2025-11-18|lgbm_diario|prueba|4|72.7447|base|60|todas|onsite,2025-11-18,lgbm_diario,prueba,4,72.7447,base,60,todas,onsite,69810,6996,76806,2805,814,1991,12750,555,5368,1488,0.2653892553972133,364,"{""devolucion_origen"": 36, ""entrega_sin_recogida"": 209, ""fisico"": 245, ""fuera_servicio"": 0, ""tope"": 0, ""visitas"": 0}",6393,6393,0,0,0,2805,0,14,67,0,74,"[0.3433, 0.2855, 0.3975, 0.429, 0.2733, 0.295, 0.396, 0.3937, 0.1678, 0.2463, 0.2674, 0.1633, 0.1728, 0.1696, 0.1673, 0.1705, 0.1639, 0.1723, 0.1727, 0.1719, 0.1768, 0.1779, 0.1822, 0.1731, 0.1807, 0.1821, 0.1808, 0.3235, 0.2069, 0.1823, 0.3424, 0.3406, 0.3698, 0.4383, 0.3778, 0.3056, 0.3604, 0.5156, 0.369, 0.3461, 0.3439, 0.1753, 0.3353, 0.1809, 0.5863, 0.309, 0.3892, 0.4469, 0.3522, 0.3135, 0.2533, 0.1731, 0.3134, 0.2518, 0.2716, 0.277, 0.1798, 0.1737, 0.1785, 0.1741, 0.176, 0.1881, 0.1849, 0.1872, 0.175, 0.1771, 0.18, 0.1762, 0.1786, 0.1752, 0.3274, 0.2953, 0.1843, 0.1597]",0.1974670415002037,0.4322567397954116,0.5863204159977613,0,21.548,36.0,0.0
2025-11-18|oraculo_directo|prueba|4|39.0694|base|60|todas|onsite,2025-11-18,oraculo_directo,prueba,4,39.0694,base,60,todas,onsite,40719,4811,45530,2834,830,2004,11767,468,2736,1133,0.2219662411904839,185,"{""devolucion_origen"": 5, ""entrega_sin_recogida"": 491, ""fisico"": 496, ""fuera_servicio"": 0, ""tope"": 0, ""visitas"": 0}",5886,5886,0,0,0,2834,0,14,67,0,74,"[0.2948, 0.3966, 0.3732, 0.1852, 0.3798, 0.1937, 0.2809, 0.2628, 0.3047, 0.4102, 0.2536, 0.2464, 0.234, 0.1699, 0.1698, 0.1723, 0.1809, 0.1812, 0.1723, 0.1741, 0.1767, 0.2819, 0.2678, 0.2768, 0.3332, 0.2862, 0.1827, 0.5311, 0.3697, 0.2738, 0.3859, 0.3716, 0.3567, 0.363, 0.4347, 0.3001, 0.1795, 0.2731, 0.3031, 0.3806, 0.2338, 0.4935, 0.2331, 0.3583, 0.2943, 0.1802, 0.3495, 0.178, 0.2885, 0.3013, 0.3058, 0.3337, 0.4044, 0.3103, 0.462, 0.3017, 0.3449, 0.1843, 0.2805, 0.284, 0.1759, 0.1781, 0.1766, 0.1819, 0.1794, 0.1817, 0.193, 0.1815, 0.1793, 0.2713, 0.182, 0.1791, 0.1704, 0.1725]",0.2734332505024213,0.4187976022010842,0.5310512080031913,0,22.331,5.0,0.0
2025-11-18|lgbm_directo|prueba|4|88.9149|base|60|todas|onsite,2025-11-18,lgbm_directo,prueba,4,88.9149,base,60,todas,onsite,70373,6612,76985,2731,765,1966,13355,518,6104,1408,0.2744018720205912,394,"{""devolucion_origen"": 15, ""entrega_sin_recogida"": 322, ""fisico"": 337, ""fuera_servicio"": 0, ""tope"": 0, ""visitas"": 0}",6685,6685,0,0,0,2731,0,14,67,0,74,"[1.2653, 0.1729, 0.2831, 0.3573, 0.385, 0.1698, 0.285, 0.1661, 0.2583, 0.2496, 0.2848, 0.1669, 0.3292, 0.1655, 0.2703, 0.164, 0.1722, 0.1679, 0.1753, 0.168, 0.1704, 0.1751, 0.1705, 0.1743, 0.1801, 0.4284, 0.1793, 0.1856, 0.3352, 0.3647, 0.1768, 0.6192, 0.6569, 0.4738, 0.4664, 0.4882, 0.4897, 0.4925, 0.4635, 0.296, 0.1784, 0.5189, 0.3402, 0.4822, 0.3675, 0.3605, 0.3133, 0.2641, 0.3007, 0.3223, 0.4453, 0.1687, 0.3703, 0.2685, 0.299, 0.4135, 0.3091, 0.1735, 0.1778, 0.1729, 0.1756, 0.1813, 0.1718, 0.1756, 0.1731, 0.172, 0.1822, 0.1782, 0.1719, 0.3313, 0.2975, 0.1813, 0.1618, 0.1592]",0.2612076459990931,0.5017137329014075,1.2653197920008097,0,23.856,15.0,0.0
2025-11-19|sin_rebalanceo|prueba|0|0.0|base|60|todas|onsite,2025-11-19,sin_rebalanceo,prueba,0,0.0,base,60,todas,onsite,209744,66885,276629,0,0,0,0,0,12060,8536,0.4604423566991293,1053,"{""devolucion_origen"": 0, ""entrega_sin_recogida"": 0, ""fisico"": 0, ""fuera_servicio"": 0, ""tope"": 0, ""visitas"": 0}",0,0,0,0,0,0,0,0,0,0,0,[],0.0,0.0,0.0,0,2.22,0.0,
2025-11-19|ecobici|prueba|0|0.0|base|60|todas|onsite,2025-11-19,ecobici,prueba,0,0.0,base,60,todas,onsite,116967,20827,137794,3222,1779,1443,14241,0,4011,1385,0.3306688495790881,486,"{""devolucion_origen"": 0, ""entrega_sin_recogida"": 0, ""fisico"": 292, ""fuera_servicio"": 0, ""tope"": 0, ""visitas"": 0}",6962,6987,0,25,0,3180,0,72,137,0,0,[],0.0,0.0,0.0,0,2.213,0.0,3180.0
2025-11-19|oraculo_diario|prueba|4|57.5805|base|60|todas|onsite,2025-11-19,oraculo_diario,prueba,4,57.5805,base,60,todas,onsite,55848,4484,60332,2710,742,1968,12305,477,4407,1123,0.2846136398564478,387,"{""devolucion_origen"": 27, ""entrega_sin_recogida"": 368, ""fisico"": 395, ""fuera_servicio"": 0, ""tope"": 0, ""visitas"": 0}",6166,6166,0,0,0,2712,2,14,67,0,74,"[0.301, 0.3791, 0.23, 0.3904, 0.2587, 0.3562, 0.31, 0.1704, 0.3652, 0.2726, 0.2425, 0.1673, 0.1657, 0.2216, 0.1771, 0.2241, 0.2371, 0.163, 0.1744, 0.1754, 0.322, 0.2644, 0.1855, 0.1799, 0.3145, 0.2981, 0.1836, 0.184, 0.33, 0.2868, 0.2779, 0.1786, 0.18, 0.4688, 0.5415, 0.3038, 0.4487, 0.3133, 0.4347, 0.246, 0.3792, 0.1755, 0.2735, 0.3714, 0.3473, 0.3192, 0.2484, 0.2834, 0.247, 0.4702, 0.2998, 0.269, 0.2344, 0.7342, 0.168, 0.1716, 0.463, 0.2827, 0.1903, 0.2652, 0.1833, 0.1795, 0.1784, 0.1815, 0.1885, 0.1796, 0.1724, 0.1889, 0.1869, 0.1768, 0.1712, 0.169, 0.171, 0.1635]",0.2442129374976502,0.4650159687491395,0.7341915830038488,0,21.903,27.0,0.0
2025-11-19|ma_diaria|prueba|4|72.8507|base|60|todas|onsite,2025-11-19,ma_diaria,prueba,4,72.8507,base,60,todas,onsite,72112,5646,77758,2721,764,1957,12476,520,5533,1192,0.2873585846840117,444,"{""devolucion_origen"": 18, ""entrega_sin_recogida"": 268, ""fisico"": 286, ""fuera_servicio"": 0, ""tope"": 0, ""visitas"": 0}",6247,6247,0,0,0,2721,0,14,67,0,74,"[0.1729, 0.1782, 0.3027, 0.3372, 0.378, 0.17, 0.2767, 0.2937, 0.4339, 0.2393, 0.4201, 0.2343, 0.2399, 0.1761, 0.2744, 0.1645, 0.1666, 0.1716, 0.1664, 0.1767, 0.1951, 0.1776, 0.1796, 0.3204, 0.3553, 0.1804, 0.1789, 0.4684, 0.1865, 0.4763, 0.3311, 0.3555, 0.5155, 0.297, 0.3224, 0.2828, 0.5309, 0.4741, 0.4433, 0.3529, 0.4703, 0.3848, 0.3712, 0.321, 0.3648, 0.3025, 0.3565, 0.3122, 0.2633, 0.2448, 0.2551, 0.4142, 0.354, 0.289, 0.3218, 0.2623, 0.3112, 0.1735, 0.1791, 0.1716, 0.1762, 0.1766, 0.1745, 0.1815, 0.1757, 0.1727, 0.1819, 0.1797, 0.1793, 0.1721, 0.2869, 0.2707, 0.1774, 0.1576]",0.2670251460003783,0.471672549896175,0.5308919579983922,0,22.69,18.0,0.0
2025-11-19|lgbm_diario|prueba|4|72.7447|base|60|todas|onsite,2025-11-19,lgbm_diario,prueba,4,72.7447,base,60,todas,onsite,72415,5743,78158,2740,772,1968,12553,527,5486,1255,0.2846654420978602,438,"{""devolucion_origen"": 9, ""entrega_sin_recogida"": 254, ""fisico"": 263, ""fuera_servicio"": 0, ""tope"": 0, ""visitas"": 0}",6281,6281,0,0,0,2740,0,14,67,0,74,"[0.176, 0.4797, 0.178, 0.3083, 0.4393, 0.2283, 0.171, 0.3148, 0.287, 0.2891, 0.3761, 0.2418, 0.4933, 0.4853, 0.1677, 0.1695, 0.1784, 0.1768, 0.1751, 0.1736, 0.1707, 0.1749, 0.186, 0.203, 0.4272, 0.1817, 0.1819, 0.4556, 0.1897, 0.3654, 0.3689, 0.5901, 0.3617, 0.3482, 0.4095, 0.2947, 0.2915, 0.3481, 0.3968, 0.4253, 0.6114, 0.3603, 0.3619, 0.4127, 0.3045, 0.4274, 0.5439, 0.3253, 0.4877, 0.2759, 0.5015, 0.401, 0.2771, 0.3943, 0.423, 0.2678, 0.2925, 0.1788, 0.1819, 0.1769, 0.183, 0.1792, 0.1785, 0.1923, 0.19, 0.1757, 0.1814, 0.1886, 0.1811, 0.179, 0.2966, 0.1799, 0.1774, 0.1604]",0.2820382085010351,0.4961524022011871,0.611362834002648,0,24.128,9.0,0.0
2025-11-19|oraculo_directo|prueba|4|39.0694|base|60|todas|onsite,2025-11-19,oraculo_directo,prueba,4,39.0694,base,60,todas,onsite,42603,3258,45861,2869,798,2071,11780,470,3152,784,0.2745369616901855,270,"{""devolucion_origen"": 2, ""entrega_sin_recogida"": 512, ""fisico"": 514, ""fuera_servicio"": 0, ""tope"": 0, ""visitas"": 0}",5891,5891,0,0,0,2871,2,14,67,0,74,"[0.364, 0.3427, 0.2533, 0.2433, 0.3397, 0.2326, 0.2756, 0.3504, 0.1684, 0.4651, 0.4866, 0.5753, 0.4285, 0.1629, 0.3117, 0.4029, 0.4743, 0.4125, 0.4059, 0.3737, 0.2784, 0.6205, 0.5754, 0.4487, 0.2692, 0.5052, 0.2821, 0.408, 0.3015, 0.3027, 0.4028, 0.5486, 0.3291, 0.5137, 0.5946, 0.3725, 0.2432, 0.4017, 0.5082, 0.3749, 0.3596, 0.2664, 0.2274, 0.1751, 0.1705, 0.3083, 0.1789, 0.5056, 0.4292, 0.4777, 0.3878, 0.5204, 0.2825, 0.4162, 0.5552, 0.2347, 0.4049, 0.2893, 0.2891, 0.2963, 0.1822, 0.1772, 0.1884, 0.1856, 0.1847, 0.1869, 0.32, 0.342, 0.183, 0.1845, 0.2879, 0.3046, 0.1862, 0.175]",0.3245517915020173,0.5622141142503095,0.6204737920052139,0,27.49,2.0,0.0
2025-11-19|lgbm_directo|prueba|4|88.9149|base|60|todas|onsite,2025-11-19,lgbm_directo,prueba,4,88.9149,base,60,todas,onsite,73238,5834,79072,2665,728,1937,13056,562,5987,1142,0.2822744416557925,495,"{""devolucion_origen"": 14, ""entrega_sin_recogida"": 372, ""fisico"": 386, ""fuera_servicio"": 0, ""tope"": 0, ""visitas"": 0}",6535,6535,0,0,0,2665,0,14,67,0,74,"[1.2873, 0.3397, 0.3906, 0.354, 0.1699, 0.2594, 0.3434, 0.3128, 0.395, 0.3035, 0.3263, 0.4954, 0.1613, 0.5243, 0.2768, 0.3964, 0.1673, 0.169, 0.1798, 0.1777, 0.1782, 0.1826, 0.2012, 0.3545, 0.1876, 0.4258, 0.3547, 0.3589, 0.3899, 0.4109, 0.3686, 0.3097, 0.3597, 0.3721, 0.4322, 0.4461, 0.3447, 0.4444, 0.5112, 0.4237, 0.3362, 0.6411, 0.362, 0.3455, 0.3455, 0.4173, 0.4659, 0.311, 0.2667, 0.3402, 0.1675, 0.6025, 0.1669, 0.4669, 0.2622, 0.2915, 0.3169, 0.1753, 0.1787, 0.1822, 0.1842, 0.1855, 0.1816, 0.1807, 0.1761, 0.1803, 0.1787, 0.1795, 0.1765, 0.3558, 0.3065, 0.1817, 0.1646, 0.1596]",0.3148776255002303,0.5157685562491678,1.2873358750002808,0,25.899,14.0,0.0
2025-11-20|sin_rebalanceo|prueba|0|0.0|base|60|todas|onsite,2025-11-20,sin_rebalanceo,prueba,0,0.0,base,60,todas,onsite,213969,68810,282779,0,0,0,0,0,12348,8539,0.4480202675344062,1335,"{""devolucion_origen"": 0, ""entrega_sin_recogida"": 0, ""fisico"": 0, ""fuera_servicio"": 0, ""tope"": 0, ""visitas"": 0}",0,0,0,0,0,0,0,0,0,0,0,[],0.0,0.0,0.0,0,2.233,0.0,
2025-11-20|ecobici|prueba|0|0.0|base|60|todas|onsite,2025-11-20,ecobici,prueba,0,0.0,base,60,todas,onsite,110461,20587,131048,3229,1826,1403,13972,0,2787,1034,0.2737175222902092,467,"{""devolucion_origen"": 0, ""entrega_sin_recogida"": 0, ""fisico"": 256, ""fuera_servicio"": 0, ""tope"": 0, ""visitas"": 0}",6974,6742,0,-232,0,3200,0,65,145,0,0,[],0.0,0.0,0.0,0,2.22,0.0,3200.0
2025-11-20|oraculo_diario|prueba|4|57.5805|base|60|todas|onsite,2025-11-20,oraculo_diario,prueba,4,57.5805,base,60,todas,onsite,49511,4440,53951,2698,723,1975,12244,491,4030,1215,0.2524187237318612,342,"{""devolucion_origen"": 18, ""entrega_sin_recogida"": 348, ""fisico"": 366, ""fuera_servicio"": 0, ""tope"": 0, ""visitas"": 0}",6131,6131,0,0,0,2698,0,14,67,0,74,"[0.2765, 0.1761, 0.1791, 0.2949, 0.2434, 0.4341, 0.2824, 0.226, 0.2233, 0.2504, 0.2283, 0.2399, 0.3092, 0.1754, 0.1653, 0.1648, 0.165, 0.1651, 0.1656, 0.1703, 0.1775, 0.1805, 0.1725, 0.2631, 0.2819, 0.2891, 0.1804, 0.3936, 0.299, 0.2593, 0.1802, 0.558, 0.3377, 0.4979, 0.2781, 0.4041, 0.4175, 0.305, 0.1736, 0.3826, 0.3667, 0.1725, 0.2951, 0.2426, 0.2531, 0.177, 0.2931, 0.4262, 0.1755, 0.2706, 0.3039, 0.3126, 0.3166, 0.2525, 0.3477, 0.4171, 0.2765, 0.2638, 0.2771, 0.1799, 0.3068, 0.1892, 0.1898, 0.1793, 0.1838, 0.327, 0.1783, 0.1825, 0.1906, 0.1811, 0.1804, 0.2935, 0.1709, 0.167]",0.2514508960011881,0.420531279597344,0.5580100829974981,0,21.383,18.0,0.0
2025-11-20|ma_diaria|prueba|4|72.8507|base|60|todas|onsite,2025-11-20,ma_diaria,prueba,4,72.8507,base,60,todas,onsite,68626,5641,74267,2740,720,2020,12290,462,4765,1342,0.2484356750348235,451,"{""devolucion_origen"": 14, ""entrega_sin_recogida"": 247, ""fisico"": 261, ""fuera_servicio"": 0, ""tope"": 0, ""visitas"": 0}",6152,6152,0,0,0,2740,0,14,67,0,74,"[0.1748, 0.3791, 0.6258, 0.3961, 0.2762, 0.2481, 0.3541, 0.3424, 0.2277, 0.2502, 0.2348, 0.3419, 0.3296, 0.1868, 0.1663, 0.1681, 0.1685, 0.1733, 0.1719, 0.1688, 0.1709, 0.1707, 0.175, 0.1734, 0.1823, 0.1784, 0.1778, 0.3059, 0.3798, 0.4379, 0.3099, 0.3254, 0.4082, 0.3814, 0.4853, 0.3799, 0.5253, 0.5075, 0.464, 0.2777, 0.4359, 0.4102, 0.4053, 0.3533, 0.3459, 0.3643, 0.2753, 0.1824, 0.2717, 0.1749, 0.2801, 0.5789, 0.4035, 0.2748, 0.4025, 0.2869, 0.1768, 0.1724, 0.2905, 0.1746, 0.1813, 0.1763, 0.1818, 0.1835, 0.1786, 0.1803, 0.1722, 0.1783, 0.1825, 0.1819, 0.2985, 0.1676, 0.1675, 0.1632]",0.2609554789996764,0.4930424477010091,0.6258230419989559,0,23.015,14.0,0.0
2025-11-20|lgbm_diario|prueba|4|72.7447|base|60|todas|onsite,2025-11-20,lgbm_diario,prueba,4,72.7447,base,60,todas,onsite,69909,5918,75827,2688,709,1979,11938,490,4689,1322,0.2462951084542273,454,"{""devolucion_origen"": 16, ""entrega_sin_recogida"": 233, ""fisico"": 249, ""fuera_servicio"": 0, ""tope"": 0, ""visitas"": 0}",5977,5977,0,0,0,2690,2,14,67,0,74,"[0.3319, 0.3746, 0.3643, 0.3819, 0.2712, 0.3764, 0.2407, 0.2363, 0.2442, 0.2464, 0.2753, 0.2429, 0.3202, 0.1683, 0.1664, 0.1661, 0.1646, 0.17, 0.1683, 0.1706, 0.1745, 0.1718, 0.2026, 0.174, 0.1728, 0.1793, 0.4768, 0.1757, 0.4054, 0.1748, 0.3205, 0.8135, 0.5427, 0.6413, 0.4051, 0.6125, 0.4937, 0.3506, 0.3823, 0.3884, 0.4967, 0.4103, 0.3628, 0.3265, 0.3287, 0.3555, 0.2946, 0.1801, 0.4481, 0.3701, 0.304, 0.3887, 0.2729, 0.332, 0.3389, 0.3273, 0.1717, 0.2828, 0.2772, 0.1762, 0.1799, 0.1962, 0.1724, 0.1834, 0.1767, 0.1743, 0.1743, 0.1772, 0.1707, 0.1791, 0.3027, 0.1711, 0.1791, 0.1566]",0.2720305410002765,0.5127912356503654,0.8134734999985085,0,23.748,16.0,0.0
2025-11-20|oraculo_directo|prueba|4|39.0694|base|60|todas|onsite,2025-11-20,oraculo_directo,prueba,4,39.0694,base,60,todas,onsite,37690,3097,40787,2841,814,2027,11996,517,2673,907,0.2109834033125658,238,"{""devolucion_origen"": 6, ""entrega_sin_recogida"": 522, ""fisico"": 528, ""fuera_servicio"": 0, ""tope"": 0, ""visitas"": 0}",6001,6001,0,0,0,2841,0,14,67,0,74,"[0.2795, 0.1849, 0.4422, 0.1759, 0.1801, 0.3433, 0.2539, 0.3033, 0.323, 0.382, 0.2939, 0.4872, 0.4887, 0.3955, 0.1693, 0.1981, 0.404, 0.1773, 0.1753, 0.185, 0.2671, 0.2851, 0.3098, 0.2675, 0.2856, 0.3046, 0.3831, 0.6145, 0.2955, 0.5591, 0.4533, 0.5338, 0.5929, 0.4366, 0.1844, 0.3695, 0.3208, 0.3527, 0.176, 0.1786, 0.376, 0.3495, 0.2804, 0.2931, 0.2703, 0.2403, 0.3042, 0.1781, 0.4472, 0.4447, 0.4462, 0.3188, 0.4161, 0.1803, 0.4109, 0.3475, 0.1735, 0.3677, 0.2763, 0.315, 0.3206, 0.1963, 0.1967, 0.2046, 0.1794, 0.1828, 0.3339, 0.319, 0.1818, 0.1827, 0.1931, 0.1747, 0.1718, 0.1746]",0.294696646000375,0.5044710415495499,0.614490082996781,0,24.721,6.0,0.0
2025-11-20|lgbm_directo|prueba|4|88.9149|base|60|todas|onsite,2025-11-20,lgbm_directo,prueba,4,88.9149,base,60,todas,onsite,71423,6210,77633,2648,681,1967,12677,489,5392,1438,0.2595036348738295,527,"{""devolucion_origen"": 13, ""entrega_sin_recogida"": 278, ""fisico"": 291, ""fuera_servicio"": 0, ""tope"": 0, ""visitas"": 0}",6345,6345,0,0,0,2650,2,14,67,0,74,"[1.2824, 0.2611, 0.3626, 0.4179, 0.4901, 0.372, 0.3412, 0.1943, 0.2312, 0.3031, 0.2857, 0.3078, 0.3233, 0.1684, 0.163, 0.1703, 0.1685, 0.1754, 0.1711, 0.1694, 0.1775, 0.173, 0.1747, 0.1744, 0.1802, 0.1807, 0.179, 0.3133, 0.1782, 0.3274, 0.3682, 0.4256, 0.4162, 0.416, 0.4555, 0.5978, 0.425, 0.6113, 0.3045, 0.2996, 0.3466, 0.4956, 0.5799, 0.3982, 0.4223, 0.3122, 0.3686, 0.4457, 0.2695, 0.3059, 0.3173, 0.4636, 0.3292, 0.3858, 0.1869, 0.3123, 0.4202, 0.3955, 0.3206, 0.2004, 0.1755, 0.1732, 0.176, 0.1764, 0.1799, 0.1963, 0.1813, 0.1753, 0.1799, 0.3401, 0.3155, 0.1798, 0.1652, 0.1581]",0.3051984584999445,0.5251266274033691,1.2824418750024051,0,25.099,13.0,0.0
2025-11-21|sin_rebalanceo|prueba|0|0.0|base|60|todas|onsite,2025-11-21,sin_rebalanceo,prueba,0,0.0,base,60,todas,onsite,210372,53627,263999,0,0,0,0,0,11809,6746,0.4356740406326991,1146,"{""devolucion_origen"": 0, ""entrega_sin_recogida"": 0, ""fisico"": 0, ""fuera_servicio"": 0, ""tope"": 0, ""visitas"": 0}",0,0,0,0,0,0,0,0,0,0,0,[],0.0,0.0,0.0,0,2.202,0.0,
2025-11-21|ecobici|prueba|0|0.0|base|60|todas|onsite,2025-11-21,ecobici,prueba,0,0.0,base,60,todas,onsite,107579,11377,118956,2900,1550,1350,13338,0,2444,488,0.2774240008702545,355,"{""devolucion_origen"": 0, ""entrega_sin_recogida"": 0, ""fisico"": 156, ""fuera_servicio"": 0, ""tope"": 0, ""visitas"": 0}",6610,6572,0,-38,0,2875,0,69,114,0,0,[],0.0,0.0,0.0,0,2.35,0.0,2875.0
2025-11-21|oraculo_diario|prueba|4|57.5805|base|60|todas|onsite,2025-11-21,oraculo_diario,prueba,4,57.5805,base,60,todas,onsite,45848,3141,48989,2480,625,1855,11142,448,3252,552,0.2549383006013673,284,"{""devolucion_origen"": 20, ""entrega_sin_recogida"": 339, ""fisico"": 359, ""fuera_servicio"": 0, ""tope"": 0, ""visitas"": 0}",5581,5581,0,0,0,2480,0,14,67,0,74,"[0.4407, 0.1771, 0.257, 0.2307, 0.3082, 0.4037, 0.2975, 0.263, 0.2642, 0.2321, 0.237, 0.246, 0.2653, 0.1922, 0.1836, 0.2461, 0.172, 0.1676, 0.3517, 0.2719, 0.3059, 0.2825, 0.2625, 0.36, 0.2849, 0.1758, 0.2776, 0.5106, 0.4009, 0.311, 0.4627, 0.4117, 0.2502, 0.2828, 0.2593, 0.3134, 0.4583, 0.3211, 0.2487, 0.3011, 0.327, 0.1708, 0.3764, 0.278, 0.4269, 0.1731, 0.3411, 0.4736, 0.3564, 0.2968, 0.2994, 0.2286, 0.1726, 0.2518, 0.2522, 0.3279, 0.4357, 0.5654, 0.2616, 0.2743, 0.2965, 0.1771, 0.3035, 0.185, 0.3348, 0.1786, 0.1759, 0.1722, 0.1907, 0.3079, 0.1709, 0.1699, 0.1706, 0.1705]",0.27313404150118,0.4598569688529096,0.5654431670045597,0,23.23,20.0,0.0
2025-11-21|ma_diaria|prueba|4|72.8507|base|60|todas|onsite,2025-11-21,ma_diaria,prueba,4,72.8507,base,60,todas,onsite,67023,3913,70936,2447,600,1847,11797,510,4926,579,0.2485642245736697,402,"{""devolucion_origen"": 11, ""entrega_sin_recogida"": 317, ""fisico"": 328, ""fuera_servicio"": 0, ""tope"": 0, ""visitas"": 0}",5904,5904,0,0,0,2449,2,14,67,0,74,"[0.3896, 0.3774, 0.5809, 0.3298, 0.2982, 0.2543, 0.3588, 0.3462, 0.1684, 0.2618, 0.2528, 0.4182, 0.425, 0.2658, 0.264, 0.1718, 0.1686, 0.1742, 0.1726, 0.1742, 0.175, 0.1809, 0.3379, 0.3404, 0.1802, 0.3982, 0.5306, 0.1797, 0.3372, 0.3657, 0.4875, 0.3284, 0.405, 0.3471, 0.344, 0.3518, 0.322, 0.3305, 0.5015, 0.3929, 0.3696, 0.3452, 0.2967, 0.3832, 0.2728, 0.3187, 0.2551, 0.3736, 0.182, 0.3243, 0.3105, 0.4261, 0.3777, 0.3718, 0.3992, 0.3503, 0.3994, 0.3596, 0.3681, 0.3245, 0.2978, 0.3322, 0.3631, 0.1793, 0.5023, 0.1807, 0.1761, 0.1748, 0.1792, 0.1827, 0.3131, 0.2656, 0.1826, 0.1644]",0.3290975829986564,0.4924006415501935,0.5809282920017722,0,25.269,11.0,0.0
2025-11-21|lgbm_diario|prueba|4|72.7447|base|60|todas|onsite,2025-11-21,lgbm_diario,prueba,4,72.7447,base,60,todas,onsite,65231,4374,69605,2450,574,1876,11264,521,4476,675,0.2429066627451489,372,"{""devolucion_origen"": 6, ""entrega_sin_recogida"": 228, ""fisico"": 234, ""fuera_servicio"": 0, ""tope"": 0, ""visitas"": 0}",5635,5635,0,0,0,2450,0,14,67,0,74,"[0.1735, 0.3673, 0.6167, 0.5005, 0.2665, 0.3563, 0.2624, 0.2332, 0.2774, 0.2484, 0.2649, 0.3148, 0.435, 0.1733, 0.2731, 0.2787, 0.1665, 0.1721, 0.182, 0.1844, 0.1817, 0.1902, 0.1815, 0.1844, 0.1785, 0.1815, 0.1782, 0.3468, 0.3763, 0.4871, 0.7783, 0.3566, 0.4133, 0.3885, 0.5355, 0.1758, 0.4103, 0.2948, 0.4344, 0.5102, 0.4031, 0.3902, 0.3642, 0.4568, 0.3298, 0.398, 0.3468, 0.2862, 0.4352, 0.27, 0.3549, 0.4502, 0.3141, 0.2846, 0.3294, 0.3065, 0.3145, 0.3076, 0.1776, 0.4076, 0.3222, 0.3171, 0.1836, 0.1815, 0.1843, 0.394, 0.1823, 0.1761, 0.1747, 0.177, 0.3057, 0.2685, 0.1802, 0.1622]",0.3002659165031218,0.5039178789469587,0.778273290998186,0,25.018,6.0,0.0
2025-11-21|oraculo_directo|prueba|4|39.0694|base|60|todas|onsite,2025-11-21,oraculo_directo,prueba,4,39.0694,base,60,todas,onsite,35803,3091,38894,2663,700,1963,10688,404,2086,460,0.2371016638497222,186,"{""devolucion_origen"": 6, ""entrega_sin_recogida"": 384, ""fisico"": 390, ""fuera_servicio"": 0, ""tope"": 0, ""visitas"": 0}",5347,5347,0,0,0,2665,2,14,67,0,74,"[0.5532, 0.3766, 0.6528, 0.457, 0.2591, 0.2933, 0.2955, 0.1767, 0.2728, 0.1746, 0.2563, 0.2553, 0.1691, 0.1717, 0.2425, 0.4487, 0.2377, 0.3273, 0.32, 0.435, 0.2937, 0.286, 0.545, 0.3857, 0.2914, 0.537, 0.3976, 0.4474, 0.5885, 0.4797, 0.5146, 0.2505, 0.2954, 0.1842, 0.3034, 0.3707, 0.3381, 0.2749, 0.2538, 0.2913, 0.3334, 0.4291, 0.2816, 0.2767, 0.2602, 0.1754, 0.3578, 0.2676, 0.433, 0.4851, 0.2999, 0.3592, 0.281, 0.3805, 0.443, 0.3276, 0.3927, 0.4432, 0.3551, 0.2778, 0.2815, 0.1838, 0.1866, 0.1938, 0.1797, 0.1865, 0.1972, 0.3357, 0.19, 0.2828, 0.19, 0.2336, 0.265, 0.1906]",0.2923305624972272,0.5398078834521584,0.6527585000003455,0,25.945,6.0,0.0
2025-11-21|lgbm_directo|prueba|4|88.9149|base|60|todas|onsite,2025-11-21,lgbm_directo,prueba,4,88.9149,base,60,todas,onsite,66433,3870,70303,2407,593,1814,12138,541,5040,544,0.2510609483569263,411,"{""devolucion_origen"": 6, ""entrega_sin_recogida"": 368, ""fisico"": 374, ""fuera_servicio"": 0, ""tope"": 0, ""visitas"": 0}",6072,6072,0,0,0,2409,2,14,66,0,74,"[1.2974, 0.3353, 0.5801, 0.4887, 0.2499, 0.2902, 0.3877, 0.3388, 0.2982, 0.364, 0.3402, 0.3623, 0.3459, 0.2763, 0.1688, 0.1685, 0.1891, 0.1811, 0.3386, 0.1744, 0.1727, 0.1749, 0.3457, 0.3852, 0.3492, 0.3686, 0.1793, 0.3436, 0.4151, 0.5171, 0.3505, 0.3225, 0.3388, 0.1776, 0.4361, 0.5193, 0.5516, 0.4887, 0.4871, 0.501, 0.3734, 0.171, 0.4852, 0.382, 0.3381, 0.3963, 0.2922, 0.5161, 0.3988, 0.3549, 0.4119, 0.3356, 0.1774, 0.3812, 0.3558, 0.4301, 0.3669, 0.3122, 0.3369, 0.1822, 0.3321, 0.3749, 0.4227, 0.1844, 0.3976, 0.394, 0.1781, 0.1821, 0.1741, 0.3572, 0.3204, 0.1799, 0.167, 0.1664]",0.344619416497153,0.5178871375002927,1.2974037919993862,0,27.701,6.0,0.0
2025-11-22|sin_rebalanceo|prueba|0|0.0|base|60|todas|onsite,2025-11-22,sin_rebalanceo,prueba,0,0.0,base,60,todas,onsite,129005,21973,150978,0,0,0,0,0,2682,1549,0.3018868854449299,178,"{""devolucion_origen"": 0, ""entrega_sin_recogida"": 0, ""fisico"": 0, ""fuera_servicio"": 0, ""tope"": 0, ""visitas"": 0}",0,0,0,0,0,0,0,0,0,0,0,[],0.0,0.0,0.0,0,1.805,0.0,
2025-11-22|ecobici|prueba|0|0.0|base|60|todas|onsite,2025-11-22,ecobici,prueba,0,0.0,base,60,todas,onsite,70714,11261,81975,1291,674,617,4295,0,222,73,0.2188919472800752,73,"{""devolucion_origen"": 0, ""entrega_sin_recogida"": 0, ""fisico"": 3, ""fuera_servicio"": 0, ""tope"": 0, ""visitas"": 0}",2106,2186,0,80,0,1290,0,29,68,0,0,[],0.0,0.0,0.0,0,1.835,0.0,1290.0
2025-11-22|oraculo_diario|prueba|4|57.5805|base|60|todas|onsite,2025-11-22,oraculo_diario,prueba,4,57.5805,base,60,todas,onsite,18792,1546,20338,1187,215,972,3836,133,297,29,0.2135433091172204,32,"{""devolucion_origen"": 0, ""entrega_sin_recogida"": 69, ""fisico"": 69, ""fuera_servicio"": 0, ""tope"": 0, ""visitas"": 0}",1918,1918,0,0,0,1187,0,14,50,0,74,"[0.1879, 0.4156, 0.1831, 0.3618, 0.4932, 0.329, 0.3663, 0.1898, 0.1912, 0.1857, 0.1863, 0.1809, 0.1845, 0.3673, 0.3247, 0.2993, 0.3001, 0.272, 0.3226, 0.296, 0.2937, 0.26, 0.2877, 0.2919, 0.1815, 0.2884, 0.307, 0.289, 0.3131, 0.3742, 0.2639, 0.388, 0.291, 0.3389, 0.2942, 0.1776, 0.4041, 0.2839, 0.2778, 0.3064, 0.3043, 0.185, 0.3086, 0.3048, 0.1857, 0.2982, 0.1844, 0.334, 0.3344, 0.3334, 0.3639, 0.3095, 0.7582, 0.4926, 0.1955, 0.1931, 0.1874, 0.1893, 0.4264, 0.4101, 0.3849, 0.4224, 0.4093, 0.193, 0.5949, 0.195, 0.335, 0.4346, 0.4114, 0.1909, 0.2946, 0.1752, 0.1793, 0.1671]",0.2970846040007018,0.4549045330997611,0.7582247500031372,0,24.124,0.0,0.0
2025-11-22|ma_diaria|prueba|4|72.8507|base|60|todas|onsite,2025-11-22,ma_diaria,prueba,4,72.8507,base,60,todas,onsite,38388,2826,41214,1262,179,1083,3778,150,1087,84,0.2128957283693897,68,"{""devolucion_origen"": 0, ""entrega_sin_recogida"": 15, ""fisico"": 15, ""fuera_servicio"": 0, ""tope"": 0, ""visitas"": 0}",1889,1889,0,0,0,1262,0,14,36,0,74,"[0.186, 0.1968, 0.43, 0.4191, 0.19, 0.2009, 0.4177, 0.1889, 0.4135, 0.1953, 0.3389, 0.1976, 0.8132, 0.7695, 0.5165, 0.4355, 0.3461, 0.1875, 0.1825, 0.3398, 0.4083, 0.4142, 0.1835, 0.1968, 0.4766, 0.1819, 0.1855, 0.356, 0.377, 0.5417, 0.4018, 0.3983, 0.4112, 0.1881, 0.1829, 0.3526, 0.1818, 0.3502, 0.1853, 0.3576, 0.4816, 0.1854, 0.4122, 0.187, 0.1866, 0.9782, 0.6148, 0.1836, 0.1865, 0.4149, 0.4754, 0.4227, 0.873, 0.4573, 0.1887, 0.6481, 0.9357, 0.1889, 0.1908, 0.1888, 0.1831, 0.1841, 0.5021, 0.1855, 0.1918, 0.3609, 0.3546, 0.3398, 0.3511, 0.1913, 0.3183, 0.1812, 0.1722, 0.1656]",0.339770167000097,0.7847912915451158,0.9781547079983284,0,27.27,0.0,0.0
2025-11-22|lgbm_diario|prueba|4|72.7447|base|60|todas|onsite,2025-11-22,lgbm_diario,prueba,4,72.7447,base,60,todas,onsite,38329,2856,41185,1284,180,1104,3632,133,1051,116,0.2110236126198657,65,"{""devolucion_origen"": 0, ""entrega_sin_recogida"": 14, ""fisico"": 14, ""fuera_servicio"": 0, ""tope"": 0, ""visitas"": 0}",1816,1816,0,0,0,1284,0,14,39,0,74,"[0.1896, 0.186, 0.3395, 0.178, 0.1823, 0.1802, 0.1848, 0.3738, 0.4049, 0.4137, 0.3988, 0.5266, 0.1821, 0.3233, 0.4149, 0.7043, 0.339, 0.3385, 0.1783, 0.3541, 0.1813, 0.1841, 0.1781, 1.4939, 0.4255, 0.1927, 0.1778, 0.1774, 0.184, 0.4676, 0.5045, 0.1859, 0.5549, 0.1856, 0.3683, 0.3646, 0.185, 0.1801, 0.3556, 0.5523, 0.4112, 0.3705, 0.1807, 0.1815, 0.1833, 0.574, 0.3996, 0.3561, 0.1885, 0.1858, 0.4934, 0.1918, 0.3877, 0.4101, 0.4678, 0.1924, 0.4682, 0.1955, 0.4832, 0.189, 0.1812, 0.1813, 0.1896, 0.1894, 0.1873, 0.4315, 0.1946, 0.3599, 0.1816, 0.3299, 0.1705, 0.284, 0.1792, 0.1622]",0.1950456665035744,0.5531907498989312,1.49393195900484,0,25.216,0.0,0.0
2025-11-22|oraculo_directo|prueba|4|39.0694|base|60|todas|onsite,2025-11-22,oraculo_directo,prueba,4,39.0694,base,60,todas,onsite,16094,1056,17150,970,186,784,2832,120,165,25,0.2122091424337661,23,"{""devolucion_origen"": 0, ""entrega_sin_recogida"": 16, ""fisico"": 16, ""fuera_servicio"": 0, ""tope"": 0, ""visitas"": 0}",1416,1416,0,0,0,972,2,14,56,0,74,"[0.1871, 0.1902, 0.3946, 0.191, 0.2044, 0.1969, 0.195, 0.4218, 0.1961, 0.2049, 0.205, 0.3412, 0.1992, 0.3652, 0.4542, 0.2905, 0.3211, 0.3143, 0.1852, 0.296, 0.3487, 0.3015, 0.3892, 0.3219, 0.3991, 0.4369, 0.2828, 0.3986, 0.3015, 0.4415, 0.3953, 0.1912, 0.327, 0.4012, 0.3256, 0.2981, 0.2917, 0.1922, 0.1905, 0.192, 0.2921, 0.2905, 0.3296, 0.4182, 0.2924, 0.2989, 0.3124, 0.3273, 0.3692, 0.3013, 0.3057, 0.3116, 0.3513, 0.4006, 0.3451, 0.3297, 0.3339, 0.3706, 0.4653, 0.4881, 0.3685, 0.4973, 0.3209, 0.3525, 0.5689, 0.1827, 0.1926, 0.1868, 0.1852, 0.2659, 0.3168, 0.2179, 0.176, 0.2079]",0.3120115829988208,0.4580584641502354,0.5688664999979665,0,24.64,0.0,0.0
2025-11-22|lgbm_directo|prueba|4|88.9149|base|60|todas|onsite,2025-11-22,lgbm_directo,prueba,4,88.9149,base,60,todas,onsite,35792,2083,37875,1370,214,1156,4904,172,1137,56,0.2174938046491542,65,"{""devolucion_origen"": 0, ""entrega_sin_recogida"": 38, ""fisico"": 38, ""fuera_servicio"": 0, ""tope"": 0, ""visitas"": 0}",2452,2452,0,0,0,1370,0,14,35,0,74,"[1.1167, 0.1897, 0.4053, 0.4135, 0.4034, 0.3709, 0.1852, 0.5134, 0.3935, 0.1834, 0.4307, 0.4661, 0.467, 0.3696, 0.3691, 0.3244, 0.3986, 0.3835, 0.38, 0.1828, 0.4221, 0.3509, 0.1802, 0.36, 0.1875, 0.4195, 0.3941, 0.4047, 0.3837, 0.8187, 0.512, 0.656, 0.3707, 0.5186, 0.1865, 0.1866, 0.5183, 0.5261, 0.3687, 0.6296, 0.5853, 0.481, 0.4768, 0.3724, 0.1777, 0.5024, 0.69, 0.3863, 0.3956, 0.4587, 0.422, 0.6556, 0.6168, 0.6129, 0.1815, 0.6067, 0.4052, 0.387, 0.4979, 0.1901, 0.4071, 0.1876, 0.5339, 0.1876, 0.1974, 0.4009, 0.1779, 0.3611, 0.1844, 0.1718, 0.1699, 0.1702, 0.1691, 0.1627]",0.3937803334956697,0.655760878950241,1.1167304999980845,0,30.776,0.0,0.0
2025-11-23|sin_rebalanceo|prueba|0|0.0|base|60|todas|onsite,2025-11-23,sin_rebalanceo,prueba,0,0.0,base,60,todas,onsite,114508,19978,134486,0,0,0,0,0,1963,765,0.2673796684086291,109,"{""devolucion_origen"": 0, ""entrega_sin_recogida"": 0, ""fisico"": 0, ""fuera_servicio"": 0, ""tope"": 0, ""visitas"": 0}",0,0,0,0,0,0,0,0,0,0,0,[],0.0,0.0,0.0,0,1.78,0.0,
2025-11-23|ecobici|prueba|0|0.0|base|60|todas|onsite,2025-11-23,ecobici,prueba,0,0.0,base,60,todas,onsite,76613,11640,88253,1283,720,563,4068,0,183,64,0.1968844087016666,67,"{""devolucion_origen"": 0, ""entrega_sin_recogida"": 0, ""fisico"": 6, ""fuera_servicio"": 0, ""tope"": 0, ""visitas"": 0}",2104,1958,0,-146,0,1278,0,25,72,0,0,[],0.0,0.0,0.0,0,1.788,0.0,1278.0
2025-11-23|oraculo_diario|prueba|4|57.5805|base|60|todas|onsite,2025-11-23,oraculo_diario,prueba,4,57.5805,base,60,todas,onsite,19384,756,20140,1167,202,965,3589,159,393,31,0.1995407722849791,39,"{""devolucion_origen"": 9, ""entrega_sin_recogida"": 68, ""fisico"": 77, ""fuera_servicio"": 0, ""tope"": 0, ""visitas"": 0}",1799,1799,0,0,0,1167,0,14,49,0,74,"[0.1859, 0.1977, 0.4255, 0.1873, 0.453, 0.1833, 0.1984, 0.345, 0.4283, 0.1871, 0.1849, 0.1814, 0.3184, 0.1837, 0.3301, 0.475, 0.1831, 0.3082, 0.4168, 0.3053, 0.2673, 0.4092, 0.3075, 0.1793, 0.308, 0.3486, 0.3743, 0.4812, 0.3952, 0.208, 0.2903, 0.3587, 0.3673, 0.3655, 0.6168, 0.4431, 0.5131, 0.2882, 0.1881, 0.1857, 0.2056, 0.3321, 0.2036, 0.1871, 0.3151, 0.3152, 0.3192, 0.3285, 0.5163, 0.5394, 0.3414, 0.1855, 0.3429, 0.3712, 0.1936, 0.3815, 0.1909, 0.3991, 0.3673, 0.3592, 0.3875, 0.1983, 0.3896, 0.3527, 0.1951, 0.5175, 0.4089, 0.1857, 0.1833, 0.6953, 0.2022, 0.1778, 0.1755, 0.1707]",0.3168358125003578,0.5167132772003242,0.6952739999978803,0,25.093,9.0,0.0
2025-11-23|ma_diaria|prueba|4|72.8507|base|60|todas|onsite,2025-11-23,ma_diaria,prueba,4,72.8507,base,60,todas,onsite,34147,2181,36328,1188,193,995,3518,149,1083,105,0.2034689651980236,80,"{""devolucion_origen"": 2, ""entrega_sin_recogida"": 24, ""fisico"": 26, ""fuera_servicio"": 0, ""tope"": 0, ""visitas"": 0}",1760,1760,0,0,0,1188,0,14,36,0,74,"[0.1864, 0.4107, 0.1843, 0.1816, 0.4127, 0.3739, 0.3761, 0.4022, 0.4127, 0.3643, 0.1873, 0.1796, 0.1823, 0.4442, 0.1818, 0.3497, 0.1773, 0.5918, 0.6824, 0.1836, 0.6358, 0.4225, 0.5106, 0.3218, 0.5834, 0.4098, 0.5982, 0.442, 0.3834, 0.1823, 0.6389, 0.1806, 0.1838, 0.1814, 0.1826, 0.1842, 0.1835, 0.1816, 0.1792, 0.1886, 0.4548, 0.3734, 0.1828, 0.1859, 0.1866, 0.3822, 0.4766, 0.1904, 0.1885, 0.1923, 0.1966, 0.1876, 0.4432, 0.4842, 0.488, 0.4953, 0.1942, 0.1816, 0.4631, 0.1813, 0.4667, 0.3897, 0.1819, 0.1917, 0.188, 0.1898, 0.1938, 0.1852, 0.4017, 0.1833, 0.34, 0.2903, 0.1834, 0.1646]",0.1939737914981378,0.5940356147028069,0.6823543749997043,0,24.773,2.0,0.0
2025-11-23|lgbm_diario|prueba|4|72.7447|base|60|todas|onsite,2025-11-23,lgbm_diario,prueba,4,72.7447,base,60,todas,onsite,34746,2198,36944,1197,192,1005,3220,153,1097,79,0.2018544134322055,89,"{""devolucion_origen"": 0, ""entrega_sin_recogida"": 49, ""fisico"": 49, ""fuera_servicio"": 0, ""tope"": 0, ""visitas"": 0}",1610,1610,0,0,0,1197,0,14,37,0,74,"[0.1826, 0.4054, 0.1846, 0.4162, 0.4041, 0.3988, 0.4509, 0.4018, 0.5096, 0.4346, 0.4241, 0.1802, 0.3627, 0.4365, 0.5859, 0.5559, 0.571, 0.5366, 0.7068, 0.4131, 0.3491, 1.0223, 0.3414, 0.4372, 0.6532, 0.7167, 0.2139, 0.3561, 0.1797, 0.3604, 0.1807, 0.206, 0.3675, 0.179, 0.1804, 0.1952, 0.1993, 0.1902, 0.1858, 0.1805, 0.1974, 0.5082, 0.1953, 0.1904, 0.4446, 0.4877, 0.4689, 0.5288, 0.5275, 0.1855, 0.1858, 0.1887, 0.4372, 0.2069, 0.8912, 0.1872, 0.2027, 0.1949, 0.1787, 0.1882, 0.1828, 0.1925, 0.19, 0.5714, 0.4416, 0.65, 0.1883, 0.1886, 0.1839, 0.1811, 0.172, 0.3104, 0.1766, 0.1653]",0.3258989790010673,0.671933541902035,1.0223165000061272,0,27.631,0.0,0.0
2025-11-23|oraculo_directo|prueba|4|39.0694|base|60|todas|onsite,2025-11-23,oraculo_directo,prueba,4,39.0694,base,60,todas,onsite,15371,867,16238,910,166,744,2424,100,147,33,0.2328327438067585,26,"{""devolucion_origen"": 0, ""entrega_sin_recogida"": 30, ""fisico"": 30, ""fuera_servicio"": 0, ""tope"": 0, ""visitas"": 0}",1212,1212,0,0,0,910,0,14,53,0,74,"[0.188, 0.4019, 0.3262, 0.6212, 0.4228, 0.4083, 0.516, 0.4134, 0.4716, 0.3539, 0.4203, 0.3684, 0.5203, 0.4731, 0.4007, 0.4138, 0.3328, 0.1858, 0.3258, 0.2799, 0.3149, 0.4116, 0.278, 0.1882, 0.1825, 0.1815, 0.1804, 0.2993, 0.1865, 0.3019, 0.3649, 0.2888, 0.1874, 0.3617, 0.2942, 0.3672, 0.3746, 0.2971, 0.3105, 0.4283, 0.3321, 0.3059, 0.3488, 0.3035, 0.5596, 0.3816, 0.3032, 0.3089, 0.1909, 0.3511, 0.32, 0.3229, 0.5016, 0.3611, 0.3299, 0.4203, 0.4535, 0.3548, 0.4243, 0.3674, 0.3685, 0.8086, 1.0371, 0.2535, 0.1829, 0.2239, 0.2227, 0.8211, 0.1834, 0.2387, 0.304, 0.2144, 0.2053, 0.1768]",0.3310085625016654,0.5811796022007908,1.0370833329943707,0,27.968,0.0,0.0
2025-11-23|lgbm_directo|prueba|4|88.9149|base|60|todas|onsite,2025-11-23,lgbm_directo,prueba,4,88.9149,base,60,todas,onsite,31913,1648,33561,1339,228,1111,4454,221,1198,70,0.2054713664665869,94,"{""devolucion_origen"": 4, ""entrega_sin_recogida"": 59, ""fisico"": 63, ""fuera_servicio"": 0, ""tope"": 0, ""visitas"": 0}",2229,2229,0,0,0,1341,2,14,41,0,74,"[1.1095, 0.4589, 0.1933, 0.1872, 0.4602, 0.1828, 0.447, 0.5711, 0.4625, 0.3638, 0.3562, 0.1873, 0.542, 0.5997, 0.6358, 0.1788, 0.4546, 0.385, 0.7097, 0.5042, 0.5056, 0.4885, 0.4454, 0.6154, 0.5087, 0.5365, 0.5064, 0.3731, 0.3613, 0.1801, 0.4168, 0.357, 0.36, 0.3759, 0.3711, 0.1819, 0.1776, 0.1803, 0.2002, 0.932, 0.4765, 0.3991, 0.1895, 0.2142, 0.185, 0.1836, 0.1857, 0.1855, 0.463, 0.1878, 0.412, 0.1886, 0.4206, 0.1845, 0.5292, 0.4127, 0.2106, 0.5764, 0.547, 0.194, 0.2015, 0.2987, 0.3158, 0.4732, 0.1896, 0.4344, 1.4142, 0.4216, 0.1921, 0.1711, 0.1713, 0.1835, 0.1656, 0.1661]",0.3720833750012389,0.6617021398044013,1.4142012919983245,0,30.103,4.0,0.0
2025-11-24|sin_rebalanceo|prueba|0|0.0|base|60|todas|onsite,2025-11-24,sin_rebalanceo,prueba,0,0.0,base,60,todas,onsite,211728,62844,274572,0,0,0,0,0,12182,7251,0.4630167172993533,1039,"{""devolucion_origen"": 0, ""entrega_sin_recogida"": 0, ""fisico"": 0, ""fuera_servicio"": 0, ""tope"": 0, ""visitas"": 0}",0,0,0,0,0,0,0,0,0,0,0,[],0.0,0.0,0.0,0,2.152,0.0,
2025-11-24|ecobici|prueba|0|0.0|base|60|todas|onsite,2025-11-24,ecobici,prueba,0,0.0,base,60,todas,onsite,111630,13222,124852,3153,1728,1425,14790,0,2757,637,0.2830136663665617,334,"{""devolucion_origen"": 0, ""entrega_sin_recogida"": 0, ""fisico"": 242, ""fuera_servicio"": 0, ""tope"": 0, ""visitas"": 0}",7301,7247,0,-54,0,3122,0,67,130,0,0,[],0.0,0.0,0.0,0,2.127,0.0,3122.0
2025-11-24|oraculo_diario|prueba|4|57.5805|base|60|todas|onsite,2025-11-24,oraculo_diario,prueba,4,57.5805,base,60,todas,onsite,51307,2473,53780,2628,704,1924,12155,508,4217,747,0.2783570883273091,278,"{""devolucion_origen"": 27, ""entrega_sin_recogida"": 358, ""fisico"": 385, ""fuera_servicio"": 0, ""tope"": 0, ""visitas"": 0}",6091,6091,0,0,0,2628,0,14,67,0,74,"[0.261, 0.5069, 0.3335, 0.3517, 0.2564, 0.3273, 0.2325, 0.2274, 0.3981, 0.3153, 0.2872, 0.1639, 0.2794, 0.4162, 0.2333, 0.1656, 0.1639, 0.1679, 0.1813, 0.2615, 0.3064, 0.2712, 0.3127, 0.2031, 0.4007, 0.3596, 0.3058, 0.392, 0.3464, 0.3291, 0.1832, 0.2068, 0.2881, 0.2797, 0.2694, 0.2623, 0.3352, 0.5409, 0.4105, 0.3136, 0.3824, 0.3692, 0.3928, 0.3813, 0.1779, 0.1987, 0.3105, 0.3232, 0.255, 0.299, 0.2724, 0.3128, 0.2505, 0.3236, 0.4197, 0.2779, 0.2545, 0.4149, 0.2498, 0.2904, 0.3321, 0.3642, 0.293, 0.177, 0.3808, 0.1975, 0.1905, 0.1983, 0.1867, 0.1812, 0.2982, 0.1689, 0.2187, 0.1662]",0.2876358335015538,0.4153345380476821,0.5409300829996937,0,23.578,27.0,0.0
2025-11-24|ma_diaria|prueba|4|72.8507|base|60|todas|onsite,2025-11-24,ma_diaria,prueba,4,72.8507,base,60,todas,onsite,70205,4291,74496,2772,689,2083,13126,522,5501,960,0.2884886924328338,394,"{""devolucion_origen"": 14, ""entrega_sin_recogida"": 271, ""fisico"": 285, ""fuera_servicio"": 0, ""tope"": 0, ""visitas"": 0}",6570,6570,0,0,0,2772,0,14,67,0,74,"[0.5526, 0.748, 0.1682, 0.2398, 0.2795, 0.1722, 0.1809, 0.3314, 0.2405, 0.2453, 0.2796, 0.2701, 0.3341, 0.257, 0.2741, 0.1655, 0.1688, 0.1671, 0.1696, 0.1724, 0.3189, 0.3312, 0.3266, 0.3538, 0.3359, 0.3735, 0.3701, 0.4002, 0.1977, 0.376, 0.4387, 0.336, 0.3419, 0.5424, 0.4566, 0.2935, 0.3393, 0.4434, 0.4249, 0.3679, 0.4373, 0.4547, 0.3634, 0.418, 0.1779, 0.4928, 0.3349, 0.3017, 0.4362, 0.4153, 0.3593, 0.3731, 0.3713, 0.3201, 0.3955, 0.2685, 0.1707, 0.2775, 0.1754, 0.2769, 0.1773, 0.1924, 0.1913, 0.1939, 0.3387, 0.1821, 0.1736, 0.1927, 0.1869, 0.1732, 0.3032, 0.2898, 0.1796, 0.1643]",0.3024411874976067,0.4692801374996632,0.747966709001048,0,24.783,14.0,0.0
2025-11-24|lgbm_diario|prueba|4|72.7447|base|60|todas|onsite,2025-11-24,lgbm_diario,prueba,4,72.7447,base,60,todas,onsite,67669,4508,72177,2739,640,2099,11948,493,5059,931,0.2838825667651652,357,"{""devolucion_origen"": 6, ""entrega_sin_recogida"": 156, ""fisico"": 162, ""fuera_servicio"": 0, ""tope"": 0, ""visitas"": 0}",5977,5977,0,0,0,2739,0,14,67,0,74,"[0.787, 0.3514, 0.4489, 0.4599, 0.2427, 0.1704, 0.3108, 0.3043, 0.2616, 0.3224, 0.2981, 0.3305, 0.4269, 0.1737, 0.1756, 0.168, 0.1716, 0.1715, 0.1743, 0.1988, 0.1792, 0.1792, 0.1769, 0.1785, 0.3579, 0.186, 0.1861, 0.2119, 0.4308, 0.3897, 0.1859, 0.3415, 0.3509, 0.5652, 0.1797, 0.3674, 0.5992, 0.3391, 0.4504, 0.4232, 0.4454, 0.3395, 0.1858, 0.356, 0.4339, 0.4041, 0.4593, 0.2947, 0.4177, 0.6354, 0.1735, 0.325, 0.3374, 0.3971, 0.1855, 0.2771, 0.1801, 0.3102, 0.2877, 0.3201, 0.3364, 0.1822, 0.1743, 0.1809, 0.1793, 0.1828, 0.1884, 0.1819, 0.183, 0.1913, 0.3216, 0.3325, 0.1858, 0.1646]",0.2964204375020927,0.496754604496163,0.7869674999965355,0,24.235,6.0,0.0
2025-11-24|oraculo_directo|prueba|4|39.0694|base|60|todas|onsite,2025-11-24,oraculo_directo,prueba,4,39.0694,base,60,todas,onsite,37066,2545,39611,2771,784,1987,11857,467,2435,646,0.2481022191920791,206,"{""devolucion_origen"": 1, ""entrega_sin_recogida"": 470, ""fisico"": 471, ""fuera_servicio"": 0, ""tope"": 0, ""visitas"": 0}",5929,5929,0,0,0,2771,0,14,67,0,74,"[0.2896, 0.5981, 0.4229, 0.3681, 0.2618, 0.1782, 0.1863, 0.3218, 0.2947, 0.2932, 0.2327, 0.2471, 0.2816, 0.4558, 0.385, 0.1723, 0.1722, 0.1756, 0.2955, 0.2843, 0.1894, 0.2729, 0.1862, 0.4192, 0.3074, 0.3922, 0.3148, 0.3015, 0.199, 0.2904, 0.3136, 0.2963, 0.3011, 0.5465, 0.4725, 0.541, 0.3612, 0.4578, 0.2735, 0.3706, 0.3306, 0.2935, 0.3653, 0.2701, 0.267, 0.2672, 0.2947, 0.2791, 0.2652, 0.3605, 0.3601, 0.4733, 0.3769, 0.2692, 0.3396, 0.1813, 0.1885, 0.3324, 0.4199, 0.3493, 0.2971, 0.1814, 0.3368, 0.1882, 0.1857, 0.1922, 0.1894, 0.1772, 0.1848, 0.1904, 0.2324, 0.224, 0.1902, 0.1753]",0.2918126250006025,0.4727386812472104,0.5981097920011962,0,24.186,1.0,0.0
2025-11-24|lgbm_directo|prueba|4|88.9149|base|60|todas|onsite,2025-11-24,lgbm_directo,prueba,4,88.9149,base,60,todas,onsite,71061,4245,75306,2735,669,2066,13359,545,5924,948,0.2903938064693834,365,"{""devolucion_origen"": 5, ""entrega_sin_recogida"": 260, ""fisico"": 265, ""fuera_servicio"": 0, ""tope"": 0, ""visitas"": 0}",6682,6682,0,0,0,2735,0,14,67,0,74,"[1.5761, 0.3907, 0.3995, 0.3564, 0.2778, 0.3923, 0.305, 0.1645, 0.2757, 0.478, 0.4147, 0.5232, 0.5358, 0.1645, 0.578, 0.1681, 0.1816, 0.1674, 0.3217, 0.1727, 0.3353, 0.1759, 0.1782, 0.1772, 0.1769, 0.2033, 0.417, 0.1836, 0.1855, 0.1812, 0.3655, 0.4042, 0.4038, 0.5853, 0.3968, 0.4219, 0.4127, 0.1771, 0.3868, 0.3514, 0.4131, 0.3932, 0.3907, 0.4421, 0.4301, 0.4134, 0.1774, 0.3476, 0.1762, 0.4571, 0.2768, 0.3175, 0.351, 0.2775, 0.171, 0.3172, 0.3029, 0.2829, 0.2921, 0.1928, 0.3955, 0.1918, 0.1905, 0.185, 0.3483, 0.1777, 0.1887, 0.1849, 0.1704, 0.3243, 0.3099, 0.1792, 0.1624, 0.1598]",0.3074471874970186,0.5276125852986296,1.5760861669987207,0,25.813,5.0,0.0
2025-11-25|sin_rebalanceo|prueba|0|0.0|base|60|todas|onsite,2025-11-25,sin_rebalanceo,prueba,0,0.0,base,60,todas,onsite,209576,66764,276340,0,0,0,0,0,13220,8220,0.4496137385602252,1294,"{""devolucion_origen"": 0, ""entrega_sin_recogida"": 0, ""fisico"": 0, ""fuera_servicio"": 0, ""tope"": 0, ""visitas"": 0}",0,0,0,0,0,0,0,0,0,0,0,[],0.0,0.0,0.0,0,2.21,0.0,
2025-11-25|ecobici|prueba|0|0.0|base|60|todas|onsite,2025-11-25,ecobici,prueba,0,0.0,base,60,todas,onsite,105901,18774,124675,3818,2128,1690,15772,0,3598,1112,0.2880542062100259,450,"{""devolucion_origen"": 0, ""entrega_sin_recogida"": 0, ""fisico"": 221, ""fuera_servicio"": 0, ""tope"": 0, ""visitas"": 0}",7771,7780,0,9,0,3776,0,66,248,0,0,[],0.0,0.0,0.0,0,2.242,0.0,3776.0
2025-11-25|oraculo_diario|prueba|4|57.5805|base|60|todas|onsite,2025-11-25,oraculo_diario,prueba,4,57.5805,base,60,todas,onsite,48418,2980,51398,2648,713,1935,12382,500,4132,942,0.266884176108029,388,"{""devolucion_origen"": 16, ""entrega_sin_recogida"": 349, ""fisico"": 365, ""fuera_servicio"": 0, ""tope"": 0, ""visitas"": 0}",6199,6199,0,0,0,2650,2,14,67,0,74,"[0.1799, 0.1769, 0.2464, 0.2686, 0.3253, 0.232, 0.3237, 0.323, 0.274, 0.2922, 0.2536, 0.2024, 0.3181, 0.2341, 0.1691, 0.2733, 0.1629, 0.1852, 0.1651, 0.1731, 0.1734, 0.1704, 0.1856, 0.2829, 0.2692, 0.2719, 0.1799, 0.2749, 0.2888, 0.2753, 0.3095, 0.291, 0.4436, 0.5583, 0.3805, 0.4994, 0.4847, 0.2903, 0.5149, 0.4509, 0.5615, 0.3102, 0.2608, 0.2428, 0.3817, 0.3098, 0.3637, 0.1732, 0.1716, 0.2575, 0.2468, 0.3177, 0.3238, 0.2309, 0.3077, 0.2951, 0.2632, 0.2921, 0.178, 0.2892, 0.1871, 0.1844, 0.2907, 0.2899, 0.1826, 0.1825, 0.1787, 0.1885, 0.1798, 0.8362, 0.2915, 0.1698, 0.1696, 0.1656]",0.2705703119972895,0.5048223959543974,0.8361709579985472,0,22.974,16.0,0.0
2025-11-25|ma_diaria|prueba|4|72.8507|base|60|todas|onsite,2025-11-25,ma_diaria,prueba,4,72.8507,base,60,todas,onsite,64054,5738,69792,2621,701,1920,12226,481,5001,1190,0.2554885080778079,468,"{""devolucion_origen"": 14, ""entrega_sin_recogida"": 245, ""fisico"": 259, ""fuera_servicio"": 0, ""tope"": 0, ""visitas"": 0}",6120,6120,0,0,0,2621,0,14,67,0,74,"[0.3201, 0.2684, 0.1895, 0.2584, 0.4887, 0.2507, 0.2984, 0.5206, 0.3116, 0.5789, 0.2699, 0.2535, 0.1704, 0.1701, 0.1729, 0.1661, 0.166, 0.1716, 0.1706, 0.1969, 0.1713, 0.1687, 0.2055, 0.1787, 0.1763, 0.1791, 0.1805, 0.4043, 0.3638, 0.42, 0.3791, 0.3581, 0.3582, 0.3131, 0.3081, 0.1848, 0.3574, 0.3857, 0.5167, 0.4011, 0.3765, 0.4491, 0.3424, 0.4188, 0.1805, 0.2608, 0.2608, 0.2916, 0.3238, 0.315, 0.3934, 0.3329, 0.392, 0.5455, 0.3095, 0.2937, 0.2923, 0.2719, 0.1753, 0.1764, 0.1863, 0.1858, 0.1909, 0.1824, 0.1787, 0.1794, 0.1763, 0.186, 0.1833, 0.1776, 0.2871, 0.2868, 0.1656, 0.1604]",0.2646351040020818,0.4984975561499594,0.5788778330024797,0,22.807,14.0,0.0
2025-11-25|lgbm_diario|prueba|4|72.7447|base|60|todas|onsite,2025-11-25,lgbm_diario,prueba,4,72.7447,base,60,todas,onsite,65349,5972,71321,2615,732,1883,11963,466,4951,1215,0.259267176554572,441,"{""devolucion_origen"": 29, ""entrega_sin_recogida"": 233, ""fisico"": 262, ""fuera_servicio"": 0, ""tope"": 0, ""visitas"": 0}",5996,5996,0,0,0,2615,0,14,67,0,74,"[0.2836, 0.2947, 0.3023, 0.4599, 0.2604, 0.296, 0.348, 0.2799, 0.1724, 0.41, 0.1695, 0.2614, 0.3518, 0.1669, 0.1658, 0.1629, 0.1687, 0.205, 0.1743, 0.2056, 0.1787, 0.1877, 0.208, 0.1778, 0.2096, 0.1815, 0.2071, 0.337, 0.3607, 0.346, 0.3539, 0.3485, 0.1837, 0.3581, 0.2956, 0.1777, 0.3093, 0.3201, 0.5537, 0.4233, 0.188, 0.3683, 0.4126, 0.3359, 0.3512, 0.4479, 0.4402, 0.2966, 0.324, 0.1746, 0.1798, 0.3437, 0.3611, 0.4542, 0.7416, 0.2817, 0.3497, 0.1759, 0.2053, 0.2113, 0.183, 0.1733, 0.1761, 0.1969, 0.1788, 0.2017, 0.1809, 0.1764, 0.1781, 0.1797, 0.2882, 0.2591, 0.1819, 0.1609]",0.2597141455007659,0.4501243062506546,0.7415740830037976,0,22.572,29.0,0.0
2025-11-25|oraculo_directo|prueba|4|39.0694|base|60|todas|onsite,2025-11-25,oraculo_directo,prueba,4,39.0694,base,60,todas,onsite,36941,2435,39376,2781,791,1990,11902,442,2731,693,0.2374736914899851,263,"{""devolucion_origen"": 2, ""entrega_sin_recogida"": 434, ""fisico"": 436, ""fuera_servicio"": 0, ""tope"": 0, ""visitas"": 0}",5952,5952,0,0,0,2783,2,14,67,0,74,"[0.309, 0.3422, 0.1841, 0.205, 0.4514, 0.3312, 0.1777, 0.2703, 0.3891, 0.2565, 0.5029, 0.2193, 0.3879, 0.2465, 0.163, 0.1698, 0.1684, 0.1659, 0.2466, 0.178, 0.1779, 0.364, 0.3127, 0.2724, 0.2913, 0.3107, 0.3521, 0.5038, 0.4234, 0.3538, 0.2762, 0.4129, 0.3145, 0.4519, 0.5546, 0.1842, 0.4255, 0.2903, 0.2577, 0.2647, 0.32, 0.3724, 0.2814, 0.1769, 0.2616, 0.3881, 0.2851, 0.3149, 0.2548, 0.2401, 0.2439, 0.2531, 0.2328, 0.2496, 0.2767, 0.3687, 0.2137, 0.4418, 0.1804, 0.2977, 0.2015, 0.1946, 0.1871, 0.1814, 0.1871, 0.179, 0.1922, 0.1857, 0.1965, 0.2969, 0.2541, 0.2203, 0.2097, 0.1881]",0.2596486250004091,0.4515658688498661,0.5546012080012588,0,22.964,2.0,0.0
2025-11-25|lgbm_directo|prueba|4|88.9149|base|60|todas|onsite,2025-11-25,lgbm_directo,prueba,4,88.9149,base,60,todas,onsite,63792,5319,69111,2566,690,1876,12669,529,5433,1208,0.2692470731975207,488,"{""devolucion_origen"": 5, ""entrega_sin_recogida"": 339, ""fisico"": 344, ""fuera_servicio"": 0, ""tope"": 0, ""visitas"": 0}",6337,6337,0,0,0,2568,2,14,67,0,74,"[1.2837, 0.3947, 0.2952, 0.6596, 0.2507, 0.2579, 0.2931, 0.4446, 0.4168, 0.3392, 0.2664, 0.2656, 0.354, 0.1635, 0.1655, 0.1714, 0.1949, 0.1674, 0.1718, 0.1978, 0.1695, 0.1778, 0.1774, 0.2088, 0.1783, 0.2074, 0.1825, 0.38, 0.4371, 0.3268, 0.4409, 0.3787, 0.3335, 0.3706, 0.4443, 0.2979, 0.3281, 0.4632, 0.1828, 0.3044, 0.4094, 0.1791, 0.4715, 0.2852, 0.3003, 0.3688, 0.4488, 0.3339, 0.4221, 0.4146, 0.4428, 0.2891, 0.3653, 0.3243, 0.8131, 0.2881, 0.1724, 0.1709, 0.1778, 0.1815, 0.1757, 0.3295, 0.1734, 0.192, 0.1769, 0.1819, 0.1789, 0.1807, 0.1766, 0.3728, 0.314, 0.1825, 0.1625, 0.1565]",0.2885649379968527,0.466070303944798,1.28365862499777,0,24.87,5.0,0.0
2025-11-26|sin_rebalanceo|prueba|0|0.0|base|60|todas|onsite,2025-11-26,sin_rebalanceo,prueba,0,0.0,base,60,todas,onsite,199021,66000,265021,0,0,0,0,0,12060,8231,0.4323939339271543,1200,"{""devolucion_origen"": 0, ""entrega_sin_recogida"": 0, ""fisico"": 0, ""fuera_servicio"": 0, ""tope"": 0, ""visitas"": 0}",0,0,0,0,0,0,0,0,0,0,0,[],0.0,0.0,0.0,0,2.162,0.0,
2025-11-26|ecobici|prueba|0|0.0|base|60|todas|onsite,2025-11-26,ecobici,prueba,0,0.0,base,60,todas,onsite,94424,18369,112793,2980,1580,1400,14038,0,2812,946,0.2875041231945324,424,"{""devolucion_origen"": 0, ""entrega_sin_recogida"": 0, ""fisico"": 229, ""fuera_servicio"": 0, ""tope"": 0, ""visitas"": 0}",6979,6830,0,-149,0,2934,0,73,134,0,0,[],0.0,0.0,0.0,0,2.161,0.0,2934.0
2025-11-26|oraculo_diario|prueba|4|57.5805|base|60|todas|onsite,2025-11-26,oraculo_diario,prueba,4,57.5805,base,60,todas,onsite,45706,4227,49933,2571,674,1897,12005,467,3866,1001,0.2809255401606918,364,"{""devolucion_origen"": 27, ""entrega_sin_recogida"": 343, ""fisico"": 370, ""fuera_servicio"": 0, ""tope"": 0, ""visitas"": 0}",6016,6016,0,0,0,2571,0,14,67,0,74,"[0.1847, 0.3422, 0.2501, 0.2531, 0.3036, 0.2788, 0.3045, 0.2106, 0.242, 0.2564, 0.2906, 0.1638, 0.3783, 0.1843, 0.1687, 0.1746, 0.1714, 0.1677, 0.1775, 0.173, 0.1741, 0.1769, 0.1755, 0.2595, 0.2857, 0.3858, 0.2676, 0.282, 0.3594, 0.6209, 0.3741, 0.299, 0.5335, 0.2838, 0.3889, 0.1801, 0.5375, 0.2089, 0.4058, 0.467, 0.3068, 0.3844, 0.3231, 0.3455, 0.37, 0.5985, 0.301, 0.3722, 0.3207, 0.4, 0.2879, 0.3231, 0.3296, 0.3605, 0.1735, 0.2597, 0.2949, 0.3102, 0.2909, 0.2763, 0.1767, 0.2783, 0.1864, 0.1805, 0.1809, 0.1731, 0.1774, 0.1793, 0.2005, 0.1829, 0.1838, 0.2995, 0.1745, 0.1671]",0.278562603994942,0.4902655398982457,0.6208666250022361,0,22.973,27.0,0.0
2025-11-26|ma_diaria|prueba|4|72.8507|base|60|todas|onsite,2025-11-26,ma_diaria,prueba,4,72.8507,base,60,todas,onsite,57559,5875,63434,2521,665,1856,11743,503,4353,1181,0.260293643898042,413,"{""devolucion_origen"": 13, ""entrega_sin_recogida"": 184, ""fisico"": 197, ""fuera_servicio"": 0, ""tope"": 0, ""visitas"": 0}",5878,5878,0,0,0,2521,0,14,67,0,74,"[0.1948, 0.3315, 0.3125, 0.3652, 0.4944, 0.3694, 0.5083, 0.3933, 0.3202, 0.2564, 0.1731, 0.2513, 0.1783, 0.169, 0.1647, 0.1664, 0.1678, 0.1876, 0.1707, 0.1876, 0.1692, 0.1707, 0.1764, 0.3427, 0.1938, 0.1843, 0.1821, 0.2044, 0.332, 0.4361, 0.1825, 0.3739, 0.4774, 0.345, 0.3248, 0.3087, 0.5092, 0.4266, 0.4753, 0.177, 0.3842, 0.4675, 0.3953, 0.3881, 0.475, 0.592, 0.3698, 0.4115, 0.1757, 0.3617, 0.4016, 0.2875, 0.5357, 0.3932, 0.4477, 0.4525, 0.194, 0.3153, 0.4814, 0.1961, 0.1816, 0.1769, 0.1796, 0.1832, 0.1758, 0.1748, 0.1767, 0.1829, 0.1774, 0.1737, 0.3045, 0.2947, 0.1671, 0.1622]",0.2910908129997551,0.4992662688480777,0.5919872500016936,0,24.048,13.0,0.0
2025-11-26|lgbm_diario|prueba|4|72.7447|base|60|todas|onsite,2025-11-26,lgbm_diario,prueba,4,72.7447,base,60,todas,onsite,59132,5893,65025,2532,662,1870,11627,472,4536,1176,0.261968174149582,416,"{""devolucion_origen"": 11, ""entrega_sin_recogida"": 192, ""fisico"": 203, ""fuera_servicio"": 0, ""tope"": 0, ""visitas"": 0}",5819,5819,0,0,0,2534,2,14,67,0,74,"[0.2856, 0.2818, 0.3133, 0.3402, 0.5433, 0.3383, 0.4106, 0.3789, 0.3101, 0.2418, 0.2863, 0.2389, 0.375, 0.1678, 0.1834, 0.1723, 0.1676, 0.1701, 0.17, 0.1738, 0.175, 0.1726, 0.1764, 0.1751, 0.1781, 0.1798, 0.1784, 0.3123, 0.4346, 0.1841, 0.18, 0.1809, 0.1814, 0.3168, 0.3881, 0.484, 0.5612, 0.3083, 0.1783, 0.6654, 0.461, 0.4723, 0.291, 0.1777, 0.2853, 0.3198, 0.5633, 0.3365, 0.2928, 0.558, 0.3403, 0.2956, 0.3767, 0.3724, 0.3413, 0.1806, 0.1756, 0.3131, 0.1784, 0.3633, 0.1821, 0.1749, 0.1843, 0.1808, 0.1796, 0.1785, 0.18, 0.1731, 0.1762, 0.1759, 0.3151, 0.293, 0.1675, 0.1747]",0.2618194375027087,0.54841804779644,0.6654449170018779,0,22.913,11.0,0.0
2025-11-26|oraculo_directo|prueba|4|39.0694|base|60|todas|onsite,2025-11-26,oraculo_directo,prueba,4,39.0694,base,60,todas,onsite,31877,3634,35511,2776,756,2020,11726,480,2225,761,0.2508888242535102,249,"{""devolucion_origen"": 0, ""entrega_sin_recogida"": 436, ""fisico"": 436, ""fuera_servicio"": 0, ""tope"": 0, ""visitas"": 0}",5863,5863,0,0,0,2776,0,14,67,0,74,"[0.1806, 0.3315, 0.3342, 0.1836, 0.3223, 0.3861, 0.2654, 0.4399, 0.1681, 0.2615, 0.2313, 0.168, 0.173, 0.2434, 0.1658, 0.4757, 0.2323, 0.1732, 0.1704, 0.2541, 0.1774, 0.259, 0.1832, 0.4578, 0.2794, 0.3139, 0.5015, 0.4497, 0.4379, 0.3473, 0.2677, 0.6846, 0.266, 0.3985, 0.5236, 0.4281, 0.1846, 0.5483, 0.3903, 0.2739, 0.3527, 0.3707, 0.4859, 0.3329, 0.2564, 0.3748, 0.3656, 0.1767, 0.2963, 0.3718, 0.3714, 0.2844, 0.1944, 0.3118, 0.3726, 0.3737, 0.2891, 0.3319, 0.1856, 0.2766, 0.1833, 0.1802, 0.1799, 0.1867, 0.1853, 0.1865, 0.1871, 0.3433, 0.186, 0.1748, 0.1772, 0.1743, 0.1822, 0.1767]",0.2708012295006483,0.4913715101007255,0.6845771669977694,0,23.945,0.0,0.0
2025-11-26|lgbm_directo|prueba|4|88.9149|base|60|todas|onsite,2025-11-26,lgbm_directo,prueba,4,88.9149,base,60,todas,onsite,58724,5516,64240,2461,645,1816,12188,508,4783,1145,0.2641178406086434,429,"{""devolucion_origen"": 4, ""entrega_sin_recogida"": 278, ""fisico"": 282, ""fuera_servicio"": 0, ""tope"": 0, ""visitas"": 0}",6096,6096,0,0,0,2461,0,14,67,0,74,"[1.2772, 0.4447, 0.292, 0.252, 0.3528, 0.3422, 0.326, 0.348, 0.2701, 0.3958, 0.171, 0.2742, 0.266, 0.4374, 0.2724, 0.2727, 0.1711, 0.1691, 0.173, 0.178, 0.1721, 0.1688, 0.174, 0.178, 0.1773, 0.1806, 0.2141, 0.186, 0.1884, 0.3539, 0.3379, 0.3415, 0.3573, 0.4124, 0.3822, 0.3377, 0.3435, 0.4445, 0.1749, 0.3297, 0.368, 0.4548, 0.5223, 0.363, 0.3918, 0.1832, 0.1799, 0.5804, 0.3523, 0.1763, 0.3737, 0.3731, 0.3903, 0.3033, 0.1778, 0.3914, 0.1835, 0.3496, 0.1762, 0.1895, 0.1762, 0.1871, 0.1749, 0.1758, 0.1834, 0.1821, 0.1796, 0.1822, 0.1856, 0.3579, 0.3273, 0.1861, 0.1701, 0.1645]",0.2712536664985236,0.4482470147013372,1.277189250002266,0,23.758,4.0,0.0
2025-11-27|sin_rebalanceo|prueba|0|0.0|base|60|todas|onsite,2025-11-27,sin_rebalanceo,prueba,0,0.0,base,60,todas,onsite,202161,59292,261453,0,0,0,0,0,12959,7371,0.4475639049534468,1043,"{""devolucion_origen"": 0, ""entrega_sin_recogida"": 0, ""fisico"": 0, ""fuera_servicio"": 0, ""tope"": 0, ""visitas"": 0}",0,0,0,0,0,0,0,0,0,0,0,[],0.0,0.0,0.0,0,2.175,0.0,
2025-11-27|ecobici|prueba|0|0.0|base|60|todas|onsite,2025-11-27,ecobici,prueba,0,0.0,base,60,todas,onsite,83541,13489,97030,2954,1483,1471,14411,0,2127,715,0.2699862974202307,325,"{""devolucion_origen"": 0, ""entrega_sin_recogida"": 0, ""fisico"": 198, ""fuera_servicio"": 0, ""tope"": 0, ""visitas"": 0}",7015,7198,0,183,0,2924,0,70,141,0,0,[],0.0,0.0,0.0,0,2.152,0.0,2924.0
2025-11-27|oraculo_diario|prueba|4|57.5805|base|60|todas|onsite,2025-11-27,oraculo_diario,prueba,4,57.5805,base,60,todas,onsite,41812,3461,45273,2381,597,1784,11365,480,3629,888,0.271615251450981,282,"{""devolucion_origen"": 7, ""entrega_sin_recogida"": 270, ""fisico"": 277, ""fuera_servicio"": 0, ""tope"": 0, ""visitas"": 0}",5686,5686,0,0,0,2381,0,14,67,0,74,"[0.5554, 0.1817, 0.2976, 0.246, 0.2358, 0.2242, 0.1811, 0.2621, 0.3183, 0.2666, 0.2492, 0.1718, 0.2642, 0.2317, 0.2789, 0.1672, 0.1707, 0.1771, 0.1751, 0.1717, 0.1781, 0.3378, 0.1913, 0.3035, 0.4212, 0.2914, 0.281, 0.1834, 0.5908, 0.1867, 0.1991, 0.3655, 0.1861, 0.5615, 0.6061, 0.2688, 0.3837, 0.3061, 0.3927, 0.4265, 0.4195, 0.338, 0.357, 0.2914, 0.2415, 0.3267, 0.357, 0.1754, 0.3136, 0.1729, 0.1755, 0.3113, 0.2529, 0.4213, 0.2779, 0.1719, 0.2993, 0.3401, 0.2678, 0.3178, 0.1786, 0.305, 0.1809, 0.1799, 0.185, 0.1769, 0.1791, 0.1892, 0.1918, 0.1744, 0.1795, 0.2695, 0.1819, 0.1775]",0.2575017084964202,0.4715943000006511,0.6061295420004171,0,22.419,7.0,0.0
2025-11-27|ma_diaria|prueba|4|72.8507|base|60|todas|onsite,2025-11-27,ma_diaria,prueba,4,72.8507,base,60,todas,onsite,56356,4769,61125,2493,646,1847,11585,480,4271,1039,0.2465046382622071,381,"{""devolucion_origen"": 3, ""entrega_sin_recogida"": 209, ""fisico"": 212, ""fuera_servicio"": 0, ""tope"": 0, ""visitas"": 0}",5794,5794,0,0,0,2495,2,14,67,0,74,"[0.1829, 0.2608, 0.2933, 0.2552, 0.3546, 0.1841, 0.3548, 0.3378, 0.3264, 0.1935, 0.2784, 0.4325, 0.2983, 0.1726, 0.1645, 0.1695, 0.1712, 0.1756, 0.1905, 0.1696, 0.1736, 0.1711, 0.1745, 0.1802, 0.1761, 0.1766, 0.3318, 0.3675, 0.1833, 0.1833, 0.3557, 0.3389, 0.3789, 0.1784, 0.1812, 0.5142, 0.3714, 0.1799, 0.368, 0.4213, 0.1799, 0.3664, 0.4007, 0.393, 0.424, 0.5551, 0.3051, 0.2907, 0.3348, 0.3746, 0.1769, 0.3399, 0.2814, 0.2931, 0.3154, 0.1693, 0.4386, 0.1737, 0.1774, 0.1747, 0.2032, 0.1775, 0.1779, 0.1785, 0.1776, 0.1783, 0.1778, 0.1786, 0.1799, 0.3276, 0.3548, 0.3413, 0.1782, 0.1622]",0.1983477499961736,0.4269593085493397,0.5551460839997162,0,21.867,3.0,0.0
2025-11-27|lgbm_diario|prueba|4|72.7447|base|60|todas|onsite,2025-11-27,lgbm_diario,prueba,4,72.7447,base,60,todas,onsite,56774,4681,61455,2508,629,1879,11549,491,4378,1054,0.2469220464043347,401,"{""devolucion_origen"": 15, ""entrega_sin_recogida"": 189, ""fisico"": 204, ""fuera_servicio"": 0, ""tope"": 0, ""visitas"": 0}",5782,5782,0,0,0,2508,0,14,67,0,74,"[0.3204, 0.253, 0.2496, 0.3554, 0.4493, 0.3702, 0.3255, 0.2748, 0.3207, 0.2937, 0.1753, 0.2708, 0.2645, 0.1681, 0.1691, 0.1672, 0.1724, 0.1719, 0.1697, 0.1712, 0.1707, 0.1757, 0.1723, 0.1754, 0.1755, 0.1848, 0.3254, 0.3469, 0.3335, 0.3868, 0.1829, 0.3357, 0.1831, 0.3619, 0.6516, 0.1817, 0.508, 0.4885, 0.4914, 0.3108, 0.3919, 0.4667, 0.4024, 0.2725, 0.1898, 0.9715, 0.4888, 0.2771, 0.5156, 0.531, 0.6284, 0.2764, 0.2937, 0.3907, 0.3204, 0.3473, 0.1863, 0.3832, 0.1796, 0.3101, 0.1855, 0.1802, 0.1773, 0.1787, 0.1794, 0.1844, 0.1811, 0.1783, 0.1802, 0.1742, 0.294, 0.2928, 0.1875, 0.1707]",0.2736180415013223,0.5210046960506587,0.971490875002928,0,24.172,15.0,0.0
2025-11-27|oraculo_directo|prueba|4|39.0694|base|60|todas|onsite,2025-11-27,oraculo_directo,prueba,4,39.0694,base,60,todas,onsite,28267,2394,30661,2521,681,1840,11200,409,1747,620,0.2329919880208962,185,"{""devolucion_origen"": 0, ""entrega_sin_recogida"": 377, ""fisico"": 377, ""fuera_servicio"": 0, ""tope"": 0, ""visitas"": 0}",5600,5600,0,0,0,2521,0,14,67,0,74,"[0.1843, 0.428, 0.3906, 0.4399, 0.3548, 0.3002, 0.186, 0.2428, 0.2236, 0.2877, 0.3313, 0.2598, 0.1686, 0.4191, 0.1711, 0.2808, 0.169, 0.1717, 0.2535, 0.2547, 0.1778, 0.2647, 0.316, 0.2853, 0.1828, 0.3049, 0.2579, 0.2698, 0.2829, 0.2948, 0.4628, 0.4696, 0.2868, 0.2693, 0.1815, 0.4192, 0.3922, 0.6116, 0.543, 0.4763, 0.3787, 0.3894, 0.3021, 0.2538, 0.6149, 0.1771, 0.3044, 0.2835, 0.309, 0.1769, 0.2686, 0.2832, 0.2544, 0.1738, 0.1815, 0.2615, 0.2984, 0.2894, 0.3321, 0.2863, 0.2035, 0.1863, 0.1868, 0.1883, 0.187, 0.1844, 0.1866, 0.1884, 0.1885, 0.2605, 0.2579, 0.2125, 0.174, 0.1712]",0.2666401040005439,0.4719272395981533,0.6149039999945671,0,23.092,0.0,0.0
2025-11-27|lgbm_directo|prueba|4|88.9149|base|60|todas|onsite,2025-11-27,lgbm_directo,prueba,4,88.9149,base,60,todas,onsite,58693,4504,63197,2386,619,1767,12000,495,4809,1005,0.2579646510817949,401,"{""devolucion_origen"": 8, ""entrega_sin_recogida"": 275, ""fisico"": 283, ""fuera_servicio"": 0, ""tope"": 0, ""visitas"": 0}",6004,6004,0,0,0,2386,0,14,63,0,74,"[1.278, 0.3109, 0.2671, 0.2909, 0.3294, 0.3253, 0.3714, 0.1691, 0.28, 0.3044, 0.1718, 0.3055, 0.2863, 0.1768, 0.2943, 0.1737, 0.1668, 0.171, 0.174, 0.1856, 0.1711, 0.1701, 0.1731, 0.32, 0.1769, 0.3774, 0.3257, 0.3435, 0.3341, 0.346, 0.377, 0.1827, 0.3343, 0.3518, 0.3397, 0.3645, 0.3441, 0.4585, 0.4726, 0.597, 0.3141, 0.5618, 0.3409, 0.3088, 0.3055, 0.7469, 0.3004, 0.3993, 0.2869, 0.5842, 0.4028, 0.284, 0.282, 0.3656, 0.2805, 0.3076, 0.3447, 0.2995, 0.1746, 0.2898, 0.1778, 0.1735, 0.177, 0.1763, 0.1746, 0.183, 0.175, 0.1734, 0.1798, 0.3188, 0.326, 0.1866, 0.1778, 0.167]",0.2999689585012675,0.5696301623975158,1.2779992499999937,0,24.782,8.0,0.0
2025-11-28|sin_rebalanceo|prueba|0|0.0|base|60|todas|onsite,2025-11-28,sin_rebalanceo,prueba,0,0.0,base,60,todas,onsite,194988,48148,243136,0,0,0,0,0,11369,5815,0.4398061409937617,909,"{""devolucion_origen"": 0, ""entrega_sin_recogida"": 0, ""fisico"": 0, ""fuera_servicio"": 0, ""tope"": 0, ""visitas"": 0}",0,0,0,0,0,0,0,0,0,0,0,[],0.0,0.0,0.0,0,2.127,0.0,
2025-11-28|ecobici|prueba|0|0.0|base|60|todas|onsite,2025-11-28,ecobici,prueba,0,0.0,base,60,todas,onsite,76974,9338,86312,2801,1385,1416,13407,0,1704,477,0.2630275294183771,272,"{""devolucion_origen"": 0, ""entrega_sin_recogida"": 0, ""fisico"": 108, ""fuera_servicio"": 0, ""tope"": 0, ""visitas"": 0}",6569,6730,0,161,0,2783,0,72,123,0,0,[],0.0,0.0,0.0,0,2.126,0.0,2783.0
2025-11-28|oraculo_diario|prueba|4|57.5805|base|60|todas|onsite,2025-11-28,oraculo_diario,prueba,4,57.5805,base,60,todas,onsite,35113,1965,37078,2181,556,1625,10462,398,2515,666,0.223235004558886,260,"{""devolucion_origen"": 10, ""entrega_sin_recogida"": 203, ""fisico"": 213, ""fuera_servicio"": 0, ""tope"": 0, ""visitas"": 0}",5236,5236,0,0,0,2181,0,14,67,0,74,"[0.3257, 0.3418, 0.1796, 0.3193, 0.4421, 0.373, 0.2346, 0.2357, 0.4033, 0.2449, 0.1769, 0.1749, 0.1755, 0.1737, 0.1839, 0.292, 0.252, 0.1685, 0.1746, 0.297, 0.3381, 0.1845, 0.3528, 0.2898, 0.3255, 0.3712, 0.3071, 0.258, 0.4579, 0.4269, 0.3717, 0.6354, 0.3608, 0.3563, 0.1801, 0.301, 0.1854, 0.3821, 0.3539, 0.255, 0.3269, 0.6934, 0.2953, 0.52, 0.1751, 0.1718, 0.2783, 0.3184, 0.3706, 0.2749, 0.3304, 0.294, 0.2949, 0.2481, 0.4629, 0.3106, 0.5049, 0.1861, 0.3295, 0.3321, 0.3264, 0.1805, 0.1764, 0.1834, 0.1858, 0.1758, 0.1825, 0.1836, 0.2644, 0.2927, 0.2738, 0.1718, 0.1746, 0.171]",0.2923613540042424,0.4775824357526287,0.6934429589964566,0,23.719,10.0,0.0
2025-11-28|ma_diaria|prueba|4|72.8507|base|60|todas|onsite,2025-11-28,ma_diaria,prueba,4,72.8507,base,60,todas,onsite,50775,3207,53982,2214,530,1684,10855,452,3525,814,0.2214764548817991,318,"{""devolucion_origen"": 13, ""entrega_sin_recogida"": 193, ""fisico"": 206, ""fuera_servicio"": 0, ""tope"": 0, ""visitas"": 0}",5434,5434,0,0,0,2214,0,14,65,0,74,"[0.359, 0.6163, 0.2477, 0.3639, 0.2629, 0.2433, 0.3469, 0.3653, 0.1719, 0.2643, 0.3161, 0.2474, 0.2712, 0.1718, 0.1766, 0.307, 0.1852, 0.1727, 0.1741, 0.1774, 0.3813, 0.353, 0.3517, 0.348, 0.343, 0.4055, 0.3451, 0.4431, 0.457, 0.3296, 0.3547, 0.3459, 0.3363, 0.6964, 0.7009, 0.4325, 0.4127, 0.4883, 0.1781, 0.4725, 0.3982, 0.4153, 0.2849, 0.2674, 0.5778, 0.1759, 0.432, 0.3422, 0.2798, 0.5256, 0.2854, 0.175, 0.1743, 0.5595, 0.3394, 0.3568, 0.5596, 0.34, 0.3288, 0.1821, 0.1887, 0.1854, 0.1849, 0.1937, 0.1782, 0.1925, 0.1793, 0.1799, 0.179, 0.1716, 0.3037, 0.1689, 0.1821, 0.1613]",0.3115251874987734,0.5659361850972344,0.7009259589976864,0,25.512,13.0,0.0
2025-11-28|lgbm_diario|prueba|4|72.7447|base|60|todas|onsite,2025-11-28,lgbm_diario,prueba,4,72.7447,base,60,todas,onsite,50340,3595,53935,2266,527,1739,10266,407,3400,823,0.2259175114449755,335,"{""devolucion_origen"": 4, ""entrega_sin_recogida"": 149, ""fisico"": 153, ""fuera_servicio"": 0, ""tope"": 0, ""visitas"": 0}",5135,5135,0,0,0,2266,0,14,62,0,74,"[0.2688, 0.4625, 0.1786, 0.2385, 0.3682, 0.4021, 0.343, 0.3547, 0.2985, 0.3027, 0.2955, 0.1709, 0.2736, 0.1728, 0.1801, 0.1739, 0.1749, 0.1708, 0.1715, 0.1893, 0.3344, 0.1738, 0.3451, 0.3648, 0.5042, 0.4102, 0.1814, 0.3504, 0.1826, 0.3479, 0.331, 0.4723, 0.5487, 0.5515, 0.5998, 0.1821, 0.4962, 0.5838, 0.4995, 0.9476, 0.1746, 0.55, 0.7875, 0.3054, 0.2779, 0.2894, 0.3958, 0.4399, 0.2672, 0.1861, 0.471, 0.3341, 0.3173, 0.1746, 0.3146, 0.4794, 0.3657, 0.318, 0.3384, 0.3198, 0.1761, 0.1835, 0.1771, 0.1756, 0.1869, 0.1874, 0.1807, 0.1895, 0.1714, 0.1805, 0.3145, 0.2788, 0.1859, 0.1717]",0.3005620210024062,0.5628199772021615,0.9475744160008616,0,25.737,4.0,0.0
2025-11-28|oraculo_directo|prueba|4|39.0694|base|60|todas|onsite,2025-11-28,oraculo_directo,prueba,4,39.0694,base,60,todas,onsite,24981,1921,26902,2281,591,1690,10041,378,1368,620,0.1939091405162843,153,"{""devolucion_origen"": 1, ""entrega_sin_recogida"": 290, ""fisico"": 291, ""fuera_servicio"": 0, ""tope"": 0, ""visitas"": 0}",5021,5021,0,0,0,2281,0,14,67,0,74,"[0.4524, 0.3734, 0.4922, 0.6236, 0.2614, 0.3689, 0.1832, 0.237, 0.3801, 0.289, 0.1814, 0.2317, 0.2486, 0.2415, 0.2535, 0.2569, 0.2632, 0.2579, 0.2806, 0.2657, 0.4645, 0.3627, 0.1861, 0.3364, 0.1781, 0.1855, 0.6677, 0.3033, 0.4275, 0.5085, 0.444, 0.4012, 0.4244, 0.3496, 0.4774, 0.4016, 0.3917, 0.3543, 0.4619, 0.2456, 0.4161, 0.1735, 0.2633, 0.253, 0.2606, 0.1807, 0.4831, 0.1873, 0.5336, 0.4542, 0.177, 0.2767, 0.1934, 0.1784, 0.3232, 0.3391, 0.2971, 0.303, 0.1785, 0.2982, 0.2104, 0.1824, 0.1803, 0.1828, 0.3217, 0.1805, 0.1841, 0.2698, 0.192, 0.1902, 0.1924, 0.1769, 0.1749, 0.1692]",0.2645125625022047,0.4979262123957595,0.667678124998929,0,24.498,1.0,0.0
2025-11-28|lgbm_directo|prueba|4|88.9149|base|60|todas|onsite,2025-11-28,lgbm_directo,prueba,4,88.9149,base,60,todas,onsite,50987,3246,54233,2221,549,1672,11436,475,3809,808,0.2269057330109117,340,"{""devolucion_origen"": 2, ""entrega_sin_recogida"": 276, ""fisico"": 278, ""fuera_servicio"": 0, ""tope"": 0, ""visitas"": 0}",5719,5719,0,0,0,2223,2,14,61,0,74,"[1.2083, 0.2769, 0.2724, 0.2727, 0.3728, 0.1735, 0.3053, 0.1688, 0.3943, 0.1673, 0.3139, 0.1711, 0.1683, 0.1711, 0.1669, 0.3041, 0.1721, 0.3174, 0.1775, 0.1748, 0.3331, 0.3618, 0.3496, 0.1816, 0.3905, 0.3506, 0.2125, 0.5215, 0.3348, 0.5852, 0.3516, 0.3804, 0.3363, 0.3233, 0.3903, 0.3685, 0.3909, 0.7123, 0.4106, 0.3443, 0.3479, 0.5491, 0.3359, 0.4355, 0.3433, 0.1739, 0.1717, 0.3115, 0.6044, 0.5993, 0.3127, 0.4861, 0.3106, 0.3046, 0.4602, 0.3052, 0.3232, 0.3112, 0.3184, 0.3407, 0.1862, 0.1816, 0.1812, 0.3708, 0.1901, 0.1886, 0.1927, 0.1841, 0.2106, 0.3445, 0.3441, 0.1795, 0.1682, 0.1581]",0.3156493750029767,0.5901243372984026,1.2082784159938456,0,25.994,2.0,0.0
2025-11-29|sin_rebalanceo|prueba|0|0.0|base|60|todas|onsite,2025-11-29,sin_rebalanceo,prueba,0,0.0,base,60,todas,onsite,112681,21677,134358,0,0,0,0,0,2807,764,0.2960116321981134,216,"{""devolucion_origen"": 0, ""entrega_sin_recogida"": 0, ""fisico"": 0, ""fuera_servicio"": 0, ""tope"": 0, ""visitas"": 0}",0,0,0,0,0,0,0,0,0,0,0,[],0.0,0.0,0.0,0,1.841,0.0,
2025-11-29|ecobici|prueba|0|0.0|base|60|todas|onsite,2025-11-29,ecobici,prueba,0,0.0,base,60,todas,onsite,55765,15506,71271,1172,540,632,3690,0,192,50,0.2075532893770922,76,"{""devolucion_origen"": 0, ""entrega_sin_recogida"": 0, ""fisico"": 2, ""fuera_servicio"": 0, ""tope"": 0, ""visitas"": 0}",1795,1893,0,98,0,1172,0,32,49,0,0,[],0.0,0.0,0.0,0,1.849,0.0,1172.0
2025-11-29|oraculo_diario|prueba|4|57.5805|base|60|todas|onsite,2025-11-29,oraculo_diario,prueba,4,57.5805,base,60,todas,onsite,14656,1476,16132,1178,214,964,4043,156,276,4,0.221647520867464,41,"{""devolucion_origen"": 9, ""entrega_sin_recogida"": 51, ""fisico"": 60, ""fuera_servicio"": 0, ""tope"": 0, ""visitas"": 0}",2026,2026,0,0,0,1178,0,14,51,0,74,"[0.181, 0.1858, 0.1851, 0.3706, 0.4017, 0.1954, 0.3556, 0.3863, 0.3101, 0.1832, 0.3511, 0.3397, 0.3042, 0.2997, 0.3143, 0.3121, 0.3174, 0.3674, 0.1843, 0.3504, 0.3001, 0.3019, 0.3491, 0.2697, 0.288, 0.355, 0.2969, 0.4626, 0.5513, 0.4097, 0.5788, 0.2856, 0.3027, 0.4395, 0.5954, 0.5005, 0.4521, 0.3422, 0.4738, 0.5841, 0.4123, 1.0331, 0.295, 0.4252, 0.4448, 0.4748, 0.1844, 0.2943, 0.3949, 0.3837, 0.4866, 0.301, 0.1938, 0.1914, 0.4474, 0.1875, 0.3729, 0.4781, 0.3859, 0.1871, 0.3687, 0.3464, 0.7202, 0.4053, 0.1877, 0.3545, 0.4079, 0.4784, 0.1813, 0.1828, 0.1885, 0.173, 0.1743, 0.1717]",0.3477712914973381,0.5806877272014389,1.0331390829960585,0,27.836,9.0,0.0
2025-11-29|ma_diaria|prueba|4|72.8507|base|60|todas|onsite,2025-11-29,ma_diaria,prueba,4,72.8507,base,60,todas,onsite,35387,2990,38377,1212,187,1025,3750,153,1162,60,0.2416805625761934,100,"{""devolucion_origen"": 0, ""entrega_sin_recogida"": 12, ""fisico"": 12, ""fuera_servicio"": 0, ""tope"": 0, ""visitas"": 0}",1875,1875,0,0,0,1212,0,14,44,0,74,"[0.1787, 0.1947, 0.388, 0.1788, 0.4048, 0.4076, 0.4351, 0.4923, 0.3557, 0.394, 0.3589, 0.3232, 0.544, 0.485, 0.38, 0.5435, 0.4761, 0.3279, 0.593, 0.5617, 0.8351, 0.1815, 0.3986, 0.352, 0.1827, 0.1779, 0.4777, 0.182, 0.1797, 0.1848, 0.1832, 0.4245, 0.1778, 0.1834, 0.1828, 0.1871, 0.4801, 0.4884, 0.1815, 0.3523, 0.417, 0.4188, 0.6615, 0.5887, 0.3704, 0.5862, 0.4557, 0.1821, 0.6378, 0.1795, 0.4443, 0.3782, 0.4832, 0.6083, 0.1796, 0.8278, 0.1844, 0.4345, 0.1799, 0.3837, 0.7529, 0.18, 0.1818, 0.1808, 0.1931, 0.1942, 0.2016, 0.3837, 0.3726, 0.1873, 0.3286, 0.3175, 0.1868, 0.163]",0.3646521254995605,0.6461040500020316,0.8350603750004666,0,28.326,0.0,0.0
2025-11-29|lgbm_diario|prueba|4|72.7447|base|60|todas|onsite,2025-11-29,lgbm_diario,prueba,4,72.7447,base,60,todas,onsite,34753,3062,37815,1240,180,1060,3650,145,1130,69,0.2393146635503221,98,"{""devolucion_origen"": 0, ""entrega_sin_recogida"": 7, ""fisico"": 7, ""fuera_servicio"": 0, ""tope"": 0, ""visitas"": 0}",1825,1825,0,0,0,1240,0,14,43,0,74,"[0.1782, 0.3808, 0.3647, 0.1887, 0.407, 0.194, 0.191, 0.1907, 0.4234, 0.3847, 0.3639, 0.369, 0.3557, 0.3947, 0.3804, 0.4962, 0.1822, 0.3526, 0.4434, 0.3423, 1.0025, 0.1817, 0.3986, 0.1895, 0.1966, 0.1927, 0.3781, 0.1864, 0.1869, 0.1818, 0.3768, 0.366, 0.2157, 0.3815, 0.4729, 0.1856, 0.2221, 0.1852, 0.1821, 0.2004, 0.5916, 0.5543, 0.5201, 0.632, 0.6987, 0.6212, 0.1837, 0.1891, 0.4045, 0.1834, 0.5359, 0.6613, 0.1859, 0.5009, 0.19, 0.187, 0.1826, 0.1859, 0.409, 0.3982, 0.3906, 0.1887, 0.1913, 0.1884, 0.1853, 0.1873, 0.1805, 2.5989, 0.3738, 0.2163, 0.3476, 0.1781, 0.1934, 0.1649]",0.2822015624988125,0.6422196459483528,2.5989227919999394,0,28.097,0.0,0.0
2025-11-29|oraculo_directo|prueba|4|39.0694|base|60|todas|onsite,2025-11-29,oraculo_directo,prueba,4,39.0694,base,60,todas,onsite,12411,1089,13500,996,179,817,2952,110,99,3,0.22630766417237,29,"{""devolucion_origen"": 0, ""entrega_sin_recogida"": 23, ""fisico"": 23, ""fuera_servicio"": 0, ""tope"": 0, ""visitas"": 0}",1476,1476,0,0,0,996,0,14,63,0,74,"[0.1815, 0.1913, 0.1904, 0.3978, 0.3668, 0.3805, 0.399, 0.344, 0.3272, 0.1959, 0.1949, 0.3265, 0.4174, 0.191, 0.3157, 0.3178, 0.3099, 0.3443, 0.3835, 0.4141, 0.3428, 0.3679, 0.3193, 0.2821, 0.472, 0.3012, 0.2923, 0.3969, 0.1897, 0.3833, 0.3636, 0.3054, 0.448, 0.2922, 0.3202, 0.1872, 0.3688, 0.4281, 0.51, 0.3272, 0.2731, 0.6379, 0.4427, 0.489, 0.4396, 0.3819, 0.466, 0.4751, 0.2991, 0.3813, 0.3389, 0.3084, 0.3124, 0.3301, 0.3316, 0.4215, 0.3409, 0.3773, 0.3554, 0.3583, 0.3651, 0.4447, 0.4233, 0.8129, 0.6925, 0.3294, 0.7655, 0.1863, 0.7746, 0.1865, 0.1894, 0.2042, 0.1811, 0.2267]",0.3434172915003728,0.6570330705984813,0.8128638749985839,0,28.537,0.0,0.0
2025-11-29|lgbm_directo|prueba|4|88.9149|base|60|todas|onsite,2025-11-29,lgbm_directo,prueba,4,88.9149,base,60,todas,onsite,31423,2475,33898,1330,211,1119,4738,176,1088,33,0.2246529474076603,95,"{""devolucion_origen"": 0, ""entrega_sin_recogida"": 27, ""fisico"": 27, ""fuera_servicio"": 0, ""tope"": 0, ""visitas"": 0}",2369,2369,0,0,0,1330,0,14,35,0,74,"[1.117, 0.4363, 0.4106, 0.3733, 0.3954, 0.1905, 0.3801, 0.3826, 0.4051, 0.1851, 0.4142, 0.3459, 0.1811, 0.3448, 0.1854, 0.6578, 0.4482, 0.7012, 0.3604, 0.3597, 0.5935, 0.3621, 0.3722, 0.4201, 0.1947, 0.3902, 0.4772, 0.8079, 0.4132, 0.1808, 0.1893, 0.4199, 0.1792, 0.4397, 0.5001, 0.1838, 0.3893, 0.49, 0.4482, 0.4116, 0.4055, 0.4737, 0.6051, 0.1812, 0.3929, 0.6171, 0.4135, 0.1818, 0.3924, 0.1838, 0.5796, 0.7775, 0.4336, 0.8912, 0.192, 0.5393, 0.5631, 0.184, 0.1891, 0.1915, 0.19, 0.1932, 0.1851, 0.1981, 0.3534, 0.2011, 0.3372, 0.6978, 0.3897, 0.171, 0.3417, 0.1867, 0.1663, 0.1633]",0.385922916499112,0.7278954061526742,1.1170111669998732,0,30.305,0.0,0.0
2025-11-30|sin_rebalanceo|prueba|0|0.0|base|60|todas|onsite,2025-11-30,sin_rebalanceo,prueba,0,0.0,base,60,todas,onsite,91737,27122,118859,0,0,0,0,0,2064,903,0.2596397566334808,167,"{""devolucion_origen"": 0, ""entrega_sin_recogida"": 0, ""fisico"": 0, ""fuera_servicio"": 0, ""tope"": 0, ""visitas"": 0}",0,0,0,0,0,0,0,0,0,0,0,[],0.0,0.0,0.0,0,1.762,0.0,
2025-11-30|ecobici|prueba|0|0.0|base|60|todas|onsite,2025-11-30,ecobici,prueba,0,0.0,base,60,todas,onsite,54035,18369,72404,1078,540,538,3541,0,176,100,0.2281114146424753,69,"{""devolucion_origen"": 0, ""entrega_sin_recogida"": 0, ""fisico"": 3, ""fuera_servicio"": 0, ""tope"": 0, ""visitas"": 0}",1737,1801,0,64,0,1077,0,38,82,0,0,[],0.0,0.0,0.0,0,1.746,0.0,1077.0
2025-11-30|oraculo_diario|prueba|4|57.5805|base|60|todas|onsite,2025-11-30,oraculo_diario,prueba,4,57.5805,base,60,todas,onsite,14723,1700,16423,1029,193,836,3107,141,231,11,0.2165473839948484,27,"{""devolucion_origen"": 3, ""entrega_sin_recogida"": 47, ""fisico"": 50, ""fuera_servicio"": 0, ""tope"": 0, ""visitas"": 0}",1555,1555,0,0,0,1029,0,14,45,0,74,"[0.1845, 0.3285, 0.1905, 0.1956, 0.1933, 0.4869, 0.1867, 0.1852, 0.1838, 0.1872, 0.1981, 0.3103, 0.304, 0.3952, 0.3123, 0.2857, 0.3081, 0.2871, 0.3063, 0.267, 0.3754, 0.2796, 0.2818, 0.1807, 0.1907, 0.2712, 0.1792, 0.2963, 0.3321, 0.3019, 0.3066, 0.2942, 0.1918, 0.1782, 0.187, 0.1834, 0.3333, 0.1834, 0.1913, 0.3115, 0.1853, 0.4458, 0.3944, 0.3338, 0.3399, 0.2174, 0.1873, 0.5577, 0.1937, 0.3803, 0.333, 0.1899, 0.1946, 0.3552, 0.4702, 0.4359, 0.368, 0.3777, 0.1993, 0.6517, 0.4531, 0.6157, 0.4346, 0.3539, 0.1828, 0.5871, 1.073, 0.1904, 0.181, 0.4766, 0.1822, 0.1702, 0.1771, 0.1711]",0.2864028754993342,0.5680000603002553,1.0730170419992646,0,24.235,3.0,0.0
2025-11-30|ma_diaria|prueba|4|72.8507|base|60|todas|onsite,2025-11-30,ma_diaria,prueba,4,72.8507,base,60,todas,onsite,29359,3624,32983,1041,180,861,3114,142,765,77,0.2207207308586966,73,"{""devolucion_origen"": 0, ""entrega_sin_recogida"": 13, ""fisico"": 13, ""fuera_servicio"": 0, ""tope"": 0, ""visitas"": 0}",1557,1557,0,0,0,1041,0,14,34,0,74,"[0.1817, 0.1869, 0.186, 0.1905, 0.3832, 0.3901, 0.4198, 0.4255, 0.3636, 0.1795, 0.1892, 0.3667, 0.3382, 0.1793, 0.1849, 0.3269, 0.3531, 0.1843, 0.3972, 0.1793, 0.1817, 0.3765, 0.1805, 0.4376, 0.358, 0.183, 0.3754, 0.1757, 0.18, 0.3534, 0.1857, 0.1816, 0.4069, 0.1807, 0.3525, 0.3456, 0.1878, 0.4074, 0.1796, 0.1843, 0.1795, 0.4242, 0.4319, 0.4541, 0.1844, 0.4611, 0.184, 0.4739, 0.509, 0.1861, 0.1827, 0.1845, 0.1887, 0.5135, 0.1927, 0.4489, 0.4906, 0.1996, 0.192, 0.1813, 0.1832, 0.1851, 1.0998, 0.1926, 0.8354, 0.1874, 0.1867, 0.1891, 0.3476, 0.1804, 0.3339, 0.1741, 0.1698, 0.1622]",0.1898567710013594,0.4970318078998388,1.0998046249951583,0,23.541,0.0,0.0
2025-11-30|lgbm_diario|prueba|4|72.7447|base|60|todas|onsite,2025-11-30,lgbm_diario,prueba,4,72.7447,base,60,todas,onsite,29797,3056,32853,1007,189,818,2772,120,715,88,0.2215395614608867,74,"{""devolucion_origen"": 0, ""entrega_sin_recogida"": 14, ""fisico"": 14, ""fuera_servicio"": 0, ""tope"": 0, ""visitas"": 0}",1386,1386,0,0,0,1007,0,14,32,0,74,"[0.1847, 0.3874, 0.4238, 0.2052, 0.4422, 0.4119, 0.1858, 0.1923, 0.1818, 0.4146, 0.3856, 0.3719, 0.3322, 0.3463, 0.3813, 0.3309, 0.3884, 0.1793, 0.4514, 0.3665, 0.3489, 0.3571, 0.1794, 0.3763, 0.3827, 0.3877, 0.1845, 0.1751, 0.1779, 0.1937, 0.1932, 0.1894, 0.4788, 0.1832, 0.1781, 0.1857, 0.1888, 0.1807, 0.1861, 0.3687, 0.1855, 0.1771, 0.1972, 0.4932, 0.1795, 0.1865, 0.1914, 0.4929, 0.1819, 0.1906, 0.1829, 0.1893, 0.1831, 0.3882, 0.5187, 0.1927, 0.3241, 0.1915, 0.34, 0.1914, 0.189, 0.71, 1.3052, 0.6685, 0.192, 0.623, 0.1877, 0.1814, 0.2943, 0.1844, 0.3328, 0.167, 0.1644, 0.1633]",0.1929699380016245,0.5551766913489694,1.305183707998367,0,24.152,0.0,0.0
2025-11-30|oraculo_directo|prueba|4|39.0694|base|60|todas|onsite,2025-11-30,oraculo_directo,prueba,4,39.0694,base,60,todas,onsite,12540,1381,13921,808,171,637,2182,85,135,15,0.1978799743180909,28,"{""devolucion_origen"": 0, ""entrega_sin_recogida"": 18, ""fisico"": 18, ""fuera_servicio"": 0, ""tope"": 0, ""visitas"": 0}",1091,1091,0,0,0,808,0,14,55,0,74,"[0.1821, 0.1864, 0.337, 0.1979, 0.1919, 0.1879, 0.3795, 0.3697, 0.2076, 0.1998, 0.3728, 0.3518, 0.322, 0.1936, 0.4058, 0.3348, 0.3363, 0.3151, 0.3303, 0.1797, 0.1875, 0.4204, 0.3266, 0.3244, 0.3057, 0.3386, 0.1823, 0.2969, 0.3159, 0.1823, 0.4074, 0.1897, 0.1895, 0.1874, 0.1829, 0.306, 0.1839, 0.1855, 0.1847, 0.1959, 0.3255, 0.1889, 0.1897, 0.308, 0.305, 0.3052, 0.1857, 0.3124, 0.4434, 0.1936, 0.3102, 0.3201, 0.4221, 0.4136, 0.4585, 0.351, 0.5338, 0.6221, 0.4282, 1.0141, 1.0085, 0.3198, 1.2023, 1.4909, 0.2965, 0.7051, 0.1891, 0.1788, 0.306, 2.029, 0.6911, 0.3648, 0.1738, 0.1815]",0.3112911249991157,1.0105058062512398,2.029022375005298,0,29.287,0.0,0.0
2025-11-30|lgbm_directo|prueba|4|88.9149|base|60|todas|onsite,2025-11-30,lgbm_directo,prueba,4,88.9149,base,60,todas,onsite,27730,3387,31117,1132,200,932,3962,178,873,80,0.2213496961374378,68,"{""devolucion_origen"": 0, ""entrega_sin_recogida"": 36, ""fisico"": 36, ""fuera_servicio"": 0, ""tope"": 0, ""visitas"": 0}",1981,1981,0,0,0,1132,0,14,34,0,74,"[1.1197, 0.1955, 0.405, 0.1817, 0.4063, 0.1934, 0.443, 0.407, 0.1836, 0.1851, 0.3994, 0.4189, 0.3319, 0.3401, 0.4596, 0.5902, 0.3975, 0.3968, 0.4408, 0.6326, 0.1787, 0.3642, 0.4488, 0.4263, 0.3842, 0.4985, 0.4982, 0.3985, 0.1788, 0.1795, 0.3682, 0.1821, 0.3913, 0.1828, 0.3802, 0.1856, 0.3727, 0.1757, 0.387, 0.3746, 0.4961, 0.4602, 0.4958, 0.5238, 0.1852, 0.1853, 0.4358, 0.5924, 0.5067, 0.18, 0.4756, 0.1876, 0.5116, 0.7201, 0.1886, 0.1812, 0.1922, 0.1897, 0.373, 0.3893, 0.3363, 0.3721, 0.1893, 0.196, 0.3166, 0.186, 0.3684, 0.1865, 0.1981, 0.3988, 0.3569, 0.1814, 0.1643, 0.1641]",0.3723830834969703,0.5909722687516478,1.119668500003172,0,27.655,0.0,0.0
2025-12-01|sin_rebalanceo|prueba|0|0.0|base|60|todas|onsite,2025-12-01,sin_rebalanceo,prueba,0,0.0,base,60,todas,onsite,207171,63489,270660,0,0,0,0,0,12493,7677,0.44447249713429,858,"{""devolucion_origen"": 0, ""entrega_sin_recogida"": 0, ""fisico"": 0, ""fuera_servicio"": 0, ""tope"": 0, ""visitas"": 0}",0,0,0,0,0,0,0,0,0,0,0,[],0.0,0.0,0.0,0,2.218,0.0,
2025-12-01|ecobici|prueba|0|0.0|base|60|todas|onsite,2025-12-01,ecobici,prueba,0,0.0,base,60,todas,onsite,94620,19384,114004,2843,1393,1450,14317,0,3054,1161,0.2998714098695413,330,"{""devolucion_origen"": 0, ""entrega_sin_recogida"": 0, ""fisico"": 245, ""fuera_servicio"": 0, ""tope"": 0, ""visitas"": 0}",6927,7145,0,218,0,2814,0,73,146,0,0,[],0.0,0.0,0.0,0,2.198,0.0,2814.0
2025-12-01|oraculo_diario|prueba|4|57.5805|base|60|todas|onsite,2025-12-01,oraculo_diario,prueba,4,57.5805,base,60,todas,onsite,40185,2973,43158,2597,710,1887,12352,531,3874,895,0.2612302015595844,222,"{""devolucion_origen"": 34, ""entrega_sin_recogida"": 323, ""fisico"": 357, ""fuera_servicio"": 0, ""tope"": 0, ""visitas"": 0}",6193,6193,0,0,0,2597,0,14,67,0,74,"[0.2789, 0.1864, 0.1849, 0.3892, 0.1706, 0.3696, 0.1736, 0.3318, 0.256, 0.1736, 0.1966, 0.2318, 0.1671, 0.2821, 0.1771, 0.1708, 0.1817, 0.1694, 0.1721, 0.1761, 0.1817, 0.1786, 0.2703, 0.3412, 0.2836, 0.2689, 0.2673, 0.3372, 0.4343, 0.4593, 0.4729, 0.327, 0.3542, 0.6426, 0.2893, 0.2939, 0.5107, 0.2596, 0.2473, 0.327, 0.5204, 0.3629, 0.4211, 0.1742, 0.2517, 0.3449, 0.2941, 0.1753, 0.179, 0.2279, 0.2618, 0.3354, 0.2781, 0.5956, 0.3333, 0.1669, 0.2449, 0.2676, 0.2693, 0.2652, 0.2878, 0.1796, 0.184, 0.1899, 0.1922, 0.1754, 0.184, 0.1834, 0.1865, 0.1757, 0.1844, 0.1756, 0.1854, 0.1692]",0.2538184170007298,0.4861541771966584,0.6426205419993494,0,22.039,34.0,0.0
2025-12-01|ma_diaria|prueba|4|72.8507|base|60|todas|onsite,2025-12-01,ma_diaria,prueba,4,72.8507,base,60,todas,onsite,55126,3763,58889,2610,716,1894,12505,513,4439,969,0.2511275988937982,302,"{""devolucion_origen"": 11, ""entrega_sin_recogida"": 208, ""fisico"": 219, ""fuera_servicio"": 0, ""tope"": 0, ""visitas"": 0}",6258,6258,0,0,0,2610,0,14,67,0,74,"[0.1829, 0.1793, 0.3161, 0.3896, 0.262, 0.3468, 0.1807, 0.18, 0.3627, 0.2778, 0.1713, 0.2469, 0.171, 0.1653, 0.1644, 0.1685, 0.1735, 0.1697, 0.1706, 0.1699, 0.1744, 0.175, 0.1814, 0.1801, 0.1817, 0.1785, 0.1818, 0.4013, 0.3751, 0.3367, 0.3494, 0.3472, 0.3494, 0.1878, 0.3147, 0.404, 0.3135, 0.3649, 0.283, 0.2957, 0.464, 0.4322, 0.4431, 0.5118, 0.2779, 0.3392, 0.4445, 0.2771, 0.2962, 0.2641, 0.2787, 0.4577, 0.339, 0.7295, 0.4371, 0.3514, 0.3095, 0.1762, 0.1748, 0.1806, 0.1853, 0.1846, 0.2002, 0.1845, 0.1914, 0.1922, 0.1902, 0.192, 0.1842, 0.1827, 0.2897, 0.2789, 0.1842, 0.1632]",0.2544731255002261,0.4491134295003575,0.7295427089993609,0,22.271,11.0,0.0
2025-12-01|lgbm_diario|prueba|4|72.7447|base|60|todas|onsite,2025-12-01,lgbm_diario,prueba,4,72.7447,base,60,todas,onsite,58828,5040,63868,2603,663,1940,11565,474,4494,1046,0.2539273999221181,331,"{""devolucion_origen"": 7, ""entrega_sin_recogida"": 137, ""fisico"": 144, ""fuera_servicio"": 0, ""tope"": 0, ""visitas"": 0}",5786,5786,0,0,0,2603,0,14,67,0,74,"[0.2985, 0.4184, 0.4266, 0.3395, 0.4299, 0.1764, 0.3853, 0.4559, 0.2601, 0.3139, 0.3293, 0.3237, 0.2731, 0.1683, 0.1713, 0.1689, 0.1732, 0.1738, 0.1708, 0.1694, 0.1692, 0.3486, 0.1752, 0.1791, 0.1746, 0.1748, 0.3268, 0.1797, 0.3224, 0.1776, 0.1778, 0.3505, 0.3579, 0.1876, 0.3898, 0.336, 0.4371, 0.4435, 0.5304, 0.5436, 0.4212, 0.4844, 0.3868, 0.4719, 0.3353, 0.5489, 0.4528, 0.4759, 0.4084, 0.3259, 0.3795, 0.4511, 0.2977, 0.4174, 0.271, 0.2835, 0.2953, 0.3121, 0.181, 0.1775, 0.1778, 0.1784, 0.1878, 0.1801, 0.185, 0.1868, 0.1802, 0.1879, 0.1784, 0.1732, 0.1745, 0.2648, 0.1822, 0.1623]",0.2894063544954406,0.4788714336507836,0.5489392910021706,0,23.917,7.0,0.0
2025-12-01|oraculo_directo|prueba|4|39.0694|base|60|todas|onsite,2025-12-01,oraculo_directo,prueba,4,39.0694,base,60,todas,onsite,29963,2363,32326,2761,777,1984,12011,487,2336,692,0.2042237038364761,154,"{""devolucion_origen"": 5, ""entrega_sin_recogida"": 493, ""fisico"": 498, ""fuera_servicio"": 0, ""tope"": 0, ""visitas"": 0}",6008,6008,0,0,0,2763,2,14,67,0,74,"[0.5498, 0.5644, 0.6376, 0.1792, 0.3314, 0.1819, 0.4386, 0.2286, 0.3596, 0.3363, 0.2379, 0.2283, 0.1772, 0.1726, 0.4227, 0.1793, 0.1799, 0.1808, 0.1778, 0.1773, 0.1857, 0.3039, 0.2866, 0.278, 0.2846, 0.2847, 0.3206, 0.2886, 0.2807, 0.5309, 0.805, 0.386, 0.3398, 0.2773, 0.3345, 0.2801, 0.5283, 0.5254, 0.4635, 0.378, 0.3595, 0.2641, 0.3121, 0.3903, 0.46, 0.3657, 0.4094, 0.2532, 0.2958, 0.2996, 0.273, 0.3548, 0.1829, 0.3744, 0.4902, 0.5699, 0.2582, 0.2925, 0.3554, 0.2904, 0.2996, 0.1891, 0.2026, 0.1938, 0.2025, 0.19, 0.3452, 0.1979, 0.2916, 0.1893, 0.2428, 0.2108, 0.1784, 0.1774]",0.2894885629975761,0.5548961248998239,0.8050332909988356,0,25.503,5.0,0.0
2025-12-01|lgbm_directo|prueba|4|88.9149|base|60|todas|onsite,2025-12-01,lgbm_directo,prueba,4,88.9149,base,60,todas,onsite,59603,4297,63900,2559,662,1897,12713,569,5055,1032,0.2597292164388073,344,"{""devolucion_origen"": 5, ""entrega_sin_recogida"": 233, ""fisico"": 238, ""fuera_servicio"": 0, ""tope"": 0, ""visitas"": 0}",6359,6359,0,0,0,2559,0,14,67,0,74,"[1.2735, 0.4205, 0.2659, 0.3005, 0.4655, 0.3114, 0.3519, 0.4426, 0.4213, 0.3201, 0.166, 0.4404, 0.2801, 0.166, 0.1694, 0.1745, 0.1742, 0.1712, 0.1685, 0.1706, 0.1704, 0.1738, 0.174, 0.1812, 0.1835, 0.1782, 0.187, 0.3391, 0.1818, 0.3779, 0.3729, 0.4769, 0.6221, 0.3367, 0.1841, 0.4416, 0.3719, 0.3296, 0.3735, 0.5098, 0.2923, 0.3777, 0.3086, 0.3827, 0.3612, 0.3612, 0.5922, 0.4209, 0.3488, 0.5016, 0.424, 0.393, 0.3765, 0.3977, 0.5915, 0.3918, 0.4218, 0.296, 0.3207, 0.1803, 0.3259, 0.178, 0.1782, 0.1751, 0.1845, 0.1756, 0.179, 0.1803, 0.1756, 0.3459, 0.3062, 0.1655, 0.1628, 0.1591]",0.3157393335022789,0.5384262892497641,1.2734750840027118,0,25.756,5.0,0.0
2025-12-02|sin_rebalanceo|prueba|0|0.0|base|60|todas|onsite,2025-12-02,sin_rebalanceo,prueba,0,0.0,base,60,todas,onsite,203239,74368,277607,0,0,0,0,0,13935,9624,0.4596802941476356,1163,"{""devolucion_origen"": 0, ""entrega_sin_recogida"": 0, ""fisico"": 0, ""fuera_servicio"": 0, ""tope"": 0, ""visitas"": 0}",0,0,0,0,0,0,0,0,0,0,0,[],0.0,0.0,0.0,0,2.282,0.0,
2025-12-02|ecobici|prueba|0|0.0|base|60|todas|onsite,2025-12-02,ecobici,prueba,0,0.0,base,60,todas,onsite,83939,25737,109676,2897,1369,1528,14518,0,2955,1489,0.2875758144030951,329,"{""devolucion_origen"": 0, ""entrega_sin_recogida"": 0, ""fisico"": 255, ""fuera_servicio"": 0, ""tope"": 0, ""visitas"": 0}",6965,7298,0,333,0,2870,0,70,123,0,0,[],0.0,0.0,0.0,0,2.227,0.0,2870.0
2025-12-02|oraculo_diario|prueba|4|57.5805|base|60|todas|onsite,2025-12-02,oraculo_diario,prueba,4,57.5805,base,60,todas,onsite,39691,4830,44521,2576,769,1807,12522,505,4185,1390,0.2605196152914358,276,"{""devolucion_origen"": 20, ""entrega_sin_recogida"": 326, ""fisico"": 346, ""fuera_servicio"": 0, ""tope"": 0, ""visitas"": 0}",6271,6271,0,0,0,2578,2,14,67,0,74,"[0.306, 0.2735, 0.248, 0.3832, 0.2424, 0.2644, 0.2762, 0.3013, 0.5071, 0.2386, 0.2787, 0.2364, 0.4632, 0.1686, 0.4218, 0.2456, 0.1665, 0.1732, 0.1665, 0.1744, 0.3453, 0.1739, 0.1779, 0.4062, 0.1816, 0.1799, 0.182, 0.285, 0.3185, 0.1797, 0.1867, 0.3812, 0.3831, 0.3482, 0.1871, 0.351, 0.3899, 0.4612, 0.4101, 0.2811, 0.4179, 0.3426, 0.2692, 0.3715, 0.3822, 0.4482, 0.2462, 0.305, 0.4883, 0.1821, 0.4892, 0.24, 0.4918, 0.479, 0.2401, 0.2671, 0.282, 0.316, 0.3053, 0.1823, 0.1908, 0.1797, 0.1802, 0.1773, 0.188, 0.1794, 0.1817, 0.1789, 0.1798, 0.184, 0.1913, 0.179, 0.2615, 0.1843]",0.2629838335014938,0.4822899648017482,0.5071061250055209,0,23.065,20.0,0.0
2025-12-02|ma_diaria|prueba|4|72.8507|base|60|todas|onsite,2025-12-02,ma_diaria,prueba,4,72.8507,base,60,todas,onsite,58439,7087,65526,2682,774,1908,12460,530,5317,1542,0.2538837318951253,400,"{""devolucion_origen"": 6, ""entrega_sin_recogida"": 163, ""fisico"": 169, ""fuera_servicio"": 0, ""tope"": 0, ""visitas"": 0}",6233,6233,0,0,0,2682,0,14,67,0,74,"[0.3468, 0.3072, 0.2835, 0.3238, 0.5061, 0.3008, 0.3459, 0.3964, 0.2607, 0.2569, 0.3381, 0.3543, 0.1751, 0.1775, 0.1719, 0.1659, 0.1693, 0.1719, 0.1717, 0.1809, 0.1753, 0.1771, 0.1798, 0.1774, 0.1778, 0.1819, 0.1846, 0.3948, 0.3958, 0.181, 0.1939, 0.1857, 0.4442, 0.4445, 0.3527, 0.4219, 0.3408, 0.2889, 0.1813, 0.2934, 0.4111, 0.3364, 0.4641, 0.3773, 0.4369, 0.3347, 0.3059, 0.4636, 0.428, 0.2883, 0.4302, 0.3193, 0.3415, 0.3135, 0.1717, 0.3016, 0.1749, 0.1702, 0.1722, 0.1731, 0.1756, 0.1742, 0.1731, 0.1754, 0.1751, 0.1826, 0.1774, 0.1709, 0.1784, 0.17, 0.2875, 0.2792, 0.1814, 0.163]",0.2587873334996402,0.4442720703988015,0.5060771669959649,0,22.172,6.0,0.0
2025-12-02|lgbm_diario|prueba|4|72.7447|base|60|todas|onsite,2025-12-02,lgbm_diario,prueba,4,72.7447,base,60,todas,onsite,58257,7501,65758,2684,803,1881,12161,486,5226,1683,0.262902413274017,387,"{""devolucion_origen"": 9, ""entrega_sin_recogida"": 159, ""fisico"": 168, ""fuera_servicio"": 0, ""tope"": 0, ""visitas"": 0}",6085,6085,0,0,0,2684,0,14,67,0,74,"[0.1799, 0.2687, 0.3031, 0.1846, 0.1777, 0.4532, 0.2571, 0.2735, 0.259, 0.2554, 0.1701, 0.1969, 0.1639, 0.1728, 0.1676, 0.1625, 0.1716, 0.1728, 0.1728, 0.1769, 0.1823, 0.1771, 0.1756, 0.1785, 0.1784, 0.176, 0.1808, 0.3905, 0.3391, 0.3741, 0.406, 0.3423, 0.3363, 0.1898, 0.4522, 0.186, 0.3128, 0.2935, 0.1817, 0.3765, 0.3459, 0.2917, 0.3943, 0.5873, 0.4048, 0.3147, 0.387, 0.3567, 0.3614, 0.2839, 0.3439, 0.371, 0.5018, 0.2875, 0.3722, 0.2841, 0.1758, 0.1778, 0.1776, 0.1741, 0.1797, 0.1731, 0.1772, 0.1748, 0.1819, 0.1736, 0.1714, 0.174, 0.1744, 0.1715, 0.3008, 0.2764, 0.1909, 0.1688]",0.1903221665015735,0.4221452347508599,0.5872657919971971,0,21.427,9.0,0.0
2025-12-02|oraculo_directo|prueba|4|39.0694|base|60|todas|onsite,2025-12-02,oraculo_directo,prueba,4,39.0694,base,60,todas,onsite,29981,3754,33735,2752,787,1965,11929,509,2613,989,0.2198011507260519,184,"{""devolucion_origen"": 5, ""entrega_sin_recogida"": 425, ""fisico"": 430, ""fuera_servicio"": 0, ""tope"": 0, ""visitas"": 0}",5967,5967,0,0,0,2752,0,14,67,0,74,"[0.184, 0.3799, 0.2947, 0.3197, 0.4937, 0.181, 0.2904, 0.2927, 0.2452, 0.1687, 0.4353, 0.2363, 0.3238, 0.177, 0.1663, 0.1678, 0.1701, 0.1714, 0.1745, 0.1738, 0.1838, 0.178, 0.2545, 0.2831, 0.2597, 0.1874, 0.3047, 0.2948, 0.2668, 0.2625, 0.2925, 0.3136, 0.26, 0.2904, 0.2727, 0.1851, 0.4403, 0.5932, 0.41, 0.3112, 0.2803, 0.4128, 0.3177, 0.2726, 0.3023, 0.3005, 0.2453, 0.4624, 0.1783, 0.2295, 0.2663, 0.4126, 0.4967, 0.4431, 0.3226, 0.2638, 0.4305, 0.317, 0.2692, 0.2871, 0.1844, 0.1844, 0.1809, 0.186, 0.1873, 0.1854, 0.3428, 0.1902, 0.1915, 0.2235, 0.1767, 0.2459, 0.1754, 0.2963]",0.2665355005010497,0.4498485358461038,0.5931736249985988,0,22.661,5.0,0.0
2025-12-02|lgbm_directo|prueba|4|88.9149|base|60|todas|onsite,2025-12-02,lgbm_directo,prueba,4,88.9149,base,60,todas,onsite,60121,7275,67396,2535,747,1788,12629,522,5920,1553,0.2721392788695416,392,"{""devolucion_origen"": 21, ""entrega_sin_recogida"": 259, ""fisico"": 280, ""fuera_servicio"": 0, ""tope"": 0, ""visitas"": 0}",6325,6325,0,0,0,2535,0,14,67,0,74,"[1.3119, 0.2953, 0.2921, 0.3825, 0.2754, 0.2783, 0.3405, 0.2466, 0.4495, 0.4154, 0.2887, 0.2749, 0.1751, 0.1648, 0.1677, 0.1652, 0.1649, 0.18, 0.1709, 0.1728, 0.1742, 0.1729, 0.1731, 0.1771, 0.1822, 0.1797, 0.1793, 0.3525, 0.3464, 0.3537, 0.4106, 0.3629, 0.3361, 0.3916, 0.1851, 0.4045, 0.3766, 0.3175, 0.3313, 0.3736, 0.3155, 0.3742, 0.391, 0.4642, 0.3737, 0.3983, 0.52, 0.2856, 0.3614, 0.3452, 0.4028, 0.2768, 0.2817, 0.3082, 0.3457, 0.3514, 0.2989, 0.1758, 0.1758, 0.1713, 0.177, 0.1764, 0.1786, 0.1772, 0.183, 0.1765, 0.1805, 0.1772, 0.1918, 0.3811, 0.365, 0.1819, 0.1613, 0.1586]",0.2836235835020488,0.4273504125038014,1.3119192910016864,0,23.837,21.0,0.0
2025-12-03|sin_rebalanceo|prueba|0|0.0|base|60|todas|onsite,2025-12-03,sin_rebalanceo,prueba,0,0.0,base,60,todas,onsite,188065,76397,264462,0,0,0,0,0,12420,9577,0.4353663143630011,1100,"{""devolucion_origen"": 0, ""entrega_sin_recogida"": 0, ""fisico"": 0, ""fuera_servicio"": 0, ""tope"": 0, ""visitas"": 0}",0,0,0,0,0,0,0,0,0,0,0,[],0.0,0.0,0.0,0,2.236,0.0,
2025-12-03|ecobici|prueba|0|0.0|base|60|todas|onsite,2025-12-03,ecobici,prueba,0,0.0,base,60,todas,onsite,86566,25610,112176,2982,1533,1449,14245,0,3166,1448,0.3400546418462595,404,"{""devolucion_origen"": 0, ""entrega_sin_recogida"": 0, ""fisico"": 306, ""fuera_servicio"": 0, ""tope"": 0, ""visitas"": 0}",7064,6875,0,-189,0,2953,0,74,142,0,0,[],0.0,0.0,0.0,0,2.208,0.0,2953.0
2025-12-03|oraculo_diario|prueba|4|57.5805|base|60|todas|onsite,2025-12-03,oraculo_diario,prueba,4,57.5805,base,60,todas,onsite,35136,4835,39971,2532,731,1801,12505,529,3095,1309,0.247600476132531,306,"{""devolucion_origen"": 19, ""entrega_sin_recogida"": 285, ""fisico"": 304, ""fuera_servicio"": 0, ""tope"": 0, ""visitas"": 0}",6262,6262,0,0,0,2532,0,14,67,0,74,"[0.2704, 0.2811, 0.3083, 0.3047, 0.2794, 0.2296, 0.386, 0.2254, 0.3451, 0.2274, 0.2486, 0.274, 0.2278, 0.1751, 0.1715, 0.1716, 0.165, 0.17, 0.1711, 0.1806, 0.1768, 0.1796, 0.177, 0.4195, 0.3291, 0.1809, 0.283, 0.2972, 0.2615, 0.2767, 0.1864, 0.2635, 0.2769, 0.2713, 0.2724, 0.1774, 0.394, 0.3996, 0.3692, 0.4435, 0.1773, 0.2374, 0.3866, 0.1719, 0.3353, 0.4738, 0.2589, 0.4107, 0.4058, 0.3461, 0.2353, 0.1712, 0.3877, 0.3834, 0.252, 0.2751, 0.3611, 0.2793, 0.2758, 0.1752, 0.1828, 0.1807, 0.1776, 0.1808, 0.1782, 0.1794, 0.1807, 0.1814, 0.1804, 0.1752, 0.1841, 0.1711, 0.174, 0.1662]",0.2429950209952949,0.4074943460476788,0.473849041001813,0,21.19,19.0,0.0
2025-12-03|ma_diaria|prueba|4|72.8507|base|60|todas|onsite,2025-12-03,ma_diaria,prueba,4,72.8507,base,60,todas,onsite,53974,8128,62102,2581,773,1808,11806,484,4660,1549,0.2613758990645362,412,"{""devolucion_origen"": 20, ""entrega_sin_recogida"": 190, ""fisico"": 210, ""fuera_servicio"": 0, ""tope"": 0, ""visitas"": 0}",5913,5913,0,0,0,2581,0,14,67,0,74,"[0.273, 0.2773, 0.41, 0.2523, 0.1732, 0.4409, 0.1831, 0.3368, 0.2437, 0.1756, 0.259, 0.3144, 0.1715, 0.1741, 0.1663, 0.1714, 0.1901, 0.1717, 0.1774, 0.1805, 0.1737, 0.1768, 0.1843, 0.352, 0.3387, 0.1775, 0.1838, 0.3994, 0.3917, 0.3768, 0.3751, 0.1843, 0.4282, 0.3528, 0.3572, 0.4228, 0.3743, 0.3926, 0.4426, 0.3091, 0.1828, 0.3139, 0.4721, 0.4618, 0.3132, 0.3549, 0.2771, 0.4723, 0.2747, 0.3045, 0.4895, 0.521, 0.2852, 0.2998, 0.2935, 0.316, 0.1787, 0.1864, 0.1732, 0.1729, 0.1804, 0.184, 0.1834, 0.1874, 0.1817, 0.1755, 0.1894, 0.1745, 0.1761, 0.1746, 0.3001, 0.3, 0.183, 0.1613]",0.2659949584995047,0.4654282376024639,0.5209823330005747,0,22.563,20.0,0.0
2025-12-03|lgbm_diario|prueba|4|72.7447|base|60|todas|onsite,2025-12-03,lgbm_diario,prueba,4,72.7447,base,60,todas,onsite,54089,8090,62179,2577,755,1822,11723,504,4556,1594,0.2589731179381672,386,"{""devolucion_origen"": 17, ""entrega_sin_recogida"": 166, ""fisico"": 183, ""fuera_servicio"": 0, ""tope"": 0, ""visitas"": 0}",5870,5870,0,0,0,2577,0,14,67,0,74,"[0.2561, 0.2584, 0.2341, 0.3746, 0.1737, 0.5607, 0.3845, 0.1765, 0.2547, 0.2713, 0.2585, 0.3427, 0.1658, 0.1617, 0.1653, 0.1694, 0.1652, 0.1948, 0.1717, 0.1704, 0.1724, 0.1735, 0.1777, 0.1844, 0.3675, 0.1785, 0.1772, 0.3463, 0.1849, 0.3724, 0.19, 0.3613, 0.371, 0.4259, 0.3197, 0.4455, 0.3448, 0.4029, 0.1826, 0.3528, 0.4182, 0.3824, 0.3511, 0.3054, 0.2858, 0.5558, 0.3289, 0.4911, 0.6504, 0.4615, 0.7452, 0.2988, 0.3153, 0.2905, 0.2999, 0.3, 0.1781, 0.172, 0.1723, 0.1757, 0.1769, 0.172, 0.1716, 0.1752, 0.1763, 0.179, 0.1773, 0.1735, 0.1812, 0.1747, 0.2879, 0.2664, 0.1809, 0.1631]",0.2553888540023763,0.5137563126023448,0.7452021249991958,0,22.798,17.0,0.0
2025-12-03|oraculo_directo|prueba|4|39.0694|base|60|todas|onsite,2025-12-03,oraculo_directo,prueba,4,39.0694,base,60,todas,onsite,26474,4484,30958,2641,785,1856,11704,452,1868,1044,0.2189784267350694,216,"{""devolucion_origen"": 0, ""entrega_sin_recogida"": 404, ""fisico"": 404, ""fuera_servicio"": 0, ""tope"": 0, ""visitas"": 0}",5852,5852,0,0,0,2643,2,14,67,0,74,"[0.2967, 0.2787, 0.2971, 0.3393, 0.322, 0.3265, 0.3371, 0.4041, 0.25, 0.1813, 0.2215, 0.214, 0.169, 0.1726, 0.1653, 0.1887, 0.1696, 0.1714, 0.1834, 0.1757, 0.1751, 0.1755, 0.1748, 0.2765, 0.1773, 0.2606, 0.2873, 0.3767, 0.2698, 0.284, 0.2774, 0.2864, 0.2718, 0.3683, 0.3752, 0.267, 0.4149, 0.3448, 0.1777, 0.3027, 0.1822, 0.4592, 0.2545, 0.2506, 0.2434, 0.3726, 0.4245, 0.3144, 0.2596, 0.2461, 0.455, 0.249, 0.248, 0.172, 0.2739, 0.3441, 0.2838, 0.2777, 0.289, 0.3254, 0.1823, 0.1874, 0.1825, 0.1842, 0.1838, 0.1902, 0.1921, 0.1952, 0.2005, 0.2816, 0.2387, 0.2695, 0.1742, 0.2076]",0.2570594379976683,0.4078676459452253,0.4591989170003216,0,21.516,0.0,0.0
2025-12-03|lgbm_directo|prueba|4|88.9149|base|60|todas|onsite,2025-12-03,lgbm_directo,prueba,4,88.9149,base,60,todas,onsite,54437,9062,63499,2481,706,1775,12078,484,5088,1764,0.2625664766810737,401,"{""devolucion_origen"": 6, ""entrega_sin_recogida"": 246, ""fisico"": 252, ""fuera_servicio"": 0, ""tope"": 0, ""visitas"": 0}",6042,6042,0,0,0,2481,0,14,67,0,74,"[1.2026, 0.1841, 0.2435, 0.244, 0.1739, 0.1723, 0.2737, 0.2927, 0.1745, 0.2469, 0.2672, 0.4311, 0.2818, 0.1643, 0.1651, 0.1626, 0.1964, 0.17, 0.1685, 0.1704, 0.1722, 0.1763, 0.1759, 0.2092, 0.1824, 0.1751, 0.1779, 0.1861, 0.426, 0.1928, 0.4466, 0.187, 0.1935, 0.3326, 0.1834, 0.409, 0.329, 0.3549, 0.4184, 0.3892, 0.3419, 0.3529, 0.4377, 0.3364, 0.368, 0.545, 0.4683, 0.5684, 0.1767, 0.2851, 0.378, 0.273, 0.3643, 0.398, 0.2637, 0.3086, 0.1783, 0.1755, 0.1756, 0.197, 0.1791, 0.1778, 0.177, 0.1787, 0.1781, 0.1747, 0.1758, 0.1751, 0.1747, 0.3417, 0.3251, 0.1782, 0.1621, 0.1587]",0.1949453120032558,0.4542124016494198,1.2025829589983914,0,22.301,6.0,0.0
2025-12-04|sin_rebalanceo|prueba|0|0.0|base|60|todas|onsite,2025-12-04,sin_rebalanceo,prueba,0,0.0,base,60,todas,onsite,204443,70018,274461,0,0,0,0,0,13676,8976,0.4394098556189872,1288,"{""devolucion_origen"": 0, ""entrega_sin_recogida"": 0, ""fisico"": 0, ""fuera_servicio"": 0, ""tope"": 0, ""visitas"": 0}",0,0,0,0,0,0,0,0,0,0,0,[],0.0,0.0,0.0,0,2.263,0.0,
2025-12-04|ecobici|prueba|0|0.0|base|60|todas|onsite,2025-12-04,ecobici,prueba,0,0.0,base,60,todas,onsite,87379,18741,106120,2871,1406,1465,14082,0,2342,1258,0.2850637295582409,383,"{""devolucion_origen"": 0, ""entrega_sin_recogida"": 0, ""fisico"": 170, ""fuera_servicio"": 0, ""tope"": 0, ""visitas"": 0}",6954,6958,0,4,0,2854,0,72,134,0,0,[],0.0,0.0,0.0,0,2.216,0.0,2854.0
2025-12-04|oraculo_diario|prueba|4|57.5805|base|60|todas|onsite,2025-12-04,oraculo_diario,prueba,4,57.5805,base,60,todas,onsite,40516,4801,45317,2561,716,1845,12489,519,3656,1053,0.245893552903659,323,"{""devolucion_origen"": 25, ""entrega_sin_recogida"": 350, ""fisico"": 375, ""fuera_servicio"": 0, ""tope"": 0, ""visitas"": 0}",6257,6257,0,0,0,2561,0,14,67,0,74,"[0.2893, 0.2902, 0.3603, 0.2482, 0.1808, 0.287, 0.3423, 0.2256, 0.3561, 0.1741, 0.2627, 0.2231, 0.2815, 0.4909, 0.2276, 0.2361, 0.1696, 0.1812, 0.2886, 0.1716, 0.1778, 0.1846, 0.1828, 0.2707, 0.1881, 0.3965, 0.3725, 0.297, 0.2759, 0.3565, 0.2792, 0.3449, 0.3841, 0.2907, 0.3444, 0.2738, 0.383, 0.3617, 0.179, 0.4737, 0.4556, 0.2765, 0.4926, 0.2361, 0.343, 0.1735, 0.3715, 0.2235, 0.2772, 0.2461, 0.2503, 0.1721, 0.2871, 0.2297, 0.4255, 0.3159, 0.2847, 0.2787, 0.1798, 0.1753, 0.1875, 0.2739, 0.1802, 0.1883, 0.1947, 0.1783, 0.1831, 0.1887, 0.1925, 0.1942, 0.1791, 0.1721, 0.1745, 0.1848]",0.2565103545020974,0.4360415733488478,0.4926015410019317,0,22.016,25.0,0.0
2025-12-04|ma_diaria|prueba|4|72.8507|base|60|todas|onsite,2025-12-04,ma_diaria,prueba,4,72.8507,base,60,todas,onsite,58428,5577,64005,2583,717,1866,11891,477,4641,980,0.2599015071003636,433,"{""devolucion_origen"": 11, ""entrega_sin_recogida"": 191, ""fisico"": 202, ""fuera_servicio"": 0, ""tope"": 0, ""visitas"": 0}",5951,5951,0,0,0,2583,0,14,67,0,74,"[0.3601, 0.2801, 0.3094, 0.3368, 0.3363, 0.5707, 0.4737, 0.3634, 0.281, 0.17, 0.3259, 0.1705, 0.2629, 0.1675, 0.1702, 0.1694, 0.1702, 0.1972, 0.1687, 0.1712, 0.1754, 0.1765, 0.1799, 0.1798, 0.3595, 0.1927, 0.3367, 0.3559, 0.425, 0.36, 0.2182, 0.3343, 0.3555, 0.3214, 0.1842, 0.3544, 0.5179, 0.4823, 0.4578, 0.286, 0.6003, 0.1761, 0.3909, 0.4667, 0.3912, 0.3083, 0.2694, 0.3936, 0.2919, 0.427, 0.3209, 0.3723, 0.2914, 0.3089, 0.5347, 0.2985, 0.3072, 0.3001, 0.3286, 0.1881, 0.1782, 0.1784, 0.1714, 0.1768, 0.1765, 0.1822, 0.1771, 0.1726, 0.1807, 0.1728, 0.2911, 0.2695, 0.1783, 0.159]",0.2912487915018573,0.4947834294031052,0.6002877089995309,0,23.614,11.0,0.0
2025-12-04|lgbm_diario|prueba|4|72.7447|base|60|todas|onsite,2025-12-04,lgbm_diario,prueba,4,72.7447,base,60,todas,onsite,59892,6064,65956,2551,685,1866,11761,471,4759,1060,0.2553415395207947,393,"{""devolucion_origen"": 15, ""entrega_sin_recogida"": 150, ""fisico"": 165, ""fuera_servicio"": 0, ""tope"": 0, ""visitas"": 0}",5888,5888,0,0,0,2551,0,14,67,0,74,"[0.2945, 0.3754, 0.2488, 0.4164, 0.1774, 0.3677, 0.424, 0.3796, 0.4326, 0.2981, 0.2422, 0.2686, 0.3538, 0.2011, 0.1759, 0.1668, 0.1699, 0.1764, 0.1687, 0.1732, 0.1949, 0.1704, 0.1818, 0.1801, 0.187, 0.1796, 0.1807, 0.1848, 0.4719, 0.2121, 0.1944, 0.3446, 0.3605, 0.1843, 0.3158, 0.3047, 0.381, 0.4285, 0.3854, 0.3612, 0.1761, 0.4695, 0.3236, 0.2725, 0.1807, 0.3933, 0.309, 0.3366, 0.464, 0.2611, 0.3408, 0.3746, 0.4038, 0.2848, 0.2073, 0.4401, 0.3147, 0.2978, 0.3124, 0.1725, 0.1761, 0.173, 0.1744, 0.1755, 0.1792, 0.1779, 0.179, 0.1909, 0.1853, 0.1728, 0.2987, 0.2684, 0.1796, 0.1659]",0.2549277505022473,0.4352351273002568,0.4719340000010561,0,22.361,15.0,0.0
2025-12-04|oraculo_directo|prueba|4|39.0694|base|60|todas|onsite,2025-12-04,oraculo_directo,prueba,4,39.0694,base,60,todas,onsite,29234,4011,33245,2790,791,1999,11777,452,2087,780,0.211517293755612,183,"{""devolucion_origen"": 3, ""entrega_sin_recogida"": 520, ""fisico"": 523, ""fuera_servicio"": 0, ""tope"": 0, ""visitas"": 0}",5890,5890,0,0,0,2790,0,14,67,0,74,"[0.3754, 0.3296, 0.3613, 0.3285, 0.3748, 0.2323, 0.2443, 0.1775, 0.2908, 0.2691, 0.2294, 0.3626, 0.2704, 0.2375, 0.3686, 0.2874, 0.1684, 0.1749, 0.1765, 0.1786, 0.1763, 0.2613, 0.3702, 0.2927, 0.1837, 0.2842, 0.4342, 0.2783, 0.2781, 0.2968, 0.3178, 0.3029, 0.4204, 0.323, 0.1845, 0.6172, 0.4128, 0.4103, 0.3618, 0.3105, 0.3046, 0.2919, 0.2615, 0.2417, 0.2724, 0.1768, 0.282, 0.3038, 0.2356, 0.3766, 0.4045, 0.1754, 0.4776, 0.2535, 0.1739, 0.3605, 0.339, 0.3261, 0.1854, 0.2826, 0.1935, 0.2863, 0.1805, 0.1932, 0.1831, 0.1865, 0.1881, 0.32, 0.1845, 0.2856, 0.2908, 0.1865, 0.257, 0.3369]",0.2833903540013125,0.415492396503032,0.6172369170017191,0,23.23,3.0,0.0
2025-12-04|lgbm_directo|prueba|4|88.9149|base|60|todas|onsite,2025-12-04,lgbm_directo,prueba,4,88.9149,base,60,todas,onsite,60818,5904,66722,2401,647,1754,12157,527,4976,1069,0.2571197655234755,490,"{""devolucion_origen"": 13, ""entrega_sin_recogida"": 221, ""fisico"": 234, ""fuera_servicio"": 0, ""tope"": 0, ""visitas"": 0}",6085,6085,0,0,0,2401,0,14,66,0,74,"[1.2893, 0.2989, 0.4494, 0.2415, 0.1771, 0.187, 0.2839, 0.1754, 0.264, 0.2765, 0.2731, 0.2784, 0.3103, 0.1674, 0.2611, 0.1732, 0.1691, 0.1709, 0.1686, 0.2032, 0.1722, 0.3167, 0.1771, 0.3956, 0.1885, 0.375, 0.1788, 0.1804, 0.4831, 0.4506, 0.1866, 0.3771, 0.3401, 0.3293, 0.5987, 0.4526, 0.6363, 0.6459, 0.3478, 0.5031, 0.3482, 0.3553, 0.3891, 0.4263, 0.336, 0.1755, 0.2729, 0.3062, 0.4922, 0.547, 0.2698, 0.169, 0.5207, 0.3695, 0.3039, 0.2892, 0.3941, 0.2944, 0.3088, 0.1735, 0.1737, 0.1747, 0.1758, 0.1804, 0.181, 0.1764, 0.1924, 0.187, 0.1901, 0.352, 0.2981, 0.1929, 0.1664, 0.1606]",0.2774238330021035,0.5651022328995166,1.2892766250006389,0,25.072,13.0,0.0
2025-12-05|sin_rebalanceo|prueba|0|0.0|base|60|todas|onsite,2025-12-05,sin_rebalanceo,prueba,0,0.0,base,60,todas,onsite,203003,52178,255181,0,0,0,0,0,12376,6612,0.4231485856474401,1032,"{""devolucion_origen"": 0, ""entrega_sin_recogida"": 0, ""fisico"": 0, ""fuera_servicio"": 0, ""tope"": 0, ""visitas"": 0}",0,0,0,0,0,0,0,0,0,0,0,[],0.0,0.0,0.0,0,2.175,0.0,
2025-12-05|ecobici|prueba|0|0.0|base|60|todas|onsite,2025-12-05,ecobici,prueba,0,0.0,base,60,todas,onsite,81962,10996,92958,2605,1264,1341,13092,0,1458,340,0.2285124635972472,284,"{""devolucion_origen"": 0, ""entrega_sin_recogida"": 0, ""fisico"": 75, ""fuera_servicio"": 0, ""tope"": 0, ""visitas"": 0}",6492,6525,0,33,0,2594,0,68,121,0,0,[],0.0,0.0,0.0,0,2.121,0.0,2594.0
2025-12-05|oraculo_diario|prueba|4|57.5805|base|60|todas|onsite,2025-12-05,oraculo_diario,prueba,4,57.5805,base,60,todas,onsite,33969,3429,37398,2296,570,1726,10767,416,2249,390,0.2315697916466693,206,"{""devolucion_origen"": 9, ""entrega_sin_recogida"": 265, ""fisico"": 274, ""fuera_servicio"": 0, ""tope"": 0, ""visitas"": 0}",5388,5388,0,0,0,2298,2,14,67,0,74,"[0.1824, 0.4094, 0.1923, 0.3484, 0.2998, 0.2693, 0.569, 0.228, 0.256, 0.2312, 0.1731, 0.2961, 0.2909, 0.1709, 0.1866, 0.1702, 0.1707, 0.1794, 0.253, 0.2475, 0.3018, 0.2609, 0.2969, 0.1786, 0.2694, 0.1768, 0.2591, 0.259, 0.1796, 0.3152, 0.2817, 0.2822, 0.1795, 0.4619, 0.3494, 0.2841, 0.4996, 0.489, 0.4071, 0.3058, 0.2954, 0.3706, 0.2521, 0.2776, 0.298, 0.2614, 0.2901, 0.3412, 0.1827, 0.405, 0.2536, 0.2505, 0.3282, 0.2963, 0.2867, 0.2632, 0.3169, 0.3007, 0.3559, 0.3317, 0.3516, 0.3008, 0.3839, 0.3417, 0.3283, 0.3117, 0.1759, 0.3131, 0.1882, 0.1747, 0.1705, 0.2695, 0.1878, 0.1838]",0.2819727709975268,0.4277813210490419,0.5689631249988452,0,22.984,9.0,0.0
2025-12-05|ma_diaria|prueba|4|72.8507|base|60|todas|onsite,2025-12-05,ma_diaria,prueba,4,72.8507,base,60,todas,onsite,54941,4808,59749,2260,563,1697,11247,499,3834,492,0.249636765934147,311,"{""devolucion_origen"": 17, ""entrega_sin_recogida"": 222, ""fisico"": 239, ""fuera_servicio"": 0, ""tope"": 0, ""visitas"": 0}",5632,5632,0,0,0,2260,0,14,67,0,74,"[0.3521, 0.4038, 0.4464, 0.1769, 0.178, 0.2598, 0.5673, 0.4111, 0.3046, 0.3997, 0.3365, 0.4815, 0.1742, 0.2736, 0.1736, 0.1709, 0.1737, 0.1772, 0.1735, 0.3303, 0.323, 0.3357, 0.1894, 0.4863, 0.3553, 0.3846, 0.359, 0.3261, 0.3322, 0.3193, 0.3905, 0.4897, 0.3002, 0.5477, 0.4025, 0.4552, 0.3987, 0.4455, 0.2904, 0.4464, 0.5211, 0.1801, 0.3387, 0.3651, 0.5684, 0.349, 0.2828, 0.3131, 0.3508, 0.3291, 0.4353, 0.2959, 0.3213, 0.3617, 0.3238, 0.305, 0.3599, 0.3269, 0.3572, 0.1857, 0.3787, 0.3371, 0.3431, 0.3783, 0.1761, 0.1859, 0.1726, 0.1743, 0.1747, 0.183, 0.3064, 0.2872, 0.1795, 0.1632]",0.3297315005002019,0.5006505983488749,0.5684190840038355,0,26.111,17.0,0.0
2025-12-05|lgbm_diario|prueba|4|72.7447|base|60|todas|onsite,2025-12-05,lgbm_diario,prueba,4,72.7447,base,60,todas,onsite,52501,4956,57457,2249,529,1720,10569,431,3297,531,0.2486948491935639,303,"{""devolucion_origen"": 11, ""entrega_sin_recogida"": 165, ""fisico"": 176, ""fuera_servicio"": 0, ""tope"": 0, ""visitas"": 0}",5290,5290,0,0,0,2249,0,14,62,0,74,"[0.2976, 0.3962, 0.4203, 0.3495, 0.3002, 0.273, 0.3921, 0.5384, 0.3066, 0.3027, 0.3621, 0.4065, 0.3108, 0.1714, 0.1743, 0.1727, 0.1708, 0.1742, 0.1744, 0.1774, 0.1813, 0.1755, 0.1842, 0.3162, 0.1859, 0.1898, 0.3431, 0.3371, 0.3825, 0.3862, 0.4897, 0.2934, 0.46, 0.5013, 0.3792, 0.4994, 0.4367, 0.4013, 0.4511, 0.361, 0.3598, 0.7123, 0.2818, 0.1782, 0.4233, 0.2978, 0.3245, 0.4376, 0.461, 0.4317, 0.3537, 0.3884, 0.385, 0.4698, 0.3143, 0.3555, 0.1837, 0.3103, 0.1833, 0.1829, 0.1798, 0.1847, 0.189, 0.1912, 0.1782, 0.1907, 0.181, 0.1833, 0.1835, 0.1751, 0.2973, 0.2773, 0.1797, 0.1607]",0.3046668749993841,0.4931011192002187,0.7123160420014756,0,24.855,11.0,0.0
2025-12-05|oraculo_directo|prueba|4|39.0694|base|60|todas|onsite,2025-12-05,oraculo_directo,prueba,4,39.0694,base,60,todas,onsite,26516,3124,29640,2426,628,1798,10145,471,1364,308,0.2271246766385821,129,"{""devolucion_origen"": 1, ""entrega_sin_recogida"": 314, ""fisico"": 315, ""fuera_servicio"": 0, ""tope"": 0, ""visitas"": 0}",5073,5073,0,0,0,2426,0,14,67,0,74,"[0.677, 0.3581, 0.3088, 0.4055, 0.4528, 0.2501, 0.4176, 0.4593, 0.2424, 0.3454, 0.178, 0.2445, 0.1679, 0.1685, 0.1735, 0.1759, 0.1782, 0.1843, 0.274, 0.3001, 0.3749, 0.2658, 0.3865, 0.4402, 0.2737, 0.2642, 0.2791, 0.5092, 0.2579, 0.3596, 0.409, 0.4217, 0.6193, 0.4205, 0.3498, 0.5012, 0.4778, 0.438, 0.3489, 0.3815, 0.2617, 0.2682, 0.1795, 0.3919, 0.4459, 0.3173, 0.1804, 0.3092, 0.3747, 0.255, 0.3344, 0.2636, 0.2639, 0.1812, 0.3613, 0.1935, 0.2913, 0.3168, 0.1855, 0.1801, 0.2978, 0.1902, 0.1866, 0.1965, 0.1845, 0.1917, 0.1908, 0.3178, 0.3002, 0.1773, 0.2914, 0.2404, 0.1738, 0.1738]",0.2852256664991728,0.4859917665526153,0.6770447499948204,0,24.659,1.0,0.0
2025-12-05|lgbm_directo|prueba|4|88.9149|base|60|todas|onsite,2025-12-05,lgbm_directo,prueba,4,88.9149,base,60,todas,onsite,55102,4727,59829,2235,549,1686,11731,537,4105,524,0.2513331832162491,309,"{""devolucion_origen"": 5, ""entrega_sin_recogida"": 263, ""fisico"": 268, ""fuera_servicio"": 0, ""tope"": 0, ""visitas"": 0}",5868,5868,0,0,0,2235,0,14,64,0,74,"[1.3267, 0.302, 0.1804, 0.176, 0.3624, 0.2673, 0.3636, 0.2646, 0.3109, 0.5501, 0.2541, 0.5239, 0.3063, 0.3195, 0.309, 0.3152, 0.1732, 0.1749, 0.1714, 0.3898, 0.3737, 0.3571, 0.3747, 0.3767, 0.3676, 0.3478, 0.5628, 0.3542, 0.3311, 0.4045, 0.1811, 0.5304, 0.4508, 0.5018, 0.4073, 0.5819, 0.4859, 0.4331, 0.2996, 0.3761, 0.2858, 0.2845, 0.5198, 0.3998, 0.4509, 0.4562, 0.4449, 0.3397, 0.3306, 0.1719, 0.358, 0.5137, 0.1761, 0.2871, 0.1812, 0.1791, 0.3605, 0.322, 0.3761, 0.348, 0.3569, 0.3451, 0.3533, 0.1773, 0.4169, 0.1772, 0.1824, 0.4082, 0.1741, 0.3466, 0.3561, 0.1867, 0.1699, 0.165]",0.347902833000262,0.5373124022018599,1.3266782499995315,0,27.952,5.0,0.0
2025-12-06|sin_rebalanceo|prueba|0|0.0|base|60|todas|onsite,2025-12-06,sin_rebalanceo,prueba,0,0.0,base,60,todas,onsite,108746,21212,129958,0,0,0,0,0,2240,1278,0.279131322843456,180,"{""devolucion_origen"": 0, ""entrega_sin_recogida"": 0, ""fisico"": 0, ""fuera_servicio"": 0, ""tope"": 0, ""visitas"": 0}",0,0,0,0,0,0,0,0,0,0,0,[],0.0,0.0,0.0,0,1.779,0.0,
2025-12-06|ecobici|prueba|0|0.0|base|60|todas|onsite,2025-12-06,ecobici,prueba,0,0.0,base,60,todas,onsite,54573,11359,65932,1165,562,603,3629,0,159,32,0.2152053144719299,56,"{""devolucion_origen"": 0, ""entrega_sin_recogida"": 0, ""fisico"": 3, ""fuera_servicio"": 0, ""tope"": 0, ""visitas"": 0}",1749,1877,0,128,0,1163,0,22,79,0,0,[],0.0,0.0,0.0,0,1.836,0.0,1163.0
2025-12-06|oraculo_diario|prueba|4|57.5805|base|60|todas|onsite,2025-12-06,oraculo_diario,prueba,4,57.5805,base,60,todas,onsite,15903,1884,17787,1082,193,889,3658,162,257,6,0.2131212380064866,30,"{""devolucion_origen"": 0, ""entrega_sin_recogida"": 33, ""fisico"": 33, ""fuera_servicio"": 0, ""tope"": 0, ""visitas"": 0}",1829,1829,0,0,0,1082,0,14,39,0,74,"[0.1838, 0.1881, 0.1993, 0.3668, 0.1969, 0.3469, 0.3081, 0.191, 0.3453, 0.2833, 0.3722, 0.1841, 0.1873, 0.1854, 0.3298, 0.1821, 0.3013, 0.3235, 0.3251, 0.2924, 0.2922, 0.3262, 0.1823, 0.2875, 0.1844, 0.2769, 0.3367, 0.2848, 0.3241, 0.5311, 0.3967, 0.4382, 0.3, 0.4542, 0.1853, 0.3794, 0.4075, 0.2998, 0.4231, 0.3064, 0.3264, 0.3143, 0.318, 0.453, 0.3424, 0.1848, 0.1916, 0.1849, 0.1886, 0.1938, 0.3773, 0.1875, 0.6595, 0.3388, 0.1907, 0.3997, 0.3884, 0.3558, 0.6526, 0.6165, 0.3726, 0.5823, 0.3668, 0.5881, 0.486, 0.3883, 0.5147, 1.4668, 0.1906, 0.5528, 0.1786, 0.1716, 0.1725, 0.1715]",0.3207413545023883,0.5980173603984439,1.466750332998345,0,26.918,0.0,0.0
2025-12-06|ma_diaria|prueba|4|72.8507|base|60|todas|onsite,2025-12-06,ma_diaria,prueba,4,72.8507,base,60,todas,onsite,36200,2654,38854,1179,174,1005,3696,147,1145,63,0.2239352220149858,83,"{""devolucion_origen"": 0, ""entrega_sin_recogida"": 5, ""fisico"": 5, ""fuera_servicio"": 0, ""tope"": 0, ""visitas"": 0}",1848,1848,0,0,0,1179,0,14,34,0,74,"[0.1896, 0.3271, 0.4012, 0.4175, 0.1871, 0.5407, 0.402, 0.2015, 0.3793, 0.4537, 0.3589, 0.1912, 0.6159, 0.4496, 0.6441, 0.4955, 0.468, 0.3355, 0.513, 0.6974, 0.5814, 0.5939, 0.1801, 0.1823, 0.3825, 0.1824, 0.3995, 0.3554, 0.1784, 0.1808, 0.3582, 0.1757, 0.5111, 0.1809, 0.3768, 0.1861, 0.3748, 0.4437, 0.1863, 0.6148, 0.3911, 0.4321, 0.1878, 0.6228, 0.3645, 0.3458, 0.1809, 0.3534, 0.1837, 0.4484, 0.4629, 0.6248, 0.5349, 0.1881, 0.4251, 0.5444, 0.4475, 0.4971, 0.4629, 0.4514, 0.184, 0.5255, 0.523, 3.6613, 0.4079, 0.189, 0.1838, 0.1822, 0.342, 0.1919, 0.1818, 0.286, 0.1798, 0.1609]",0.3780629169996246,0.6234903686498,3.661258457999793,0,32.133,0.0,0.0
2025-12-06|lgbm_diario|prueba|4|72.7447|base|60|todas|onsite,2025-12-06,lgbm_diario,prueba,4,72.7447,base,60,todas,onsite,33383,3005,36388,1175,178,997,3449,128,1049,60,0.2232599066250004,79,"{""devolucion_origen"": 1, ""entrega_sin_recogida"": 6, ""fisico"": 7, ""fuera_servicio"": 0, ""tope"": 0, ""visitas"": 0}",1725,1725,0,0,0,1175,0,14,30,0,74,"[0.1878, 0.3781, 0.3487, 0.3776, 0.1837, 0.3962, 0.1895, 0.3627, 0.3908, 0.3818, 0.4197, 0.5411, 0.3523, 0.6773, 0.4117, 0.1856, 0.4548, 0.345, 0.3555, 0.5129, 0.3507, 0.6855, 0.4054, 0.186, 0.1838, 0.436, 0.4164, 0.3653, 0.1808, 0.1818, 0.1766, 0.4313, 0.4549, 0.1823, 0.1896, 0.1858, 0.1817, 0.1798, 0.1846, 0.343, 0.3683, 0.4963, 0.7457, 0.4377, 0.3952, 0.4241, 0.1882, 0.4914, 0.1783, 0.442, 0.6371, 0.1855, 0.38, 0.19, 0.1899, 0.4774, 0.4805, 0.4977, 0.1805, 0.382, 0.649, 0.1929, 0.186, 0.183, 0.4034, 0.1788, 0.376, 0.3882, 0.359, 0.1861, 0.1706, 0.3039, 0.1835, 0.1635]",0.3608637295001244,0.6412620232502376,0.7457349590040394,0,27.055,1.0,0.0
2025-12-06|oraculo_directo|prueba|4|39.0694|base|60|todas|onsite,2025-12-06,oraculo_directo,prueba,4,39.0694,base,60,todas,onsite,13077,1838,14915,888,153,735,2490,97,88,0,0.2028344113173395,26,"{""devolucion_origen"": 0, ""entrega_sin_recogida"": 19, ""fisico"": 19, ""fuera_servicio"": 0, ""tope"": 0, ""visitas"": 0}",1245,1245,0,0,0,888,0,14,43,0,74,"[0.1979, 0.2089, 0.2044, 0.4138, 0.4506, 0.1996, 0.3951, 0.1897, 0.3717, 0.3384, 0.1872, 0.327, 0.1844, 0.1816, 0.1855, 0.3002, 0.326, 0.1802, 0.3102, 0.1932, 0.3198, 0.3434, 0.3102, 0.2863, 0.3754, 0.1866, 0.3068, 0.2945, 0.2874, 0.3031, 0.366, 0.2967, 0.3505, 0.1861, 0.431, 0.5615, 0.3011, 0.2932, 0.4181, 0.4846, 0.4311, 0.3122, 0.3133, 0.3046, 0.3062, 0.3077, 0.3067, 0.3185, 0.4422, 0.3473, 0.5244, 0.3601, 0.3399, 0.3219, 0.3213, 0.396, 0.347, 0.5033, 0.4629, 0.3579, 0.8475, 0.5982, 0.5544, 0.4885, 0.2698, 0.2855, 0.884, 0.2434, 0.4265, 0.2598, 0.3608, 0.1782, 0.1724, 0.1697]",0.3159264790010638,0.5568923393486329,0.8839879170045606,0,27.038,0.0,0.0
2025-12-06|lgbm_directo|prueba|4|88.9149|base|60|todas|onsite,2025-12-06,lgbm_directo,prueba,4,88.9149,base,60,todas,onsite,32717,2518,35235,1262,210,1052,4500,171,1158,32,0.2319359617511633,87,"{""devolucion_origen"": 6, ""entrega_sin_recogida"": 22, ""fisico"": 28, ""fuera_servicio"": 0, ""tope"": 0, ""visitas"": 0}",2253,2253,0,0,0,1264,2,14,35,0,74,"[1.1228, 0.3913, 0.1921, 0.3879, 0.1892, 0.4266, 0.3644, 0.3539, 0.3973, 0.4359, 0.3441, 0.5059, 0.6212, 0.5083, 0.4068, 0.4495, 0.3315, 0.492, 0.5613, 0.4008, 0.5103, 0.3809, 0.353, 0.3795, 0.3668, 0.6702, 0.5122, 0.1832, 0.1774, 0.1879, 0.1779, 0.3987, 0.1797, 0.366, 0.5146, 0.5608, 0.4744, 0.3527, 0.3666, 0.1857, 0.4369, 0.3652, 0.3826, 0.6622, 0.3895, 0.4621, 0.1816, 0.1769, 0.1804, 0.3837, 0.3895, 0.4708, 0.439, 0.3899, 0.1866, 0.5714, 0.4533, 0.1854, 0.1792, 0.5187, 0.9036, 0.4377, 0.1868, 0.1815, 0.444, 0.4164, 0.1795, 0.6657, 0.181, 0.3596, 0.168, 0.1847, 0.1668, 0.1614]",0.3858017710008425,0.6634294142484577,1.1227522919944022,0,30.082,6.0,0.0
2025-12-07|sin_rebalanceo|prueba|0|0.0|base|60|todas|onsite,2025-12-07,sin_rebalanceo,prueba,0,0.0,base,60,todas,onsite,96989,20723,117712,0,0,0,0,0,2055,1099,0.2630200062442937,202,"{""devolucion_origen"": 0, ""entrega_sin_recogida"": 0, ""fisico"": 0, ""fuera_servicio"": 0, ""tope"": 0, ""visitas"": 0}",0,0,0,0,0,0,0,0,0,0,0,[],0.0,0.0,0.0,0,1.782,0.0,
2025-12-07|ecobici|prueba|0|0.0|base|60|todas|onsite,2025-12-07,ecobici,prueba,0,0.0,base,60,todas,onsite,54573,12498,67071,1200,591,609,4374,0,216,79,0.2023992463658779,108,"{""devolucion_origen"": 0, ""entrega_sin_recogida"": 0, ""fisico"": 12, ""fuera_servicio"": 0, ""tope"": 0, ""visitas"": 0}",2093,2269,0,176,0,1197,0,27,60,0,0,[],0.0,0.0,0.0,0,1.775,0.0,1197.0
2025-12-07|oraculo_diario|prueba|4|57.5805|base|60|todas|onsite,2025-12-07,oraculo_diario,prueba,4,57.5805,base,60,todas,onsite,17511,1897,19408,1122,202,920,3641,152,310,14,0.2266327345433026,72,"{""devolucion_origen"": 3, ""entrega_sin_recogida"": 68, ""fisico"": 71, ""fuera_servicio"": 0, ""tope"": 0, ""visitas"": 0}",1822,1822,0,0,0,1122,0,14,41,0,74,"[0.191, 0.3481, 0.4514, 0.4295, 0.4286, 0.2023, 0.4812, 0.4807, 0.3943, 0.5079, 0.3435, 0.4172, 0.3216, 0.3939, 0.3202, 0.2909, 0.2889, 0.2759, 0.3771, 0.2919, 0.3795, 0.2854, 0.2739, 0.2815, 0.5076, 0.3017, 0.184, 0.1825, 0.3116, 0.3061, 0.1829, 0.3281, 0.1956, 0.1923, 0.3752, 0.1801, 0.341, 0.3506, 0.3178, 0.3124, 0.3302, 0.1866, 0.3271, 0.317, 0.344, 0.3397, 0.3384, 0.3316, 0.3345, 0.5938, 0.3722, 0.3802, 0.3939, 0.6287, 0.3247, 0.5172, 0.3677, 0.1835, 0.391, 0.3718, 0.3816, 0.4203, 0.3967, 0.7453, 0.2604, 0.3781, 0.3474, 0.1865, 0.1813, 0.7867, 0.1809, 0.3104, 0.1741, 0.1717]",0.3330223960001603,0.5440115709505331,0.7867034160008188,0,27.193,3.0,0.0
2025-12-07|ma_diaria|prueba|4|72.8507|base|60|todas|onsite,2025-12-07,ma_diaria,prueba,4,72.8507,base,60,todas,onsite,31988,3211,35199,1117,185,932,3555,149,828,48,0.2179572308346962,96,"{""devolucion_origen"": 1, ""entrega_sin_recogida"": 17, ""fisico"": 18, ""fuera_servicio"": 0, ""tope"": 0, ""visitas"": 0}",1778,1778,0,0,0,1117,0,14,34,0,74,"[0.1864, 0.1845, 0.1833, 0.1967, 0.1927, 0.1883, 0.1822, 0.183, 0.4275, 0.3737, 0.3308, 0.1802, 0.3411, 0.3707, 0.3971, 0.6334, 0.3396, 0.1862, 0.1861, 0.6687, 0.3387, 0.3458, 0.7305, 0.6189, 0.1794, 0.1881, 0.1789, 0.1793, 0.1774, 0.1804, 0.1804, 0.1848, 0.1845, 0.1794, 0.1837, 0.1754, 0.1802, 0.1864, 0.452, 0.5108, 0.6257, 0.4308, 0.1825, 0.3632, 0.4642, 0.4087, 0.4487, 0.1911, 0.1824, 0.466, 0.4098, 0.1955, 0.1971, 0.3803, 0.4434, 0.1939, 0.3813, 0.4654, 0.3781, 0.4638, 0.1836, 0.1876, 0.4461, 0.1915, 0.183, 0.1917, 0.4661, 0.1822, 0.4007, 0.2036, 0.1837, 0.3181, 0.1848, 0.1664]",0.1947222914968733,0.6212679437510814,0.7305057090052287,0,24.093,1.0,0.0
2025-12-07|lgbm_diario|prueba|4|72.7447|base|60|todas|onsite,2025-12-07,lgbm_diario,prueba,4,72.7447,base,60,todas,onsite,32948,3180,36128,1145,188,957,3334,155,857,58,0.2248961121547059,90,"{""devolucion_origen"": 0, ""entrega_sin_recogida"": 20, ""fisico"": 20, ""fuera_servicio"": 0, ""tope"": 0, ""visitas"": 0}",1667,1667,0,0,0,1145,0,14,36,0,74,"[0.2006, 0.325, 0.191, 0.1979, 0.395, 0.4231, 0.4346, 0.4908, 0.5983, 0.4585, 0.5634, 0.3989, 0.5142, 0.4898, 0.4207, 0.4855, 0.6372, 0.3872, 0.5983, 0.382, 0.3748, 0.5051, 0.1837, 0.3869, 0.1809, 0.6131, 0.1865, 0.1852, 0.1833, 0.1764, 0.1775, 0.3593, 0.1802, 0.1831, 0.1794, 0.1855, 0.1855, 0.1843, 0.1857, 0.3906, 0.1808, 0.4799, 0.186, 0.1999, 0.1859, 0.5114, 0.8012, 0.1885, 0.1894, 0.1908, 0.4617, 0.4041, 0.1906, 0.1844, 0.1855, 0.1855, 0.194, 0.4038, 0.1879, 0.1849, 0.1838, 0.1878, 0.1864, 0.1879, 0.1912, 0.1886, 0.1863, 0.1729, 0.3621, 0.1838, 0.1721, 0.1702, 0.1747, 0.163]",0.1907228749987553,0.5983032436539361,0.8011953749955865,0,24.16,0.0,0.0
2025-12-07|oraculo_directo|prueba|4|39.0694|base|60|todas|onsite,2025-12-07,oraculo_directo,prueba,4,39.0694,base,60,todas,onsite,14653,2047,16700,918,162,756,2565,109,129,18,0.2161285379835996,51,"{""devolucion_origen"": 1, ""entrega_sin_recogida"": 32, ""fisico"": 33, ""fuera_servicio"": 0, ""tope"": 0, ""visitas"": 0}",1283,1283,0,0,0,918,0,14,46,0,74,"[0.1857, 0.3753, 0.2051, 0.3289, 0.4952, 0.4869, 0.4131, 0.1926, 0.3862, 0.3525, 0.3824, 0.3379, 0.4254, 0.3124, 0.3004, 0.3103, 0.2955, 0.318, 0.2947, 0.1844, 0.2791, 0.4066, 0.2931, 0.2993, 0.1948, 0.3185, 0.192, 0.361, 0.1864, 0.3225, 0.2987, 0.5802, 0.345, 0.3155, 0.2831, 0.2857, 0.3104, 0.3259, 0.2976, 0.3092, 0.1868, 0.183, 0.3296, 0.3133, 0.3173, 0.475, 0.3301, 0.329, 0.6254, 0.4323, 0.3641, 0.1927, 0.4369, 0.3534, 0.3311, 0.4674, 0.3706, 0.6457, 0.5285, 0.1902, 0.2855, 0.2868, 0.7556, 0.2016, 0.2194, 0.3162, 0.1831, 0.1812, 0.2015, 0.1888, 0.1823, 0.2281, 0.1846, 0.1798]",0.3128620414972829,0.5465784773019547,0.7556103750030161,0,25.581,1.0,0.0
2025-12-07|lgbm_directo|prueba|4|88.9149|base|60|todas|onsite,2025-12-07,lgbm_directo,prueba,4,88.9149,base,60,todas,onsite,29588,2814,32402,1238,223,1015,4472,217,865,29,0.2159279202297717,87,"{""devolucion_origen"": 2, ""entrega_sin_recogida"": 48, ""fisico"": 50, ""fuera_servicio"": 0, ""tope"": 0, ""visitas"": 0}",2237,2237,0,0,0,1238,0,14,41,0,74,"[1.1181, 0.1917, 0.3843, 0.1935, 0.1884, 0.456, 0.3925, 0.5063, 0.3885, 0.1923, 0.4308, 0.1819, 0.4137, 0.4666, 0.4497, 0.1802, 0.4585, 0.3973, 0.4358, 0.5876, 0.4135, 0.5033, 0.5698, 0.3594, 0.369, 0.3683, 0.1787, 0.3545, 0.1833, 0.179, 0.1791, 0.1815, 0.18, 0.1802, 0.1854, 0.4714, 0.1801, 0.1854, 0.4085, 0.5617, 0.4148, 0.3672, 0.1913, 0.1807, 0.3825, 0.1842, 0.499, 0.179, 0.1797, 0.9509, 0.1855, 0.4957, 0.1882, 0.2931, 0.4207, 0.1845, 0.1896, 0.1978, 0.1874, 0.1792, 0.1863, 0.184, 0.1855, 0.3386, 0.1846, 0.4338, 0.3151, 0.1901, 0.1876, 0.1701, 0.1685, 0.1833, 0.1664, 0.1638]",0.1928969795008015,0.5645135768514592,1.1180855000056908,0,25.202,2.0,0.0
2025-12-08|sin_rebalanceo|prueba|0|0.0|base|60|todas|onsite,2025-12-08,sin_rebalanceo,prueba,0,0.0,base,60,todas,onsite,192114,62564,254678,0,0,0,0,0,11316,7304,0.4390820438686244,809,"{""devolucion_origen"": 0, ""entrega_sin_recogida"": 0, ""fisico"": 0, ""fuera_servicio"": 0, ""tope"": 0, ""visitas"": 0}",0,0,0,0,0,0,0,0,0,0,0,[],0.0,0.0,0.0,0,2.177,0.0,
2025-12-08|ecobici|prueba|0|0.0|base|60|todas|onsite,2025-12-08,ecobici,prueba,0,0.0,base,60,todas,onsite,84443,17852,102295,2624,1241,1383,13233,0,2614,1070,0.306079898243201,260,"{""devolucion_origen"": 0, ""entrega_sin_recogida"": 0, ""fisico"": 185, ""fuera_servicio"": 0, ""tope"": 0, ""visitas"": 0}",6404,6644,0,240,0,2602,0,72,131,0,0,[],0.0,0.0,0.0,0,2.139,0.0,2602.0
2025-12-08|oraculo_diario|prueba|4|57.5805|base|60|todas|onsite,2025-12-08,oraculo_diario,prueba,4,57.5805,base,60,todas,onsite,36759,3645,40404,2480,671,1809,11836,511,2949,851,0.2451537090693393,172,"{""devolucion_origen"": 8, ""entrega_sin_recogida"": 260, ""fisico"": 268, ""fuera_servicio"": 0, ""tope"": 0, ""visitas"": 0}",5922,5922,0,0,0,2484,4,14,67,0,74,"[0.3795, 0.2858, 0.5095, 0.5534, 0.2698, 0.1752, 0.3563, 0.31, 0.2805, 0.1688, 0.2227, 0.3643, 0.1663, 0.5168, 0.1712, 0.1673, 0.1685, 0.1721, 0.1733, 0.1811, 0.2912, 0.2876, 0.2706, 0.2582, 0.2914, 0.271, 0.2741, 0.2678, 0.181, 0.3967, 0.5116, 0.4911, 0.334, 0.2992, 0.4085, 0.3257, 0.5795, 0.3104, 0.2892, 0.3939, 0.3294, 0.1736, 0.1757, 0.4147, 0.356, 0.3919, 0.2703, 0.1741, 0.3667, 0.4411, 0.2932, 0.3249, 0.3977, 0.277, 0.3344, 0.252, 0.3809, 0.267, 0.2838, 0.1814, 0.1797, 0.1755, 0.3321, 0.1773, 0.1835, 0.308, 0.1803, 0.1758, 0.3318, 0.1915, 0.1884, 0.2768, 0.1695, 0.17]",0.2821761039995181,0.510215743849767,0.5795490409946069,0,23.639,8.0,0.0
2025-12-08|ma_diaria|prueba|4|72.8507|base|60|todas|onsite,2025-12-08,ma_diaria,prueba,4,72.8507,base,60,todas,onsite,54909,4991,59900,2448,680,1768,11376,448,3927,1036,0.2397838209939306,256,"{""devolucion_origen"": 12, ""entrega_sin_recogida"": 260, ""fisico"": 272, ""fuera_servicio"": 0, ""tope"": 0, ""visitas"": 0}",5694,5694,0,0,0,2448,0,14,67,0,74,"[0.3047, 0.4529, 0.4499, 0.2606, 0.2814, 0.4402, 0.4044, 0.4759, 0.3263, 0.2773, 0.2714, 0.1657, 0.2562, 0.1684, 0.1689, 0.1681, 0.1701, 0.1755, 0.1712, 0.1721, 0.1767, 0.1762, 0.1781, 0.1816, 0.3485, 0.4194, 0.3634, 0.183, 0.4277, 0.1805, 0.3668, 0.3849, 0.3456, 0.3813, 0.4524, 0.1788, 0.3746, 0.5359, 0.466, 0.1816, 0.4417, 0.4075, 0.3733, 0.303, 0.1823, 0.4875, 0.4542, 0.6415, 0.3776, 0.2717, 0.384, 0.3901, 0.5651, 0.3307, 0.2786, 0.3072, 0.32, 0.1728, 0.1744, 0.178, 0.1891, 0.1818, 0.1742, 0.1738, 0.185, 0.1766, 0.1786, 0.1815, 0.1738, 0.1794, 0.2956, 0.2998, 0.1759, 0.1597]",0.277960103998339,0.4799329959478199,0.6415019999985816,0,23.879,12.0,0.0
2025-12-08|lgbm_diario|prueba|4|72.7447|base|60|todas|onsite,2025-12-08,lgbm_diario,prueba,4,72.7447,base,60,todas,onsite,57234,5642,62876,2472,651,1821,10651,417,3936,997,0.2383593118600105,254,"{""devolucion_origen"": 5, ""entrega_sin_recogida"": 181, ""fisico"": 186, ""fuera_servicio"": 0, ""tope"": 0, ""visitas"": 0}",5328,5328,0,0,0,2472,0,14,67,0,74,"[0.2046, 0.4817, 0.471, 0.5169, 0.3632, 0.5078, 0.3113, 0.3564, 0.299, 0.3017, 0.2478, 0.2562, 0.1708, 0.1938, 0.1688, 0.1707, 0.1696, 0.18, 0.1853, 0.1735, 0.1895, 0.179, 0.1743, 0.1774, 0.3918, 0.1909, 0.3892, 0.3377, 0.4003, 0.2086, 0.3413, 0.4653, 0.5304, 0.3458, 0.198, 0.4041, 0.1842, 0.4095, 0.5683, 0.5074, 0.3082, 0.4962, 0.3759, 0.4512, 0.4899, 0.2774, 0.3721, 0.457, 0.5074, 0.4352, 0.3669, 0.3145, 0.4219, 0.3733, 0.2905, 0.3184, 0.3329, 0.31, 0.1772, 0.2099, 0.1791, 0.184, 0.1752, 0.1807, 0.1852, 0.1767, 0.2026, 0.1799, 0.1823, 0.1802, 0.3001, 0.2778, 0.1799, 0.1581]",0.2995336040003167,0.5075644919994374,0.5682588330018916,0,24.627,5.0,0.0
2025-12-08|oraculo_directo|prueba|4|39.0694|base|60|todas|onsite,2025-12-08,oraculo_directo,prueba,4,39.0694,base,60,todas,onsite,26350,3379,29729,2572,711,1861,11251,457,1502,694,0.2066411145698178,102,"{""devolucion_origen"": 3, ""entrega_sin_recogida"": 390, ""fisico"": 393, ""fuera_servicio"": 0, ""tope"": 0, ""visitas"": 0}",5627,5627,0,0,0,2572,0,14,67,0,74,"[0.3734, 0.4035, 0.5107, 0.1832, 0.4044, 0.3526, 0.3362, 0.2759, 0.2365, 0.3163, 0.6074, 0.3451, 0.1799, 0.2488, 0.2361, 0.1703, 0.1804, 0.1771, 0.1775, 0.2779, 0.4174, 0.2869, 0.2941, 0.3705, 0.2863, 0.6273, 0.2964, 0.3034, 0.3313, 0.4035, 0.4537, 0.4825, 0.4768, 0.2879, 0.3803, 0.655, 0.6434, 0.3396, 0.4914, 0.535, 0.5649, 0.2665, 0.4613, 0.3316, 0.2662, 0.2919, 0.3037, 0.2514, 0.2305, 0.2991, 0.3383, 0.3117, 0.3712, 0.3007, 0.5109, 0.2761, 0.3, 0.3128, 0.1932, 0.1812, 0.184, 0.1822, 0.1811, 0.1896, 0.186, 0.1871, 0.3153, 0.1855, 0.3117, 0.1843, 0.2403, 0.245, 0.1906, 0.2188]",0.2995389374955266,0.5797872543989795,0.6550005410026642,0,25.91,3.0,0.0
2025-12-08|lgbm_directo|prueba|4|88.9149|base|60|todas|onsite,2025-12-08,lgbm_directo,prueba,4,88.9149,base,60,todas,onsite,54841,5418,60259,2360,629,1731,11976,517,4147,1125,0.2403126331563971,251,"{""devolucion_origen"": 4, ""entrega_sin_recogida"": 244, ""fisico"": 248, ""fuera_servicio"": 0, ""tope"": 0, ""visitas"": 0}",5990,5990,0,0,0,2360,0,14,67,0,74,"[1.1604, 0.2847, 0.4061, 0.2779, 0.4101, 0.2624, 0.6612, 0.317, 0.1781, 0.3157, 0.3991, 0.2825, 0.3144, 0.284, 0.2768, 0.1732, 0.1748, 0.1753, 0.1719, 0.1747, 0.185, 0.178, 0.1746, 0.1782, 0.3837, 0.3486, 0.3612, 0.1835, 0.181, 0.3931, 0.3993, 0.3534, 0.351, 0.1775, 0.4782, 0.3305, 0.6488, 0.3057, 0.3263, 0.5505, 0.3317, 0.3251, 0.2914, 0.3416, 0.3154, 0.1762, 0.3481, 0.1779, 0.4313, 0.5208, 0.3256, 0.3294, 0.3025, 0.1806, 0.4641, 0.2956, 0.303, 0.3155, 0.1824, 0.1794, 0.1743, 0.3799, 0.1757, 0.1743, 0.1804, 0.176, 0.183, 0.1788, 0.1866, 0.3487, 0.3053, 0.1821, 0.1681, 0.1662]",0.2990430829959223,0.5311903544985397,1.160363249997317,0,24.518,4.0,0.0
2025-12-09|sin_rebalanceo|prueba|0|0.0|base|60|todas|onsite,2025-12-09,sin_rebalanceo,prueba,0,0.0,base,60,todas,onsite,188140,73956,262096,0,0,0,0,0,12958,9079,0.4621810727342894,1137,"{""devolucion_origen"": 0, ""entrega_sin_recogida"": 0, ""fisico"": 0, ""fuera_servicio"": 0, ""tope"": 0, ""visitas"": 0}",0,0,0,0,0,0,0,0,0,0,0,[],0.0,0.0,0.0,0,2.203,0.0,
2025-12-09|ecobici|prueba|0|0.0|base|60|todas|onsite,2025-12-09,ecobici,prueba,0,0.0,base,60,todas,onsite,84879,26061,110940,2822,1441,1381,14069,0,3290,1553,0.3052584835176826,446,"{""devolucion_origen"": 0, ""entrega_sin_recogida"": 0, ""fisico"": 257, ""fuera_servicio"": 0, ""tope"": 0, ""visitas"": 0}",6927,6885,0,-42,0,2775,0,68,133,0,0,[],0.0,0.0,0.0,0,2.279,0.0,2775.0
2025-12-09|oraculo_diario|prueba|4|57.5805|base|60|todas|onsite,2025-12-09,oraculo_diario,prueba,4,57.5805,base,60,todas,onsite,38248,6430,44678,2500,722,1778,12365,532,3449,1258,0.2672040436851923,240,"{""devolucion_origen"": 25, ""entrega_sin_recogida"": 338, ""fisico"": 363, ""fuera_servicio"": 0, ""tope"": 0, ""visitas"": 0}",6195,6195,0,0,0,2500,0,14,67,0,74,"[0.5109, 0.1852, 0.3967, 0.1846, 0.1879, 0.1885, 0.2758, 0.1843, 0.1752, 0.1699, 0.3125, 0.4866, 0.2586, 0.1747, 0.17, 0.2867, 0.209, 0.1797, 0.1804, 0.1822, 0.1896, 0.1797, 0.336, 0.1884, 0.3825, 0.3152, 0.4179, 0.1886, 0.3659, 0.2878, 0.1814, 0.2746, 0.3369, 0.3172, 0.1856, 0.2778, 0.3161, 0.5101, 0.5155, 0.2858, 0.5339, 0.4189, 0.3179, 0.5065, 0.4278, 0.3576, 0.3498, 0.2475, 0.266, 0.3951, 0.2486, 0.233, 0.2503, 0.2401, 0.3155, 0.2751, 0.1772, 0.1745, 0.2872, 0.1783, 0.3102, 0.18, 0.1764, 0.1772, 0.1874, 0.1831, 0.1794, 0.3112, 0.1894, 0.298, 0.2844, 0.2896, 0.1816, 0.1916]",0.2623006040012114,0.5077597607501957,0.533873082997161,0,22.639,25.0,0.0
2025-12-09|ma_diaria|prueba|4|72.8507|base|60|todas|onsite,2025-12-09,ma_diaria,prueba,4,72.8507,base,60,todas,onsite,55822,8298,64120,2509,723,1786,11838,470,4443,1325,0.253415083287594,361,"{""devolucion_origen"": 8, ""entrega_sin_recogida"": 172, ""fisico"": 180, ""fuera_servicio"": 0, ""tope"": 0, ""visitas"": 0}",5923,5923,0,0,0,2509,0,14,67,0,74,"[0.3419, 0.3023, 0.3252, 0.3634, 0.1911, 0.3746, 0.4404, 0.2651, 0.3446, 0.3669, 0.2665, 0.33, 0.436, 0.1638, 0.1972, 0.1708, 0.1752, 0.1715, 0.1722, 0.179, 0.1718, 0.1781, 0.1799, 0.1873, 0.183, 0.1813, 0.3512, 0.3255, 0.2085, 0.1825, 0.3751, 0.3306, 0.4021, 0.3688, 0.3015, 0.3554, 0.3192, 0.2873, 0.1852, 0.3039, 0.3133, 0.3767, 0.3738, 0.308, 0.331, 0.2002, 0.3178, 0.3672, 0.184, 0.2584, 0.2674, 0.2796, 0.3046, 0.2842, 0.287, 0.306, 0.2908, 0.2998, 0.1801, 0.1782, 0.1823, 0.176, 0.1768, 0.1736, 0.177, 0.1906, 0.1777, 0.1757, 0.1762, 0.1731, 0.3353, 0.3401, 0.1818, 0.1614]",0.2735186874997453,0.3756759937474271,0.4404400830026134,0,21.761,8.0,0.0
2025-12-09|lgbm_diario|prueba|4|72.7447|base|60|todas|onsite,2025-12-09,lgbm_diario,prueba,4,72.7447,base,60,todas,onsite,57177,8329,65506,2529,734,1795,11897,497,4420,1324,0.2481141116048104,377,"{""devolucion_origen"": 15, ""entrega_sin_recogida"": 189, ""fisico"": 204, ""fuera_servicio"": 0, ""tope"": 0, ""visitas"": 0}",5956,5956,0,0,0,2529,0,14,67,0,74,"[0.3487, 0.3454, 0.4021, 0.1847, 0.363, 0.2981, 0.1807, 0.4935, 0.2972, 0.2661, 0.2913, 0.3579, 0.2721, 0.1694, 0.172, 0.1662, 0.1644, 0.2109, 0.181, 0.1733, 0.1813, 0.1853, 0.1849, 0.182, 0.1946, 0.1857, 0.3451, 0.1921, 0.1856, 0.1829, 0.1902, 0.188, 0.323, 0.3952, 0.4162, 0.4635, 0.5174, 0.1803, 0.4653, 0.3388, 0.3692, 0.4514, 0.292, 0.6035, 0.1902, 0.3453, 0.3706, 0.3017, 0.3182, 0.4269, 0.3763, 0.2697, 0.3032, 0.4324, 0.4026, 0.2818, 0.1773, 0.2816, 0.1718, 0.1803, 0.1751, 0.1739, 0.1763, 0.1796, 0.1761, 0.1797, 0.1814, 0.1761, 0.1736, 0.175, 0.3023, 0.2957, 0.1747, 0.161]",0.2385432084993226,0.4641463459491206,0.6035185840009945,0,22.505,15.0,0.0
2025-12-09|oraculo_directo|prueba|4|39.0694|base|60|todas|onsite,2025-12-09,oraculo_directo,prueba,4,39.0694,base,60,todas,onsite,28695,5488,34183,2648,784,1864,11796,488,2081,732,0.2241397864330743,160,"{""devolucion_origen"": 0, ""entrega_sin_recogida"": 509, ""fisico"": 509, ""fuera_servicio"": 0, ""tope"": 0, ""visitas"": 0}",5898,5898,0,0,0,2648,0,14,67,0,74,"[0.3618, 0.3709, 0.3104, 0.2862, 0.325, 0.3573, 0.3059, 0.2755, 0.2549, 0.2561, 0.4856, 0.3974, 0.1781, 0.1701, 0.2462, 0.184, 0.177, 0.2035, 0.1845, 0.1882, 0.1839, 0.3311, 0.1839, 0.358, 0.3046, 0.297, 0.2998, 0.3851, 0.3085, 0.2962, 0.3126, 0.4069, 0.3608, 0.3652, 0.3299, 0.5109, 0.4112, 0.32, 0.5671, 0.3446, 0.3771, 0.3536, 0.3178, 0.2771, 0.1848, 0.3498, 0.3673, 0.3421, 0.2479, 0.4188, 0.1814, 0.251, 0.605, 0.371, 0.4763, 0.2507, 0.2814, 0.1816, 0.2723, 0.3063, 0.1886, 0.1899, 0.1863, 0.1875, 0.2993, 0.2018, 0.1886, 0.1923, 0.2027, 0.1847, 0.298, 0.2769, 0.1763, 0.1834]",0.297525146001135,0.4795211460517748,0.604993833003391,0,24.088,0.0,0.0
2025-12-09|lgbm_directo|prueba|4|88.9149|base|60|todas|onsite,2025-12-09,lgbm_directo,prueba,4,88.9149,base,60,todas,onsite,57708,8866,66574,2400,689,1711,12399,575,5029,1396,0.2645698709200057,378,"{""devolucion_origen"": 7, ""entrega_sin_recogida"": 204, ""fisico"": 211, ""fuera_servicio"": 0, ""tope"": 0, ""visitas"": 0}",6203,6203,0,0,0,2400,0,14,67,0,74,"[1.2041, 0.2657, 0.3381, 0.4601, 0.3605, 0.3834, 0.2617, 0.358, 0.339, 0.2717, 0.2574, 0.1647, 0.2935, 0.1693, 0.1674, 0.168, 0.1688, 0.1715, 0.1935, 0.1726, 0.1724, 0.1756, 0.176, 0.1777, 0.1801, 0.1833, 0.374, 0.3397, 0.3565, 0.332, 0.4296, 0.4134, 0.3546, 0.3128, 0.3068, 0.4003, 0.3146, 0.3165, 0.3801, 0.4118, 0.3627, 0.4413, 0.289, 0.321, 0.5907, 0.4448, 0.443, 0.3771, 0.343, 0.728, 0.2864, 0.2839, 0.2758, 0.3046, 0.3217, 0.1714, 0.3009, 0.309, 0.3049, 0.1893, 0.2083, 0.1779, 0.1848, 0.212, 0.1853, 0.1835, 0.2029, 0.1775, 0.1815, 0.3355, 0.3757, 0.178, 0.1589, 0.1588]",0.2971857709999312,0.4501431329037585,1.2041200829989975,0,24.582,7.0,0.0
2025-12-10|sin_rebalanceo|prueba|0|0.0|base|60|todas|onsite,2025-12-10,sin_rebalanceo,prueba,0,0.0,base,60,todas,onsite,191256,55291,246547,0,0,0,0,0,11429,6649,0.4264290544470493,970,"{""devolucion_origen"": 0, ""entrega_sin_recogida"": 0, ""fisico"": 0, ""fuera_servicio"": 0, ""tope"": 0, ""visitas"": 0}",0,0,0,0,0,0,0,0,0,0,0,[],0.0,0.0,0.0,0,2.171,0.0,
2025-12-10|ecobici|prueba|0|0.0|base|60|todas|onsite,2025-12-10,ecobici,prueba,0,0.0,base,60,todas,onsite,86608,16946,103554,2728,1411,1317,12899,0,2516,534,0.3008964734774332,275,"{""devolucion_origen"": 0, ""entrega_sin_recogida"": 0, ""fisico"": 93, ""fuera_servicio"": 0, ""tope"": 0, ""visitas"": 0}",6353,6453,0,100,0,2705,0,72,132,0,0,[],0.0,0.0,0.0,0,2.131,0.0,2705.0
2025-12-10|oraculo_diario|prueba|4|57.5805|base|60|todas|onsite,2025-12-10,oraculo_diario,prueba,4,57.5805,base,60,todas,onsite,39155,3686,42841,2332,610,1722,10948,464,3096,812,0.2624478423243537,244,"{""devolucion_origen"": 26, ""entrega_sin_recogida"": 253, ""fisico"": 279, ""fuera_servicio"": 0, ""tope"": 0, ""visitas"": 0}",5487,5487,0,0,0,2332,0,14,67,0,74,"[0.2948, 0.3592, 0.2641, 0.3996, 0.1822, 0.5813, 0.5573, 0.2911, 0.4362, 0.2201, 0.2314, 0.2336, 0.2482, 0.1771, 0.1781, 0.1678, 0.1737, 0.1724, 0.1757, 0.2956, 0.2734, 0.1818, 0.2555, 0.2661, 0.2797, 0.2791, 0.2922, 0.3523, 0.4972, 0.2582, 0.285, 0.2796, 0.2753, 0.2939, 0.3743, 0.1789, 0.6147, 0.3755, 0.3821, 0.5663, 0.4131, 0.2502, 0.1792, 0.3097, 0.376, 0.1801, 0.2858, 0.2573, 0.4075, 0.4643, 0.2571, 0.2613, 0.2969, 0.3107, 0.2682, 0.2737, 0.2812, 0.1781, 0.2937, 0.2873, 0.3229, 0.3787, 0.1809, 0.1892, 0.1943, 0.1846, 0.1823, 0.1764, 0.1902, 0.1846, 0.1824, 0.2841, 0.2037, 0.193]",0.2735771874977217,0.5182544937513737,0.614663374995871,0,23.342,26.0,0.0
2025-12-10|ma_diaria|prueba|4|72.8507|base|60|todas|onsite,2025-12-10,ma_diaria,prueba,4,72.8507,base,60,todas,onsite,55340,4786,60126,2283,598,1685,10775,424,4052,775,0.2550305153475262,344,"{""devolucion_origen"": 9, ""entrega_sin_recogida"": 211, ""fisico"": 220, ""fuera_servicio"": 0, ""tope"": 0, ""visitas"": 0}",5392,5392,0,0,0,2283,0,14,67,0,74,"[0.289, 0.3513, 0.3557, 0.1856, 0.5625, 0.3633, 0.2807, 0.1868, 0.2864, 0.2474, 0.2573, 0.2378, 0.2418, 0.1708, 0.1752, 0.172, 0.1755, 0.1744, 0.168, 0.1694, 0.1766, 0.1759, 0.1795, 0.3622, 0.2118, 0.1836, 0.3868, 0.331, 0.3347, 0.3658, 0.3533, 0.3478, 0.1785, 0.3898, 0.3471, 0.2995, 0.4118, 0.4165, 0.2951, 0.3831, 0.3712, 0.4418, 0.3167, 0.2773, 0.4284, 0.274, 0.3778, 0.2125, 0.3764, 0.3315, 0.3993, 0.5075, 0.4005, 0.1716, 0.395, 0.1732, 0.1785, 0.2987, 0.3308, 0.295, 0.3545, 0.1842, 0.1805, 0.2174, 0.1895, 0.1826, 0.1805, 0.1759, 0.1751, 0.1888, 0.3138, 0.3066, 0.1918, 0.163]",0.2835689165003714,0.420682506250523,0.5624784999963595,0,22.995,9.0,0.0
2025-12-10|lgbm_diario|prueba|4|72.7447|base|60|todas|onsite,2025-12-10,lgbm_diario,prueba,4,72.7447,base,60,todas,onsite,55014,5486,60500,2329,603,1726,11038,466,4095,859,0.2561005099937926,310,"{""devolucion_origen"": 8, ""entrega_sin_recogida"": 221, ""fisico"": 229, ""fuera_servicio"": 0, ""tope"": 0, ""visitas"": 0}",5523,5523,0,0,0,2329,0,14,67,0,74,"[0.3297, 0.3329, 0.339, 0.2762, 0.3571, 0.4993, 0.5497, 0.1738, 0.3187, 0.1741, 0.2728, 0.3903, 0.2856, 0.2036, 0.1703, 0.2931, 0.1703, 0.1737, 0.1714, 0.1747, 0.3186, 0.1781, 0.1721, 0.326, 0.3421, 0.401, 0.3768, 0.3214, 0.3554, 0.3288, 0.3931, 0.3177, 0.3719, 0.4989, 0.311, 0.2892, 0.5875, 0.2943, 0.3601, 0.3253, 0.4723, 0.6079, 0.4139, 0.3865, 0.3822, 0.3839, 0.2658, 0.3469, 0.1816, 0.4737, 0.304, 0.3808, 0.5627, 0.2825, 0.2953, 0.4002, 0.3192, 0.4316, 0.3027, 0.3012, 0.2242, 0.3292, 0.2231, 0.1896, 0.1799, 0.1893, 0.1762, 0.1781, 0.1751, 0.1777, 0.1821, 0.3138, 0.1823, 0.1642]",0.3157565420005994,0.5169671270981777,0.6079395420019864,0,25.229,8.0,0.0
2025-12-10|oraculo_directo|prueba|4|39.0694|base|60|todas|onsite,2025-12-10,oraculo_directo,prueba,4,39.0694,base,60,todas,onsite,29947,2438,32385,2446,644,1802,10610,444,1974,476,0.2278951606243537,171,"{""devolucion_origen"": 0, ""entrega_sin_recogida"": 344, ""fisico"": 344, ""fuera_servicio"": 0, ""tope"": 0, ""visitas"": 0}",5305,5305,0,0,0,2446,0,14,67,0,74,"[0.1789, 0.1846, 0.3389, 0.3425, 0.2596, 0.3488, 0.3252, 0.2861, 0.4027, 0.2932, 0.2547, 0.2509, 0.4587, 0.2404, 0.3488, 0.2667, 0.1736, 0.1791, 0.2091, 0.2631, 0.2779, 0.3034, 0.325, 0.3111, 0.4539, 0.1861, 0.3446, 0.4701, 0.3196, 0.354, 0.4807, 0.3383, 0.3758, 0.5829, 0.3436, 0.4869, 0.4013, 0.359, 0.5402, 0.5664, 0.2835, 0.4043, 0.2901, 0.4032, 0.3519, 0.3249, 0.2472, 0.2693, 0.2685, 0.2693, 0.279, 0.2727, 0.1819, 0.3586, 0.4448, 0.4707, 0.2757, 0.3196, 0.3145, 0.1873, 0.1758, 0.1852, 0.1873, 0.3462, 0.1897, 0.1949, 0.2546, 0.1842, 0.3226, 0.1811, 0.2808, 0.2184, 0.1744, 0.1683]",0.2916813544979959,0.4828956164470582,0.5829293749993667,0,24.877,0.0,0.0
2025-12-10|lgbm_directo|prueba|4|88.9149|base|60|todas|onsite,2025-12-10,lgbm_directo,prueba,4,88.9149,base,60,todas,onsite,57027,4552,61579,2207,573,1634,11398,565,4509,825,0.2518488334862642,320,"{""devolucion_origen"": 8, ""entrega_sin_recogida"": 308, ""fisico"": 316, ""fuera_servicio"": 0, ""tope"": 0, ""visitas"": 0}",5703,5703,0,0,0,2207,0,14,67,0,74,"[1.1872, 0.2654, 0.2733, 0.1814, 0.4678, 0.4462, 0.5404, 0.3255, 0.3203, 0.1736, 0.1639, 0.3461, 0.2627, 0.692, 0.1706, 0.3023, 0.1789, 0.1729, 0.1765, 0.2095, 0.1726, 0.1774, 0.1859, 0.4403, 0.3644, 0.4166, 0.4364, 0.1786, 0.3723, 0.3307, 0.4328, 0.4918, 0.3282, 0.1857, 0.1821, 0.388, 0.1832, 0.3575, 0.5815, 0.6438, 0.3628, 0.5518, 0.3691, 0.3415, 0.355, 0.3654, 0.3074, 0.4965, 0.3676, 0.4168, 0.2932, 0.5257, 0.5681, 0.4256, 0.37, 0.3469, 0.1894, 0.3542, 0.3236, 0.3474, 0.3494, 0.1827, 0.2213, 0.188, 0.1879, 0.1909, 0.1885, 0.1793, 0.1786, 0.3984, 0.3309, 0.1872, 0.164, 0.161]",0.3294437084987294,0.5727798431980772,1.1872042079994571,0,26.774,8.0,0.0
2025-12-11|sin_rebalanceo|prueba|0|0.0|base|60|todas|onsite,2025-12-11,sin_rebalanceo,prueba,0,0.0,base,60,todas,onsite,196837,63855,260692,0,0,0,0,0,12801,8307,0.435282943411058,1079,"{""devolucion_origen"": 0, ""entrega_sin_recogida"": 0, ""fisico"": 0, ""fuera_servicio"": 0, ""tope"": 0, ""visitas"": 0}",0,0,0,0,0,0,0,0,0,0,0,[],0.0,0.0,0.0,0,2.161,0.0,
2025-12-11|ecobici|prueba|0|0.0|base|60|todas|onsite,2025-12-11,ecobici,prueba,0,0.0,base,60,todas,onsite,79240,15592,94832,2704,1295,1409,13278,0,2211,558,0.2801902084218772,299,"{""devolucion_origen"": 0, ""entrega_sin_recogida"": 0, ""fisico"": 156, ""fuera_servicio"": 0, ""tope"": 0, ""visitas"": 0}",6449,6673,0,224,0,2694,0,66,125,0,0,[],0.0,0.0,0.0,0,2.165,0.0,2694.0
2025-12-11|oraculo_diario|prueba|4|57.5805|base|60|todas|onsite,2025-12-11,oraculo_diario,prueba,4,57.5805,base,60,todas,onsite,33379,2421,35800,2388,645,1743,11653,496,3046,760,0.2417999968021353,273,"{""devolucion_origen"": 15, ""entrega_sin_recogida"": 282, ""fisico"": 297, ""fuera_servicio"": 0, ""tope"": 0, ""visitas"": 0}",5834,5834,0,0,0,2388,0,14,67,0,74,"[0.3604, 0.4206, 0.2499, 0.3641, 0.3045, 0.2304, 0.3606, 0.4717, 0.2625, 0.2368, 0.2652, 0.2387, 0.2826, 0.1691, 0.176, 0.1692, 0.1741, 0.1717, 0.1935, 0.1889, 0.313, 0.2698, 0.2702, 0.1788, 0.3178, 0.2848, 0.2955, 0.1759, 0.3781, 0.3605, 0.3968, 0.2599, 0.2847, 0.3175, 0.5154, 0.3514, 0.4304, 0.5893, 0.3829, 0.3214, 0.3, 0.2379, 0.3361, 0.2389, 0.3049, 0.3567, 0.3241, 0.2746, 0.2991, 0.3056, 0.3363, 0.6812, 0.3585, 0.4178, 0.5544, 0.1754, 0.2785, 0.1808, 0.3329, 0.1773, 0.1826, 0.3502, 0.3109, 0.1789, 0.1888, 0.1815, 0.1806, 0.1914, 0.1891, 0.2935, 0.1801, 0.1766, 0.184, 0.1651]",0.2836562500015134,0.4870143834483312,0.6811638329963898,0,23.659,15.0,0.0
2025-12-11|ma_diaria|prueba|4|72.8507|base|60|todas|onsite,2025-12-11,ma_diaria,prueba,4,72.8507,base,60,todas,onsite,53638,4310,57948,2391,632,1759,11240,474,4352,1036,0.2392521901249904,426,"{""devolucion_origen"": 6, ""entrega_sin_recogida"": 172, ""fisico"": 178, ""fuera_servicio"": 0, ""tope"": 0, ""visitas"": 0}",5623,5623,0,0,0,2391,0,14,67,0,74,"[0.297, 0.2712, 0.385, 0.5211, 0.3543, 0.4478, 0.564, 0.3261, 0.2703, 0.2517, 0.2554, 0.2726, 0.1674, 0.168, 0.1686, 0.166, 0.1762, 0.18, 0.1705, 0.1717, 0.177, 0.1762, 0.2005, 0.3375, 0.5287, 0.3569, 0.2061, 0.4412, 0.3298, 0.3214, 0.3801, 0.4872, 0.4046, 0.3129, 0.3124, 0.3199, 0.3284, 0.7922, 0.1764, 0.3233, 0.3111, 0.4903, 0.422, 0.1768, 0.5733, 0.3441, 0.4349, 0.2595, 0.3689, 0.2657, 0.6216, 0.392, 0.3632, 0.6519, 0.3469, 0.3844, 0.3516, 0.2242, 0.1815, 0.3004, 0.1781, 0.3257, 0.1784, 0.1758, 0.1782, 0.1813, 0.1822, 0.1793, 0.1742, 0.1734, 0.3301, 0.2949, 0.1795, 0.1638]",0.3057557294996513,0.5672440018479392,0.7922222920024069,0,25.186,6.0,0.0
2025-12-11|lgbm_diario|prueba|4|72.7447|base|60|todas|onsite,2025-12-11,lgbm_diario,prueba,4,72.7447,base,60,todas,onsite,53419,4302,57721,2404,638,1766,11235,478,4262,953,0.2434402363979296,421,"{""devolucion_origen"": 15, ""entrega_sin_recogida"": 147, ""fisico"": 162, ""fuera_servicio"": 0, ""tope"": 0, ""visitas"": 0}",5625,5625,0,0,0,2404,0,14,67,0,74,"[0.3039, 0.3595, 0.3438, 0.3651, 0.441, 0.5898, 0.1759, 0.2575, 0.2699, 0.175, 0.2809, 0.4038, 0.1723, 0.1699, 0.1718, 0.1787, 0.1835, 0.1856, 0.1827, 0.1818, 0.1794, 0.1728, 0.1757, 0.3255, 0.3438, 0.3566, 0.3488, 0.1803, 0.3773, 0.3364, 0.3368, 0.3746, 0.1823, 0.1842, 0.3055, 0.1779, 0.5371, 0.4509, 0.4333, 0.3861, 0.4457, 0.4154, 0.5798, 0.3094, 0.184, 0.4132, 0.2726, 0.2897, 0.1793, 0.5997, 0.5419, 0.1729, 0.1755, 0.3623, 0.3048, 0.3176, 0.1799, 0.3395, 0.1819, 0.3082, 0.3131, 0.1823, 0.1758, 0.1827, 0.1807, 0.182, 0.1825, 0.1812, 0.1811, 0.1823, 0.3179, 0.2802, 0.1832, 0.1601]",0.2763572500007285,0.538772310299828,0.5996516249942943,0,23.366,15.0,0.0
2025-12-11|oraculo_directo|prueba|4|39.0694|base|60|todas|onsite,2025-12-11,oraculo_directo,prueba,4,39.0694,base,60,todas,onsite,23655,2228,25883,2464,681,1783,11082,407,1695,683,0.2007738005236215,179,"{""devolucion_origen"": 2, ""entrega_sin_recogida"": 369, ""fisico"": 371, ""fuera_servicio"": 0, ""tope"": 0, ""visitas"": 0}",5542,5542,0,0,0,2464,0,14,67,0,74,"[0.4071, 0.4231, 0.2603, 0.4902, 0.3357, 0.3225, 0.4178, 0.2927, 0.2565, 0.244, 0.2425, 0.2227, 0.2405, 0.2445, 0.2799, 0.1717, 0.1916, 0.1827, 0.1829, 0.2631, 0.3782, 0.3369, 0.27, 0.3887, 0.3739, 0.2834, 0.339, 0.2623, 0.1858, 0.2734, 0.5384, 0.4929, 0.3601, 0.3963, 0.4038, 0.3209, 0.6027, 0.4997, 0.2633, 0.5211, 0.3118, 0.4894, 0.2547, 0.4639, 0.3365, 0.3202, 0.261, 0.3979, 0.3187, 0.2422, 0.2546, 0.3222, 0.1838, 0.2689, 0.3246, 0.2664, 0.3275, 0.4183, 0.2927, 0.3324, 0.1829, 0.1866, 0.1881, 0.1892, 0.1876, 0.1955, 0.2205, 0.3231, 0.1801, 0.182, 0.2729, 0.3247, 0.1728, 0.1681]",0.281655437003792,0.4952452295037801,0.60270920900075,0,24.818,2.0,0.0
2025-12-11|lgbm_directo|prueba|4|88.9149|base|60|todas|onsite,2025-12-11,lgbm_directo,prueba,4,88.9149,base,60,todas,onsite,53531,4718,58249,2362,598,1764,12056,555,4735,1057,0.2487864363438575,407,"{""devolucion_origen"": 14, ""entrega_sin_recogida"": 297, ""fisico"": 311, ""fuera_servicio"": 0, ""tope"": 0, ""visitas"": 0}",6035,6035,0,0,0,2362,0,14,66,0,74,"[1.2583, 0.2597, 0.248, 0.3881, 0.4521, 0.2982, 0.2552, 0.6276, 0.2772, 0.2665, 0.1716, 0.3789, 0.2756, 0.298, 0.2967, 0.2846, 0.1717, 0.1831, 0.1794, 0.1846, 0.1838, 0.368, 0.1784, 0.3658, 0.4482, 0.4722, 0.3441, 0.4943, 0.4155, 0.4593, 0.6803, 0.1845, 0.4515, 0.32, 0.3673, 0.3227, 0.5287, 0.4452, 0.3744, 0.3346, 0.1804, 0.5962, 0.2834, 0.7327, 0.3029, 0.5494, 0.5814, 0.3646, 0.3834, 0.2854, 0.281, 0.334, 0.3126, 0.2829, 0.3664, 0.3923, 0.1808, 0.3209, 0.3415, 0.3044, 0.1774, 0.1765, 0.1786, 0.1814, 0.1811, 0.1786, 0.1808, 0.1723, 0.1771, 0.3271, 0.3158, 0.1833, 0.1601, 0.1596]",0.3036353749994305,0.607191391350352,1.2583201250017737,0,26.897,14.0,0.0
2025-12-12|sin_rebalanceo|prueba|0|0.0|base|60|todas|onsite,2025-12-12,sin_rebalanceo,prueba,0,0.0,base,60,todas,onsite,159250,43031,202281,0,0,0,0,0,8389,4813,0.3905189554276395,640,"{""devolucion_origen"": 0, ""entrega_sin_recogida"": 0, ""fisico"": 0, ""fuera_servicio"": 0, ""tope"": 0, ""visitas"": 0}",0,0,0,0,0,0,0,0,0,0,0,[],0.0,0.0,0.0,0,2.104,0.0,
2025-12-12|ecobici|prueba|0|0.0|base|60|todas|onsite,2025-12-12,ecobici,prueba,0,0.0,base,60,todas,onsite,56029,10918,66947,2742,1371,1371,12235,0,741,175,0.2184005904046722,143,"{""devolucion_origen"": 0, ""entrega_sin_recogida"": 0, ""fisico"": 47, ""fuera_servicio"": 0, ""tope"": 0, ""visitas"": 0}",6032,6156,0,124,0,2735,0,60,129,0,0,[],0.0,0.0,0.0,0,2.105,0.0,2735.0
2025-12-12|oraculo_diario|prueba|4|57.5805|base|60|todas|onsite,2025-12-12,oraculo_diario,prueba,4,57.5805,base,60,todas,onsite,23331,2231,25562,1753,430,1323,8398,367,1217,219,0.205413127979343,133,"{""devolucion_origen"": 8, ""entrega_sin_recogida"": 168, ""fisico"": 176, ""fuera_servicio"": 0, ""tope"": 0, ""visitas"": 0}",4203,4203,0,0,0,1753,0,14,57,0,74,"[0.3472, 0.4412, 0.4456, 0.2974, 0.186, 0.2631, 0.284, 0.2546, 0.2748, 0.2611, 0.2506, 0.4087, 0.3003, 0.3095, 0.2968, 0.2604, 0.2832, 0.181, 0.2695, 0.2801, 0.3076, 0.2794, 0.3778, 0.3475, 0.5244, 0.3108, 0.2851, 0.3124, 0.2837, 0.3846, 0.2905, 0.3439, 0.4141, 0.3732, 0.4297, 0.3268, 0.1868, 0.2565, 0.2539, 0.2455, 0.2855, 0.2644, 0.493, 0.3244, 0.2653, 0.5712, 0.2787, 0.2961, 0.341, 0.4753, 0.2728, 0.3156, 0.4166, 0.352, 0.3806, 0.1816, 0.3041, 0.3843, 0.3948, 0.3553, 0.3739, 0.4552, 0.1897, 0.1821, 0.1822, 0.3592, 0.1805, 0.1885, 0.1735, 0.3237, 0.1751, 0.1698, 0.1696, 0.1667]",0.2964492079991032,0.4621915566993265,0.5712055409967434,0,24.818,8.0,0.0
2025-12-12|ma_diaria|prueba|4|72.8507|base|60|todas|onsite,2025-12-12,ma_diaria,prueba,4,72.8507,base,60,todas,onsite,38788,4090,42878,1809,476,1333,9113,471,2277,397,0.2038993894558133,209,"{""devolucion_origen"": 35, ""entrega_sin_recogida"": 233, ""fisico"": 268, ""fuera_servicio"": 0, ""tope"": 0, ""visitas"": 0}",4574,4574,0,0,0,1809,0,14,56,0,74,"[0.2877, 0.3165, 0.2648, 0.3761, 0.1811, 0.1807, 0.4047, 0.1728, 0.1773, 0.2888, 0.2904, 0.284, 0.1807, 0.1814, 0.1757, 0.1737, 0.1733, 0.1798, 0.1904, 0.3805, 0.3827, 0.185, 0.1892, 1.1625, 0.1838, 0.3638, 0.3925, 0.1921, 0.3674, 0.1874, 0.3652, 0.4496, 0.3829, 0.46, 0.3462, 0.5326, 0.416, 0.1809, 0.315, 0.1785, 0.4239, 0.5479, 0.4584, 0.7646, 0.5242, 0.4137, 0.6557, 0.2711, 0.2702, 0.4194, 0.5337, 0.2946, 0.3757, 0.3456, 0.5092, 0.5131, 0.3361, 0.4092, 0.3869, 0.1907, 0.1851, 0.3505, 0.3964, 0.184, 0.1853, 0.1819, 0.1887, 0.3373, 0.3585, 0.1756, 0.171, 0.2936, 0.1799, 0.1656]",0.3047970420047932,0.5386922693021915,1.1625479579961393,0,26.195,35.0,0.0
2025-12-12|lgbm_diario|prueba|4|72.7447|base|60|todas|onsite,2025-12-12,lgbm_diario,prueba,4,72.7447,base,60,todas,onsite,37173,3921,41094,1793,432,1361,8547,409,2231,410,0.2030553903773229,215,"{""devolucion_origen"": 13, ""entrega_sin_recogida"": 175, ""fisico"": 188, ""fuera_servicio"": 0, ""tope"": 0, ""visitas"": 0}",4280,4280,0,0,0,1793,0,14,54,0,74,"[0.3467, 0.2845, 0.3646, 0.5455, 0.4625, 0.1809, 0.1761, 0.1781, 0.3, 0.3759, 0.1727, 0.5799, 0.1767, 0.1788, 0.1803, 0.175, 0.1789, 0.1781, 0.1908, 0.3581, 0.3638, 0.3934, 0.376, 0.3812, 0.1844, 0.3504, 0.4297, 0.4019, 0.1845, 0.4638, 0.5261, 0.3431, 0.3656, 0.4186, 0.4714, 0.3448, 0.4513, 0.3398, 0.4146, 0.4264, 0.3052, 0.458, 0.8508, 0.372, 0.3727, 0.2893, 0.393, 0.2928, 0.1812, 0.6203, 0.1768, 0.6572, 0.3309, 0.3392, 0.4405, 0.3406, 0.1822, 0.3458, 0.3584, 0.1897, 0.1835, 0.1809, 0.4293, 0.187, 0.1798, 0.1888, 0.1792, 0.1846, 0.1757, 0.1822, 0.1735, 0.284, 0.1818, 0.162]",0.3395001670032798,0.5575277853979058,0.8507509580012993,0,25.828,13.0,0.0
2025-12-12|oraculo_directo|prueba|4|39.0694|base|60|todas|onsite,2025-12-12,oraculo_directo,prueba,4,39.0694,base,60,todas,onsite,19365,1618,20983,1881,481,1400,7758,345,681,89,0.1770506100043814,89,"{""devolucion_origen"": 8, ""entrega_sin_recogida"": 206, ""fisico"": 214, ""fuera_servicio"": 0, ""tope"": 0, ""visitas"": 0}",3883,3883,0,0,0,1881,0,14,61,0,74,"[0.3411, 0.1913, 0.3266, 0.467, 0.4362, 0.3291, 0.2593, 0.179, 0.3068, 0.2734, 0.2856, 0.3081, 0.2727, 0.2689, 0.2729, 0.3587, 0.274, 0.2865, 0.3789, 0.2123, 0.311, 0.6284, 0.315, 0.5446, 0.4407, 0.4848, 0.5489, 0.2895, 0.2714, 0.4891, 0.3816, 0.3737, 0.4251, 0.3845, 0.4997, 0.4243, 0.5966, 0.4194, 0.4393, 0.3897, 0.3036, 0.293, 0.256, 0.1818, 0.1838, 0.357, 0.2937, 0.2968, 0.3535, 0.3485, 0.4065, 0.2913, 0.305, 0.3024, 0.3741, 0.3304, 0.3819, 0.3162, 0.5919, 0.422, 0.333, 0.322, 0.1895, 0.1845, 0.1856, 0.1849, 0.195, 0.2929, 0.3336, 0.1883, 0.329, 0.2017, 0.1734, 0.1798]",0.3155743755014555,0.5461126249956578,0.6283851669941214,0,26.654,8.0,0.0
2025-12-12|lgbm_directo|prueba|4|88.9149|base|60|todas|onsite,2025-12-12,lgbm_directo,prueba,4,88.9149,base,60,todas,onsite,39979,3321,43300,1812,466,1346,9878,473,2556,382,0.2060330751671579,228,"{""devolucion_origen"": 10, ""entrega_sin_recogida"": 277, ""fisico"": 287, ""fuera_servicio"": 0, ""tope"": 0, ""visitas"": 0}",4944,4944,0,0,0,1812,0,14,54,0,74,"[1.3161, 0.1833, 0.2651, 0.2712, 0.2602, 0.3976, 0.3895, 0.2938, 0.3993, 0.2754, 0.272, 0.297, 0.323, 0.3486, 0.1819, 0.3244, 0.1747, 0.3784, 0.4896, 0.4392, 0.3877, 0.4325, 0.3915, 0.4049, 0.437, 0.4499, 0.3657, 0.6182, 0.4074, 0.4174, 0.3987, 0.3696, 0.3483, 0.4553, 0.3479, 0.489, 0.4779, 0.4653, 0.4, 0.1801, 0.3544, 0.2928, 0.4171, 0.2941, 0.4593, 0.1789, 0.4018, 0.1816, 0.5947, 0.4714, 0.2908, 0.593, 0.3094, 0.3464, 0.1877, 0.5504, 0.3601, 0.3661, 0.2003, 0.3665, 0.4365, 0.1938, 0.4438, 0.1818, 0.1823, 0.3963, 0.1921, 0.3578, 0.179, 0.3519, 0.333, 0.1821, 0.1678, 0.1644]",0.3589905834996898,0.5653123186497394,1.3160678339991136,0,28.649,10.0,0.0
2025-12-13|sin_rebalanceo|prueba|0|0.0|base|60|todas|onsite,2025-12-13,sin_rebalanceo,prueba,0,0.0,base,60,todas,onsite,78151,35039,113190,0,0,0,0,0,1307,1657,0.2796396817885871,123,"{""devolucion_origen"": 0, ""entrega_sin_recogida"": 0, ""fisico"": 0, ""fuera_servicio"": 0, ""tope"": 0, ""visitas"": 0}",0,0,0,0,0,0,0,0,0,0,0,[],0.0,0.0,0.0,0,1.805,0.0,
2025-12-13|ecobici|prueba|0|0.0|base|60|todas|onsite,2025-12-13,ecobici,prueba,0,0.0,base,60,todas,onsite,55074,22707,77781,1235,606,629,3633,0,164,105,0.2289812171712525,76,"{""devolucion_origen"": 0, ""entrega_sin_recogida"": 0, ""fisico"": 6, ""fuera_servicio"": 0, ""tope"": 0, ""visitas"": 0}",1815,1812,0,-3,0,1232,0,26,61,0,0,[],0.0,0.0,0.0,0,1.796,0.0,1232.0
2025-12-13|oraculo_diario|prueba|4|57.5805|base|60|todas|onsite,2025-12-13,oraculo_diario,prueba,4,57.5805,base,60,todas,onsite,18836,8502,27338,952,204,748,3155,123,227,67,0.2530228177459009,33,"{""devolucion_origen"": 3, ""entrega_sin_recogida"": 24, ""fisico"": 27, ""fuera_servicio"": 0, ""tope"": 0, ""visitas"": 0}",1579,1579,0,0,0,952,0,14,35,0,74,"[0.1884, 0.1948, 0.1946, 0.3823, 0.1874, 0.1851, 0.1985, 0.1858, 0.382, 0.1881, 0.1873, 0.1918, 0.1917, 0.1848, 0.1867, 0.1852, 0.1898, 0.1842, 0.1801, 0.1902, 0.2883, 0.1831, 0.3757, 0.3104, 0.1912, 0.389, 0.1966, 0.1934, 0.3068, 0.2728, 0.187, 0.356, 0.1952, 0.28, 0.3247, 0.3197, 0.3555, 0.3382, 0.1886, 0.183, 0.3859, 0.334, 0.1879, 0.1836, 0.3195, 0.3186, 0.309, 0.3012, 0.1908, 0.3263, 0.3335, 0.3132, 0.3337, 0.455, 0.3434, 0.3238, 0.1898, 0.3765, 0.1951, 0.344, 0.336, 0.3646, 0.1862, 0.1915, 0.4014, 0.3764, 0.1915, 0.1835, 0.3583, 0.1744, 0.3106, 0.1719, 0.1743, 0.1707]",0.1959024374991713,0.3835315790471213,0.4550396659979014,0,21.146,3.0,0.0
2025-12-13|ma_diaria|prueba|4|72.8507|base|60|todas|onsite,2025-12-13,ma_diaria,prueba,4,72.8507,base,60,todas,onsite,31863,10198,42061,961,208,753,2684,106,642,81,0.2161871055190908,53,"{""devolucion_origen"": 2, ""entrega_sin_recogida"": 1, ""fisico"": 3, ""fuera_servicio"": 0, ""tope"": 0, ""visitas"": 0}",1343,1343,0,0,0,961,0,14,27,0,74,"[0.1845, 0.1878, 0.1971, 0.1977, 0.194, 0.4268, 0.1966, 0.1975, 0.1893, 0.4191, 0.4444, 0.3822, 0.1804, 0.1834, 0.3736, 0.3808, 0.3373, 0.4284, 0.4392, 0.4184, 0.181, 0.1884, 0.1897, 0.2046, 0.1824, 0.1772, 0.1843, 0.1838, 0.1896, 0.1889, 0.186, 0.178, 0.1811, 0.18, 0.4374, 0.1805, 0.4659, 0.1836, 0.187, 0.1785, 0.1831, 0.1784, 0.1873, 0.1865, 0.1782, 0.1888, 0.4574, 0.1808, 0.4855, 0.2069, 0.4543, 0.1939, 0.1818, 0.1831, 0.1881, 0.1798, 0.1818, 0.183, 0.1958, 0.1798, 0.1797, 0.1929, 0.183, 0.1846, 0.1856, 0.1806, 0.3624, 0.3474, 0.1851, 0.3407, 0.3541, 0.1692, 0.1734, 0.1664]",0.1875526255025761,0.4478431829007603,0.4854782909969799,0,19.844,2.0,0.0
2025-12-13|lgbm_diario|prueba|4|72.7447|base|60|todas|onsite,2025-12-13,lgbm_diario,prueba,4,72.7447,base,60,todas,onsite,32207,10416,42623,967,225,742,2522,93,690,137,0.2168034186878925,64,"{""devolucion_origen"": 0, ""entrega_sin_recogida"": 2, ""fisico"": 2, ""fuera_servicio"": 0, ""tope"": 0, ""visitas"": 0}",1261,1261,0,0,0,967,0,14,27,0,74,"[0.1798, 0.1942, 0.1938, 0.3663, 0.3943, 0.4737, 0.1947, 0.1925, 0.1925, 0.1986, 0.1889, 0.3734, 0.1912, 0.1894, 0.3863, 0.1914, 0.1905, 0.2148, 0.1956, 0.1939, 0.1937, 0.1966, 0.184, 0.1778, 0.1794, 0.1783, 0.186, 0.1845, 0.1909, 0.4028, 0.1827, 0.1818, 0.1827, 0.1808, 0.1854, 0.1821, 0.3871, 0.1865, 0.4743, 0.1987, 0.1841, 0.183, 0.2009, 0.1791, 0.1788, 0.1904, 0.3898, 0.191, 0.1822, 0.1795, 0.4902, 0.18, 0.184, 0.189, 0.1813, 0.1798, 0.1801, 0.1797, 0.1846, 0.1874, 0.2008, 0.182, 0.1882, 0.1879, 0.1856, 0.4055, 0.1907, 0.4036, 0.182, 0.3925, 0.3454, 0.3308, 0.1821, 0.1639]",0.1891876459994819,0.404279479399338,0.4902317079977365,0,18.994,0.0,0.0
2025-12-13|oraculo_directo|prueba|4|39.0694|base|60|todas|onsite,2025-12-13,oraculo_directo,prueba,4,39.0694,base,60,todas,onsite,17019,8246,25265,801,190,611,2216,83,80,67,0.2608570067750689,27,"{""devolucion_origen"": 0, ""entrega_sin_recogida"": 11, ""fisico"": 11, ""fuera_servicio"": 0, ""tope"": 0, ""visitas"": 0}",1108,1108,0,0,0,801,0,14,44,0,74,"[0.1855, 0.1894, 0.3271, 0.4719, 0.1981, 0.3917, 0.1902, 0.3557, 0.1892, 0.1997, 0.1991, 0.1864, 0.1861, 0.1848, 0.1935, 0.1908, 0.191, 0.1888, 0.4329, 0.4333, 0.3124, 0.3997, 0.1869, 0.3032, 0.3091, 0.1858, 0.4413, 0.2933, 0.3756, 0.2868, 0.306, 0.4499, 0.3794, 0.2802, 0.3159, 0.1911, 0.1858, 0.185, 0.2997, 0.1958, 0.1891, 0.1997, 0.2002, 0.1944, 0.3215, 0.19, 0.3275, 0.1951, 0.3239, 0.3341, 0.3506, 0.394, 0.3291, 0.1937, 0.1866, 0.1952, 0.3624, 0.1856, 0.1971, 0.1889, 0.1944, 0.192, 0.5014, 0.1918, 0.1956, 0.1923, 0.315, 0.2343, 0.2914, 0.2551, 0.1827, 0.2367, 0.1874, 0.1976]",0.1993968749993655,0.4361177630486054,0.5013716250032303,0,21.308,0.0,0.0
2025-12-13|lgbm_directo|prueba|4|88.9149|base|60|todas|onsite,2025-12-13,lgbm_directo,prueba,4,88.9149,base,60,todas,onsite,30173,9833,40006,1059,224,835,3548,137,665,69,0.2162595176183888,51,"{""devolucion_origen"": 0, ""entrega_sin_recogida"": 13, ""fisico"": 13, ""fuera_servicio"": 0, ""tope"": 0, ""visitas"": 0}",1774,1774,0,0,0,1059,0,14,32,0,74,"[1.1442, 0.4238, 0.4548, 0.4418, 0.1828, 0.188, 0.2047, 0.1906, 0.3988, 0.4216, 0.187, 0.4481, 0.19, 0.1866, 0.3571, 0.4111, 0.1865, 0.1874, 0.4126, 0.184, 0.1805, 0.1925, 0.1946, 0.1932, 0.1823, 0.1785, 0.3824, 0.5295, 0.4223, 0.188, 0.5318, 0.1869, 0.1789, 0.1866, 0.1828, 0.1853, 0.4342, 0.3762, 0.3678, 0.1846, 0.3803, 0.182, 0.3825, 0.1883, 0.4027, 0.1861, 0.4267, 0.1896, 0.2077, 0.466, 0.5261, 0.1941, 0.1968, 0.1924, 0.1816, 0.1855, 0.1856, 0.1915, 0.1849, 0.1912, 0.1936, 0.1933, 0.3268, 0.1802, 0.1831, 0.4634, 0.1849, 0.4203, 0.1892, 0.402, 0.1779, 0.1731, 0.1692, 0.1626]",0.1919408955000108,0.4870599505506103,1.1442084169975717,0,22.814,0.0,0.0
2025-12-14|sin_rebalanceo|prueba|0|0.0|base|60|todas|onsite,2025-12-14,sin_rebalanceo,prueba,0,0.0,base,60,todas,onsite,91192,36568,127760,0,0,0,0,0,1635,1415,0.255657525621126,152,"{""devolucion_origen"": 0, ""entrega_sin_recogida"": 0, ""fisico"": 0, ""fuera_servicio"": 0, ""tope"": 0, ""visitas"": 0}",0,0,0,0,0,0,0,0,0,0,0,[],0.0,0.0,0.0,0,1.817,0.0,
2025-12-14|ecobici|prueba|0|0.0|base|60|todas|onsite,2025-12-14,ecobici,prueba,0,0.0,base,60,todas,onsite,56714,24643,81357,1151,561,590,3974,0,140,95,0.2290307485272064,67,"{""devolucion_origen"": 0, ""entrega_sin_recogida"": 0, ""fisico"": 6, ""fuera_servicio"": 0, ""tope"": 0, ""visitas"": 0}",2033,1935,0,-98,0,1148,0,22,67,0,0,[],0.0,0.0,0.0,0,1.809,0.0,1148.0
2025-12-14|oraculo_diario|prueba|4|57.5805|base|60|todas|onsite,2025-12-14,oraculo_diario,prueba,4,57.5805,base,60,todas,onsite,21096,9607,30703,1059,249,810,3315,143,274,22,0.2240101823213139,37,"{""devolucion_origen"": 21, ""entrega_sin_recogida"": 39, ""fisico"": 60, ""fuera_servicio"": 0, ""tope"": 0, ""visitas"": 0}",1668,1668,0,0,0,1061,2,14,41,0,74,"[0.1843, 0.1848, 0.1893, 0.1868, 0.2067, 0.1899, 0.1979, 0.1889, 0.3816, 0.1835, 0.1865, 0.1838, 0.1846, 0.1823, 0.3812, 0.1817, 0.3407, 0.3519, 0.2877, 0.2926, 0.1857, 0.176, 0.1982, 0.1858, 0.309, 0.1779, 0.1893, 0.1816, 0.1898, 0.1889, 0.1818, 0.1796, 0.1854, 0.1811, 0.1814, 0.1923, 0.3035, 0.3037, 0.3107, 0.3175, 0.3247, 0.3657, 0.3071, 0.3049, 0.4111, 0.1896, 0.1893, 0.3507, 0.1917, 0.3488, 0.1954, 0.1843, 0.3519, 0.1985, 0.1902, 0.3287, 0.3965, 0.4011, 0.3872, 0.186, 0.1889, 0.4055, 0.195, 0.4004, 0.2137, 0.1912, 0.5404, 0.2687, 0.1721, 0.2662, 0.1841, 0.1756, 0.1708, 0.1655]",0.1914398744993377,0.4006310313514404,0.5404228749976028,0,20.212,21.0,0.0
2025-12-14|ma_diaria|prueba|4|72.8507|base|60|todas|onsite,2025-12-14,ma_diaria,prueba,4,72.8507,base,60,todas,onsite,35363,11241,46604,1083,226,857,3202,128,874,126,0.218432245075245,71,"{""devolucion_origen"": 2, ""entrega_sin_recogida"": 14, ""fisico"": 16, ""fuera_servicio"": 0, ""tope"": 0, ""visitas"": 0}",1602,1602,0,0,0,1085,2,14,35,0,74,"[0.1833, 0.182, 0.1806, 0.1838, 0.1848, 0.1811, 0.3726, 0.3522, 0.4684, 0.18, 0.1797, 0.184, 0.4058, 0.3999, 0.1827, 0.4515, 0.1841, 0.1999, 0.1949, 0.3459, 0.3538, 0.3736, 0.3774, 0.182, 0.1794, 0.3433, 0.1803, 0.3679, 0.1973, 0.1863, 0.1971, 0.1807, 0.1812, 0.1992, 0.1815, 0.1781, 0.1827, 0.1851, 0.1788, 0.4488, 0.1804, 0.1789, 0.1799, 0.1772, 0.1829, 0.1868, 0.1853, 0.4503, 0.1855, 0.1964, 0.1833, 0.1898, 0.1823, 0.4551, 0.1827, 0.4578, 0.1878, 0.1889, 0.1837, 0.1834, 0.1909, 0.4577, 0.4918, 0.4559, 0.1822, 0.1818, 0.1801, 0.185, 0.1891, 0.353, 0.3368, 0.1709, 0.1748, 0.1649]",0.1850461459980579,0.4565244419984083,0.4918430000034277,0,20.137,2.0,0.0
2025-12-14|lgbm_diario|prueba|4|72.7447|base|60|todas|onsite,2025-12-14,lgbm_diario,prueba,4,72.7447,base,60,todas,onsite,36018,11378,47396,1044,235,809,2864,125,867,127,0.2251323045587089,64,"{""devolucion_origen"": 8, ""entrega_sin_recogida"": 16, ""fisico"": 24, ""fuera_servicio"": 0, ""tope"": 0, ""visitas"": 0}",1436,1436,0,0,0,1044,0,14,31,0,74,"[0.1868, 0.1823, 0.1918, 0.1816, 0.1835, 0.1871, 0.4172, 0.1849, 0.4341, 0.191, 0.1915, 0.184, 0.1922, 0.3974, 0.3654, 0.3659, 0.3515, 0.1778, 0.396, 0.3336, 0.3416, 0.1797, 0.1779, 0.189, 0.1957, 0.3996, 0.3868, 0.1827, 0.176, 0.1832, 0.1783, 0.1979, 0.1799, 0.1808, 0.1824, 0.179, 0.1991, 0.1812, 0.1842, 0.1813, 0.1834, 0.1869, 0.1775, 0.1848, 0.1909, 0.1888, 0.1847, 0.5729, 0.1854, 0.1858, 0.1857, 0.187, 0.2119, 0.1899, 0.2013, 0.1958, 0.3277, 0.1866, 0.3115, 0.1999, 0.1796, 0.3611, 0.1848, 0.1952, 0.1885, 0.1928, 0.1906, 0.1917, 0.1839, 0.1848, 0.3542, 0.3089, 0.1797, 0.163]",0.1877740419986366,0.3981507124972268,0.5728666249997332,0,19.011,8.0,0.0
2025-12-14|oraculo_directo|prueba|4|39.0694|base|60|todas|onsite,2025-12-14,oraculo_directo,prueba,4,39.0694,base,60,todas,onsite,20329,9364,29693,845,202,643,2218,83,123,18,0.2022373656596285,28,"{""devolucion_origen"": 0, ""entrega_sin_recogida"": 56, ""fisico"": 56, ""fuera_servicio"": 0, ""tope"": 0, ""visitas"": 0}",1109,1109,0,0,0,845,0,14,46,0,74,"[0.1881, 0.4154, 0.1945, 0.191, 0.2059, 0.1925, 0.1971, 0.2063, 0.481, 0.3813, 0.1848, 0.3293, 0.1933, 0.1999, 0.1957, 0.2007, 0.1806, 0.3161, 0.1853, 0.1809, 0.1977, 0.1877, 0.1829, 0.1873, 0.2956, 0.2821, 0.3014, 0.2908, 0.3446, 0.183, 0.3106, 0.184, 0.1847, 0.3345, 0.1858, 0.183, 0.3475, 0.187, 0.2875, 0.1833, 0.1844, 0.3601, 0.3123, 0.1947, 0.2934, 0.3037, 0.3496, 0.3356, 0.1932, 0.3483, 0.3078, 0.1843, 0.1832, 0.1844, 0.3786, 0.3395, 0.1948, 0.19, 0.1858, 0.2884, 0.371, 0.3385, 0.3282, 0.2488, 0.2423, 0.1851, 0.1854, 0.9198, 0.5656, 0.1762, 0.1782, 0.1727, 0.1677, 0.1687]",0.197410499498801,0.3932169872998199,0.9197797079978044,0,21.05,0.0,0.0
2025-12-14|lgbm_directo|prueba|4|88.9149|base|60|todas|onsite,2025-12-14,lgbm_directo,prueba,4,88.9149,base,60,todas,onsite,33722,10789,44511,1164,245,919,3988,184,996,94,0.2298838902816154,84,"{""devolucion_origen"": 10, ""entrega_sin_recogida"": 17, ""fisico"": 27, ""fuera_servicio"": 0, ""tope"": 0, ""visitas"": 0}",1999,1999,0,0,0,1164,0,14,32,0,74,"[1.1113, 0.1873, 0.1971, 0.1923, 0.183, 0.4821, 0.2045, 0.4229, 0.4069, 0.1829, 0.4074, 0.1841, 0.1856, 0.3691, 0.356, 0.3545, 0.3778, 0.1798, 0.1825, 0.3404, 0.1767, 0.1778, 0.3592, 0.3786, 0.3555, 0.1829, 0.3554, 0.1778, 0.1758, 0.5206, 0.179, 0.1805, 0.177, 0.3754, 0.1809, 0.1802, 0.1815, 0.4875, 0.3633, 0.1813, 0.3841, 0.1827, 0.1802, 0.1804, 0.1815, 0.4072, 0.1824, 0.1876, 0.182, 0.4644, 0.204, 0.4852, 0.1944, 0.3925, 0.183, 0.1844, 0.3427, 0.3089, 0.199, 0.1879, 0.1806, 0.1921, 0.1942, 0.1825, 0.1881, 0.3214, 0.1768, 0.1794, 0.1733, 0.3876, 0.3852, 0.1765, 0.1648, 0.1638]",0.1879967709974153,0.4832049895998352,1.1112797079986194,0,22.061,10.0,0.0
2025-12-15|sin_rebalanceo|prueba|0|0.0|base|60|todas|onsite,2025-12-15,sin_rebalanceo,prueba,0,0.0,base,60,todas,onsite,184910,74141,259051,0,0,0,0,0,10466,7721,0.4570919681170635,937,"{""devolucion_origen"": 0, ""entrega_sin_recogida"": 0, ""fisico"": 0, ""fuera_servicio"": 0, ""tope"": 0, ""visitas"": 0}",0,0,0,0,0,0,0,0,0,0,0,[],0.0,0.0,0.0,0,2.093,0.0,
2025-12-15|ecobici|prueba|0|0.0|base|60|todas|onsite,2025-12-15,ecobici,prueba,0,0.0,base,60,todas,onsite,78713,26381,105094,2632,1341,1291,13684,0,1993,1387,0.349806059437756,304,"{""devolucion_origen"": 0, ""entrega_sin_recogida"": 0, ""fisico"": 504, ""fuera_servicio"": 0, ""tope"": 0, ""visitas"": 0}",6524,6656,0,132,0,2613,0,73,117,0,0,[],0.0,0.0,0.0,0,2.097,0.0,2613.0
2025-12-15|oraculo_diario|prueba|4|57.5805|base|60|todas|onsite,2025-12-15,oraculo_diario,prueba,4,57.5805,base,60,todas,onsite,37575,11839,49414,2287,662,1625,10598,445,2555,1431,0.3342712790795516,244,"{""devolucion_origen"": 22, ""entrega_sin_recogida"": 202, ""fisico"": 224, ""fuera_servicio"": 0, ""tope"": 0, ""visitas"": 0}",5310,5310,0,0,0,2287,0,14,67,0,74,"[0.3252, 0.3034, 0.1783, 0.2814, 0.2801, 0.3347, 0.3187, 0.2507, 0.2444, 0.292, 0.3133, 0.2282, 0.249, 0.1798, 0.1787, 0.1687, 0.1954, 0.196, 0.188, 0.1821, 0.1854, 0.2799, 0.1932, 0.2906, 0.3834, 0.1864, 0.2821, 0.27, 0.282, 0.2712, 0.4049, 0.2602, 0.2825, 0.2809, 0.2704, 0.2876, 0.183, 0.4044, 0.3566, 0.2825, 0.597, 0.3467, 0.4746, 0.3493, 0.321, 0.4162, 0.3875, 0.431, 0.2598, 0.4458, 0.4848, 0.1761, 0.289, 0.2586, 0.2734, 0.1732, 0.2945, 0.3462, 0.1816, 0.1791, 0.1806, 0.3149, 0.1771, 0.1801, 0.1863, 0.1767, 0.1826, 0.1723, 0.1861, 0.1763, 0.1762, 0.3022, 0.2815, 0.1779]",0.2723294789975625,0.436147258648998,0.5970449590022326,0,22.224,22.0,0.0
2025-12-15|ma_diaria|prueba|4|72.8507|base|60|todas|onsite,2025-12-15,ma_diaria,prueba,4,72.8507,base,60,todas,onsite,52675,13219,65894,2268,689,1579,10746,407,3500,1597,0.3146147548986375,337,"{""devolucion_origen"": 10, ""entrega_sin_recogida"": 140, ""fisico"": 150, ""fuera_servicio"": 0, ""tope"": 0, ""visitas"": 0}",5378,5378,0,0,0,2268,0,14,63,0,74,"[0.3735, 0.3033, 0.339, 0.3464, 0.3296, 0.3244, 0.3059, 0.4001, 0.2422, 0.3343, 0.1745, 0.2741, 0.2755, 0.2777, 0.1657, 0.1925, 0.2137, 0.1809, 0.1766, 0.4802, 0.1789, 0.1748, 0.1784, 0.1848, 0.3868, 0.1777, 0.3499, 0.3709, 0.1819, 0.3811, 0.435, 0.3381, 0.3786, 0.3845, 0.3764, 0.4159, 0.4162, 0.4131, 0.4135, 0.3855, 0.3274, 0.2915, 0.309, 0.6145, 0.2782, 0.4397, 0.3882, 0.188, 0.4763, 0.4292, 0.4292, 0.327, 0.3047, 0.2967, 0.3, 0.1776, 0.1781, 0.1763, 0.1757, 0.1799, 0.1818, 0.1802, 0.18, 0.1818, 0.1899, 0.1807, 0.192, 0.1763, 0.1849, 0.1732, 0.3226, 0.2709, 0.1664, 0.1639]",0.294119916499767,0.4366306683034053,0.614458417003334,0,23.473,10.0,0.0
2025-12-15|lgbm_diario|prueba|4|72.7447|base|60|todas|onsite,2025-12-15,lgbm_diario,prueba,4,72.7447,base,60,todas,onsite,54422,14560,68982,2282,672,1610,9847,395,3412,1666,0.3206396199082718,316,"{""devolucion_origen"": 7, ""entrega_sin_recogida"": 126, ""fisico"": 133, ""fuera_servicio"": 0, ""tope"": 0, ""visitas"": 0}",4927,4927,0,0,0,2282,0,14,67,0,74,"[0.1817, 0.4011, 0.1837, 0.347, 0.3123, 0.4423, 0.3031, 0.1739, 0.2652, 0.2773, 0.2773, 0.364, 0.2812, 0.1739, 0.1706, 0.1725, 0.1803, 0.1706, 0.1784, 0.1863, 0.1773, 0.1883, 0.1863, 0.1921, 0.1817, 0.1781, 0.1825, 0.3533, 0.1825, 0.3428, 0.3917, 0.1815, 0.3826, 0.4031, 0.1837, 0.1795, 0.1901, 0.4161, 0.5679, 0.3864, 0.3749, 0.2873, 0.4343, 0.4028, 0.1805, 0.5131, 0.3562, 0.4895, 0.3116, 0.496, 0.5427, 0.5636, 0.3306, 0.4285, 0.3502, 0.3045, 0.1838, 0.1796, 0.1772, 0.1802, 0.2049, 0.1833, 0.1794, 0.1758, 0.1792, 0.1824, 0.1743, 0.1718, 0.1794, 0.1796, 0.3133, 0.2906, 0.1774, 0.1605]",0.1910778954988927,0.5019963419032136,0.5679405409973697,0,22.554,7.0,0.0
2025-12-15|oraculo_directo|prueba|4|39.0694|base|60|todas|onsite,2025-12-15,oraculo_directo,prueba,4,39.0694,base,60,todas,onsite,30369,10352,40721,2399,697,1702,10341,367,1754,1116,0.3386649182444546,188,"{""devolucion_origen"": 11, ""entrega_sin_recogida"": 243, ""fisico"": 254, ""fuera_servicio"": 0, ""tope"": 0, ""visitas"": 0}",5176,5176,0,0,0,2399,0,14,67,0,74,"[0.3539, 0.4746, 0.3137, 0.4139, 0.495, 0.3307, 0.2767, 0.1795, 0.3108, 0.2469, 0.2945, 0.2754, 0.1722, 0.1803, 0.1722, 0.1789, 0.1786, 0.1828, 0.1831, 0.1836, 0.182, 0.2039, 0.3233, 0.3848, 0.19, 0.3607, 0.2764, 0.1866, 0.3737, 0.3516, 0.3082, 0.4073, 0.2817, 0.2838, 0.5688, 0.8768, 0.4663, 0.7018, 0.1789, 0.1798, 0.4962, 0.3787, 0.4554, 0.4478, 0.3377, 0.5099, 0.2767, 0.3024, 0.3341, 0.4987, 0.3073, 0.487, 0.3915, 0.2763, 0.2833, 0.2691, 0.1814, 0.1862, 0.1843, 0.1817, 0.1817, 0.1821, 0.1847, 0.1897, 0.3929, 0.1952, 0.3378, 0.1905, 0.1912, 0.1835, 0.186, 0.2181, 0.2627, 0.1794]",0.2766711459989892,0.5026092397984029,0.8768330410021008,0,24.54,11.0,0.0
2025-12-15|lgbm_directo|prueba|4|88.9149|base|60|todas|onsite,2025-12-15,lgbm_directo,prueba,4,88.9149,base,60,todas,onsite,53255,13809,67064,2257,644,1613,11513,486,3753,1630,0.311841190802062,327,"{""devolucion_origen"": 9, ""entrega_sin_recogida"": 173, ""fisico"": 182, ""fuera_servicio"": 0, ""tope"": 0, ""visitas"": 0}",5761,5761,0,0,0,2259,2,14,67,0,74,"[1.2926, 0.3293, 0.2984, 0.3341, 0.2902, 0.2692, 0.3488, 0.3987, 0.2957, 0.2735, 0.27, 0.2971, 0.1732, 0.1708, 0.1747, 0.1806, 0.1834, 0.1891, 0.1849, 0.1807, 0.1781, 0.1746, 0.189, 0.18, 0.1831, 0.3695, 0.1919, 0.3708, 0.345, 0.3378, 0.4076, 0.3767, 0.4758, 0.4659, 0.3222, 0.3912, 0.497, 0.3232, 0.3489, 0.6953, 0.4037, 0.3243, 0.3017, 0.5236, 0.4039, 0.3685, 0.622, 0.2793, 0.3692, 0.5607, 0.1782, 0.312, 0.3202, 0.3377, 0.3413, 0.3518, 0.3027, 0.174, 0.1757, 0.1867, 0.1744, 0.1758, 0.1808, 0.1759, 0.1802, 0.1777, 0.175, 0.1873, 0.1741, 0.3859, 0.3451, 0.1809, 0.1713, 0.1595]",0.297756895499333,0.5366243063486761,1.292586791998474,0,24.735,9.0,0.0
2025-12-16|sin_rebalanceo|prueba|0|0.0|base|60|todas|onsite,2025-12-16,sin_rebalanceo,prueba,0,0.0,base,60,todas,onsite,189592,74209,263801,0,0,0,0,0,12140,8466,0.4672893062490825,986,"{""devolucion_origen"": 0, ""entrega_sin_recogida"": 0, ""fisico"": 0, ""fuera_servicio"": 0, ""tope"": 0, ""visitas"": 0}",0,0,0,0,0,0,0,0,0,0,0,[],0.0,0.0,0.0,0,2.218,0.0,
2025-12-16|ecobici|prueba|0|0.0|base|60|todas|onsite,2025-12-16,ecobici,prueba,0,0.0,base,60,todas,onsite,85213,25700,110913,2656,1280,1376,13909,0,2501,1337,0.3437845729821055,322,"{""devolucion_origen"": 0, ""entrega_sin_recogida"": 0, ""fisico"": 288, ""fuera_servicio"": 0, ""tope"": 0, ""visitas"": 0}",6623,6998,0,375,0,2638,0,73,131,0,0,[],0.0,0.0,0.0,0,2.127,0.0,2638.0
2025-12-16|oraculo_diario|prueba|4|57.5805|base|60|todas|onsite,2025-12-16,oraculo_diario,prueba,4,57.5805,base,60,todas,onsite,43183,11109,54292,2416,683,1733,11834,547,3189,1164,0.3172541196717331,262,"{""devolucion_origen"": 32, ""entrega_sin_recogida"": 251, ""fisico"": 283, ""fuera_servicio"": 0, ""tope"": 0, ""visitas"": 0}",5933,5933,0,0,0,2416,0,14,67,0,74,"[0.4038, 0.2844, 0.2773, 0.3866, 0.349, 0.2449, 0.2517, 0.2715, 0.2626, 0.224, 0.2628, 0.2885, 0.2814, 0.1735, 0.2459, 0.1634, 0.1734, 0.1677, 0.1685, 0.3263, 0.3129, 0.2872, 0.1778, 0.2784, 0.2739, 0.2913, 0.4076, 0.18, 0.4842, 0.2614, 0.4087, 0.326, 0.4047, 0.3897, 0.4005, 0.281, 0.3332, 0.4539, 0.3075, 0.4361, 0.3945, 0.4236, 0.2851, 0.1768, 0.2526, 0.5611, 0.4245, 0.2453, 0.1803, 0.2695, 0.2636, 0.2308, 0.261, 0.3345, 0.1724, 0.2612, 0.1802, 0.182, 0.183, 0.1809, 0.1877, 0.1852, 0.1777, 0.2049, 0.1921, 0.1756, 0.1777, 0.1875, 0.2009, 0.1848, 0.183, 0.1723, 0.1801, 0.1733]",0.2612964794971049,0.4285489732479617,0.5611175839949283,0,22.192,32.0,0.0
2025-12-16|ma_diaria|prueba|4|72.8507|base|60|todas|onsite,2025-12-16,ma_diaria,prueba,4,72.8507,base,60,todas,onsite,60725,13712,74437,2378,684,1694,11061,438,4214,1468,0.3068972595907119,345,"{""devolucion_origen"": 13, ""entrega_sin_recogida"": 136, ""fisico"": 149, ""fuera_servicio"": 0, ""tope"": 0, ""visitas"": 0}",5537,5537,0,0,0,2378,0,14,67,0,74,"[0.3119, 0.3318, 0.2689, 0.2522, 0.458, 0.2848, 0.2434, 0.3652, 0.2957, 0.2556, 0.2431, 0.2743, 0.2925, 0.1679, 0.1652, 0.1767, 0.1775, 0.1805, 0.1789, 0.1825, 0.343, 0.1777, 0.1744, 0.1774, 0.4032, 0.4208, 0.3471, 0.3545, 0.4386, 0.181, 0.3825, 0.6532, 0.4786, 0.3338, 0.3163, 0.4591, 0.1833, 0.4375, 0.7622, 0.3997, 0.474, 0.497, 0.4954, 0.3244, 0.3758, 0.3692, 0.4164, 0.4242, 0.487, 0.2599, 0.3405, 0.2764, 0.2815, 0.3368, 0.4416, 0.2845, 0.1857, 0.1763, 0.1758, 0.1711, 0.1745, 0.1737, 0.1738, 0.1761, 0.1781, 0.1746, 0.1786, 0.186, 0.1825, 0.1732, 0.294, 0.2849, 0.1777, 0.1586]",0.2830031249977764,0.48998103529957,0.7622383330017328,0,24.205,13.0,0.0
2025-12-16|lgbm_diario|prueba|4|72.7447|base|60|todas|onsite,2025-12-16,lgbm_diario,prueba,4,72.7447,base,60,todas,onsite,62148,13579,75727,2404,701,1703,11030,473,4373,1470,0.2992770662680329,353,"{""devolucion_origen"": 16, ""entrega_sin_recogida"": 149, ""fisico"": 165, ""fuera_servicio"": 0, ""tope"": 0, ""visitas"": 0}",5523,5523,0,0,0,2404,0,14,67,0,74,"[0.1859, 0.3938, 0.3344, 0.1825, 0.3172, 0.1783, 0.3046, 0.3942, 0.2758, 0.1676, 0.1752, 0.2538, 0.2739, 0.172, 0.1698, 0.1675, 0.1697, 0.17, 0.1725, 0.1759, 0.1776, 0.1754, 0.1775, 0.1788, 0.3613, 0.1844, 0.402, 0.3534, 0.3282, 0.3999, 0.4593, 0.3129, 0.4022, 0.3515, 0.1899, 0.3157, 0.7578, 0.3687, 0.3207, 0.3822, 0.4423, 0.1776, 0.1848, 0.1793, 0.461, 0.3375, 0.4965, 0.5076, 0.4207, 0.3991, 0.5274, 0.3448, 0.3156, 0.3791, 0.3194, 0.2849, 0.1742, 0.1762, 0.1809, 0.1736, 0.1762, 0.1744, 0.1744, 0.1784, 0.1887, 0.1793, 0.1801, 0.1786, 0.1849, 0.1748, 0.3157, 0.1818, 0.1737, 0.1594]",0.1892872919997899,0.4734048373979019,0.7578185829988797,0,22.685,16.0,0.0
2025-12-16|oraculo_directo|prueba|4|39.0694|base|60|todas|onsite,2025-12-16,oraculo_directo,prueba,4,39.0694,base,60,todas,onsite,35660,10159,45819,2603,756,1847,11480,494,2091,1006,0.3236063517626211,172,"{""devolucion_origen"": 6, ""entrega_sin_recogida"": 375, ""fisico"": 381, ""fuera_servicio"": 0, ""tope"": 0, ""visitas"": 0}",5743,5743,0,0,0,2603,0,14,67,0,74,"[0.3222, 0.2019, 0.3296, 0.5522, 0.3866, 0.2927, 0.274, 0.1753, 0.2743, 0.2723, 0.2293, 0.2829, 0.4791, 0.1668, 0.1737, 0.1687, 0.1695, 0.1767, 0.2623, 0.185, 0.2768, 0.1836, 0.1926, 0.2581, 0.2916, 0.2628, 0.2961, 0.2838, 0.4763, 0.4974, 0.4359, 0.3565, 0.2811, 0.3929, 0.3083, 0.3141, 0.4704, 0.3002, 0.7173, 0.5489, 0.273, 0.4511, 0.3437, 0.3754, 0.2621, 0.1793, 0.2493, 0.3373, 0.2564, 0.3303, 0.3232, 0.3211, 0.2506, 0.3296, 0.2866, 0.2627, 0.1933, 0.1824, 0.1971, 0.1814, 0.2034, 0.188, 0.1907, 0.1819, 0.1791, 0.1832, 0.1818, 0.1784, 0.3092, 0.1712, 0.1862, 0.2338, 0.1723, 0.1702]",0.2675512499990873,0.4854797726980904,0.7173181670004851,0,22.999,6.0,0.0
2025-12-16|lgbm_directo|prueba|4|88.9149|base|60|todas|onsite,2025-12-16,lgbm_directo,prueba,4,88.9149,base,60,todas,onsite,63748,14123,77871,2347,664,1683,11867,517,4758,1542,0.3094594625900876,359,"{""devolucion_origen"": 11, ""entrega_sin_recogida"": 185, ""fisico"": 196, ""fuera_servicio"": 0, ""tope"": 0, ""visitas"": 0}",5939,5939,0,0,0,2347,0,14,65,0,74,"[1.2878, 0.3197, 0.2836, 0.312, 0.3819, 0.2558, 0.3335, 0.4205, 0.3186, 0.3267, 0.2495, 0.3155, 0.2589, 0.1727, 0.171, 0.1761, 0.1819, 0.1702, 0.1796, 0.1736, 0.1816, 0.1859, 0.3473, 0.4406, 0.1797, 0.1815, 0.4068, 0.4291, 0.3393, 0.3335, 0.4036, 0.177, 0.4894, 0.3365, 0.3136, 0.4513, 0.1837, 0.4143, 0.5141, 0.1873, 0.3764, 0.3798, 0.377, 0.3654, 0.1759, 0.284, 0.1726, 0.3022, 0.3043, 0.3713, 0.4103, 0.4889, 0.1772, 0.3916, 0.3044, 0.3781, 0.3035, 0.1793, 0.1734, 0.1751, 0.1771, 0.1759, 0.1801, 0.1846, 0.1752, 0.1802, 0.1713, 0.1869, 0.1735, 0.3389, 0.3303, 0.174, 0.1621, 0.156]",0.293090208000649,0.4644699767515701,1.2878448330011452,0,23.841,11.0,0.0
2025-12-17|sin_rebalanceo|prueba|0|0.0|base|60|todas|onsite,2025-12-17,sin_rebalanceo,prueba,0,0.0,base,60,todas,onsite,169729,72513,242242,0,0,0,0,0,8875,7162,0.438854353795754,718,"{""devolucion_origen"": 0, ""entrega_sin_recogida"": 0, ""fisico"": 0, ""fuera_servicio"": 0, ""tope"": 0, ""visitas"": 0}",0,0,0,0,0,0,0,0,0,0,0,[],0.0,0.0,0.0,0,2.117,0.0,
2025-12-17|ecobici|prueba|0|0.0|base|60|todas|onsite,2025-12-17,ecobici,prueba,0,0.0,base,60,todas,onsite,77759,28082,105841,2280,1206,1074,10920,0,1222,747,0.305518220553309,170,"{""devolucion_origen"": 0, ""entrega_sin_recogida"": 0, ""fisico"": 153, ""fuera_servicio"": 0, ""tope"": 0, ""visitas"": 0}",5393,5374,0,-19,0,2271,0,74,103,0,0,[],0.0,0.0,0.0,0,2.079,0.0,2271.0
2025-12-17|oraculo_diario|prueba|4|57.5805|base|60|todas|onsite,2025-12-17,oraculo_diario,prueba,4,57.5805,base,60,todas,onsite,35002,11797,46799,1916,542,1374,9010,464,1899,874,0.3107185999727473,155,"{""devolucion_origen"": 16, ""entrega_sin_recogida"": 188, ""fisico"": 204, ""fuera_servicio"": 0, ""tope"": 0, ""visitas"": 0}",4513,4513,0,0,0,1916,0,14,67,0,74,"[0.3942, 0.2859, 0.2676, 0.1759, 0.2759, 0.2509, 0.2387, 0.2357, 0.2207, 0.238, 0.3011, 0.309, 0.2423, 0.1724, 0.2689, 0.1775, 0.1809, 0.1759, 0.1848, 0.1821, 0.18, 0.1715, 0.1818, 0.175, 0.316, 0.3045, 0.2933, 0.306, 0.1794, 0.3427, 0.1823, 0.2762, 0.3529, 0.1839, 0.2875, 0.3457, 0.3367, 0.3766, 0.266, 0.3846, 0.1806, 0.1832, 0.2708, 0.3133, 0.295, 0.3799, 0.2621, 0.3996, 0.3399, 0.3253, 0.295, 0.179, 0.316, 0.2741, 0.3191, 0.2931, 0.1829, 0.1831, 0.1781, 0.1856, 0.187, 0.1855, 0.1942, 0.1842, 0.1913, 0.1919, 0.1827, 0.176, 0.1838, 0.1745, 0.1826, 0.2845, 0.1685, 0.1829]",0.2383269790007034,0.3777540664457774,0.3996264999950654,0,20.363,16.0,0.0
2025-12-17|ma_diaria|prueba|4|72.8507|base|60|todas|onsite,2025-12-17,ma_diaria,prueba,4,72.8507,base,60,todas,onsite,50617,14779,65396,1967,559,1408,8999,399,2926,1122,0.3161375017555131,236,"{""devolucion_origen"": 23, ""entrega_sin_recogida"": 143, ""fisico"": 166, ""fuera_servicio"": 0, ""tope"": 0, ""visitas"": 0}",4511,4511,0,0,0,1967,0,14,67,0,74,"[0.3001, 0.2787, 0.2536, 0.3878, 0.2891, 0.2718, 0.2596, 0.2374, 0.238, 0.3492, 0.2492, 0.3259, 0.3052, 0.1718, 0.1681, 0.169, 0.1696, 0.1674, 0.17, 0.1753, 0.1781, 0.1746, 0.2063, 0.3351, 0.1846, 0.1797, 0.3452, 0.3781, 0.3588, 0.3963, 0.3358, 0.4443, 0.3553, 0.3628, 0.3132, 0.3213, 0.3377, 0.3188, 0.3043, 0.4205, 0.4238, 0.7825, 0.4131, 0.5542, 0.4409, 0.3866, 0.4881, 0.5432, 0.359, 0.2963, 0.3662, 0.291, 0.314, 0.3447, 0.3365, 0.3072, 0.1877, 0.3, 0.1831, 0.1843, 0.1839, 0.1775, 0.1745, 0.1741, 0.1801, 0.1803, 0.1809, 0.1751, 0.1773, 0.1698, 0.2977, 0.273, 0.179, 0.163]",0.2936574164996273,0.4596196294991384,0.7824589160009054,0,23.489,23.0,0.0
2025-12-17|lgbm_diario|prueba|4|72.7447|base|60|todas|onsite,2025-12-17,lgbm_diario,prueba,4,72.7447,base,60,todas,onsite,50422,14501,64923,2010,585,1425,9214,412,2824,1020,0.3102865138782356,252,"{""devolucion_origen"": 26, ""entrega_sin_recogida"": 131, ""fisico"": 157, ""fuera_servicio"": 0, ""tope"": 0, ""visitas"": 0}",4620,4620,0,0,0,2010,0,14,67,0,74,"[0.2978, 0.2854, 0.3674, 0.3599, 0.3516, 0.3145, 0.2812, 0.1732, 0.2423, 0.2478, 0.2469, 0.2792, 0.2625, 0.2708, 0.1725, 0.186, 0.1704, 0.1675, 0.1741, 0.1713, 0.1771, 0.175, 0.1773, 0.1778, 0.1783, 0.4876, 0.3531, 0.356, 0.196, 0.1933, 0.3485, 0.3447, 0.4088, 0.3926, 0.3594, 0.3222, 0.3814, 0.3214, 0.3245, 0.1774, 0.178, 0.2969, 0.5058, 0.4092, 0.3547, 0.4213, 0.4889, 0.3431, 0.3035, 0.3719, 0.4484, 0.3544, 0.4187, 0.3356, 0.3737, 0.3038, 0.1891, 0.1754, 0.18, 0.184, 0.1859, 0.1781, 0.1877, 0.1794, 0.19, 0.1767, 0.1788, 0.1819, 0.1764, 0.1768, 0.2925, 0.2879, 0.1822, 0.1578]",0.2750127709987282,0.4307794728021689,0.5058283749967813,0,22.388,26.0,0.0
2025-12-17|oraculo_directo|prueba|4|39.0694|base|60|todas|onsite,2025-12-17,oraculo_directo,prueba,4,39.0694,base,60,todas,onsite,29237,10881,40118,2029,565,1464,8549,338,1216,655,0.3147058346985331,113,"{""devolucion_origen"": 7, ""entrega_sin_recogida"": 256, ""fisico"": 263, ""fuera_servicio"": 0, ""tope"": 0, ""visitas"": 0}",4278,4278,0,0,0,2029,0,14,60,0,74,"[0.1923, 0.3025, 0.3051, 0.284, 0.1808, 0.5091, 0.2649, 0.1768, 0.2943, 0.2469, 0.1691, 0.2409, 0.2272, 0.2445, 0.275, 0.1763, 0.1697, 0.2662, 0.1844, 0.262, 0.3299, 0.2946, 0.321, 0.3171, 0.3785, 0.2776, 0.275, 0.3211, 0.2851, 0.2797, 0.2997, 0.2983, 0.3048, 0.1863, 0.2772, 0.2788, 0.3113, 0.1885, 0.1857, 0.4978, 0.3064, 0.606, 0.4381, 0.3908, 0.3993, 0.339, 0.4143, 0.4347, 0.4071, 0.3357, 0.3645, 0.185, 0.3078, 0.4097, 0.3691, 0.307, 0.3363, 0.1803, 0.1857, 0.1866, 0.1859, 0.186, 0.1915, 0.1803, 0.181, 0.1838, 0.3355, 0.1823, 0.3414, 0.2992, 0.3162, 0.2779, 0.1758, 0.1696]",0.2818226249983127,0.4358914646996709,0.6059609999938402,0,23.104,7.0,0.0
2025-12-17|lgbm_directo|prueba|4|88.9149|base|60|todas|onsite,2025-12-17,lgbm_directo,prueba,4,88.9149,base,60,todas,onsite,50619,14351,64970,1964,540,1424,9965,411,3070,1039,0.3085891431562967,254,"{""devolucion_origen"": 11, ""entrega_sin_recogida"": 221, ""fisico"": 232, ""fuera_servicio"": 0, ""tope"": 0, ""visitas"": 0}",4988,4988,0,0,0,1964,0,14,60,0,74,"[1.3266, 0.2909, 0.2514, 0.2854, 0.3101, 0.2839, 0.2412, 0.261, 0.2406, 0.2555, 0.2805, 0.2534, 0.2593, 0.3065, 0.1653, 0.1634, 0.1675, 0.1705, 0.171, 0.1752, 0.1742, 0.178, 0.176, 0.1747, 0.3635, 0.3708, 0.3757, 0.1877, 0.1943, 0.3925, 0.3642, 0.4171, 0.5013, 0.3677, 0.3329, 0.3562, 0.3844, 0.3096, 0.3449, 0.3056, 0.3553, 0.4846, 0.397, 0.5766, 0.3503, 0.4942, 0.3526, 0.6066, 0.4128, 0.3403, 0.3976, 0.1794, 0.1869, 0.3896, 0.3643, 0.5373, 0.3314, 0.3174, 0.1763, 0.1753, 0.1817, 0.1911, 0.18, 0.1952, 0.1752, 0.1798, 0.1842, 0.1841, 0.1735, 0.3368, 0.1688, 0.1802, 0.1606, 0.1579]",0.2822024785018584,0.5138720898990866,1.3266352909995476,0,24.298,11.0,0.0
2025-12-18|sin_rebalanceo|prueba|0|0.0|base|60|todas|onsite,2025-12-18,sin_rebalanceo,prueba,0,0.0,base,60,todas,onsite,186090,69651,255741,0,0,0,0,0,9107,6608,0.3948317499547726,679,"{""devolucion_origen"": 0, ""entrega_sin_recogida"": 0, ""fisico"": 0, ""fuera_servicio"": 0, ""tope"": 0, ""visitas"": 0}",0,0,0,0,0,0,0,0,0,0,0,[],0.0,0.0,0.0,0,2.093,0.0,
2025-12-18|ecobici|prueba|0|0.0|base|60|todas|onsite,2025-12-18,ecobici,prueba,0,0.0,base,60,todas,onsite,102933,33036,135969,1965,1022,943,8919,0,1516,1069,0.3174714513831089,179,"{""devolucion_origen"": 0, ""entrega_sin_recogida"": 0, ""fisico"": 217, ""fuera_servicio"": 0, ""tope"": 0, ""visitas"": 0}",4297,4405,0,108,0,1945,0,59,81,0,0,[],0.0,0.0,0.0,0,2.053,0.0,1945.0
2025-12-18|oraculo_diario|prueba|4|57.5805|base|60|todas|onsite,2025-12-18,oraculo_diario,prueba,4,57.5805,base,60,todas,onsite,36219,9884,46103,2009,506,1503,8827,438,2196,555,0.2847517955249448,181,"{""devolucion_origen"": 15, ""entrega_sin_recogida"": 148, ""fisico"": 163, ""fuera_servicio"": 0, ""tope"": 0, ""visitas"": 0}",4421,4421,0,0,0,2009,0,14,67,0,74,"[0.3246, 0.1831, 0.3795, 0.3063, 0.1812, 0.1772, 0.3055, 0.244, 0.2997, 0.3065, 0.2813, 0.3315, 0.1685, 0.174, 0.1778, 0.1686, 0.1857, 0.1748, 0.1729, 0.3182, 0.1815, 0.2583, 0.2659, 0.3448, 0.2851, 0.2899, 0.3066, 0.2966, 0.3, 0.26, 0.3014, 0.1842, 0.3818, 0.2976, 0.2893, 0.2907, 0.1836, 0.2786, 0.1802, 0.3907, 0.3235, 0.378, 0.3311, 0.2518, 0.1821, 0.1755, 0.2547, 0.3933, 0.4156, 0.1865, 0.2748, 0.2771, 0.3394, 0.392, 0.3106, 0.2957, 0.1944, 0.3303, 0.1892, 0.1893, 0.193, 0.1821, 0.1857, 0.1823, 0.1971, 0.1873, 0.187, 0.3337, 0.1809, 0.3224, 0.1763, 0.1768, 0.1788, 0.1687]",0.2629435415001353,0.384903842103813,0.415640291001182,0,21.099,15.0,0.0
2025-12-18|ma_diaria|prueba|4|72.8507|base|60|todas|onsite,2025-12-18,ma_diaria,prueba,4,72.8507,base,60,todas,onsite,53411,11051,64462,2079,551,1528,9753,400,3320,559,0.2696995322529563,252,"{""devolucion_origen"": 33, ""entrega_sin_recogida"": 152, ""fisico"": 185, ""fuera_servicio"": 0, ""tope"": 0, ""visitas"": 0}",4893,4893,0,0,0,2079,0,14,67,0,74,"[0.1896, 0.4142, 0.2797, 0.3501, 0.2777, 0.3328, 0.182, 0.1753, 0.4404, 0.1786, 0.2536, 0.2531, 0.1736, 0.1746, 0.1837, 0.1747, 0.1901, 0.1776, 0.1741, 0.1744, 0.1892, 0.1856, 0.187, 0.2071, 0.1936, 0.3648, 0.2042, 0.3404, 0.4415, 0.3956, 0.3794, 0.378, 0.1815, 0.3447, 0.3187, 0.3127, 0.3349, 0.486, 0.2971, 0.4103, 0.4416, 0.5321, 0.3141, 0.4017, 0.317, 0.405, 0.2809, 0.5331, 0.4536, 0.2994, 0.2963, 0.364, 0.4628, 0.1975, 0.1784, 0.3074, 0.1868, 0.3245, 0.2026, 0.1806, 0.1803, 0.1793, 0.1841, 0.183, 0.1755, 0.1773, 0.179, 0.1784, 0.1888, 0.1808, 0.3151, 0.1715, 0.1748, 0.1694]",0.2300882915005786,0.4568220204972021,0.5331466249990626,0,22.349,33.0,0.0
2025-12-18|lgbm_diario|prueba|4|72.7447|base|60|todas|onsite,2025-12-18,lgbm_diario,prueba,4,72.7447,base,60,todas,onsite,53339,10678,64017,2066,535,1531,9549,392,3195,526,0.2694010826037554,239,"{""devolucion_origen"": 23, ""entrega_sin_recogida"": 167, ""fisico"": 190, ""fuera_servicio"": 0, ""tope"": 0, ""visitas"": 0}",4786,4786,0,0,0,2066,0,14,65,0,74,"[0.27, 0.1847, 0.3067, 0.178, 0.1763, 0.2581, 0.2445, 0.2609, 0.3217, 0.2657, 0.2948, 0.2844, 0.1688, 0.1676, 0.1688, 0.185, 0.172, 0.1739, 0.1741, 0.1734, 0.1761, 0.1765, 0.1816, 0.2055, 0.1872, 0.187, 0.1751, 0.3219, 0.3371, 0.4035, 0.3415, 0.354, 0.446, 0.5117, 0.3399, 0.354, 0.5738, 0.306, 0.4575, 0.3355, 0.4865, 0.2871, 0.2983, 0.4436, 0.4487, 0.4276, 0.6895, 0.4884, 0.3514, 0.4955, 0.1799, 0.4026, 0.3533, 0.5774, 0.3078, 0.3031, 0.3602, 0.5238, 0.1879, 0.1812, 0.1801, 0.1879, 0.182, 0.181, 0.1808, 0.1768, 0.1772, 0.1836, 0.1885, 0.3657, 0.3212, 0.2928, 0.1809, 0.1604]",0.2771998124990205,0.5159622143492014,0.68954612500238,0,23.768,23.0,0.0
2025-12-18|oraculo_directo|prueba|4|39.0694|base|60|todas|onsite,2025-12-18,oraculo_directo,prueba,4,39.0694,base,60,todas,onsite,29015,8848,37863,1941,515,1426,7855,394,1115,336,0.2922852036875269,119,"{""devolucion_origen"": 1, ""entrega_sin_recogida"": 261, ""fisico"": 262, ""fuera_servicio"": 0, ""tope"": 0, ""visitas"": 0}",3928,3928,0,0,0,1941,0,14,67,0,74,"[0.3188, 0.1904, 0.188, 0.3217, 0.2585, 0.3032, 0.1799, 0.2794, 0.231, 0.3343, 0.3267, 0.3061, 0.1732, 0.1839, 0.186, 0.1755, 0.1795, 0.1758, 0.1873, 0.1787, 0.1838, 0.2621, 0.3154, 0.2762, 0.3093, 0.2841, 0.1998, 0.3948, 0.2788, 0.1933, 0.2988, 0.3538, 0.2759, 0.4056, 0.1862, 0.2721, 0.4445, 0.4905, 0.3647, 0.1844, 0.3818, 0.4625, 0.6244, 0.4533, 0.284, 0.3612, 0.3985, 0.2533, 0.4874, 0.4263, 0.3566, 0.2959, 0.1799, 0.321, 0.2759, 0.1858, 0.1907, 0.3754, 0.1903, 0.3384, 0.194, 0.1886, 0.1826, 0.1861, 0.19, 0.1909, 0.1877, 0.6648, 0.2403, 0.1774, 0.1781, 0.2003, 0.1749, 0.2086]",0.2670701874994847,0.4712520602028233,0.6647950830010814,0,22.752,1.0,0.0
2025-12-18|lgbm_directo|prueba|4|88.9149|base|60|todas|onsite,2025-12-18,lgbm_directo,prueba,4,88.9149,base,60,todas,onsite,51708,10813,62521,2097,552,1545,10758,436,3308,695,0.2753510075684041,242,"{""devolucion_origen"": 14, ""entrega_sin_recogida"": 210, ""fisico"": 224, ""fuera_servicio"": 0, ""tope"": 0, ""visitas"": 0}",5386,5386,0,0,0,2097,0,14,59,0,74,"[1.3405, 0.1845, 0.4756, 0.3261, 0.3799, 0.3113, 0.3292, 0.2571, 0.1748, 0.2508, 0.2544, 0.2732, 0.2492, 0.1627, 0.269, 0.1779, 0.1688, 0.172, 0.1773, 0.3229, 0.1725, 0.1717, 0.1836, 0.1877, 0.1762, 0.3913, 0.4191, 0.4002, 0.373, 0.435, 0.378, 0.1839, 0.4341, 0.3273, 0.3297, 0.3071, 0.4414, 0.3323, 0.4469, 0.3834, 0.4377, 0.3527, 0.3229, 0.3611, 0.2167, 0.1777, 0.8283, 0.5663, 0.4331, 0.5007, 0.2899, 0.3631, 0.3417, 0.3903, 0.308, 0.3903, 0.1816, 0.3974, 0.1823, 0.1812, 0.2143, 0.1872, 0.1891, 0.1788, 0.4354, 0.1918, 0.1874, 0.3623, 0.1752, 0.363, 0.1845, 0.1909, 0.1664, 0.1648]",0.3075486670022656,0.4844092772025759,1.3405199580010958,0,25.265,14.0,0.0
2025-12-19|sin_rebalanceo|prueba|0|0.0|base|60|todas|onsite,2025-12-19,sin_rebalanceo,prueba,0,0.0,base,60,todas,onsite,191654,71593,263247,0,0,0,0,0,8459,5913,0.4330578037791122,723,"{""devolucion_origen"": 0, ""entrega_sin_recogida"": 0, ""fisico"": 0, ""fuera_servicio"": 0, ""tope"": 0, ""visitas"": 0}",0,0,0,0,0,0,0,0,0,0,0,[],0.0,0.0,0.0,0,2.178,0.0,
2025-12-19|ecobici|prueba|0|0.0|base|60|todas|onsite,2025-12-19,ecobici,prueba,0,0.0,base,60,todas,onsite,95373,29083,124456,2075,1013,1062,9981,0,1003,533,0.2858955152069761,202,"{""devolucion_origen"": 0, ""entrega_sin_recogida"": 0, ""fisico"": 109, ""fuera_servicio"": 0, ""tope"": 0, ""visitas"": 0}",4907,4965,0,58,0,2067,0,39,95,0,0,[],0.0,0.0,0.0,0,2.046,0.0,2067.0
2025-12-19|oraculo_diario|prueba|4|57.5805|base|60|todas|onsite,2025-12-19,oraculo_diario,prueba,4,57.5805,base,60,todas,onsite,35434,11606,47040,1841,468,1373,8295,356,974,291,0.2374442600950333,87,"{""devolucion_origen"": 23, ""entrega_sin_recogida"": 166, ""fisico"": 189, ""fuera_servicio"": 0, ""tope"": 0, ""visitas"": 0}",4159,4159,0,0,0,1841,0,14,67,0,74,"[0.1665, 0.1745, 0.1867, 0.2711, 0.1803, 0.3573, 0.2604, 0.24, 0.291, 0.2598, 0.335, 0.2765, 0.3021, 0.1842, 0.2873, 0.2834, 0.1829, 0.1738, 0.3708, 0.2851, 0.3117, 0.2945, 0.1831, 0.1816, 0.1832, 0.2808, 0.2797, 0.2825, 0.2903, 0.3151, 0.2831, 0.3673, 0.3044, 0.4237, 0.318, 0.4576, 0.3514, 0.2773, 0.4188, 0.2776, 0.2848, 0.6025, 0.4024, 0.4126, 0.2865, 0.4487, 0.2839, 0.3069, 0.4333, 0.3573, 0.2893, 0.2683, 0.3362, 0.2686, 0.2762, 0.4625, 0.3549, 0.3744, 0.3506, 0.184, 0.1884, 0.1857, 0.1829, 0.1901, 0.1881, 0.1817, 0.1815, 0.1856, 0.1794, 0.1916, 0.2736, 0.1752, 0.1767, 0.1694]",0.2816427705001842,0.4386928630476176,0.6024964160023956,0,22.88,23.0,0.0
2025-12-19|ma_diaria|prueba|4|72.8507|base|60|todas|onsite,2025-12-19,ma_diaria,prueba,4,72.8507,base,60,todas,onsite,53475,13554,67029,1821,512,1309,9321,427,2293,280,0.2380525193916025,176,"{""devolucion_origen"": 9, ""entrega_sin_recogida"": 176, ""fisico"": 185, ""fuera_servicio"": 0, ""tope"": 0, ""visitas"": 0}",4665,4665,0,0,0,1821,0,14,67,0,74,"[0.2763, 0.1759, 0.2945, 0.2449, 0.2814, 0.4159, 0.3133, 0.3816, 0.3991, 0.247, 0.4267, 0.2506, 0.1732, 0.1689, 0.1766, 0.1809, 0.1754, 0.1745, 0.1733, 0.1815, 0.5159, 0.179, 0.3814, 0.1888, 0.1891, 0.1838, 0.4759, 0.3785, 0.3728, 0.4148, 0.4523, 0.3425, 0.3893, 0.1806, 0.182, 0.3277, 0.322, 0.3218, 0.6327, 0.545, 0.4011, 0.1775, 0.4756, 0.3501, 0.6938, 0.4655, 0.3183, 0.4213, 0.2706, 0.3092, 0.3746, 0.2972, 0.3131, 0.397, 0.1809, 0.3374, 0.1864, 0.1822, 0.1875, 0.1862, 0.1862, 0.1833, 0.1882, 0.1819, 0.1861, 0.1774, 0.1825, 0.1858, 0.1922, 0.31, 0.3169, 0.2991, 0.1795, 0.1635]",0.2788700000019162,0.4899032999983317,0.6937863330022083,0,23.602,9.0,0.0
2025-12-19|lgbm_diario|prueba|4|72.7447|base|60|todas|onsite,2025-12-19,lgbm_diario,prueba,4,72.7447,base,60,todas,onsite,51762,13402,65164,1816,465,1351,8522,366,2149,323,0.2369362212502799,165,"{""devolucion_origen"": 10, ""entrega_sin_recogida"": 101, ""fisico"": 111, ""fuera_servicio"": 0, ""tope"": 0, ""visitas"": 0}",4266,4266,0,0,0,1816,0,14,67,0,74,"[0.1659, 0.3534, 0.292, 0.2367, 0.2661, 0.294, 0.346, 0.3309, 0.2418, 0.1727, 0.3262, 0.3067, 0.2986, 0.1768, 0.18, 0.1795, 0.1928, 0.175, 0.1749, 0.1797, 0.3499, 0.1792, 0.3962, 0.4021, 0.18, 0.1813, 0.1823, 0.1776, 0.3548, 0.3691, 0.1834, 0.36, 0.428, 0.3858, 0.3489, 0.3566, 0.4224, 0.3167, 0.5354, 0.1755, 0.5444, 0.6273, 0.397, 0.571, 0.3451, 0.5354, 0.3917, 0.1791, 0.467, 0.4976, 0.5574, 0.1765, 0.3335, 0.1851, 0.1804, 0.184, 0.1877, 0.3435, 0.1807, 0.1804, 0.186, 0.1879, 0.1923, 0.1861, 0.1779, 0.1788, 0.1746, 0.1917, 0.1745, 0.1751, 0.3148, 0.278, 0.1794, 0.162]",0.2392403960002411,0.5385873727031139,0.6273402919978253,0,23.152,10.0,0.0
2025-12-19|oraculo_directo|prueba|4|39.0694|base|60|todas|onsite,2025-12-19,oraculo_directo,prueba,4,39.0694,base,60,todas,onsite,32013,10922,42935,1881,508,1373,7410,293,605,294,0.2421035818572962,76,"{""devolucion_origen"": 2, ""entrega_sin_recogida"": 223, ""fisico"": 225, ""fuera_servicio"": 0, ""tope"": 0, ""visitas"": 0}",3706,3706,0,0,0,1881,0,14,67,0,74,"[0.1662, 0.1762, 0.1822, 0.2839, 0.2615, 0.2966, 0.3009, 0.6305, 0.3428, 0.2594, 0.2522, 0.3617, 0.281, 0.2806, 0.1795, 0.2786, 0.2824, 0.4888, 0.3588, 0.1777, 0.2875, 0.3896, 0.3255, 0.1841, 0.3184, 0.2683, 0.3469, 0.2844, 0.1826, 0.5059, 0.1875, 0.2921, 0.3912, 0.1889, 0.267, 0.2794, 0.3044, 0.3781, 0.5445, 0.4114, 0.4229, 0.5717, 0.3297, 0.2781, 0.3793, 0.3697, 0.3242, 0.2697, 0.2787, 0.4347, 0.1859, 0.4468, 0.3818, 0.3134, 0.1844, 0.1864, 0.3112, 0.185, 0.2996, 0.1964, 0.1996, 0.1858, 0.3218, 0.1954, 0.1941, 0.1973, 0.1825, 0.2881, 0.3284, 0.1756, 0.1795, 0.2106, 0.1728, 0.1772]",0.2817000835020735,0.4948216563516324,0.6305242920061573,0,23.646,2.0,0.0
2025-12-19|lgbm_directo|prueba|4|88.9149|base|60|todas|onsite,2025-12-19,lgbm_directo,prueba,4,88.9149,base,60,todas,onsite,51823,13859,65682,1880,486,1394,10117,471,2361,285,0.2362272838390866,198,"{""devolucion_origen"": 9, ""entrega_sin_recogida"": 185, ""fisico"": 194, ""fuera_servicio"": 0, ""tope"": 0, ""visitas"": 0}",5063,5063,0,0,0,1880,0,14,67,0,74,"[1.2131, 0.2601, 0.1724, 0.3175, 0.2409, 0.1761, 0.3876, 0.2364, 0.2526, 0.1686, 0.2653, 0.2811, 0.2887, 0.3775, 0.1802, 0.1808, 0.1904, 0.1892, 0.1843, 0.1828, 0.4131, 0.1809, 0.3641, 0.3618, 0.1983, 0.1917, 0.358, 0.3727, 0.3465, 0.3762, 0.3469, 0.4867, 0.1807, 0.1913, 0.1876, 0.1892, 0.5244, 0.4166, 0.4011, 0.1983, 0.2983, 0.3224, 0.4457, 0.3199, 0.1838, 0.5318, 0.4647, 0.3358, 0.3322, 0.7367, 0.4033, 0.5101, 0.4128, 0.4408, 0.4099, 0.4304, 0.365, 0.1817, 0.1902, 0.1806, 0.1844, 0.1935, 0.1905, 0.2003, 0.1815, 0.1836, 0.3766, 0.1816, 0.1874, 0.3436, 0.1844, 0.1801, 0.1661, 0.1642]",0.262728353998682,0.5151012954975157,1.2130796250057756,0,24.522,9.0,0.0
2025-12-20|sin_rebalanceo|prueba|0|0.0|base|60|todas|onsite,2025-12-20,sin_rebalanceo,prueba,0,0.0,base,60,todas,onsite,92268,34069,126337,0,0,0,0,0,1469,1314,0.2714713279611577,148,"{""devolucion_origen"": 0, ""entrega_sin_recogida"": 0, ""fisico"": 0, ""fuera_servicio"": 0, ""tope"": 0, ""visitas"": 0}",0,0,0,0,0,0,0,0,0,0,0,[],0.0,0.0,0.0,0,1.82,0.0,
2025-12-20|ecobici|prueba|0|0.0|base|60|todas|onsite,2025-12-20,ecobici,prueba,0,0.0,base,60,todas,onsite,57209,23714,80923,930,452,478,3032,0,140,72,0.2226883135647271,84,"{""devolucion_origen"": 0, ""entrega_sin_recogida"": 0, ""fisico"": 24, ""fuera_servicio"": 0, ""tope"": 0, ""visitas"": 0}",1484,1524,0,40,0,930,0,20,57,0,0,[],0.0,0.0,0.0,0,1.816,0.0,930.0
2025-12-20|oraculo_diario|prueba|4|57.5805|base|60|todas|onsite,2025-12-20,oraculo_diario,prueba,4,57.5805,base,60,todas,onsite,23485,8823,32308,961,210,751,2900,108,284,21,0.1845955857155815,48,"{""devolucion_origen"": 4, ""entrega_sin_recogida"": 51, ""fisico"": 55, ""fuera_servicio"": 0, ""tope"": 0, ""visitas"": 0}",1452,1452,0,0,0,961,0,14,31,0,74,"[0.1923, 0.3165, 0.2185, 0.1939, 0.4178, 0.1946, 0.2002, 0.1858, 0.191, 0.1904, 0.3733, 0.1895, 0.1955, 0.1873, 0.1868, 0.1877, 0.1948, 0.1842, 0.1846, 0.3624, 0.3069, 0.3743, 0.1887, 0.303, 0.308, 0.1925, 0.1812, 0.1899, 0.1846, 0.3055, 0.1897, 0.1807, 0.1936, 0.1874, 0.1838, 0.3124, 0.3606, 0.1883, 0.2922, 0.1891, 0.3373, 0.1898, 0.1868, 0.1872, 0.3147, 0.3038, 0.3072, 0.3084, 0.3316, 0.3897, 0.306, 0.3288, 0.3511, 0.3226, 0.3411, 0.3878, 0.4559, 0.58, 0.183, 0.5594, 0.346, 0.4718, 0.1883, 0.3709, 0.4758, 0.1892, 0.1819, 0.3248, 0.179, 0.1832, 0.1852, 0.1757, 0.1771, 0.1677]",0.1947078545017575,0.4614822795036161,0.5799951669978327,0,21.479,4.0,0.0
2025-12-20|ma_diaria|prueba|4|72.8507|base|60|todas|onsite,2025-12-20,ma_diaria,prueba,4,72.8507,base,60,todas,onsite,36746,10783,47529,942,199,743,2738,101,652,124,0.2066213118911499,66,"{""devolucion_origen"": 8, ""entrega_sin_recogida"": 6, ""fisico"": 14, ""fuera_servicio"": 0, ""tope"": 0, ""visitas"": 0}",1373,1373,0,0,0,942,0,14,28,0,74,"[0.1966, 0.2021, 0.1906, 0.4839, 0.4236, 0.1914, 0.1813, 0.1925, 0.1898, 0.1859, 0.4107, 0.4335, 0.343, 0.3677, 0.185, 0.4065, 0.1829, 0.1801, 0.1862, 0.3863, 0.1896, 0.1826, 0.1841, 0.432, 0.1804, 0.1801, 0.1996, 0.1888, 0.198, 0.1954, 0.1933, 0.4479, 0.1891, 0.1821, 0.1914, 0.1844, 0.178, 0.1803, 0.1783, 0.1864, 0.1833, 0.1871, 0.454, 0.1889, 0.1887, 0.1897, 0.1815, 0.1834, 0.185, 0.4742, 0.4419, 0.1787, 0.3994, 0.4818, 0.1804, 0.1896, 0.1909, 0.1816, 0.8867, 1.2571, 0.4205, 0.4476, 0.4474, 0.6395, 0.732, 0.4436, 0.1858, 0.183, 0.3586, 0.3385, 0.1722, 0.1698, 0.1861, 0.1624]",0.1897709375007252,0.5383925523026838,1.2570859170009498,0,23.294,8.0,0.0
2025-12-20|lgbm_diario|prueba|4|72.7447|base|60|todas|onsite,2025-12-20,lgbm_diario,prueba,4,72.7447,base,60,todas,onsite,36151,10733,46884,988,238,750,2628,107,651,143,0.2058138511053328,59,"{""devolucion_origen"": 0, ""entrega_sin_recogida"": 4, ""fisico"": 4, ""fuera_servicio"": 0, ""tope"": 0, ""visitas"": 0}",1314,1314,0,0,0,988,0,14,30,0,74,"[0.1811, 0.4004, 0.1894, 0.3995, 0.1881, 0.3848, 0.3911, 0.1849, 0.1843, 0.1939, 0.1958, 0.1854, 0.3828, 0.1827, 0.1798, 0.3868, 0.1792, 0.1793, 0.2024, 0.364, 0.1778, 0.1862, 0.18, 0.1884, 0.1776, 0.1875, 0.1864, 0.1846, 0.4622, 0.3985, 0.3894, 0.1893, 0.1819, 0.1867, 0.1853, 0.1869, 0.1813, 0.1796, 0.1804, 0.181, 0.1867, 0.1845, 0.5674, 0.1827, 0.1836, 0.18, 0.4365, 0.1806, 0.1831, 0.1824, 0.1857, 0.1769, 0.188, 0.4141, 0.1907, 0.1938, 0.197, 0.1921, 0.1858, 0.4941, 0.5448, 0.6329, 0.1873, 0.5833, 0.4339, 0.6909, 0.1819, 0.3625, 0.3499, 0.1847, 0.1733, 0.2712, 0.1803, 0.1635]",0.1868031455014716,0.5527385333549317,0.6909025000059046,0,21.247,0.0,0.0
2025-12-20|oraculo_directo|prueba|4|39.0694|base|60|todas|onsite,2025-12-20,oraculo_directo,prueba,4,39.0694,base,60,todas,onsite,22326,8604,30930,749,176,573,1962,86,106,18,0.1714989579360548,34,"{""devolucion_origen"": 0, ""entrega_sin_recogida"": 7, ""fisico"": 7, ""fuera_servicio"": 0, ""tope"": 0, ""visitas"": 0}",981,981,0,0,0,749,0,14,32,0,74,"[0.1892, 0.3465, 0.1914, 0.3088, 0.1995, 0.4352, 0.1922, 0.3688, 0.2039, 0.1922, 0.1908, 0.2048, 0.1917, 0.2013, 0.1871, 0.3328, 0.187, 0.3254, 0.1833, 0.1985, 0.3346, 0.2008, 0.1984, 0.3317, 0.183, 0.1848, 0.1855, 0.3546, 0.1845, 0.1954, 0.3178, 0.1874, 0.1862, 0.1885, 0.1954, 0.1926, 0.1866, 0.196, 0.3878, 0.1836, 0.3741, 0.1895, 0.1904, 0.1909, 0.1881, 0.1894, 0.4055, 0.311, 0.2961, 0.5709, 0.3082, 0.3458, 0.1875, 0.3376, 0.3308, 0.1838, 0.1844, 0.1897, 0.1882, 0.1981, 0.1888, 0.1866, 0.3048, 0.3115, 0.3204, 0.2483, 0.3147, 0.1961, 0.2298, 0.241, 0.1847, 0.187, 0.1954, 0.1746]",0.1957183330014231,0.3789099755482311,0.5709186250023777,0,19.885,0.0,0.0
2025-12-20|lgbm_directo|prueba|4|88.9149|base|60|todas|onsite,2025-12-20,lgbm_directo,prueba,4,88.9149,base,60,todas,onsite,34625,9828,44453,1107,236,871,3956,150,766,120,0.2091204277201528,69,"{""devolucion_origen"": 14, ""entrega_sin_recogida"": 14, ""fisico"": 28, ""fuera_servicio"": 0, ""tope"": 0, ""visitas"": 0}",1985,1985,0,0,0,1107,0,14,32,0,74,"[1.1345, 0.2047, 0.1886, 0.4392, 0.3992, 0.4472, 0.4265, 0.3926, 0.1862, 0.1993, 0.395, 0.1789, 0.1845, 0.4075, 0.1897, 0.1837, 0.1794, 0.1829, 0.4855, 0.4575, 0.1819, 0.3608, 0.183, 0.179, 0.182, 0.1857, 0.3808, 0.1795, 0.1876, 0.1788, 0.4165, 0.4963, 0.18, 0.1866, 0.1846, 0.3689, 0.1861, 0.1826, 0.18, 0.1816, 0.1919, 0.1904, 0.6851, 0.1864, 0.1907, 0.1828, 0.5275, 0.1878, 0.1861, 0.184, 0.4381, 0.1829, 0.1859, 0.4662, 0.1869, 0.5522, 0.4148, 0.1797, 0.6846, 0.6876, 0.1836, 0.5955, 0.6367, 0.1844, 0.4725, 1.0403, 0.1901, 0.1755, 0.1832, 0.3831, 0.3476, 0.184, 0.1652, 0.1617]",0.188207354498445,0.6847698499033867,1.1345379170015804,0,25.09,14.0,0.0
2025-12-21|sin_rebalanceo|prueba|0|0.0|base|60|todas|onsite,2025-12-21,sin_rebalanceo,prueba,0,0.0,base,60,todas,onsite,97161,36167,133328,0,0,0,0,0,1513,1496,0.2972708055544535,91,"{""devolucion_origen"": 0, ""entrega_sin_recogida"": 0, ""fisico"": 0, ""fuera_servicio"": 0, ""tope"": 0, ""visitas"": 0}",0,0,0,0,0,0,0,0,0,0,0,[],0.0,0.0,0.0,0,1.696,0.0,
2025-12-21|ecobici|prueba|0|0.0|base|60|todas|onsite,2025-12-21,ecobici,prueba,0,0.0,base,60,todas,onsite,71605,24346,95951,1155,662,493,3822,0,176,157,0.2419439010084227,38,"{""devolucion_origen"": 0, ""entrega_sin_recogida"": 0, ""fisico"": 15, ""fuera_servicio"": 0, ""tope"": 0, ""visitas"": 0}",1974,1833,0,-141,0,1153,0,28,78,0,0,[],0.0,0.0,0.0,0,1.756,0.0,1153.0
2025-12-21|oraculo_diario|prueba|4|57.5805|base|60|todas|onsite,2025-12-21,oraculo_diario,prueba,4,57.5805,base,60,todas,onsite,27557,10175,37732,890,202,688,2768,132,168,55,0.2193895686675071,23,"{""devolucion_origen"": 4, ""entrega_sin_recogida"": 46, ""fisico"": 50, ""fuera_servicio"": 0, ""tope"": 0, ""visitas"": 0}",1386,1386,0,0,0,890,0,14,36,0,74,"[0.1843, 0.1846, 0.1889, 0.1863, 0.3022, 0.1923, 0.1825, 0.1811, 0.4196, 0.1886, 0.1932, 0.3387, 0.3407, 0.3665, 0.357, 0.4215, 0.1916, 0.3253, 0.2852, 0.1845, 0.1836, 0.3559, 0.2908, 0.284, 0.401, 0.1828, 0.1846, 0.1833, 0.1849, 0.1812, 0.3214, 0.1823, 0.1983, 0.1808, 0.1778, 0.3131, 0.3433, 0.1854, 0.182, 0.1796, 0.1839, 0.1938, 0.1913, 0.1932, 0.3617, 0.181, 0.1891, 0.3198, 0.4487, 0.3989, 0.372, 0.3382, 0.186, 0.1862, 0.1819, 0.1839, 0.3566, 0.1878, 0.4146, 0.1946, 0.3368, 0.1828, 0.3587, 0.5383, 0.3355, 0.3099, 0.1771, 0.1921, 0.1783, 0.727, 0.1741, 0.1731, 0.1707, 0.1733]",0.1918398329980846,0.4202693317987723,0.7269964160004747,0,20.971,4.0,0.0
2025-12-21|ma_diaria|prueba|4|72.8507|base|60|todas|onsite,2025-12-21,ma_diaria,prueba,4,72.8507,base,60,todas,onsite,37464,12060,49524,934,179,755,2924,111,577,151,0.2163344078623335,43,"{""devolucion_origen"": 12, ""entrega_sin_recogida"": 14, ""fisico"": 26, ""fuera_servicio"": 0, ""tope"": 0, ""visitas"": 0}",1468,1468,0,0,0,934,0,14,33,0,74,"[0.1828, 0.188, 0.2177, 0.4168, 0.183, 0.1872, 0.42, 0.1847, 0.192, 0.3914, 0.1811, 0.3723, 0.1808, 0.446, 0.1778, 0.183, 0.1821, 0.3361, 0.4525, 0.3869, 0.1833, 0.3573, 0.4171, 0.4334, 0.4447, 0.3694, 0.423, 0.3684, 0.4347, 0.1817, 0.1841, 0.1791, 0.1864, 0.1818, 0.4309, 0.1811, 0.4251, 0.1771, 0.4979, 0.1846, 0.2148, 0.1826, 0.1858, 0.1801, 0.3917, 0.404, 0.1847, 0.1808, 0.1901, 0.2118, 0.437, 0.446, 0.1848, 0.1878, 0.4585, 0.1845, 0.1828, 0.1857, 0.5474, 0.4487, 0.1832, 0.1788, 0.1908, 0.1904, 0.4276, 0.1924, 0.1823, 0.1854, 0.3991, 0.2762, 0.1681, 0.1669, 0.1691, 0.1676]",0.189064458503708,0.4500510250974912,0.5474414169948432,0,22.159,12.0,0.0
2025-12-21|lgbm_diario|prueba|4|72.7447|base|60|todas|onsite,2025-12-21,lgbm_diario,prueba,4,72.7447,base,60,todas,onsite,38548,12119,50667,924,201,723,2653,119,600,189,0.2246296372148862,41,"{""devolucion_origen"": 1, ""entrega_sin_recogida"": 5, ""fisico"": 6, ""fuera_servicio"": 0, ""tope"": 0, ""visitas"": 0}",1327,1327,0,0,0,924,0,14,33,0,74,"[0.1749, 0.1769, 0.1835, 0.182, 0.1858, 0.4063, 0.3789, 0.182, 0.1825, 0.4667, 0.3822, 0.3867, 0.1885, 0.4238, 0.1796, 0.3687, 0.4232, 0.3408, 0.3461, 0.331, 0.4646, 0.3608, 0.4335, 0.352, 0.3835, 0.3659, 0.1876, 0.3533, 0.3899, 0.1841, 0.1892, 0.1773, 0.178, 0.1809, 0.1843, 0.1925, 0.1758, 0.1806, 0.1806, 0.1817, 0.1957, 0.1896, 0.1908, 0.1863, 0.1869, 0.3994, 0.4194, 0.4671, 0.183, 0.192, 0.187, 0.1841, 0.1899, 0.1918, 0.178, 0.1789, 0.1806, 0.1843, 0.1854, 0.2978, 0.1897, 0.189, 0.1816, 0.1813, 0.1799, 0.3138, 0.1915, 0.3469, 0.1782, 0.1772, 0.2305, 0.1685, 0.168, 0.1631]",0.1887422295003489,0.427205431452603,0.4671139169950038,0,20.458,1.0,0.0
2025-12-21|oraculo_directo|prueba|4|39.0694|base|60|todas|onsite,2025-12-21,oraculo_directo,prueba,4,39.0694,base,60,todas,onsite,26828,10112,36940,694,165,529,1874,77,144,36,0.2140212810865786,5,"{""devolucion_origen"": 0, ""entrega_sin_recogida"": 25, ""fisico"": 25, ""fuera_servicio"": 0, ""tope"": 0, ""visitas"": 0}",937,937,0,0,0,694,0,14,38,0,74,"[0.1838, 0.3485, 0.2136, 0.1998, 0.1909, 0.3571, 0.195, 0.1909, 0.4242, 0.2131, 0.3864, 0.3484, 0.3615, 0.3642, 0.3287, 0.3465, 0.1837, 0.3354, 0.1786, 0.1851, 0.1834, 0.1821, 0.1853, 0.202, 0.1931, 0.2065, 0.1937, 0.2215, 0.1902, 0.185, 0.198, 0.1941, 0.1852, 0.2027, 0.1945, 0.1879, 0.1904, 0.1859, 0.3395, 0.2985, 0.3094, 0.1836, 0.1837, 0.1884, 0.3181, 0.1897, 0.3148, 0.1856, 0.3861, 0.192, 0.1834, 0.1863, 0.1859, 0.1958, 0.1869, 0.3663, 0.1849, 0.1866, 0.2885, 0.191, 0.1891, 0.339, 0.1902, 0.2199, 0.2366, 0.1829, 0.1805, 0.178, 0.174, 0.1725, 0.1789, 0.1759, 0.174, 0.1803]",0.1909447710022505,0.3649406045016803,0.4242400419971091,0,18.805,0.0,0.0
2025-12-21|lgbm_directo|prueba|4|88.9149|base|60|todas|onsite,2025-12-21,lgbm_directo,prueba,4,88.9149,base,60,todas,onsite,36121,11507,47628,1085,225,860,4006,175,686,202,0.2155023537866409,29,"{""devolucion_origen"": 16, ""entrega_sin_recogida"": 16, ""fisico"": 32, ""fuera_servicio"": 0, ""tope"": 0, ""visitas"": 0}",2011,2011,0,0,0,1085,0,14,35,0,74,"[1.1156, 0.2196, 0.209, 0.4182, 0.471, 0.4486, 0.4414, 0.3554, 0.1845, 0.1944, 0.1788, 0.1766, 0.1802, 0.4582, 0.4366, 0.3475, 0.35, 0.3675, 0.3372, 0.3533, 0.1796, 0.4056, 0.4381, 0.3598, 0.3989, 0.4499, 0.1781, 0.5918, 0.3946, 0.3672, 0.3698, 0.4286, 0.1841, 0.204, 0.369, 0.1789, 0.1804, 0.4703, 0.1959, 0.4464, 0.1818, 0.3924, 0.193, 0.1844, 0.1767, 0.1877, 0.4132, 0.1868, 0.1785, 0.1871, 0.7129, 0.1827, 0.1906, 0.1995, 0.1853, 0.185, 0.1841, 0.1805, 0.1982, 0.1912, 0.194, 0.1922, 0.3359, 0.4019, 0.1977, 0.4275, 0.1983, 0.1753, 0.1845, 0.326, 0.1854, 0.1804, 0.1768, 0.1682]",0.1988749994998215,0.4705482392466365,1.115563375002239,0,23.844,16.0,0.0
2025-12-22|sin_rebalanceo|prueba|0|0.0|base|60|todas|onsite,2025-12-22,sin_rebalanceo,prueba,0,0.0,base,60,todas,onsite,157753,59716,217469,0,0,0,0,0,6141,4514,0.4275317949408639,434,"{""devolucion_origen"": 0, ""entrega_sin_recogida"": 0, ""fisico"": 0, ""fuera_servicio"": 0, ""tope"": 0, ""visitas"": 0}",0,0,0,0,0,0,0,0,0,0,0,[],0.0,0.0,0.0,0,1.958,0.0,
2025-12-22|ecobici|prueba|0|0.0|base|60|todas|onsite,2025-12-22,ecobici,prueba,0,0.0,base,60,todas,onsite,69521,23234,92755,2268,1173,1095,10757,0,811,545,0.2995196937262864,97,"{""devolucion_origen"": 0, ""entrega_sin_recogida"": 0, ""fisico"": 168, ""fuera_servicio"": 0, ""tope"": 0, ""visitas"": 0}",5288,5301,0,13,0,2263,0,38,123,0,0,[],0.0,0.0,0.0,0,1.948,0.0,2263.0
2025-12-22|oraculo_diario|prueba|4|57.5805|base|60|todas|onsite,2025-12-22,oraculo_diario,prueba,4,57.5805,base,60,todas,onsite,31526,11266,42792,1783,451,1332,7702,327,1090,513,0.276140387817248,83,"{""devolucion_origen"": 24, ""entrega_sin_recogida"": 121, ""fisico"": 145, ""fuera_servicio"": 0, ""tope"": 0, ""visitas"": 0}",3863,3863,0,0,0,1783,0,14,67,0,74,"[0.1807, 0.1909, 0.4377, 0.3017, 0.3029, 0.2681, 0.2802, 0.2658, 0.2563, 0.1739, 0.2571, 0.1773, 0.1732, 0.1736, 0.1784, 0.1767, 0.1831, 0.1776, 0.1838, 0.3302, 0.3211, 0.1829, 0.3427, 0.312, 0.1856, 0.183, 0.3073, 0.3077, 0.3086, 0.1928, 0.19, 0.2942, 0.1937, 0.1938, 0.1897, 0.349, 0.3133, 0.2925, 0.2832, 0.2754, 0.4268, 0.4755, 0.338, 0.4104, 0.489, 0.2862, 0.483, 0.1801, 0.2943, 0.3337, 0.3367, 0.306, 0.2949, 0.3922, 0.1755, 0.3926, 0.1847, 0.3844, 0.1834, 0.1817, 0.3475, 0.3251, 0.3246, 0.1961, 0.1836, 0.1817, 0.1806, 0.1795, 0.1748, 0.1755, 0.1728, 0.1709, 0.1724, 0.1666]",0.261476229501568,0.4305824645991378,0.4890110000051209,0,21.382,24.0,0.0
2025-12-22|ma_diaria|prueba|4|72.8507|base|60|todas|onsite,2025-12-22,ma_diaria,prueba,4,72.8507,base,60,todas,onsite,47408,12543,59951,1807,503,1304,8837,373,1999,576,0.2442640358806633,147,"{""devolucion_origen"": 19, ""entrega_sin_recogida"": 152, ""fisico"": 171, ""fuera_servicio"": 0, ""tope"": 0, ""visitas"": 0}",4428,4428,0,0,0,1807,0,14,62,0,74,"[0.291, 0.2802, 0.2805, 0.2913, 0.6025, 0.4343, 0.438, 0.3376, 0.2255, 0.2317, 0.3646, 0.1672, 0.3188, 0.1748, 0.1764, 0.3307, 0.1741, 0.1725, 0.1764, 0.3321, 0.4527, 0.1846, 0.1797, 0.1798, 0.4272, 0.4011, 0.4584, 0.4932, 0.8326, 0.3926, 0.4432, 0.3722, 0.3607, 0.1859, 0.3862, 0.5444, 0.4188, 0.4087, 0.4447, 0.3771, 0.4996, 0.4375, 0.3866, 0.43, 0.4374, 0.4676, 0.4132, 0.4709, 0.1797, 0.3775, 0.4272, 0.557, 0.3514, 0.3031, 0.2798, 0.1771, 0.184, 0.1756, 0.1791, 0.1948, 0.1774, 0.1787, 0.1824, 0.1806, 0.1868, 0.178, 0.1763, 0.1826, 0.354, 0.1762, 0.3026, 0.1675, 0.1802, 0.1637]",0.310969958496571,0.5152712228988091,0.8325522920058575,0,25.488,19.0,0.0
2025-12-22|lgbm_diario|prueba|4|72.7447|base|60|todas|onsite,2025-12-22,lgbm_diario,prueba,4,72.7447,base,60,todas,onsite,46219,12802,59021,1789,470,1319,8086,364,1837,609,0.2500048454075727,112,"{""devolucion_origen"": 18, ""entrega_sin_recogida"": 100, ""fisico"": 118, ""fuera_servicio"": 0, ""tope"": 0, ""visitas"": 0}",4052,4052,0,0,0,1789,0,14,60,0,74,"[0.3473, 0.3194, 0.4219, 0.377, 0.5679, 0.4319, 0.4019, 0.2631, 0.3005, 0.2689, 0.3321, 0.3098, 0.2941, 0.1722, 0.1808, 0.1775, 0.1719, 0.1745, 0.1788, 0.18, 0.174, 0.1777, 0.1816, 0.3604, 0.3724, 0.1842, 0.4704, 0.4597, 0.4974, 0.4677, 0.1845, 0.3644, 0.1811, 0.4009, 0.3257, 0.1814, 0.3431, 0.3571, 0.4934, 0.3199, 0.1929, 0.3104, 0.4581, 0.1775, 0.3644, 0.4248, 0.3415, 0.5014, 0.4237, 0.4199, 0.4856, 0.182, 0.2996, 0.4731, 0.3095, 0.3119, 0.1822, 0.3343, 0.1847, 0.1799, 0.1881, 0.1813, 0.3457, 0.2037, 0.1811, 0.1827, 0.1761, 0.1779, 0.1972, 0.1769, 0.184, 0.3023, 0.1756, 0.1615]",0.3013666664955963,0.4883419748955929,0.5678857500024606,0,23.834,18.0,0.0
2025-12-22|oraculo_directo|prueba|4|39.0694|base|60|todas|onsite,2025-12-22,oraculo_directo,prueba,4,39.0694,base,60,todas,onsite,28343,11229,39572,1826,499,1327,7077,254,704,549,0.2778786194140289,68,"{""devolucion_origen"": 7, ""entrega_sin_recogida"": 202, ""fisico"": 209, ""fuera_servicio"": 0, ""tope"": 0, ""visitas"": 0}",3542,3542,0,0,0,1826,0,14,67,0,74,"[0.1819, 0.1932, 0.1883, 0.3159, 0.298, 0.3054, 0.1845, 0.3002, 0.1971, 0.1766, 0.194, 0.2626, 0.1781, 0.1785, 0.1806, 0.1795, 0.1778, 0.1812, 0.2087, 0.2777, 0.1859, 0.3232, 0.3209, 0.3148, 0.3718, 0.3007, 0.3871, 0.402, 0.3042, 0.384, 0.3139, 0.3289, 0.1876, 0.3813, 0.36, 0.3846, 0.3964, 0.5404, 0.3253, 0.3861, 0.212, 0.5206, 0.3681, 0.328, 0.525, 0.2953, 0.3395, 0.4257, 0.5589, 0.5185, 0.3636, 0.3018, 0.3556, 0.3043, 0.3148, 0.183, 0.186, 0.1871, 0.1846, 0.1859, 0.2061, 0.1873, 0.2016, 0.2037, 0.1925, 0.1817, 0.1881, 0.299, 0.1725, 0.3036, 0.2987, 0.2798, 0.2409, 0.1734]",0.2983205419986916,0.5192105771977367,0.5589394579947111,0,22.939,7.0,0.0
2025-12-22|lgbm_directo|prueba|4|88.9149|base|60|todas|onsite,2025-12-22,lgbm_directo,prueba,4,88.9149,base,60,todas,onsite,46652,12124,58776,1953,514,1439,10156,437,2033,513,0.2452667904536435,142,"{""devolucion_origen"": 8, ""entrega_sin_recogida"": 222, ""fisico"": 230, ""fuera_servicio"": 0, ""tope"": 0, ""visitas"": 0}",5082,5082,0,0,0,1953,0,14,57,0,74,"[1.2789, 0.1829, 0.2842, 0.2839, 0.285, 0.1739, 0.3605, 0.2998, 0.1747, 0.3489, 0.2925, 0.4309, 0.2957, 0.3078, 0.3964, 0.4634, 0.1761, 0.1717, 0.1777, 0.3749, 0.1765, 0.4226, 0.4354, 0.5883, 0.4282, 0.3922, 0.4843, 0.5447, 0.3926, 0.5028, 0.4588, 0.4418, 0.3658, 0.4861, 0.4053, 0.4092, 0.6827, 0.1928, 0.3807, 0.4305, 0.1848, 0.476, 0.3919, 0.3851, 0.5259, 0.6682, 0.3691, 0.4579, 0.1823, 0.4064, 0.574, 0.393, 0.3818, 0.1747, 0.4603, 0.3182, 0.3687, 0.3448, 0.1845, 0.1869, 0.1899, 0.1808, 0.1791, 0.1772, 0.1836, 0.1808, 0.1899, 0.1804, 0.1832, 0.377, 0.3333, 0.1698, 0.1655, 0.1616]",0.3631287909993261,0.5790172624961996,1.2788922910040128,0,27.658,8.0,0.0
2025-12-23|sin_rebalanceo|prueba|0|0.0|base|60|todas|onsite,2025-12-23,sin_rebalanceo,prueba,0,0.0,base,60,todas,onsite,147537,53129,200666,0,0,0,0,0,6407,4393,0.4347615473111526,602,"{""devolucion_origen"": 0, ""entrega_sin_recogida"": 0, ""fisico"": 0, ""fuera_servicio"": 0, ""tope"": 0, ""visitas"": 0}",0,0,0,0,0,0,0,0,0,0,0,[],0.0,0.0,0.0,0,1.986,0.0,
2025-12-23|ecobici|prueba|0|0.0|base|60|todas|onsite,2025-12-23,ecobici,prueba,0,0.0,base,60,todas,onsite,58215,19215,77430,2067,1071,996,10216,0,581,351,0.2756827832353309,158,"{""devolucion_origen"": 0, ""entrega_sin_recogida"": 0, ""fisico"": 110, ""fuera_servicio"": 0, ""tope"": 0, ""visitas"": 0}",5060,5046,0,-14,0,2061,0,39,126,0,0,[],0.0,0.0,0.0,0,1.964,0.0,2061.0
2025-12-23|oraculo_diario|prueba|4|57.5805|base|60|todas|onsite,2025-12-23,oraculo_diario,prueba,4,57.5805,base,60,todas,onsite,26421,8457,34878,1687,451,1236,7968,325,953,340,0.2426802400420141,121,"{""devolucion_origen"": 12, ""entrega_sin_recogida"": 149, ""fisico"": 161, ""fuera_servicio"": 0, ""tope"": 0, ""visitas"": 0}",3990,3990,0,0,0,1687,0,14,52,0,74,"[0.381, 0.4056, 0.3279, 0.2927, 0.3423, 0.3239, 0.2618, 0.2629, 0.3575, 0.3172, 0.2544, 0.2447, 0.2677, 0.2631, 0.1831, 0.2918, 0.2048, 0.2938, 0.1819, 0.2879, 0.3315, 0.2787, 0.3494, 0.2878, 0.3138, 0.3074, 0.3503, 0.2812, 0.1813, 0.3585, 0.3685, 0.2958, 0.3908, 0.2863, 0.3073, 0.4122, 0.4195, 0.4225, 0.2728, 0.1777, 0.4292, 0.3792, 0.484, 0.178, 0.3823, 0.5198, 0.4812, 0.2949, 0.3097, 0.4121, 0.352, 0.3242, 0.314, 0.3657, 0.3123, 0.272, 0.1923, 0.2068, 0.1904, 0.1983, 0.1856, 0.1829, 0.1903, 0.2032, 0.3561, 0.1783, 0.1812, 0.1861, 0.1765, 0.1788, 0.1772, 0.173, 0.1803, 0.1671]",0.2922386040008859,0.4248316431981948,0.5198461249965476,0,23.401,12.0,0.0
2025-12-23|ma_diaria|prueba|4|72.8507|base|60|todas|onsite,2025-12-23,ma_diaria,prueba,4,72.8507,base,60,todas,onsite,42431,10725,53156,1749,494,1255,8672,338,1656,382,0.2342928922145231,180,"{""devolucion_origen"": 32, ""entrega_sin_recogida"": 145, ""fisico"": 177, ""fuera_servicio"": 0, ""tope"": 0, ""visitas"": 0}",4352,4352,0,0,0,1749,0,14,56,0,74,"[0.1846, 0.2744, 0.5395, 0.5292, 0.2684, 0.3843, 0.4215, 0.4905, 0.2732, 0.356, 0.267, 0.174, 0.2822, 0.2778, 0.1748, 0.174, 0.183, 0.1802, 0.1793, 0.1846, 0.47, 0.4852, 0.184, 0.3686, 0.5034, 0.1815, 0.4025, 0.668, 0.5901, 0.3761, 0.5055, 0.4559, 0.3437, 0.1824, 0.3841, 0.6166, 0.1875, 0.3349, 0.4108, 0.1892, 0.5499, 0.4877, 0.369, 0.3657, 0.6245, 0.5075, 0.3439, 0.5033, 0.5166, 0.4689, 0.3015, 0.297, 0.3652, 0.1792, 0.3063, 0.2943, 0.1776, 0.1757, 0.179, 0.1815, 0.1812, 0.1799, 0.181, 0.1829, 0.1795, 0.1841, 0.1829, 0.1781, 0.1787, 0.1748, 0.33, 0.2846, 0.184, 0.1637]",0.2894521460002579,0.5639922960468536,0.6679614589957055,0,25.602,32.0,0.0
2025-12-23|lgbm_diario|prueba|4|72.7447|base|60|todas|onsite,2025-12-23,lgbm_diario,prueba,4,72.7447,base,60,todas,onsite,43307,10079,53386,1745,488,1257,8521,315,1658,362,0.2309330967543787,168,"{""devolucion_origen"": 41, ""entrega_sin_recogida"": 135, ""fisico"": 176, ""fuera_servicio"": 0, ""tope"": 0, ""visitas"": 0}",4281,4281,0,0,0,1745,0,14,57,0,74,"[0.3581, 0.3173, 0.4979, 0.2535, 0.3239, 0.3626, 0.3644, 0.4477, 0.1711, 0.248, 0.2537, 0.2937, 0.2583, 0.1734, 0.1809, 0.1752, 0.183, 0.1751, 0.177, 0.1748, 0.3924, 0.3701, 0.1849, 0.3676, 0.3839, 0.403, 0.4033, 0.4413, 0.5075, 0.5302, 0.3932, 0.2021, 0.3567, 0.3945, 0.3915, 0.5499, 0.3163, 0.4099, 0.1944, 0.6494, 0.398, 0.5948, 0.3936, 0.4185, 0.5134, 0.5204, 0.3609, 0.4175, 0.1788, 0.3865, 0.2789, 0.2983, 0.3069, 0.3331, 0.1781, 0.3028, 0.1768, 0.1833, 0.185, 0.1765, 0.1806, 0.1808, 0.1831, 0.1828, 0.1809, 0.1812, 0.1776, 0.1833, 0.1776, 0.1785, 0.3137, 0.2816, 0.1757, 0.1593]",0.3005446039969683,0.5238431432015204,0.6493505420003203,0,24.587,41.0,0.0
2025-12-23|oraculo_directo|prueba|4|39.0694|base|60|todas|onsite,2025-12-23,oraculo_directo,prueba,4,39.0694,base,60,todas,onsite,23160,8694,31854,1744,491,1253,7481,343,413,382,0.2595715854128849,84,"{""devolucion_origen"": 7, ""entrega_sin_recogida"": 170, ""fisico"": 177, ""fuera_servicio"": 0, ""tope"": 0, ""visitas"": 0}",3744,3744,0,0,0,1744,0,14,61,0,74,"[0.3861, 0.1892, 0.3265, 0.403, 0.4101, 0.3194, 0.2927, 0.2969, 0.2692, 0.2787, 0.1878, 0.3839, 0.2721, 0.2671, 0.2743, 0.2786, 0.1872, 0.3159, 0.3199, 0.528, 0.3381, 0.3523, 0.3357, 0.3209, 0.3829, 0.492, 0.3501, 0.3197, 0.3014, 0.4144, 0.3988, 0.541, 0.3123, 0.3796, 0.3434, 0.3954, 0.5119, 0.4886, 0.6485, 0.4996, 0.4505, 0.5643, 0.4429, 0.5471, 0.4008, 0.1878, 0.4555, 0.4338, 0.3033, 0.2983, 0.1874, 0.3157, 0.3359, 0.1842, 0.1839, 0.2932, 0.2165, 0.182, 0.1875, 0.1915, 0.1921, 0.1981, 0.1892, 0.1883, 0.1923, 0.1857, 0.2639, 0.3261, 0.1796, 0.4894, 0.1841, 0.1735, 0.1699, 0.1701]",0.3158073329941544,0.5325295847531378,0.648546875003376,0,25.774,7.0,0.0
2025-12-23|lgbm_directo|prueba|4|88.9149|base|60|todas|onsite,2025-12-23,lgbm_directo,prueba,4,88.9149,base,60,todas,onsite,43474,9730,53204,1959,546,1413,10583,504,1951,346,0.2323681534352696,173,"{""devolucion_origen"": 25, ""entrega_sin_recogida"": 257, ""fisico"": 282, ""fuera_servicio"": 0, ""tope"": 0, ""visitas"": 0}",5304,5304,0,0,0,1959,0,14,62,0,74,"[1.3336, 0.3727, 0.3315, 0.1817, 0.2555, 0.2865, 0.2584, 0.3294, 0.3465, 0.1664, 0.3443, 0.2633, 0.3042, 0.2684, 0.3116, 0.3276, 0.1756, 0.1815, 0.1759, 0.3707, 0.4026, 0.4457, 0.5445, 0.6006, 0.503, 0.697, 0.5286, 0.4921, 0.6176, 0.3639, 0.1773, 0.3701, 0.353, 0.421, 1.0049, 0.7439, 0.3612, 0.3211, 0.1807, 0.5322, 0.3218, 0.1774, 0.4891, 0.2984, 0.339, 0.525, 0.3018, 0.479, 0.4192, 0.3702, 0.3189, 0.3142, 0.3291, 0.3446, 0.4047, 0.3423, 0.1763, 0.1788, 0.1775, 0.1884, 0.1819, 0.2015, 0.1801, 0.1907, 0.1787, 0.1883, 0.1793, 0.1867, 0.1811, 0.1723, 0.3303, 0.1719, 0.168, 0.1591]",0.3214707504994294,0.6453953665473814,1.3335777090032934,0,27.374,25.0,0.0
2025-12-24|sin_rebalanceo|prueba|0|0.0|base|60|todas|onsite,2025-12-24,sin_rebalanceo,prueba,0,0.0,base,60,todas,onsite,87767,36687,124454,0,0,0,0,0,1644,1362,0.3420359684957756,136,"{""devolucion_origen"": 0, ""entrega_sin_recogida"": 0, ""fisico"": 0, ""fuera_servicio"": 0, ""tope"": 0, ""visitas"": 0}",0,0,0,0,0,0,0,0,0,0,0,[],0.0,0.0,0.0,0,1.832,0.0,
2025-12-24|ecobici|prueba|0|0.0|base|60|todas|onsite,2025-12-24,ecobici,prueba,0,0.0,base,60,todas,onsite,42852,19710,62562,1227,589,638,5484,0,148,159,0.2364840421013396,45,"{""devolucion_origen"": 0, ""entrega_sin_recogida"": 0, ""fisico"": 19, ""fuera_servicio"": 0, ""tope"": 0, ""visitas"": 0}",2691,2774,0,83,0,1225,0,35,70,0,0,[],0.0,0.0,0.0,0,1.755,0.0,1225.0
2025-12-24|oraculo_diario|prueba|4|57.5805|base|60|todas|onsite,2025-12-24,oraculo_diario,prueba,4,57.5805,base,60,todas,onsite,19320,9259,28579,897,225,672,3166,140,156,198,0.2374563147889666,16,"{""devolucion_origen"": 16, ""entrega_sin_recogida"": 36, ""fisico"": 52, ""fuera_servicio"": 0, ""tope"": 0, ""visitas"": 0}",1591,1591,0,0,0,897,0,14,33,0,74,"[0.2064, 0.4171, 0.1938, 0.3683, 0.4236, 0.192, 0.1944, 0.2143, 0.1846, 0.1859, 0.1903, 0.3129, 0.1947, 0.1884, 0.1864, 0.186, 0.1867, 0.2196, 0.1861, 0.4484, 0.1869, 0.194, 0.3496, 0.4227, 0.1902, 0.325, 0.2939, 0.4016, 0.315, 0.3351, 0.3026, 0.1953, 0.1973, 0.3416, 0.3324, 0.1867, 0.321, 0.3134, 0.1828, 0.3033, 0.2099, 0.3807, 0.1891, 0.1882, 0.2151, 0.1804, 0.1852, 0.1849, 0.1921, 0.1905, 0.183, 0.1837, 0.1959, 0.1881, 0.1832, 0.1869, 0.1945, 0.1961, 0.189, 0.3342, 0.258, 0.1859, 0.2108, 0.1968, 0.2082, 0.193, 0.1838, 0.3003, 0.1795, 0.295, 0.2834, 0.1819, 0.1705, 0.1644]",0.1946316454996122,0.4070479954982146,0.4484447499999078,0,19.46,16.0,0.0
2025-12-24|ma_diaria|prueba|4|72.8507|base|60|todas|onsite,2025-12-24,ma_diaria,prueba,4,72.8507,base,60,todas,onsite,31977,9508,41485,1232,346,886,7152,361,685,56,0.2066284358010918,71,"{""devolucion_origen"": 20, ""entrega_sin_recogida"": 150, ""fisico"": 170, ""fuera_servicio"": 0, ""tope"": 0, ""visitas"": 0}",3586,3586,0,0,0,1232,0,14,42,0,74,"[0.1989, 0.4427, 0.2928, 0.3574, 0.3369, 0.2604, 0.2807, 0.2644, 0.2962, 0.28, 0.3263, 0.3143, 0.2827, 0.1826, 0.1899, 0.19, 0.3432, 0.4154, 0.1792, 0.4898, 0.1949, 0.2026, 0.1989, 0.2121, 0.4825, 0.4669, 0.3988, 0.4669, 0.5194, 0.3983, 0.3651, 0.423, 0.4729, 0.3951, 0.3459, 0.3359, 0.3834, 0.1994, 0.4336, 0.379, 0.3957, 0.5619, 0.3929, 0.4315, 0.3087, 0.6057, 0.4139, 0.4136, 0.3709, 0.1848, 0.3948, 0.4445, 0.4058, 0.387, 0.3909, 0.4125, 0.4108, 0.1955, 0.183, 0.4023, 0.4289, 0.3982, 0.7835, 0.6183, 0.3355, 0.4515, 0.3044, 0.255, 0.1776, 0.1882, 0.1736, 0.2283, 0.1833, 0.1655]",0.361284146001708,0.5342866941980898,0.7835075419934583,0,27.352,20.0,0.0
2025-12-24|lgbm_diario|prueba|4|72.7447|base|60|todas|onsite,2025-12-24,lgbm_diario,prueba,4,72.7447,base,60,todas,onsite,32857,9414,42271,1212,348,864,7105,388,713,55,0.2083433869483708,80,"{""devolucion_origen"": 17, ""entrega_sin_recogida"": 124, ""fisico"": 141, ""fuera_servicio"": 0, ""tope"": 0, ""visitas"": 0}",3561,3561,0,0,0,1212,0,14,39,0,74,"[0.3599, 0.1833, 0.3694, 0.315, 0.1792, 0.4504, 0.2945, 0.262, 0.1727, 0.2665, 0.2831, 0.3733, 0.1777, 0.2063, 0.188, 0.4218, 0.1895, 0.1827, 0.1935, 0.4162, 0.4572, 0.4551, 0.4271, 0.5077, 0.4072, 0.5639, 0.405, 0.5317, 0.3899, 0.4109, 0.1869, 0.4347, 0.3742, 0.428, 0.3781, 0.4337, 0.4741, 0.3528, 0.367, 0.5214, 0.3862, 0.3265, 0.4804, 0.3104, 0.3116, 0.7753, 0.4382, 0.3035, 0.4252, 0.4227, 0.3373, 0.438, 0.4519, 0.389, 0.4005, 0.4294, 0.424, 0.1948, 0.1847, 0.1987, 0.188, 0.1957, 0.1873, 0.4421, 0.355, 0.3509, 0.35, 0.4116, 0.1773, 0.1762, 0.1771, 0.1698, 0.1703, 0.1638]",0.3634144579991698,0.5124902771964115,0.7752874579964555,0,27.014,17.0,0.0
2025-12-24|oraculo_directo|prueba|4|39.0694|base|60|todas|onsite,2025-12-24,oraculo_directo,prueba,4,39.0694,base,60,todas,onsite,19545,8230,27775,792,202,590,2541,114,110,131,0.1879048277937806,10,"{""devolucion_origen"": 1, ""entrega_sin_recogida"": 41, ""fisico"": 42, ""fuera_servicio"": 0, ""tope"": 0, ""visitas"": 0}",1271,1271,0,0,0,792,0,14,42,0,74,"[0.1908, 0.1973, 0.4144, 0.4338, 0.1888, 0.4027, 0.1886, 0.193, 0.4197, 0.191, 0.1861, 0.1862, 0.344, 0.4535, 0.2068, 0.1894, 0.189, 0.1945, 0.3702, 0.1878, 0.3507, 0.4958, 0.3218, 0.1847, 0.4025, 0.366, 0.3528, 0.5379, 0.3052, 0.4121, 0.3177, 0.3121, 0.4168, 0.3654, 0.3182, 0.4949, 0.1887, 0.3498, 0.3736, 0.2077, 0.3249, 0.1865, 0.35, 0.1901, 0.1876, 0.1909, 0.1815, 0.1893, 0.1901, 0.1812, 0.1878, 0.1819, 0.1958, 0.1897, 0.3478, 0.1917, 0.1922, 0.3223, 0.2915, 0.2975, 0.1929, 0.2197, 0.1875, 0.2563, 0.2208, 0.8203, 0.1808, 0.4938, 0.2565, 0.1811, 0.1983, 0.2526, 0.1775, 0.1839]",0.2137093125020328,0.4941467021002608,0.8203495830020984,0,22.551,1.0,0.0
2025-12-24|lgbm_directo|prueba|4|88.9149|base|60|todas|onsite,2025-12-24,lgbm_directo,prueba,4,88.9149,base,60,todas,onsite,34327,8912,43239,1443,415,1028,9020,432,871,50,0.2294245180108201,81,"{""devolucion_origen"": 10, ""entrega_sin_recogida"": 166, ""fisico"": 176, ""fuera_servicio"": 0, ""tope"": 0, ""visitas"": 0}",4515,4515,0,0,0,1443,0,14,49,0,74,"[1.335, 0.3931, 0.2941, 0.2734, 0.1816, 0.1773, 0.2663, 0.3412, 0.2503, 0.1791, 0.2766, 0.463, 0.3664, 0.3593, 0.3997, 0.3917, 0.1824, 0.491, 0.473, 0.1801, 0.1827, 0.3006, 0.4053, 0.1817, 0.5227, 0.5663, 0.4314, 0.184, 0.3839, 0.1838, 0.4499, 0.4794, 0.1836, 0.6446, 0.4524, 0.6101, 0.202, 0.4569, 0.4242, 0.3471, 0.3543, 0.3866, 0.1814, 0.3157, 0.3491, 0.5998, 0.3906, 0.1794, 0.4532, 0.3114, 0.3668, 0.1829, 0.456, 0.3788, 0.1873, 0.5114, 0.4749, 0.5032, 0.1936, 0.3195, 0.1939, 0.3196, 0.1815, 0.3373, 0.1952, 0.1945, 0.3219, 0.2928, 0.1889, 0.1705, 0.1729, 0.173, 0.1685, 0.1676]",0.3207739999998011,0.5780093017532634,1.3350435829997878,0,26.807,10.0,0.0
2025-12-25|sin_rebalanceo|prueba|0|0.0|base|60|todas|onsite,2025-12-25,sin_rebalanceo,prueba,0,0.0,base,60,todas,onsite,44869,18174,63043,0,0,0,0,0,161,110,0.2351613349373029,11,"{""devolucion_origen"": 0, ""entrega_sin_recogida"": 0, ""fisico"": 0, ""fuera_servicio"": 0, ""tope"": 0, ""visitas"": 0}",0,0,0,0,0,0,0,0,0,0,0,[],0.0,0.0,0.0,0,1.477,0.0,
2025-12-25|ecobici|prueba|0|0.0|base|60|todas|onsite,2025-12-25,ecobici,prueba,0,0.0,base,60,todas,onsite,33787,15814,49601,635,349,286,2665,0,17,7,0.2247671033392784,8,"{""devolucion_origen"": 0, ""entrega_sin_recogida"": 0, ""fisico"": 0, ""fuera_servicio"": 0, ""tope"": 0, ""visitas"": 0}",1352,1313,0,-39,0,635,0,21,63,0,0,[],0.0,0.0,0.0,0,1.493,0.0,635.0
2025-12-25|oraculo_diario|prueba|4|57.5805|base|60|todas|onsite,2025-12-25,oraculo_diario,prueba,4,57.5805,base,60,todas,onsite,19010,7767,26777,346,86,260,772,32,8,2,0.2637554334191251,3,"{""devolucion_origen"": 2, ""entrega_sin_recogida"": 0, ""fisico"": 2, ""fuera_servicio"": 0, ""tope"": 0, ""visitas"": 0}",387,387,0,0,0,346,0,14,37,0,74,"[0.1878, 0.1842, 0.1871, 0.2247, 0.2581, 0.3223, 0.3346, 0.2332, 0.2849, 0.1822, 0.1924, 0.2805, 0.3628, 0.3433, 0.1831, 0.1991, 0.1906, 0.1916, 0.269, 0.187, 0.1842, 0.1834, 0.1836, 0.1856, 0.1881, 0.4541, 0.4143, 0.191, 0.5632, 0.4748, 0.4232, 0.374, 0.1857, 0.4398, 0.1872, 0.6398, 0.5578, 0.3135, 0.372, 0.4424, 0.3847, 0.4587, 0.1896, 0.1859, 0.2781, 0.3978, 0.1961, 0.3849, 0.3003, 0.388, 0.1817, 0.5198, 0.3636, 0.8197, 0.186, 0.4113, 0.1825, 0.1949, 0.1908, 0.8789, 0.4245, 0.1932, 0.1899, 1.1229, 0.1791, 0.9713, 0.2184, 0.4801, 0.1701, 0.1876, 0.1844, 0.1718, 0.1718, 0.1672]",0.2289259999997739,0.7027766501978466,1.1229230000026291,0,25.277,2.0,0.0
2025-12-25|ma_diaria|prueba|4|72.8507|base|60|todas|onsite,2025-12-25,ma_diaria,prueba,4,72.8507,base,60,todas,onsite,25775,9018,34793,418,88,330,1320,52,73,23,0.2457919963727443,4,"{""devolucion_origen"": 0, ""entrega_sin_recogida"": 0, ""fisico"": 0, ""fuera_servicio"": 0, ""tope"": 0, ""visitas"": 0}",660,660,0,0,0,418,0,14,26,0,74,"[0.1988, 0.2871, 0.1796, 0.1894, 0.4405, 0.4089, 0.2052, 0.1963, 0.1992, 0.1884, 0.3533, 0.3475, 0.3803, 0.3692, 0.3821, 0.3992, 0.4492, 0.473, 0.3857, 0.3664, 0.3984, 0.3694, 1.1609, 0.1921, 0.5289, 0.5012, 0.3749, 0.4083, 0.3117, 0.4575, 0.195, 0.1787, 0.1896, 0.1891, 0.3758, 0.1906, 0.4696, 0.3819, 0.1909, 0.1855, 0.3855, 0.2094, 0.2944, 0.4584, 0.1889, 0.3647, 0.3263, 0.7815, 0.336, 0.4336, 0.4157, 0.3371, 0.1873, 0.1956, 0.1821, 0.1968, 0.1988, 0.1855, 0.1978, 0.3347, 0.2779, 0.1866, 0.6376, 0.9408, 0.1833, 1.5087, 0.2465, 0.2731, 0.3148, 0.1847, 0.1713, 0.1718, 0.1692, 0.1644]",0.3132604160018672,0.6879690494504749,1.508675167002366,0,26.822,0.0,0.0
2025-12-25|lgbm_diario|prueba|4|72.7447|base|60|todas|onsite,2025-12-25,lgbm_diario,prueba,4,72.7447,base,60,todas,onsite,26468,9359,35827,381,94,287,1022,50,75,27,0.2247934040376783,8,"{""devolucion_origen"": 0, ""entrega_sin_recogida"": 1, ""fisico"": 1, ""fuera_servicio"": 0, ""tope"": 0, ""visitas"": 0}",511,511,0,0,0,381,0,14,26,0,74,"[0.1818, 0.1785, 0.1908, 0.3516, 0.1882, 0.3965, 0.3705, 0.1758, 0.4097, 0.1958, 0.3677, 0.3508, 0.2103, 0.4428, 0.1962, 0.1788, 0.1867, 0.1812, 0.4108, 0.2696, 0.3945, 0.4088, 0.5381, 0.1884, 0.333, 0.2991, 0.3233, 0.1926, 0.1911, 0.188, 0.1888, 0.1847, 0.3604, 0.1818, 0.1906, 0.1978, 0.3754, 0.3104, 0.1807, 0.1806, 0.1806, 0.4758, 0.1964, 0.1911, 0.3282, 0.1847, 0.3393, 0.348, 0.1807, 0.1877, 0.1926, 0.1822, 0.3116, 0.1826, 0.1912, 0.3155, 0.1924, 0.3299, 0.18, 0.329, 0.1819, 0.2093, 0.42, 0.1923, 0.1849, 4.1603, 0.2729, 0.3918, 0.376, 0.1772, 0.1719, 0.1768, 0.1813, 0.1664]",0.1942402084969217,0.428006187500432,4.160295499998028,0,24.712,0.0,0.0
2025-12-25|oraculo_directo|prueba|4|39.0694|base|60|todas|onsite,2025-12-25,oraculo_directo,prueba,4,39.0694,base,60,todas,onsite,19020,7670,26690,269,74,195,504,28,5,0,0.1791801348466761,3,"{""devolucion_origen"": 0, ""entrega_sin_recogida"": 0, ""fisico"": 0, ""fuera_servicio"": 0, ""tope"": 0, ""visitas"": 0}",252,252,0,0,0,269,0,11,37,0,74,"[0.1861, 0.2824, 0.2616, 0.1883, 0.1912, 0.4394, 0.1844, 0.1964, 0.1889, 0.1879, 1.569, 0.3371, 0.3559, 0.3933, 0.3388, 0.293, 0.1879, 0.1887, 0.3472, 0.1962, 0.1909, 0.3455, 0.1948, 0.19, 0.3289, 0.3165, 0.3273, 0.1878, 0.4529, 0.1887, 0.5105, 0.4065, 0.3687, 0.3727, 0.5528, 0.5132, 0.4733, 0.3445, 0.3459, 0.3237, 1.3161, 0.1874, 0.1837, 0.9093, 0.3371, 0.6672, 0.4148, 0.2962, 0.4038, 0.1916, 0.6785, 0.3747, 0.3581, 0.2925, 0.358, 0.5626, 0.3036, 0.202, 0.1843, 0.3081, 0.1841, 0.2862, 0.3067, 0.1815, 0.6631, 0.1835, 0.1799, 0.3771, 0.4231, 0.1738, 0.1729, 0.1671, 0.1732, 0.1671]",0.3074096665004617,0.6711852354019355,1.5690328749988112,0,27.143,0.0,0.0
2025-12-25|lgbm_directo|prueba|4|88.9149|base|60|todas|onsite,2025-12-25,lgbm_directo,prueba,4,88.9149,base,60,todas,onsite,23066,8829,31895,567,120,447,2432,131,111,12,0.222985370690195,9,"{""devolucion_origen"": 0, ""entrega_sin_recogida"": 11, ""fisico"": 11, ""fuera_servicio"": 0, ""tope"": 0, ""visitas"": 0}",1216,1216,0,0,0,571,4,14,24,0,74,"[1.0933, 0.1784, 0.1828, 0.1902, 0.4203, 0.1836, 0.4299, 0.1828, 0.1817, 0.4231, 0.3994, 0.416, 0.3886, 0.412, 0.1843, 0.1921, 0.1824, 0.4491, 0.4935, 0.1882, 0.3095, 0.4364, 0.3527, 0.5143, 0.3265, 0.3208, 0.7768, 0.5482, 0.3198, 0.4416, 0.1825, 0.1834, 0.4648, 0.192, 0.3261, 0.6243, 0.1821, 0.3093, 0.3202, 0.1932, 0.462, 0.4003, 0.1839, 0.347, 0.3858, 0.5301, 0.686, 0.7056, 0.3346, 0.1874, 0.1889, 0.1892, 0.1949, 0.3054, 0.1829, 0.3837, 0.3991, 0.1894, 1.8877, 0.1822, 0.1957, 1.3747, 0.5888, 0.1847, 0.1782, 0.5191, 0.585, 0.233, 0.1965, 0.1768, 0.1725, 0.1701, 0.1687, 0.164]",0.3199688330023491,0.7305287039522224,1.8877251250014524,0,28.841,0.0,0.0
2025-12-26|sin_rebalanceo|prueba|0|0.0|base|60|todas|onsite,2025-12-26,sin_rebalanceo,prueba,0,0.0,base,60,todas,onsite,92783,30456,123239,0,0,0,0,0,2526,1670,0.3354970421539224,228,"{""devolucion_origen"": 0, ""entrega_sin_recogida"": 0, ""fisico"": 0, ""fuera_servicio"": 0, ""tope"": 0, ""visitas"": 0}",0,0,0,0,0,0,0,0,0,0,0,[],0.0,0.0,0.0,0,1.76,0.0,
2025-12-26|ecobici|prueba|0|0.0|base|60|todas|onsite,2025-12-26,ecobici,prueba,0,0.0,base,60,todas,onsite,42458,15018,57476,2117,1159,958,8942,0,156,157,0.2277874425682133,47,"{""devolucion_origen"": 0, ""entrega_sin_recogida"": 0, ""fisico"": 33, ""fuera_servicio"": 0, ""tope"": 0, ""visitas"": 0}",4454,4455,0,1,0,2115,0,38,103,0,0,[],0.0,0.0,0.0,0,1.813,0.0,2115.0
2025-12-26|oraculo_diario|prueba|4|57.5805|base|60|todas|onsite,2025-12-26,oraculo_diario,prueba,4,57.5805,base,60,todas,onsite,25212,7827,33039,1015,211,804,4139,188,245,103,0.1942292870586461,43,"{""devolucion_origen"": 11, ""entrega_sin_recogida"": 47, ""fisico"": 58, ""fuera_servicio"": 0, ""tope"": 0, ""visitas"": 0}",2075,2075,0,0,0,1015,0,14,34,0,74,"[0.191, 0.187, 0.1843, 0.3779, 0.1885, 0.3331, 0.4097, 0.4624, 0.4054, 0.1892, 0.3687, 0.6552, 0.4217, 0.307, 0.361, 0.5825, 0.6909, 0.3273, 0.3608, 0.3384, 0.3307, 0.182, 0.1796, 0.3085, 0.4609, 0.3825, 0.3595, 0.2948, 0.3634, 0.4312, 0.3091, 0.1893, 0.3944, 0.3039, 0.3302, 0.3318, 0.1989, 0.3485, 0.3217, 0.1902, 0.3259, 0.3576, 0.335, 0.1895, 0.4971, 0.3166, 0.3472, 0.3829, 0.312, 0.438, 0.5111, 0.3357, 0.3413, 0.3094, 0.4257, 0.1837, 0.1857, 0.2077, 0.1858, 0.1839, 0.197, 0.1865, 0.1844, 0.3952, 0.1986, 0.206, 0.1777, 0.1862, 0.1748, 0.1823, 0.1944, 0.1701, 0.1731, 0.1681]",0.3191600829995877,0.5019712813522346,0.690904415998375,0,24.551,11.0,0.0
2025-12-26|ma_diaria|prueba|4|72.8507|base|60|todas|onsite,2025-12-26,ma_diaria,prueba,4,72.8507,base,60,todas,onsite,35877,8991,44868,1153,322,831,6054,269,747,133,0.2129828939759684,91,"{""devolucion_origen"": 16, ""entrega_sin_recogida"": 132, ""fisico"": 148, ""fuera_servicio"": 0, ""tope"": 0, ""visitas"": 0}",3035,3035,0,0,0,1153,0,14,41,0,74,"[0.1785, 0.377, 0.399, 0.2787, 0.3989, 0.4981, 0.4294, 0.2926, 0.3359, 0.2832, 0.2842, 0.3514, 0.4838, 0.1798, 0.1792, 0.3588, 0.4838, 0.5256, 0.2009, 0.4128, 0.1891, 0.4589, 0.4639, 0.6499, 0.193, 0.4169, 0.4786, 0.4051, 0.4841, 0.1834, 0.4685, 0.4293, 0.3989, 0.4855, 0.4098, 0.1865, 0.4718, 0.4586, 0.354, 0.624, 0.3186, 0.4359, 0.6864, 0.3099, 0.4182, 0.4071, 0.3129, 0.4753, 0.4284, 0.3353, 0.7297, 0.3595, 0.4477, 0.3966, 0.1861, 0.3927, 0.1784, 0.1883, 0.3661, 0.1775, 0.1852, 0.1849, 0.1865, 0.1801, 0.1852, 0.3625, 0.1811, 0.1879, 0.3774, 0.1768, 0.3111, 0.1698, 0.1824, 0.1662]",0.360964312498254,0.560051264248977,0.7297182909969706,0,27.543,16.0,0.0
2025-12-26|lgbm_diario|prueba|4|72.7447|base|60|todas|onsite,2025-12-26,lgbm_diario,prueba,4,72.7447,base,60,todas,onsite,34940,8606,43546,1091,284,807,5218,231,686,131,0.2116040916189405,78,"{""devolucion_origen"": 2, ""entrega_sin_recogida"": 94, ""fisico"": 96, ""fuera_servicio"": 0, ""tope"": 0, ""visitas"": 0}",2610,2610,0,0,0,1091,0,14,43,0,74,"[0.1861, 0.3329, 0.3305, 0.3823, 0.4548, 0.3114, 0.2717, 0.4141, 0.3537, 0.3278, 0.4115, 0.1837, 0.5335, 0.1781, 0.3568, 0.177, 0.5245, 0.3948, 0.375, 0.3911, 0.4185, 0.491, 0.5407, 1.2089, 0.7056, 0.6132, 0.5061, 0.4289, 0.1862, 0.5073, 0.543, 0.3831, 0.3771, 0.4091, 0.3741, 0.4079, 0.5085, 0.39, 0.4051, 0.3116, 0.1829, 0.3654, 0.4493, 0.5201, 0.4859, 0.3553, 0.3797, 0.5661, 0.5703, 0.5385, 0.4814, 0.1805, 0.4099, 0.4212, 0.4013, 0.1836, 0.1861, 0.184, 0.1875, 0.1791, 0.1793, 0.1874, 0.1903, 0.1875, 0.2054, 0.1768, 0.3819, 0.1751, 0.305, 0.1858, 0.3422, 0.319, 0.1806, 0.1611]",0.3760543335010879,0.5676007227004447,1.2089213750005,0,28.9,2.0,0.0
2025-12-26|oraculo_directo|prueba|4|39.0694|base|60|todas|onsite,2025-12-26,oraculo_directo,prueba,4,39.0694,base,60,todas,onsite,23043,7964,31007,980,218,762,3584,141,177,110,0.1848562254316888,27,"{""devolucion_origen"": 2, ""entrega_sin_recogida"": 39, ""fisico"": 41, ""fuera_servicio"": 0, ""tope"": 0, ""visitas"": 0}",1793,1793,0,0,0,980,0,14,32,0,74,"[0.1892, 0.442, 0.1914, 0.3911, 0.3569, 0.1987, 0.3456, 0.6207, 0.3441, 0.3502, 0.3272, 0.3284, 0.3417, 0.3437, 0.3492, 0.4635, 0.3529, 0.1826, 0.1836, 0.3694, 0.3382, 0.3342, 0.3308, 0.3733, 0.4337, 0.3491, 0.3328, 0.3671, 0.3157, 0.1848, 0.1902, 0.3319, 0.3137, 0.1999, 0.2028, 0.3159, 0.3264, 0.194, 0.3446, 0.3324, 0.3317, 0.4297, 0.3107, 0.3207, 0.4991, 0.3474, 0.3372, 0.3302, 0.1921, 0.5573, 0.3395, 0.1928, 0.1824, 0.1813, 0.3749, 0.1867, 0.1858, 0.1957, 0.1813, 0.1924, 0.1837, 0.3722, 0.1823, 0.1818, 0.2842, 0.2948, 0.1836, 0.3569, 0.321, 0.245, 0.1796, 0.2067, 0.174, 0.168]",0.3267849794974609,0.449514202100181,0.6207307080039755,0,23.773,2.0,0.0
2025-12-26|lgbm_directo|prueba|4|88.9149|base|60|todas|onsite,2025-12-26,lgbm_directo,prueba,4,88.9149,base,60,todas,onsite,33624,8419,42043,1339,355,984,7651,315,757,45,0.2147569522061473,85,"{""devolucion_origen"": 1, ""entrega_sin_recogida"": 178, ""fisico"": 179, ""fuera_servicio"": 0, ""tope"": 0, ""visitas"": 0}",3826,3826,0,0,0,1341,2,14,42,0,74,"[1.4021, 0.3621, 0.1822, 0.3666, 0.4302, 0.3995, 0.3102, 0.5573, 0.2725, 0.3619, 0.1838, 0.3286, 0.1774, 0.4064, 0.3676, 0.4595, 0.3455, 0.3865, 0.4727, 0.4572, 0.3952, 0.5188, 0.5952, 0.503, 0.5201, 0.5835, 0.5554, 0.5194, 0.4613, 0.3667, 0.6348, 0.6852, 0.4674, 0.5627, 0.5476, 0.3526, 0.4307, 0.3951, 0.4897, 0.5278, 0.679, 0.4449, 0.3061, 0.1811, 0.3419, 0.4417, 0.5719, 0.3684, 0.4892, 0.3619, 0.4642, 0.4237, 0.2084, 0.7199, 0.4337, 0.3847, 0.4946, 0.4329, 0.1855, 0.4825, 0.186, 0.1822, 0.1912, 0.183, 0.2106, 0.1818, 0.4131, 0.1771, 0.1954, 0.1735, 0.375, 0.1718, 0.1619, 0.1611]",0.3973586249994696,0.6502607652480944,1.4020919169997796,0,31.528,1.0,0.0
2025-12-27|sin_rebalanceo|prueba|0|0.0|base|60|todas|onsite,2025-12-27,sin_rebalanceo,prueba,0,0.0,base,60,todas,onsite,49434,23004,72438,0,0,0,0,0,633,802,0.2470306956786716,49,"{""devolucion_origen"": 0, ""entrega_sin_recogida"": 0, ""fisico"": 0, ""fuera_servicio"": 0, ""tope"": 0, ""visitas"": 0}",0,0,0,0,0,0,0,0,0,0,0,[],0.0,0.0,0.0,0,1.687,0.0,
2025-12-27|ecobici|prueba|0|0.0|base|60|todas|onsite,2025-12-27,ecobici,prueba,0,0.0,base,60,todas,onsite,31193,13725,44918,1179,710,469,3504,0,54,26,0.2247980110569552,22,"{""devolucion_origen"": 0, ""entrega_sin_recogida"": 0, ""fisico"": 2, ""fuera_servicio"": 0, ""tope"": 0, ""visitas"": 0}",1811,1691,0,-120,0,1178,0,26,68,0,0,[],0.0,0.0,0.0,0,1.724,0.0,1178.0
2025-12-27|oraculo_diario|prueba|4|57.5805|base|60|todas|onsite,2025-12-27,oraculo_diario,prueba,4,57.5805,base,60,todas,onsite,16912,7819,24731,569,147,422,1824,83,110,70,0.1923561720941555,5,"{""devolucion_origen"": 0, ""entrega_sin_recogida"": 9, ""fisico"": 9, ""fuera_servicio"": 0, ""tope"": 0, ""visitas"": 0}",912,912,0,0,0,569,0,14,24,0,74,"[0.1889, 0.3272, 0.194, 0.1978, 0.3249, 0.187, 0.1934, 0.2061, 0.2851, 0.1999, 0.1935, 0.1874, 0.3881, 0.1978, 0.386, 0.1964, 0.3982, 0.1935, 0.4341, 0.1873, 0.1843, 0.4714, 0.3908, 0.1894, 0.3742, 0.1863, 0.4218, 0.1901, 0.1913, 0.3984, 0.1823, 0.3605, 0.182, 0.1913, 0.3514, 0.1876, 0.3852, 0.188, 0.1889, 0.3347, 0.3549, 0.1829, 0.1839, 0.3462, 0.1961, 0.195, 0.1838, 0.1857, 0.192, 0.1961, 0.1898, 0.1864, 0.1989, 0.1985, 0.384, 0.1868, 0.3833, 0.1895, 0.1819, 0.1793, 0.3356, 0.1817, 0.4487, 0.4435, 0.389, 0.1785, 0.4354, 0.2004, 0.1779, 0.3024, 0.1903, 0.1805, 0.1827, 0.1783]",0.1945276249971357,0.4345357391521247,0.4713762079991284,0,20.627,0.0,0.0
2025-12-27|ma_diaria|prueba|4|72.8507|base|60|todas|onsite,2025-12-27,ma_diaria,prueba,4,72.8507,base,60,todas,onsite,23291,9945,33236,623,175,448,1668,71,226,164,0.1974260072280506,12,"{""devolucion_origen"": 0, ""entrega_sin_recogida"": 1, ""fisico"": 1, ""fuera_servicio"": 0, ""tope"": 0, ""visitas"": 0}",834,834,0,0,0,623,0,14,19,0,74,"[0.1853, 0.1847, 0.1853, 0.2987, 0.3037, 0.2017, 0.1976, 0.2057, 0.4573, 0.443, 0.419, 0.4599, 0.1936, 0.4916, 0.3897, 0.7193, 0.1987, 0.4117, 0.4251, 0.186, 0.4561, 0.4865, 0.3837, 0.1833, 0.1863, 0.1937, 0.2981, 0.1875, 0.1892, 0.3704, 0.1963, 0.1873, 0.194, 0.1823, 0.1845, 0.1933, 0.1831, 0.1844, 0.1779, 0.4099, 0.1843, 0.1817, 0.1942, 0.1846, 0.1904, 0.1859, 0.1812, 0.1861, 0.1892, 0.1822, 0.1843, 0.1828, 0.1899, 0.1872, 0.185, 0.1873, 0.1836, 0.1882, 0.1842, 0.1885, 0.1839, 0.1914, 0.1983, 0.1947, 0.1831, 0.1793, 0.1781, 0.1872, 0.1858, 0.1715, 0.3114, 0.2839, 0.1846, 0.1627]",0.1883632079989183,0.4581827477020851,0.719286125000508,0,19.852,0.0,0.0
2025-12-27|lgbm_diario|prueba|4|72.7447|base|60|todas|onsite,2025-12-27,lgbm_diario,prueba,4,72.7447,base,60,todas,onsite,23435,10209,33644,597,162,435,1548,71,224,165,0.2061962285531973,17,"{""devolucion_origen"": 0, ""entrega_sin_recogida"": 1, ""fisico"": 1, ""fuera_servicio"": 0, ""tope"": 0, ""visitas"": 0}",774,774,0,0,0,597,0,14,18,0,74,"[0.1823, 0.306, 0.3144, 0.3204, 0.3061, 0.1929, 0.1803, 0.1919, 0.1957, 0.1891, 0.4292, 0.206, 0.1902, 0.1881, 0.9488, 0.3581, 0.1944, 0.378, 0.4048, 0.185, 0.379, 0.304, 0.3339, 0.1774, 0.188, 0.1784, 0.1783, 0.3694, 0.1842, 0.323, 0.1947, 0.4887, 0.1826, 0.1809, 0.1814, 0.2275, 0.1817, 0.1792, 0.1823, 0.1946, 0.1769, 0.1815, 0.181, 0.1814, 0.1811, 0.1803, 0.1863, 0.188, 0.1891, 0.524, 0.1866, 0.1818, 0.1891, 0.1869, 0.1862, 0.1867, 0.1825, 0.1887, 0.1857, 0.189, 0.4982, 0.1807, 0.1881, 0.191, 0.1819, 0.315, 0.3636, 0.1793, 0.1865, 0.1711, 0.3027, 0.2765, 0.1748, 0.1714]",0.1880947915014985,0.4500155931957121,0.9488241670042044,0,19.842,0.0,0.0
2025-12-27|oraculo_directo|prueba|4|39.0694|base|60|todas|onsite,2025-12-27,oraculo_directo,prueba,4,39.0694,base,60,todas,onsite,16544,7768,24312,431,131,300,1202,59,36,5,0.2036680559443645,2,"{""devolucion_origen"": 0, ""entrega_sin_recogida"": 15, ""fisico"": 15, ""fuera_servicio"": 0, ""tope"": 0, ""visitas"": 0}",601,601,0,0,0,431,0,14,20,0,74,"[0.1893, 0.3699, 0.2165, 0.2168, 0.203, 0.2115, 0.1902, 0.1944, 0.1925, 0.193, 0.3751, 0.1901, 0.1875, 0.4252, 0.1913, 0.378, 0.1956, 0.1914, 0.415, 0.1997, 0.4043, 0.2232, 0.3589, 0.376, 0.1848, 0.1868, 0.3827, 0.1929, 0.3536, 0.4523, 0.1843, 0.1873, 0.1909, 0.1841, 0.1852, 0.1935, 0.1933, 0.1861, 0.193, 0.1936, 0.1956, 0.1926, 0.3834, 0.3401, 0.1971, 0.3723, 0.1829, 0.3626, 0.1837, 0.1886, 0.1839, 0.1837, 0.1889, 0.1898, 0.3329, 0.1973, 0.1942, 0.1957, 0.341, 0.1863, 0.1955, 0.1862, 0.3278, 0.3308, 0.1958, 0.182, 0.1846, 0.1847, 0.1831, 0.1792, 0.1973, 0.1911, 0.1886, 0.1753]",0.1934337919992685,0.3906909704019198,0.4522934580018045,0,19.387,0.0,0.0
2025-12-27|lgbm_directo|prueba|4|88.9149|base|60|todas|onsite,2025-12-27,lgbm_directo,prueba,4,88.9149,base,60,todas,onsite,21028,8779,29807,677,154,523,2478,105,207,77,0.197509893949891,9,"{""devolucion_origen"": 2, ""entrega_sin_recogida"": 5, ""fisico"": 7, ""fuera_servicio"": 0, ""tope"": 0, ""visitas"": 0}",1240,1240,0,0,0,677,0,14,21,0,74,"[1.1375, 0.2942, 0.1979, 0.3445, 0.3221, 0.1935, 0.1843, 0.3859, 0.1889, 0.199, 0.4745, 0.4662, 0.6894, 0.1852, 0.5087, 0.4349, 0.446, 0.4483, 0.4164, 0.5013, 0.4468, 0.5921, 0.3569, 0.2867, 0.3229, 0.2089, 0.1869, 0.3837, 0.1867, 0.3187, 0.1889, 0.4004, 0.1791, 0.1903, 0.3629, 0.516, 0.1864, 0.3089, 0.3142, 0.3069, 0.6422, 0.1894, 0.8591, 0.1787, 0.3158, 0.467, 0.3398, 0.194, 0.448, 0.4989, 0.1858, 0.185, 0.1818, 0.1803, 0.18, 0.1924, 0.1892, 0.1813, 0.1793, 0.1848, 0.1784, 0.1858, 0.1889, 0.1839, 0.192, 0.1839, 0.1784, 0.3783, 0.1747, 0.1693, 0.3367, 0.1666, 0.1648, 0.164]",0.2039581044991791,0.6096093727981494,1.137456167001801,0,24.755,2.0,0.0
2025-12-28|sin_rebalanceo|prueba|0|0.0|base|60|todas|onsite,2025-12-28,sin_rebalanceo,prueba,0,0.0,base,60,todas,onsite,61365,25224,86589,0,0,0,0,0,821,916,0.2624960418274014,114,"{""devolucion_origen"": 0, ""entrega_sin_recogida"": 0, ""fisico"": 0, ""fuera_servicio"": 0, ""tope"": 0, ""visitas"": 0}",0,0,0,0,0,0,0,0,0,0,0,[],0.0,0.0,0.0,0,1.768,0.0,
2025-12-28|ecobici|prueba|0|0.0|base|60|todas|onsite,2025-12-28,ecobici,prueba,0,0.0,base,60,todas,onsite,44126,16880,61006,1206,674,532,4079,0,116,91,0.2227540480094604,70,"{""devolucion_origen"": 0, ""entrega_sin_recogida"": 0, ""fisico"": 19, ""fuera_servicio"": 0, ""tope"": 0, ""visitas"": 0}",1999,2061,0,62,0,1202,0,25,68,0,0,[],0.0,0.0,0.0,0,1.749,0.0,1202.0
2025-12-28|oraculo_diario|prueba|4|57.5805|base|60|todas|onsite,2025-12-28,oraculo_diario,prueba,4,57.5805,base,60,todas,onsite,21588,7580,29168,717,154,563,2156,95,205,14,0.217340827867163,37,"{""devolucion_origen"": 4, ""entrega_sin_recogida"": 19, ""fisico"": 23, ""fuera_servicio"": 0, ""tope"": 0, ""visitas"": 0}",1080,1080,0,0,0,717,0,14,31,0,74,"[0.1926, 0.4161, 0.1998, 0.3118, 0.3459, 0.2858, 0.2256, 0.4194, 0.3519, 0.4033, 0.3892, 0.1886, 0.1905, 0.3984, 0.4204, 0.2013, 0.2104, 0.1901, 0.342, 0.3623, 0.3834, 0.3615, 0.3372, 0.4976, 0.1832, 0.1783, 0.2929, 0.1802, 0.19, 0.1793, 0.1774, 0.184, 0.1864, 0.18, 0.1837, 0.1911, 0.1952, 0.1868, 0.3432, 0.1814, 0.1924, 0.2127, 0.1932, 0.2148, 0.1885, 0.1851, 0.3981, 0.1874, 0.1879, 0.3983, 0.3986, 0.3262, 0.3533, 0.4111, 0.4098, 0.4464, 0.3543, 0.1958, 0.1829, 0.4259, 0.3983, 0.1897, 0.4761, 0.3354, 0.1816, 0.3058, 0.7275, 0.6653, 0.1764, 0.2938, 0.1826, 0.1731, 0.1688, 0.169]",0.213785291500244,0.4568297477962913,0.7274540829967009,0,22.918,4.0,0.0
2025-12-28|ma_diaria|prueba|4|72.8507|base|60|todas|onsite,2025-12-28,ma_diaria,prueba,4,72.8507,base,60,todas,onsite,30984,8932,39916,744,137,607,2206,98,479,130,0.2054942692135957,59,"{""devolucion_origen"": 0, ""entrega_sin_recogida"": 5, ""fisico"": 5, ""fuera_servicio"": 0, ""tope"": 0, ""visitas"": 0}",1103,1103,0,0,0,744,0,14,25,0,74,"[0.1873, 0.2001, 0.3566, 0.3511, 0.1916, 0.1852, 0.4262, 0.3756, 0.1991, 0.1944, 0.3942, 0.1999, 0.1888, 0.4621, 0.1951, 0.1941, 0.195, 0.1889, 0.4526, 0.4172, 0.386, 1.2647, 0.4385, 0.8237, 0.6468, 0.1799, 0.1917, 0.3919, 0.4454, 0.547, 0.1813, 0.4698, 0.5087, 0.4478, 0.4468, 0.1842, 0.1849, 0.1816, 0.1884, 0.1808, 0.1861, 0.1967, 0.1916, 0.1865, 0.185, 0.189, 0.1842, 0.1822, 0.1996, 0.6545, 2.4497, 0.1892, 0.1925, 0.1797, 0.1896, 0.1804, 0.1845, 0.1966, 0.1905, 0.1999, 0.1864, 0.1857, 0.1822, 0.1899, 0.3835, 0.1864, 0.1759, 0.3586, 0.1838, 0.1806, 0.1684, 0.1675, 0.1687, 0.164]",0.1916931460000341,0.6494861352963198,2.4496936249997816,0,24.949,0.0,0.0
2025-12-28|lgbm_diario|prueba|4|72.7447|base|60|todas|onsite,2025-12-28,lgbm_diario,prueba,4,72.7447,base,60,todas,onsite,31439,8891,40330,736,149,587,2098,99,489,128,0.2176718644743227,52,"{""devolucion_origen"": 0, ""entrega_sin_recogida"": 5, ""fisico"": 5, ""fuera_servicio"": 0, ""tope"": 0, ""visitas"": 0}",1049,1049,0,0,0,736,0,14,23,0,74,"[0.1993, 0.3086, 0.3694, 0.3484, 0.2062, 0.3151, 0.4974, 0.4135, 0.432, 0.4042, 0.4704, 0.4017, 0.4328, 0.4362, 0.3958, 0.44, 0.4014, 0.1892, 0.4773, 0.1866, 0.3875, 0.7095, 0.45, 0.6835, 0.1846, 0.1789, 0.3733, 0.1795, 0.1828, 0.1801, 0.1867, 0.5027, 0.506, 0.2019, 0.1829, 0.5074, 0.1872, 0.183, 0.1821, 0.1876, 0.1834, 0.1868, 0.1789, 0.1805, 0.1806, 0.1774, 0.1896, 0.1831, 0.189, 0.6008, 0.4394, 0.1814, 0.1938, 0.3051, 0.5691, 0.1891, 0.1866, 0.1826, 0.1913, 0.194, 0.187, 0.1861, 0.1906, 0.1878, 0.3446, 0.1789, 0.4262, 0.9914, 0.1825, 0.1872, 0.2771, 0.2699, 0.1674, 0.1653]",0.1939013964984042,0.5801707521972274,0.99137100000371,0,24.289,0.0,0.0
2025-12-28|oraculo_directo|prueba|4|39.0694|base|60|todas|onsite,2025-12-28,oraculo_directo,prueba,4,39.0694,base,60,todas,onsite,20880,7723,28603,556,134,422,1502,59,103,7,0.2087486985781605,31,"{""devolucion_origen"": 0, ""entrega_sin_recogida"": 14, ""fisico"": 14, ""fuera_servicio"": 0, ""tope"": 0, ""visitas"": 0}",751,751,0,0,0,556,0,14,22,0,74,"[0.1859, 0.3141, 0.1922, 0.3196, 0.3468, 0.3471, 0.3577, 0.3535, 0.2954, 0.535, 0.5637, 0.4003, 0.3994, 0.3768, 0.3727, 0.387, 0.4158, 0.4687, 0.3742, 0.3503, 0.3728, 0.1948, 0.3343, 0.3368, 0.2003, 0.1859, 0.323, 0.1832, 0.188, 0.1859, 0.3256, 0.1873, 0.1848, 0.1869, 0.1804, 0.1961, 0.1858, 0.3034, 0.1855, 0.1981, 0.1872, 0.1889, 0.1864, 0.1831, 0.1854, 0.4164, 0.1881, 0.1942, 0.3883, 0.2002, 0.1921, 0.2019, 0.3643, 0.2033, 0.3739, 0.3347, 0.3742, 0.2802, 0.2619, 0.4001, 0.2906, 1.4415, 0.1855, 0.1821, 0.9594, 0.2036, 0.3615, 0.4406, 0.1743, 1.8557, 0.1839, 0.173, 0.1718, 0.1675]",0.285378500000661,0.5450500521015782,1.8556668750024985,0,25.818,0.0,0.0
2025-12-28|lgbm_directo|prueba|4|88.9149|base|60|todas|onsite,2025-12-28,lgbm_directo,prueba,4,88.9149,base,60,todas,onsite,29536,8194,37730,833,163,670,3142,185,550,56,0.2097704779917092,51,"{""devolucion_origen"": 0, ""entrega_sin_recogida"": 15, ""fisico"": 15, ""fuera_servicio"": 0, ""tope"": 0, ""visitas"": 0}",1571,1571,0,0,0,833,0,14,35,0,74,"[1.1352, 0.1834, 0.1846, 0.1876, 0.1912, 0.3864, 0.3723, 0.4931, 0.3253, 0.4646, 0.4216, 0.1884, 0.4761, 0.422, 0.4128, 0.4971, 0.3896, 0.1797, 0.4719, 0.4777, 0.4138, 0.4278, 0.6911, 0.5461, 0.6553, 0.3901, 0.7089, 0.5644, 0.5002, 0.1813, 0.4305, 0.4163, 0.6341, 0.4306, 0.6231, 0.5156, 0.1885, 0.177, 0.1789, 0.1829, 0.1789, 0.4593, 0.1859, 0.1871, 0.1799, 0.1908, 0.5858, 0.19, 0.1919, 0.3792, 0.1882, 0.1794, 0.6512, 0.451, 0.3826, 0.1835, 0.1963, 0.3488, 0.201, 0.2015, 0.1891, 0.1937, 2.3333, 0.1884, 0.3635, 4.3773, 0.2717, 1.1769, 0.1861, 0.1704, 0.1704, 0.1696, 0.1668, 0.1645]",0.367925146001653,0.8581270956005004,4.377293499994266,0,34.31,0.0,0.0
2025-12-29|sin_rebalanceo|prueba|0|0.0|base|60|todas|onsite,2025-12-29,sin_rebalanceo,prueba,0,0.0,base,60,todas,onsite,139708,49004,188712,0,0,0,0,0,4884,3160,0.4049777599773443,334,"{""devolucion_origen"": 0, ""entrega_sin_recogida"": 0, ""fisico"": 0, ""fuera_servicio"": 0, ""tope"": 0, ""visitas"": 0}",0,0,0,0,0,0,0,0,0,0,0,[],0.0,0.0,0.0,0,1.886,0.0,
2025-12-29|ecobici|prueba|0|0.0|base|60|todas|onsite,2025-12-29,ecobici,prueba,0,0.0,base,60,todas,onsite,61104,18280,79384,2443,1379,1064,10539,0,519,413,0.2601927790898897,111,"{""devolucion_origen"": 0, ""entrega_sin_recogida"": 0, ""fisico"": 112, ""fuera_servicio"": 0, ""tope"": 0, ""visitas"": 0}",5223,5204,0,-19,0,2435,0,39,121,0,0,[],0.0,0.0,0.0,0,1.911,0.0,2435.0
2025-12-29|oraculo_diario|prueba|4|57.5805|base|60|todas|onsite,2025-12-29,oraculo_diario,prueba,4,57.5805,base,60,todas,onsite,34010,9761,43771,1386,346,1040,5999,269,993,244,0.2576428937873965,106,"{""devolucion_origen"": 13, ""entrega_sin_recogida"": 112, ""fisico"": 125, ""fuera_servicio"": 0, ""tope"": 0, ""visitas"": 0}",3006,3006,0,0,0,1386,0,14,45,0,74,"[0.1839, 0.1883, 0.1928, 0.1807, 0.1882, 0.1942, 0.1829, 0.1762, 0.1798, 0.1933, 0.416, 0.3324, 0.2054, 0.177, 0.3081, 0.1772, 0.4177, 0.1839, 0.1908, 0.1798, 0.1801, 0.3566, 0.3659, 0.3156, 0.3396, 0.3142, 0.3199, 0.312, 0.3228, 0.2013, 0.3248, 0.3258, 0.3492, 0.4203, 0.5317, 0.1945, 0.3707, 0.4146, 0.3795, 0.3287, 0.1815, 0.2699, 0.5033, 0.4156, 0.3201, 0.4769, 0.326, 0.393, 0.1776, 0.3019, 0.1854, 0.3059, 0.3043, 0.3586, 0.2795, 0.3672, 0.1843, 0.181, 0.1848, 0.1767, 0.4166, 0.1918, 0.1815, 0.1803, 0.3918, 0.181, 0.1786, 0.1836, 0.2732, 0.3324, 0.2486, 0.169, 0.1734, 0.18]",0.2715346665027027,0.4186516476042015,0.5317310829996131,0,22.13,13.0,0.0
2025-12-29|ma_diaria|prueba|4|72.8507|base|60|todas|onsite,2025-12-29,ma_diaria,prueba,4,72.8507,base,60,todas,onsite,48154,10494,58648,1498,369,1129,7090,287,1646,239,0.2368628145921287,139,"{""devolucion_origen"": 14, ""entrega_sin_recogida"": 109, ""fisico"": 123, ""fuera_servicio"": 0, ""tope"": 0, ""visitas"": 0}",3552,3552,0,0,0,1498,0,14,52,0,74,"[0.1827, 0.3467, 0.3052, 0.2977, 0.2977, 0.312, 0.5066, 0.3079, 0.2683, 0.2506, 0.3096, 0.2593, 0.322, 0.1793, 0.3793, 0.3708, 0.1758, 0.1791, 0.1851, 0.3584, 0.1894, 0.1891, 0.1863, 0.4526, 0.4407, 0.1856, 0.4533, 0.456, 0.1855, 0.3962, 0.5155, 0.4225, 0.3535, 0.18, 0.1848, 0.471, 0.6261, 0.4286, 0.178, 0.3391, 0.3636, 0.3918, 0.7085, 0.3853, 0.3414, 0.431, 0.3431, 0.3829, 0.5857, 0.4429, 0.3445, 0.3577, 0.3507, 0.52, 0.4754, 0.312, 0.1822, 0.1799, 0.1828, 0.1792, 0.18, 0.1771, 0.1804, 0.1979, 0.1808, 0.1747, 0.1764, 0.1762, 0.1806, 0.1744, 0.3101, 0.1662, 0.1809, 0.1605]",0.3087397084964323,0.5170473494501493,0.7084600410016719,0,24.557,14.0,0.0
2025-12-29|lgbm_diario|prueba|4|72.7447|base|60|todas|onsite,2025-12-29,lgbm_diario,prueba,4,72.7447,base,60,todas,onsite,47626,10466,58092,1469,332,1137,6581,311,1604,249,0.2390638644978057,129,"{""devolucion_origen"": 1, ""entrega_sin_recogida"": 93, ""fisico"": 94, ""fuera_servicio"": 0, ""tope"": 0, ""visitas"": 0}",3291,3291,0,0,0,1469,0,14,46,0,74,"[0.3255, 0.3349, 0.4125, 0.3007, 0.3109, 0.3161, 0.2948, 0.3629, 0.2957, 0.2732, 0.2949, 0.4072, 0.2998, 0.2148, 0.3913, 0.1868, 0.1751, 0.1777, 0.1858, 0.1873, 0.1754, 0.1833, 0.1837, 0.4465, 0.434, 0.1819, 0.4682, 0.1844, 0.4614, 0.4314, 0.421, 0.4359, 0.4391, 0.1864, 0.4903, 0.1847, 0.4443, 0.4133, 0.3357, 0.3239, 0.3242, 0.354, 0.4244, 0.3654, 0.3981, 0.5309, 0.3887, 0.3943, 0.4486, 0.4443, 0.2992, 0.2999, 0.3036, 0.3233, 0.3294, 0.3376, 0.1862, 0.3795, 0.3249, 0.1794, 0.1858, 0.2127, 0.1899, 0.1987, 0.2039, 0.2113, 0.1741, 0.1798, 0.1771, 0.1986, 0.3201, 0.1645, 0.1679, 0.1613]",0.3072674795002967,0.4530686808018799,0.5308970409969334,0,24.345,1.0,0.0
2025-12-29|oraculo_directo|prueba|4|39.0694|base|60|todas|onsite,2025-12-29,oraculo_directo,prueba,4,39.0694,base,60,todas,onsite,29664,9505,39169,1406,366,1040,5505,232,542,264,0.272035566693167,88,"{""devolucion_origen"": 1, ""entrega_sin_recogida"": 163, ""fisico"": 164, ""fuera_servicio"": 0, ""tope"": 0, ""visitas"": 0}",2753,2753,0,0,0,1406,0,14,44,0,74,"[0.1803, 0.1862, 0.1852, 0.4021, 0.3945, 0.2046, 0.194, 0.3583, 0.3399, 0.3251, 0.3297, 0.369, 0.3647, 0.1892, 0.3628, 0.1826, 0.3771, 0.224, 0.3367, 0.4006, 0.356, 0.3916, 0.3138, 0.4395, 0.332, 0.3624, 0.3193, 0.1855, 0.2992, 0.3263, 0.3692, 0.3691, 0.318, 0.1842, 0.3469, 0.3945, 0.5956, 0.3472, 0.4542, 0.3356, 0.4546, 0.3691, 0.1794, 0.4968, 0.3047, 0.5172, 0.3884, 0.4103, 0.2687, 0.3713, 0.3409, 0.2982, 0.271, 0.2856, 0.177, 0.179, 0.1756, 0.1792, 0.1864, 0.1853, 0.1873, 0.1863, 0.1857, 0.3467, 0.1804, 0.3176, 0.1808, 0.2554, 0.2265, 0.3653, 0.8572, 0.1904, 0.1698, 0.1709]",0.3221916250040522,0.4693814187481618,0.8572212500002934,0,24.635,1.0,0.0
2025-12-29|lgbm_directo|prueba|4|88.9149|base|60|todas|onsite,2025-12-29,lgbm_directo,prueba,4,88.9149,base,60,todas,onsite,44111,10384,54495,1653,402,1251,8371,417,1732,247,0.2413692895643597,136,"{""devolucion_origen"": 3, ""entrega_sin_recogida"": 127, ""fisico"": 130, ""fuera_servicio"": 0, ""tope"": 0, ""visitas"": 0}",4187,4187,0,0,0,1655,2,14,54,0,74,"[1.1742, 0.3231, 0.3036, 0.1832, 0.3106, 0.3046, 0.308, 0.3802, 0.2813, 0.1831, 0.2955, 0.3471, 0.3675, 0.182, 0.3488, 0.1882, 0.1731, 0.4117, 0.3718, 0.1867, 0.4744, 0.4248, 0.5381, 0.1848, 0.4709, 0.1862, 0.4072, 0.7364, 0.3743, 0.3813, 0.4139, 0.5618, 0.4767, 0.4741, 0.1811, 0.4705, 0.7195, 0.5571, 0.5146, 0.3273, 0.3675, 0.4625, 0.3029, 0.1791, 0.1773, 0.4238, 0.4731, 0.4589, 0.3678, 0.45, 0.5421, 0.3865, 0.319, 0.333, 0.3639, 0.3804, 0.1785, 0.1788, 0.1758, 0.1827, 0.1903, 0.183, 0.2101, 0.1869, 0.1815, 0.1834, 0.207, 0.1804, 0.1852, 0.3849, 0.1696, 0.1829, 0.1649, 0.1585]",0.3252016460028244,0.5587039873982576,1.1741711670038055,0,26.881,3.0,0.0
2025-12-30|sin_rebalanceo|prueba|0|0.0|base|60|todas|onsite,2025-12-30,sin_rebalanceo,prueba,0,0.0,base,60,todas,onsite,133266,46060,179326,0,0,0,0,0,5070,3158,0.408823350261235,286,"{""devolucion_origen"": 0, ""entrega_sin_recogida"": 0, ""fisico"": 0, ""fuera_servicio"": 0, ""tope"": 0, ""visitas"": 0}",0,0,0,0,0,0,0,0,0,0,0,[],0.0,0.0,0.0,0,1.864,0.0,
2025-12-30|ecobici|prueba|0|0.0|base|60|todas|onsite,2025-12-30,ecobici,prueba,0,0.0,base,60,todas,onsite,54173,16654,70827,2145,1164,981,9619,0,524,344,0.2493435054486225,95,"{""devolucion_origen"": 0, ""entrega_sin_recogida"": 0, ""fisico"": 83, ""fuera_servicio"": 0, ""tope"": 0, ""visitas"": 0}",4750,4786,0,36,0,2133,0,34,107,0,0,[],0.0,0.0,0.0,0,1.807,0.0,2133.0
2025-12-30|oraculo_diario|prueba|4|57.5805|base|60|todas|onsite,2025-12-30,oraculo_diario,prueba,4,57.5805,base,60,todas,onsite,31703,9101,40804,1383,347,1036,6222,294,915,255,0.2329058716638749,65,"{""devolucion_origen"": 6, ""entrega_sin_recogida"": 111, ""fisico"": 117, ""fuera_servicio"": 0, ""tope"": 0, ""visitas"": 0}",3114,3114,0,0,0,1383,0,14,53,0,74,"[0.1866, 0.4287, 0.371, 0.4046, 0.1905, 0.1868, 0.3211, 0.2922, 0.3272, 0.3338, 0.1843, 0.3433, 0.3483, 0.1789, 0.3263, 0.3183, 0.3208, 0.3196, 0.3404, 0.3354, 0.4038, 0.3714, 0.1828, 0.1832, 0.3382, 0.3627, 0.3321, 0.3103, 0.354, 0.3252, 0.3233, 0.1819, 0.308, 0.3166, 0.3469, 0.2887, 0.3486, 0.3881, 0.3187, 0.1789, 0.3848, 0.3195, 0.3982, 0.7649, 0.339, 0.2791, 0.7991, 0.284, 0.3117, 0.3749, 0.2799, 0.2805, 0.2823, 0.3061, 0.279, 0.2956, 0.3218, 0.2962, 0.3315, 0.1794, 0.1798, 0.3102, 0.1887, 0.1826, 0.3502, 0.1849, 0.1928, 0.174, 0.1759, 0.3485, 0.2562, 0.173, 0.172, 0.1669]",0.3174658540010568,0.4041137560514471,0.7991107079942594,0,24.211,6.0,0.0
2025-12-30|ma_diaria|prueba|4|72.8507|base|60|todas|onsite,2025-12-30,ma_diaria,prueba,4,72.8507,base,60,todas,onsite,46745,9920,56665,1486,358,1128,6984,302,1689,235,0.2214145908334011,93,"{""devolucion_origen"": 18, ""entrega_sin_recogida"": 103, ""fisico"": 121, ""fuera_servicio"": 0, ""tope"": 0, ""visitas"": 0}",3501,3501,0,0,0,1486,0,14,47,0,74,"[0.3435, 0.32, 0.3486, 0.3549, 0.379, 0.3609, 0.288, 0.3331, 0.4697, 0.2654, 0.2906, 0.2737, 0.1763, 0.3056, 0.3236, 0.1794, 0.3443, 0.3465, 0.1944, 0.3633, 0.4309, 0.4957, 0.1903, 0.4681, 0.1914, 0.1859, 0.1803, 0.5793, 0.4552, 0.4521, 0.1822, 0.6588, 0.4255, 0.1817, 0.1832, 0.4511, 0.4717, 0.7735, 0.1861, 0.3563, 0.182, 0.3854, 0.2991, 0.3892, 0.3978, 0.4246, 0.57, 0.2962, 0.1816, 0.3271, 0.4269, 0.3329, 0.4456, 0.3363, 0.3265, 0.1853, 0.1851, 0.3136, 0.1775, 0.1801, 0.1756, 0.359, 0.1784, 0.1843, 0.1824, 0.1813, 0.4369, 0.1762, 0.1797, 0.1727, 0.1728, 0.1701, 0.1699, 0.1676]",0.3167549164973025,0.5216883335491725,0.7735400419987855,0,24.919,18.0,0.0
2025-12-30|lgbm_diario|prueba|4|72.7447|base|60|todas|onsite,2025-12-30,lgbm_diario,prueba,4,72.7447,base,60,todas,onsite,47345,9997,57342,1439,351,1088,6866,293,1637,267,0.2202395359057735,90,"{""devolucion_origen"": 10, ""entrega_sin_recogida"": 99, ""fisico"": 109, ""fuera_servicio"": 0, ""tope"": 0, ""visitas"": 0}",3438,3438,0,0,0,1439,0,14,46,0,74,"[0.3023, 0.289, 0.4381, 0.3295, 0.3258, 0.3203, 0.4266, 0.5796, 0.2562, 0.298, 0.3126, 0.2875, 0.3039, 0.1804, 0.3635, 0.1837, 0.1804, 0.1886, 0.1886, 0.4041, 0.1875, 0.6275, 0.1835, 1.103, 0.5099, 0.1799, 0.6876, 0.5598, 0.5895, 0.7351, 0.4287, 0.3498, 0.3977, 0.36, 0.1811, 0.1777, 0.181, 0.4028, 0.1809, 0.3792, 0.3637, 0.3135, 0.7402, 0.4313, 0.1866, 0.1746, 0.4024, 0.5219, 0.4045, 0.3386, 0.1778, 0.341, 0.3741, 0.4652, 0.1848, 0.1778, 0.1778, 0.183, 0.1786, 0.1789, 0.1808, 0.1842, 0.1836, 0.18, 0.1757, 0.1898, 0.1813, 0.1779, 0.1732, 0.1769, 0.1694, 0.2866, 0.1668, 0.1635]",0.2882698124994931,0.6485662813538507,1.10296862499672,0,25.427,10.0,0.0
2025-12-30|oraculo_directo|prueba|4|39.0694|base|60|todas|onsite,2025-12-30,oraculo_directo,prueba,4,39.0694,base,60,todas,onsite,27869,8925,36794,1429,376,1053,5590,229,619,304,0.2387833610153124,48,"{""devolucion_origen"": 0, ""entrega_sin_recogida"": 125, ""fisico"": 125, ""fuera_servicio"": 0, ""tope"": 0, ""visitas"": 0}",2795,2795,0,0,0,1429,0,14,54,0,74,"[0.1864, 0.5369, 0.3833, 0.1936, 0.3318, 0.3534, 0.2027, 0.346, 0.3206, 0.3095, 0.3851, 0.3794, 0.3661, 0.3091, 0.1808, 0.383, 0.399, 0.3999, 0.5753, 0.5107, 0.4702, 0.5279, 0.1872, 0.5054, 0.1891, 0.4345, 0.3407, 0.4581, 0.3319, 0.3383, 0.3359, 0.3176, 0.322, 0.3743, 0.5106, 0.2963, 0.2961, 0.4016, 0.3614, 0.6471, 0.4424, 0.3939, 0.4325, 0.3773, 0.3851, 0.3044, 0.2998, 0.1816, 0.3419, 0.4666, 0.3257, 0.3137, 0.2845, 0.1921, 0.2898, 0.4521, 0.3523, 0.1884, 0.1822, 0.1802, 0.1803, 0.1917, 0.1849, 0.1874, 0.1919, 0.3481, 0.2892, 0.2556, 0.493, 0.2225, 0.2248, 0.4173, 0.1757, 0.1744]",0.3338672090030741,0.5167510953997406,0.6471231660034391,0,26.528,0.0,0.0
2025-12-30|lgbm_directo|prueba|4|88.9149|base|60|todas|onsite,2025-12-30,lgbm_directo,prueba,4,88.9149,base,60,todas,onsite,44299,9653,53952,1602,396,1206,8574,427,1658,222,0.2229604593180286,91,"{""devolucion_origen"": 12, ""entrega_sin_recogida"": 157, ""fisico"": 169, ""fuera_servicio"": 0, ""tope"": 0, ""visitas"": 0}",4293,4293,0,0,0,1602,0,14,57,0,74,"[1.3216, 0.3483, 0.3446, 0.3342, 0.2757, 0.2899, 0.2524, 0.1715, 0.2667, 0.2733, 0.2709, 0.2765, 0.182, 0.3697, 0.426, 0.1931, 0.3612, 0.406, 0.3787, 0.4972, 0.4947, 0.4322, 0.4101, 0.265, 0.1812, 0.7622, 0.8607, 0.646, 0.1793, 0.4209, 0.3969, 0.3927, 0.5056, 0.3617, 0.5041, 0.5245, 0.5958, 0.3649, 0.3939, 0.178, 0.4331, 0.3993, 0.5457, 0.3803, 0.4619, 0.5888, 0.3332, 0.4358, 0.389, 0.3918, 0.3951, 0.3504, 0.43, 0.3225, 0.3352, 0.1773, 0.3683, 0.343, 0.3412, 0.1831, 0.1805, 0.1818, 0.1877, 0.1901, 0.4565, 0.1948, 0.1887, 0.187, 0.1937, 0.1707, 0.169, 0.184, 0.1623, 0.1617]",0.3493128959999012,0.6133792726992394,1.3216006670045315,0,28.383,12.0,0.0
2025-12-31|sin_rebalanceo|prueba|0|0.0|base|60|todas|onsite,2025-12-31,sin_rebalanceo,prueba,0,0.0,base,60,todas,onsite,76871,34142,111013,0,0,0,0,0,1233,1016,0.2687322244152584,110,"{""devolucion_origen"": 0, ""entrega_sin_recogida"": 0, ""fisico"": 0, ""fuera_servicio"": 0, ""tope"": 0, ""visitas"": 0}",0,0,0,0,0,0,0,0,0,0,0,[],0.0,0.0,0.0,0,1.707,0.0,
2025-12-31|ecobici|prueba|0|0.0|base|60|todas|onsite,2025-12-31,ecobici,prueba,0,0.0,base,60,todas,onsite,51871,26235,78106,1326,779,547,4712,0,115,82,0.2053356626312766,37,"{""devolucion_origen"": 0, ""entrega_sin_recogida"": 0, ""fisico"": 5, ""fuera_servicio"": 0, ""tope"": 0, ""visitas"": 0}",2345,2362,0,17,0,1321,0,32,69,0,0,[],0.0,0.0,0.0,0,1.735,0.0,1321.0
2025-12-31|oraculo_diario|prueba|4|57.5805|base|60|todas|onsite,2025-12-31,oraculo_diario,prueba,4,57.5805,base,60,todas,onsite,24865,12926,37791,731,188,543,2561,116,161,124,0.1619617571156733,22,"{""devolucion_origen"": 1, ""entrega_sin_recogida"": 28, ""fisico"": 29, ""fuera_servicio"": 0, ""tope"": 0, ""visitas"": 0}",1281,1281,0,0,0,731,0,14,29,0,74,"[0.1963, 0.1849, 0.392, 0.5001, 0.1982, 0.4065, 0.1939, 0.3427, 0.1955, 0.1915, 0.1856, 0.1885, 0.38, 0.3984, 0.1866, 0.3466, 0.4014, 0.1849, 0.2149, 0.1919, 0.3851, 0.3639, 0.1862, 0.4066, 0.2007, 0.3397, 0.3281, 0.3021, 0.3548, 0.1866, 0.1876, 0.2963, 0.3746, 0.1876, 0.1864, 0.1878, 0.1958, 0.1854, 0.3908, 0.3248, 0.1936, 0.1867, 0.3542, 0.214, 0.1886, 0.1869, 0.2101, 0.2123, 0.1987, 0.1831, 0.2128, 0.1834, 0.1825, 0.1895, 0.1851, 0.1889, 0.1934, 0.1784, 0.1809, 0.1887, 0.3029, 0.1919, 0.3375, 0.3866, 0.2095, 0.1775, 0.184, 0.1814, 0.2272, 0.2341, 0.1753, 0.2457, 0.1718, 0.1691]",0.1956594584953563,0.3994567210495006,0.5000501659960719,0,20.024,1.0,0.0
2025-12-31|ma_diaria|prueba|4|72.8507|base|60|todas|onsite,2025-12-31,ma_diaria,prueba,4,72.8507,base,60,todas,onsite,39191,15106,54297,1029,280,749,5611,341,850,173,0.193915789793324,78,"{""devolucion_origen"": 19, ""entrega_sin_recogida"": 138, ""fisico"": 157, ""fuera_servicio"": 0, ""tope"": 0, ""visitas"": 0}",2815,2815,0,0,0,1029,0,14,40,0,74,"[0.4721, 0.317, 0.1984, 0.3048, 0.2787, 0.3037, 0.3631, 0.1886, 0.2613, 0.2808, 0.39, 0.3529, 0.3272, 0.1853, 0.3592, 0.3862, 0.1842, 0.1987, 0.3758, 0.1934, 0.4279, 0.1897, 0.1871, 0.3968, 0.1845, 0.1911, 0.4436, 0.5108, 0.1863, 0.5803, 0.371, 0.4429, 0.3768, 0.3748, 0.4623, 0.1888, 0.355, 0.3518, 0.3716, 0.3165, 0.1789, 0.539, 0.3386, 0.4047, 0.3352, 0.336, 0.3093, 0.4056, 0.1795, 0.4093, 0.3139, 0.3312, 0.4099, 0.5621, 0.3776, 0.1849, 0.1838, 0.3641, 0.1851, 0.1816, 0.4163, 0.4672, 0.1935, 0.1848, 0.1936, 0.1941, 0.1907, 5.7888, 0.1739, 0.1743, 0.2882, 0.2959, 0.18, 0.1652]",0.3167530624959909,0.5206655919995681,5.7888453749983455,0,30.022,19.0,0.0
2025-12-31|lgbm_diario|prueba|4|72.7447|base|60|todas|onsite,2025-12-31,lgbm_diario,prueba,4,72.7447,base,60,todas,onsite,38957,14960,53917,988,260,728,5366,321,824,172,0.1902445421740358,81,"{""devolucion_origen"": 16, ""entrega_sin_recogida"": 113, ""fisico"": 129, ""fuera_servicio"": 0, ""tope"": 0, ""visitas"": 0}",2691,2691,0,0,0,988,0,14,39,0,74,"[0.4473, 0.3601, 0.287, 0.2845, 0.1792, 0.2756, 0.4311, 0.3625, 0.1744, 0.2849, 0.3141, 0.2974, 0.3698, 0.1885, 0.3919, 0.1789, 0.4419, 0.1916, 0.1826, 0.1886, 0.4731, 0.1874, 0.175, 0.4768, 0.1811, 0.4405, 0.7503, 0.4318, 0.4044, 0.2025, 0.4729, 0.4484, 0.3949, 0.5182, 0.4279, 0.3361, 0.4364, 0.3986, 0.4552, 0.623, 0.3745, 0.4325, 0.3342, 0.3012, 0.3306, 0.3415, 0.3359, 0.3126, 0.448, 0.375, 0.4829, 0.3358, 0.3993, 0.1874, 0.1895, 0.1903, 0.182, 0.1869, 0.1814, 0.3841, 0.1825, 0.1932, 0.427, 0.1909, 1.1301, 1.0201, 0.2062, 0.2474, 0.2671, 0.184, 0.2632, 0.304, 0.1799, 0.1615]",0.3324022704982781,0.5548787584513769,1.1300755830015987,0,27.111,16.0,0.0
2025-12-31|oraculo_directo|prueba|4|39.0694|base|60|todas|onsite,2025-12-31,oraculo_directo,prueba,4,39.0694,base,60,todas,onsite,24254,12615,36869,665,163,502,2114,92,120,28,0.1854729521619323,24,"{""devolucion_origen"": 0, ""entrega_sin_recogida"": 42, ""fisico"": 42, ""fuera_servicio"": 0, ""tope"": 0, ""visitas"": 0}",1057,1057,0,0,0,665,0,14,28,0,74,"[0.2032, 0.2008, 0.1896, 0.4742, 0.4455, 0.4452, 0.2057, 0.3615, 0.3479, 0.3468, 0.1946, 0.4439, 0.3625, 0.3925, 0.3728, 0.3691, 0.3543, 0.3889, 0.373, 0.4507, 0.393, 0.4557, 0.1897, 0.3408, 0.332, 0.3313, 0.4286, 0.3646, 0.4112, 0.314, 0.3447, 0.3109, 0.3125, 0.3277, 0.3045, 0.3377, 0.3208, 0.3229, 0.35, 0.1824, 0.4252, 0.1836, 0.1851, 0.3414, 0.1824, 0.1904, 0.1943, 0.1812, 0.367, 0.1893, 0.1816, 0.3793, 0.1921, 0.1992, 0.188, 0.1909, 0.1878, 0.1826, 0.4708, 0.1882, 0.4858, 0.3465, 0.8143, 0.8703, 0.2007, 0.1956, 0.1784, 0.1829, 0.4623, 0.2713, 0.1719, 0.4, 0.1728, 0.1671]",0.3295079580020683,0.4720059307979681,0.8702729999931762,0,25.045,0.0,0.0
2025-12-31|lgbm_directo|prueba|4|88.9149|base|60|todas|onsite,2025-12-31,lgbm_directo,prueba,4,88.9149,base,60,todas,onsite,38342,14562,52904,1141,314,827,6952,362,865,149,0.1903080515518877,79,"{""devolucion_origen"": 16, ""entrega_sin_recogida"": 108, ""fisico"": 124, ""fuera_servicio"": 0, ""tope"": 0, ""visitas"": 0}",3484,3484,0,0,0,1141,0,14,39,0,74,"[1.241, 0.3279, 0.2904, 0.3161, 0.3752, 0.1816, 0.399, 0.3109, 0.2861, 0.1857, 0.3459, 0.352, 0.3082, 0.3959, 0.4557, 0.4161, 0.5316, 0.1792, 0.4118, 0.5068, 0.5284, 0.3973, 0.4699, 0.6011, 0.3962, 0.4848, 0.6024, 0.5517, 0.4136, 0.3874, 0.4739, 0.1841, 0.379, 0.5676, 0.3647, 0.5035, 0.4209, 0.5347, 0.4635, 0.3404, 0.3641, 0.324, 0.3878, 0.3221, 0.3262, 0.3218, 0.3623, 0.5414, 0.4871, 0.6435, 0.7335, 0.5016, 0.5246, 0.5021, 0.3767, 0.4518, 0.1843, 0.1835, 0.1809, 0.1852, 0.5065, 0.5149, 0.1835, 0.1859, 0.1831, 0.2446, 0.1874, 0.2617, 0.1847, 0.2966, 0.1661, 0.1799, 0.1625, 0.1615]",0.3759476874984102,0.6015207997999823,1.241014791005,0,30.009,16.0,0.0
2026-01-01|sin_rebalanceo|prueba|0|0.0|base|60|todas|onsite,2026-01-01,sin_rebalanceo,prueba,0,0.0,base,60,todas,onsite,67928,32920,100848,0,0,0,0,0,281,421,0.2203684291381929,27,"{""devolucion_origen"": 0, ""entrega_sin_recogida"": 0, ""fisico"": 0, ""fuera_servicio"": 0, ""tope"": 0, ""visitas"": 0}",0,0,0,0,0,0,0,0,0,0,0,[],0.0,0.0,0.0,0,1.519,0.0,
2026-01-01|ecobici|prueba|0|0.0|base|60|todas|onsite,2026-01-01,ecobici,prueba,0,0.0,base,60,todas,onsite,54983,24586,79569,841,489,352,3540,0,16,16,0.221475124579032,17,"{""devolucion_origen"": 0, ""entrega_sin_recogida"": 0, ""fisico"": 0, ""fuera_servicio"": 0, ""tope"": 0, ""visitas"": 0}",1802,1738,0,-64,0,841,0,31,65,0,0,[],0.0,0.0,0.0,0,1.505,0.0,841.0
2026-01-01|oraculo_diario|prueba|4|57.5805|base|60|todas|onsite,2026-01-01,oraculo_diario,prueba,4,57.5805,base,60,todas,onsite,24161,12056,36217,522,156,366,1220,69,30,143,0.1838961149177529,6,"{""devolucion_origen"": 0, ""entrega_sin_recogida"": 2, ""fisico"": 2, ""fuera_servicio"": 0, ""tope"": 0, ""visitas"": 0}",610,610,0,0,0,522,0,14,57,0,74,"[0.1811, 0.1818, 0.1887, 0.1805, 0.1844, 0.1875, 0.185, 0.1979, 0.2897, 0.19, 0.179, 0.1788, 0.1856, 0.3441, 0.1787, 0.1782, 0.331, 0.3351, 0.1868, 0.1889, 0.4418, 0.1941, 0.1909, 0.3751, 0.1843, 0.1832, 0.1844, 0.1806, 0.1955, 0.19, 0.1842, 0.1899, 0.3835, 0.1842, 0.1793, 0.181, 0.4247, 0.1845, 0.187, 0.1817, 0.1896, 0.1942, 0.1887, 0.1815, 0.4027, 0.406, 0.4451, 0.3446, 0.4067, 0.1855, 0.1781, 0.1854, 0.1816, 0.18, 0.1808, 0.1807, 0.3144, 0.1844, 0.3666, 0.2723, 0.2766, 0.1896, 0.1919, 0.1772, 0.1798, 0.1784, 0.1764, 0.2583, 0.2201, 0.1871, 0.1856, 0.1735, 0.1691, 0.1701]",0.1861834789997374,0.4062408414483798,0.4450994159997208,0,18.286,0.0,0.0
2026-01-01|ma_diaria|prueba|4|72.8507|base|60|todas|onsite,2026-01-01,ma_diaria,prueba,4,72.8507,base,60,todas,onsite,31306,14134,45440,553,144,409,1494,86,151,169,0.1826569240606554,10,"{""devolucion_origen"": 6, ""entrega_sin_recogida"": 1, ""fisico"": 7, ""fuera_servicio"": 0, ""tope"": 0, ""visitas"": 0}",750,750,0,0,0,553,0,14,51,0,74,"[0.1768, 0.3133, 0.1911, 0.4304, 0.1806, 0.3656, 0.4075, 0.1833, 0.1817, 0.1885, 0.1749, 0.1801, 0.189, 0.1878, 0.3699, 0.1868, 0.3863, 0.1778, 0.384, 0.1763, 0.1791, 0.183, 0.1838, 0.4034, 0.1901, 0.1841, 0.1821, 0.395, 0.1803, 0.1854, 0.1816, 0.1795, 0.1797, 0.1897, 0.1936, 0.1787, 0.1851, 0.1948, 0.1911, 0.1826, 0.1787, 0.1817, 0.186, 0.1808, 0.4551, 0.4479, 0.1857, 0.1915, 0.198, 0.2014, 0.386, 0.1825, 0.1843, 0.466, 0.1808, 0.1876, 0.1792, 0.1801, 0.185, 0.1844, 0.1815, 0.1951, 0.1939, 0.1845, 0.2949, 0.1862, 0.2413, 0.2542, 0.2692, 0.2864, 0.2901, 0.2272, 0.1669, 0.1642]",0.1860646665008971,0.4155394790544959,0.4660373750011786,0,18.562,6.0,0.0
2026-01-01|lgbm_diario|prueba|4|72.7447|base|60|todas|onsite,2026-01-01,lgbm_diario,prueba,4,72.7447,base,60,todas,onsite,32983,13350,46333,444,135,309,776,41,168,192,0.1939990590128137,15,"{""devolucion_origen"": 0, ""entrega_sin_recogida"": 0, ""fisico"": 0, ""fuera_servicio"": 0, ""tope"": 0, ""visitas"": 0}",388,388,0,0,0,444,0,14,45,0,74,"[0.1786, 0.3533, 0.1756, 0.3748, 0.2601, 0.2036, 0.2769, 0.1998, 0.1914, 0.1802, 0.1788, 0.1869, 0.1996, 0.311, 0.1816, 0.195, 0.2746, 0.2778, 0.1871, 0.1839, 0.1734, 0.3455, 0.2022, 0.196, 0.1981, 0.1846, 0.4893, 0.1875, 0.1996, 0.1884, 0.1834, 0.2044, 0.1726, 0.1811, 0.4254, 0.1875, 0.187, 0.343, 0.181, 0.1803, 0.1789, 0.1804, 0.1776, 0.176, 0.3169, 0.175, 0.3406, 0.1765, 0.1815, 0.1871, 0.1831, 0.2982, 0.1829, 0.191, 0.189, 0.1846, 0.1772, 0.1942, 0.1833, 0.3034, 0.1837, 0.1986, 0.1942, 0.183, 0.1838, 0.1982, 0.1844, 0.1905, 0.1801, 0.171, 0.163, 0.2407, 0.1722, 0.1596]",0.1870772295005736,0.3482234208513545,0.4893327500030864,0,17.551,0.0,0.0
2026-01-01|oraculo_directo|prueba|4|39.0694|base|60|todas|onsite,2026-01-01,oraculo_directo,prueba,4,39.0694,base,60,todas,onsite,24208,11422,35630,403,122,281,842,39,28,142,0.1814962014426699,1,"{""devolucion_origen"": 0, ""entrega_sin_recogida"": 0, ""fisico"": 0, ""fuera_servicio"": 0, ""tope"": 0, ""visitas"": 0}",421,421,0,0,0,403,0,12,62,0,74,"[0.1782, 0.1876, 0.3497, 0.1923, 0.2633, 0.3128, 0.1803, 0.184, 0.1883, 0.2192, 0.1948, 0.311, 0.3136, 0.1878, 0.2704, 0.1953, 0.1878, 0.1839, 0.2868, 0.1942, 0.1818, 0.1867, 0.4511, 0.1862, 0.3934, 0.404, 0.1913, 0.4038, 0.1978, 0.4289, 0.1906, 0.4147, 0.1877, 0.4499, 0.1931, 0.1879, 0.1827, 0.1844, 0.3434, 0.2033, 0.1933, 0.1915, 0.1826, 0.1934, 0.1857, 0.3905, 0.3917, 0.2009, 0.188, 0.188, 0.1797, 0.1819, 0.1911, 0.2117, 0.1872, 0.1861, 0.3564, 0.1804, 0.1834, 0.2465, 0.19, 0.2955, 0.1858, 0.2599, 0.1873, 0.1838, 0.2115, 0.2145, 0.1996, 0.1716, 0.1715, 0.1704, 0.1703, 0.1699]",0.1914424169990525,0.4077428666463674,0.4510589580022497,0,18.939,0.0,0.0
2026-01-01|lgbm_directo|prueba|4|88.9149|base|60|todas|onsite,2026-01-01,lgbm_directo,prueba,4,88.9149,base,60,todas,onsite,28904,12373,41277,600,171,429,1995,101,121,160,0.1931700051612209,9,"{""devolucion_origen"": 5, ""entrega_sin_recogida"": 3, ""fisico"": 8, ""fuera_servicio"": 0, ""tope"": 0, ""visitas"": 0}",1000,1000,0,0,0,600,0,14,41,0,74,"[1.0479, 0.3512, 0.2021, 0.376, 0.183, 0.1846, 0.2043, 0.18, 0.1899, 0.1833, 0.177, 0.1841, 0.1784, 0.1876, 0.1792, 0.1869, 0.2831, 0.2982, 0.1808, 0.1754, 0.175, 0.1853, 0.181, 0.1785, 0.9507, 0.2036, 0.3297, 0.1856, 0.3241, 0.1841, 0.1771, 0.1822, 0.1851, 0.3219, 0.1759, 0.185, 0.1778, 0.4183, 0.3282, 0.1833, 0.1774, 0.1768, 0.1792, 0.3776, 0.4437, 0.1815, 0.304, 0.1902, 0.1836, 0.1849, 0.1964, 0.1972, 0.1797, 0.2061, 0.1789, 0.1929, 0.1822, 0.1795, 0.1904, 0.4919, 0.1881, 0.182, 0.1798, 0.1892, 0.1912, 0.1786, 0.2352, 0.2592, 0.1835, 0.3407, 0.2947, 0.164, 0.1604, 0.1586]",0.1850724374999117,0.4271697311520255,1.0479352499969536,0,19.388,5.0,0.0
2026-01-02|sin_rebalanceo|prueba|0|0.0|base|60|todas|onsite,2026-01-02,sin_rebalanceo,prueba,0,0.0,base,60,todas,onsite,105696,35731,141427,0,0,0,0,0,2967,1885,0.3273967832899407,257,"{""devolucion_origen"": 0, ""entrega_sin_recogida"": 0, ""fisico"": 0, ""fuera_servicio"": 0, ""tope"": 0, ""visitas"": 0}",0,0,0,0,0,0,0,0,0,0,0,[],0.0,0.0,0.0,0,1.797,0.0,
2026-01-02|ecobici|prueba|0|0.0|base|60|todas|onsite,2026-01-02,ecobici,prueba,0,0.0,base,60,todas,onsite,44234,19939,64173,1536,832,704,6531,0,212,199,0.2094048756233697,63,"{""devolucion_origen"": 0, ""entrega_sin_recogida"": 0, ""fisico"": 9, ""fuera_servicio"": 0, ""tope"": 0, ""visitas"": 0}",3266,3256,0,-10,0,1536,0,31,66,0,0,[],0.0,0.0,0.0,0,1.869,0.0,1536.0
2026-01-02|oraculo_diario|prueba|4|57.5805|base|60|todas|onsite,2026-01-02,oraculo_diario,prueba,4,57.5805,base,60,todas,onsite,22452,8250,30702,1086,240,846,4413,162,309,46,0.2081596011510123,49,"{""devolucion_origen"": 13, ""entrega_sin_recogida"": 53, ""fisico"": 66, ""fuera_servicio"": 0, ""tope"": 0, ""visitas"": 0}",2213,2213,0,0,0,1086,0,14,37,0,74,"[0.1809, 0.4053, 0.4099, 0.1898, 0.1913, 0.3601, 0.3262, 0.3405, 0.3366, 0.1916, 0.3193, 0.3328, 0.4157, 0.3284, 0.1881, 0.2972, 0.1932, 0.3058, 0.1851, 0.3613, 0.1883, 0.3695, 0.4113, 0.3074, 0.399, 0.3663, 0.3479, 0.3346, 0.3439, 0.3594, 0.3251, 0.3083, 0.3527, 0.2025, 0.343, 0.2974, 0.1882, 0.3279, 0.331, 0.3212, 0.3269, 0.3077, 0.1852, 0.4571, 0.4038, 0.3296, 0.3868, 0.3081, 0.3098, 0.303, 0.3154, 0.1861, 0.1947, 0.2968, 0.178, 0.1828, 0.1947, 0.2169, 0.1922, 0.1952, 0.2279, 0.404, 0.2171, 0.1832, 0.1924, 0.1848, 0.18, 0.1937, 0.1837, 0.1763, 0.2811, 0.1697, 0.179, 0.1676]",0.306594416997541,0.4068933818001823,0.457113250005932,0,22.553,13.0,0.0
2026-01-02|ma_diaria|prueba|4|72.8507|base|60|todas|onsite,2026-01-02,ma_diaria,prueba,4,72.8507,base,60,todas,onsite,33953,9668,43621,1178,285,893,5774,264,803,52,0.2225546665369587,82,"{""devolucion_origen"": 10, ""entrega_sin_recogida"": 97, ""fisico"": 107, ""fuera_servicio"": 0, ""tope"": 0, ""visitas"": 0}",2892,2892,0,0,0,1178,0,14,49,0,74,"[0.3117, 0.3331, 0.3615, 0.4449, 0.2942, 0.3544, 0.3531, 0.2694, 0.1749, 0.2958, 0.3081, 0.2917, 0.3258, 0.3311, 0.3772, 0.5934, 0.1787, 0.5073, 0.1895, 0.4834, 0.1782, 0.4763, 0.768, 0.4195, 0.4854, 0.4195, 0.5002, 0.4285, 0.1827, 0.4293, 0.187, 0.4333, 0.4164, 0.1848, 0.4576, 0.3953, 0.36, 0.3384, 0.1832, 0.3373, 0.3819, 0.357, 0.6148, 0.3711, 0.5921, 0.3837, 0.4188, 0.5109, 0.3843, 0.3504, 0.503, 0.5111, 0.4331, 0.3822, 0.1826, 0.4116, 0.1859, 0.1818, 0.1814, 0.202, 0.1912, 0.1903, 0.1904, 0.1851, 0.1874, 0.1836, 0.1862, 0.3734, 0.1801, 0.1819, 0.1704, 0.2787, 0.1809, 0.1643]",0.344411541998852,0.539437908548643,0.7679508750006789,0,26.553,10.0,0.0
2026-01-02|lgbm_diario|prueba|4|72.7447|base|60|todas|onsite,2026-01-02,lgbm_diario,prueba,4,72.7447,base,60,todas,onsite,32685,9871,42556,1139,256,883,5007,236,763,120,0.2236532127478232,67,"{""devolucion_origen"": 11, ""entrega_sin_recogida"": 55, ""fisico"": 66, ""fuera_servicio"": 0, ""tope"": 0, ""visitas"": 0}",2509,2509,0,0,0,1139,0,14,50,0,74,"[0.3238, 0.3577, 0.3392, 0.3749, 0.1835, 0.3449, 0.3655, 0.2825, 0.3175, 0.3397, 0.2968, 0.3087, 0.3336, 0.3337, 0.3973, 0.1798, 0.3747, 0.4743, 0.5126, 0.1879, 0.2116, 0.4259, 0.1832, 0.907, 0.5261, 0.5125, 0.1851, 0.4377, 0.49, 0.454, 0.5416, 0.4181, 0.3847, 0.2031, 0.3974, 0.3509, 0.3586, 0.4823, 0.365, 0.3747, 0.5419, 0.4722, 0.4738, 0.4718, 0.528, 0.44, 0.4085, 0.3089, 0.1831, 0.3275, 0.354, 0.5723, 0.4358, 0.4473, 0.1825, 0.3871, 0.4209, 0.1823, 0.184, 0.1859, 0.1813, 0.1897, 0.1858, 0.1809, 0.1844, 0.1908, 0.1833, 0.2013, 0.1775, 0.1844, 0.3451, 0.3885, 0.186, 0.1689]",0.3480100204978953,0.5327472540469897,0.9070322499974282,0,27.25,11.0,0.0
2026-01-02|oraculo_directo|prueba|4|39.0694|base|60|todas|onsite,2026-01-02,oraculo_directo,prueba,4,39.0694,base,60,todas,onsite,21893,7884,29777,1035,237,798,3669,131,159,50,0.1877575486765865,45,"{""devolucion_origen"": 1, ""entrega_sin_recogida"": 54, ""fisico"": 55, ""fuera_servicio"": 0, ""tope"": 0, ""visitas"": 0}",1835,1835,0,0,0,1035,0,14,43,0,74,"[0.1834, 0.4711, 0.4209, 0.4855, 0.3589, 0.3838, 0.3313, 0.347, 0.3863, 0.1888, 0.3321, 0.1885, 0.3873, 0.1869, 0.3407, 0.376, 0.1944, 0.3742, 0.3604, 0.3407, 0.3426, 0.7474, 0.1896, 0.3456, 0.4255, 0.3474, 0.3535, 0.5144, 0.4713, 0.328, 0.5896, 0.3419, 0.3274, 0.3394, 0.3677, 0.3529, 0.1869, 0.446, 0.3821, 0.312, 0.3829, 0.4699, 0.4314, 0.189, 0.3903, 0.3026, 0.1996, 0.3702, 0.312, 0.183, 0.1872, 0.3453, 0.1842, 0.1901, 0.1816, 0.1822, 0.1844, 0.3742, 0.1982, 0.4249, 0.3427, 0.1863, 0.1837, 0.1806, 0.2968, 0.34, 0.1839, 0.178, 0.179, 0.2417, 0.3223, 0.3361, 0.1707, 0.1692]",0.3397207084999536,0.4762492375950386,0.7474360829946818,0,25.166,1.0,0.0
2026-01-02|lgbm_directo|prueba|4|88.9149|base|60|todas|onsite,2026-01-02,lgbm_directo,prueba,4,88.9149,base,60,todas,onsite,32726,9165,41891,1388,326,1062,7196,301,939,49,0.2201116322018038,97,"{""devolucion_origen"": 20, ""entrega_sin_recogida"": 158, ""fisico"": 178, ""fuera_servicio"": 0, ""tope"": 0, ""visitas"": 0}",3608,3608,0,0,0,1388,0,14,42,0,74,"[1.3898, 0.1858, 0.3081, 0.3582, 0.3037, 0.3482, 0.3169, 0.3017, 0.2819, 0.2917, 0.3406, 0.4356, 0.3848, 0.1866, 0.1871, 0.4673, 0.3648, 0.1776, 0.3999, 0.3977, 0.6931, 0.4851, 0.7447, 0.727, 0.3331, 0.5328, 0.1882, 0.6118, 0.1853, 0.8402, 0.4062, 0.3866, 0.4149, 0.4184, 0.4648, 0.3808, 0.3664, 0.183, 0.3887, 0.4724, 0.3375, 0.4082, 0.4353, 0.478, 0.3361, 0.4207, 0.3131, 0.5779, 0.4365, 0.351, 0.3669, 0.4688, 0.3454, 0.1858, 0.39, 0.3824, 0.185, 0.1886, 0.1886, 0.5132, 0.5116, 0.1845, 0.1947, 0.9305, 0.1858, 0.1793, 0.1843, 0.4466, 0.1926, 0.183, 0.17, 0.1972, 0.1633, 0.1638]",0.3614879170017957,0.7331860999987838,1.38977654199698,0,29.693,20.0,0.0
2026-01-03|sin_rebalanceo|prueba|0|0.0|base|60|todas|onsite,2026-01-03,sin_rebalanceo,prueba,0,0.0,base,60,todas,onsite,75411,29874,105285,0,0,0,0,0,1089,1173,0.2740220464746065,76,"{""devolucion_origen"": 0, ""entrega_sin_recogida"": 0, ""fisico"": 0, ""fuera_servicio"": 0, ""tope"": 0, ""visitas"": 0}",0,0,0,0,0,0,0,0,0,0,0,[],0.0,0.0,0.0,0,1.723,0.0,
2026-01-03|ecobici|prueba|0|0.0|base|60|todas|onsite,2026-01-03,ecobici,prueba,0,0.0,base,60,todas,onsite,47934,18804,66738,1117,721,396,3161,0,86,33,0.2258482084084949,32,"{""devolucion_origen"": 0, ""entrega_sin_recogida"": 0, ""fisico"": 0, ""fuera_servicio"": 0, ""tope"": 0, ""visitas"": 0}",1682,1479,0,-203,0,1117,0,33,49,0,0,[],0.0,0.0,0.0,0,1.716,0.0,1117.0
2026-01-03|oraculo_diario|prueba|4|57.5805|base|60|todas|onsite,2026-01-03,oraculo_diario,prueba,4,57.5805,base,60,todas,onsite,19655,8194,27849,788,157,631,2334,92,102,10,0.2117572865093059,11,"{""devolucion_origen"": 2, ""entrega_sin_recogida"": 17, ""fisico"": 19, ""fuera_servicio"": 0, ""tope"": 0, ""visitas"": 0}",1168,1168,0,0,0,790,2,14,29,0,74,"[0.1875, 0.3935, 0.1898, 0.1871, 0.3127, 0.1917, 0.4105, 0.3952, 0.424, 0.3934, 0.3588, 0.3573, 0.185, 0.1894, 0.4224, 0.1912, 0.1955, 0.3616, 0.365, 0.1836, 0.1835, 0.3877, 0.1878, 0.3519, 0.1817, 0.185, 0.3802, 0.3474, 0.1878, 0.1935, 0.1816, 0.1834, 0.1957, 0.3132, 0.1905, 0.4748, 0.3408, 0.1882, 0.1859, 0.1951, 0.1873, 0.3828, 0.3212, 0.1831, 0.1887, 0.1821, 0.3373, 0.4338, 0.3481, 0.4116, 0.3792, 0.1959, 0.2054, 0.1987, 0.1957, 0.3605, 0.1901, 0.3902, 0.4682, 0.3796, 0.4353, 0.199, 0.4396, 0.1859, 0.5105, 0.66, 0.1922, 0.6184, 0.183, 0.1849, 0.1858, 0.1726, 0.1719, 0.1721]",0.1972541040013311,0.4705072870488948,0.6599932500030263,0,22.892,2.0,0.0
2026-01-03|ma_diaria|prueba|4|72.8507|base|60|todas|onsite,2026-01-03,ma_diaria,prueba,4,72.8507,base,60,todas,onsite,30474,10417,40891,801,168,633,2178,95,405,132,0.2128577527457929,32,"{""devolucion_origen"": 12, ""entrega_sin_recogida"": 5, ""fisico"": 17, ""fuera_servicio"": 0, ""tope"": 0, ""visitas"": 0}",1095,1095,0,0,0,803,2,14,22,0,74,"[0.1945, 0.3627, 0.1889, 0.3148, 0.3974, 0.1943, 0.2036, 0.4857, 0.3988, 0.4034, 0.1996, 0.4234, 0.4616, 0.2023, 0.4128, 0.4122, 0.4511, 0.2029, 0.5077, 0.6956, 0.1802, 0.1789, 0.1823, 0.1836, 0.1828, 0.434, 0.1949, 0.1899, 0.1899, 0.1947, 0.192, 0.1936, 0.1888, 0.2225, 0.1858, 0.1831, 0.1807, 0.1923, 0.1946, 0.4032, 0.4087, 0.1941, 0.1846, 0.1858, 0.1876, 0.1913, 0.1852, 0.1988, 0.1926, 0.2087, 0.194, 0.1836, 0.1901, 0.206, 0.1874, 0.1905, 0.5303, 0.5124, 0.1915, 0.184, 0.5021, 0.3228, 0.351, 0.1845, 0.1819, 0.1821, 0.1859, 0.172, 0.3432, 0.1791, 0.3587, 0.1723, 0.1869, 0.1678]",0.1940410005008743,0.5040930147006293,0.6955642920001992,0,21.375,12.0,0.0
2026-01-03|lgbm_diario|prueba|4|72.7447|base|60|todas|onsite,2026-01-03,lgbm_diario,prueba,4,72.7447,base,60,todas,onsite,30559,9886,40445,805,176,629,2135,77,414,105,0.2117744058751014,34,"{""devolucion_origen"": 7, ""entrega_sin_recogida"": 3, ""fisico"": 10, ""fuera_servicio"": 0, ""tope"": 0, ""visitas"": 0}",1071,1071,0,0,0,805,0,14,24,0,74,"[0.1762, 0.1933, 0.4144, 0.3723, 0.4501, 0.1944, 0.1925, 0.4213, 0.5415, 0.1928, 0.3789, 1.163, 0.4712, 0.1764, 0.4394, 0.4515, 0.1901, 0.4466, 0.4808, 0.4829, 0.4478, 0.1857, 0.1874, 0.1917, 0.1869, 0.1853, 0.1854, 0.4133, 0.3301, 0.1847, 0.1906, 0.1811, 0.3149, 0.1822, 0.1833, 0.1847, 0.1883, 0.1806, 0.1795, 0.4898, 0.3069, 0.1905, 0.1937, 0.1914, 0.1947, 0.185, 0.1838, 0.1901, 0.1837, 0.1855, 0.185, 0.1872, 0.1919, 0.1835, 0.184, 0.1822, 0.1929, 0.1904, 0.5197, 0.1893, 0.1852, 0.4157, 0.1856, 0.1808, 0.1797, 0.1758, 0.1843, 0.172, 0.1756, 0.1847, 0.3422, 0.1687, 0.168, 0.1647]",0.1896928124988335,0.4853191726997465,1.163011999997252,0,21.475,7.0,0.0
2026-01-03|oraculo_directo|prueba|4|39.0694|base|60|todas|onsite,2026-01-03,oraculo_directo,prueba,4,39.0694,base,60,todas,onsite,19125,8311,27436,611,149,462,1636,66,68,13,0.2023216251779759,14,"{""devolucion_origen"": 0, ""entrega_sin_recogida"": 7, ""fisico"": 7, ""fuera_servicio"": 0, ""tope"": 0, ""visitas"": 0}",818,818,0,0,0,613,2,14,31,0,74,"[0.1917, 0.2015, 0.189, 0.3226, 0.4007, 0.3114, 0.4472, 0.8129, 0.4502, 0.403, 0.3953, 0.2019, 0.4107, 0.1951, 0.4253, 0.4336, 0.2543, 0.3859, 0.1887, 0.3561, 0.6394, 0.3767, 0.2109, 0.4188, 0.5924, 0.1946, 0.1853, 0.1967, 0.378, 0.1896, 0.1841, 0.1965, 0.3436, 0.2045, 0.1949, 0.2131, 0.344, 0.2185, 0.1924, 0.3685, 0.3527, 0.2108, 0.185, 0.4011, 0.1881, 0.1866, 0.19, 0.1954, 0.341, 0.1982, 0.1956, 0.367, 0.4309, 0.1876, 0.1916, 0.3941, 0.4401, 0.231, 0.1963, 1.673, 0.3784, 0.4659, 0.3293, 0.7043, 0.9296, 0.1831, 0.1825, 0.4559, 1.4336, 0.191, 0.1768, 0.2761, 0.1788, 0.1711]",0.2651979584989021,0.7423039354023779,1.6729742499956046,0,27.395,0.0,0.0
2026-01-03|lgbm_directo|prueba|4|88.9149|base|60|todas|onsite,2026-01-03,lgbm_directo,prueba,4,88.9149,base,60,todas,onsite,28687,9311,37998,857,177,680,3069,118,398,53,0.2216360087283457,26,"{""devolucion_origen"": 15, ""entrega_sin_recogida"": 12, ""fisico"": 27, ""fuera_servicio"": 0, ""tope"": 0, ""visitas"": 0}",1542,1542,0,0,0,857,0,14,27,0,74,"[1.1586, 0.1927, 0.1802, 0.4288, 0.3101, 0.2835, 0.191, 0.1884, 0.4192, 0.4223, 0.1875, 0.8833, 0.4755, 0.2156, 0.4727, 0.4786, 0.1831, 0.4917, 0.4375, 0.4662, 0.1788, 0.1853, 0.1807, 0.509, 0.1851, 0.3009, 0.4177, 0.7384, 0.3131, 0.1821, 0.1832, 0.1821, 0.3119, 0.185, 0.1862, 0.1774, 0.1875, 0.1811, 0.2849, 0.1867, 0.3143, 0.1809, 0.1863, 0.1908, 0.3518, 0.188, 0.1816, 0.1899, 0.1916, 0.1856, 0.3485, 0.1825, 0.3149, 0.1817, 0.1919, 0.1919, 0.3278, 0.2986, 0.3875, 0.1881, 0.1916, 0.3519, 0.3361, 0.3804, 0.1888, 0.194, 0.1876, 0.4768, 0.3185, 0.375, 0.3443, 0.1681, 0.1658, 0.163]",0.1923256039990519,0.4977688772032705,1.158617458997469,0,23.725,15.0,0.0
2026-01-04|sin_rebalanceo|prueba|0|0.0|base|60|todas|onsite,2026-01-04,sin_rebalanceo,prueba,0,0.0,base,60,todas,onsite,105764,34741,140505,0,0,0,0,0,1748,1438,0.2764452845985613,122,"{""devolucion_origen"": 0, ""entrega_sin_recogida"": 0, ""fisico"": 0, ""fuera_servicio"": 0, ""tope"": 0, ""visitas"": 0}",0,0,0,0,0,0,0,0,0,0,0,[],0.0,0.0,0.0,0,1.78,0.0,
2026-01-04|ecobici|prueba|0|0.0|base|60|todas|onsite,2026-01-04,ecobici,prueba,0,0.0,base,60,todas,onsite,69947,24076,94023,1545,926,619,5165,0,187,108,0.2208214339965511,59,"{""devolucion_origen"": 0, ""entrega_sin_recogida"": 0, ""fisico"": 3, ""fuera_servicio"": 0, ""tope"": 0, ""visitas"": 0}",2523,2639,0,116,0,1543,0,38,81,0,0,[],0.0,0.0,0.0,0,1.824,0.0,1543.0
2026-01-04|oraculo_diario|prueba|4|57.5805|base|60|todas|onsite,2026-01-04,oraculo_diario,prueba,4,57.5805,base,60,todas,onsite,29709,9472,39181,920,175,745,3006,131,350,15,0.2150008916691669,33,"{""devolucion_origen"": 8, ""entrega_sin_recogida"": 70, ""fisico"": 78, ""fuera_servicio"": 0, ""tope"": 0, ""visitas"": 0}",1507,1507,0,0,0,920,0,14,40,0,74,"[0.2085, 0.185, 0.1957, 0.4176, 0.3163, 0.3832, 0.7098, 0.43, 0.5578, 0.405, 0.4018, 0.1827, 0.6477, 0.1804, 0.3805, 0.5407, 0.4326, 0.1781, 0.3625, 0.3621, 0.1921, 0.3142, 0.3028, 0.1813, 0.3629, 0.4316, 0.2108, 0.3103, 0.4293, 0.2978, 0.3252, 0.1768, 0.1805, 0.1774, 0.3627, 0.3256, 0.1898, 0.4072, 0.3635, 0.4319, 0.2169, 0.3541, 0.3444, 0.3128, 0.4765, 0.3978, 0.3733, 0.3479, 0.189, 0.1847, 0.2105, 0.3565, 0.3452, 0.3918, 0.3689, 0.3666, 0.4583, 0.1906, 0.4749, 0.3743, 0.2177, 0.1881, 0.3774, 0.5025, 1.6866, 0.5972, 0.2101, 0.8112, 0.184, 1.0948, 0.1851, 0.1721, 0.1755, 0.1775]",0.3509885204985039,0.6694394607478895,1.6865888749962323,0,28.605,8.0,0.0
2026-01-04|ma_diaria|prueba|4|72.8507|base|60|todas|onsite,2026-01-04,ma_diaria,prueba,4,72.8507,base,60,todas,onsite,47779,10719,58498,1025,176,849,2846,144,803,132,0.2070397823535701,73,"{""devolucion_origen"": 14, ""entrega_sin_recogida"": 28, ""fisico"": 42, ""fuera_servicio"": 0, ""tope"": 0, ""visitas"": 0}",1430,1430,0,0,0,1027,2,14,41,0,74,"[0.1869, 0.3487, 0.1964, 0.3114, 0.1982, 0.1819, 0.4037, 0.1834, 0.1886, 0.4953, 0.492, 0.7831, 0.4279, 0.3799, 0.418, 0.518, 0.1885, 0.5882, 0.3641, 0.6749, 0.435, 0.964, 0.561, 0.1776, 0.5177, 0.3473, 0.355, 0.5383, 0.1785, 0.4594, 0.551, 0.3675, 0.4008, 0.1832, 0.1791, 0.4467, 0.1773, 0.1828, 0.1753, 0.4661, 0.4828, 0.1855, 0.1812, 0.3813, 0.413, 0.1841, 0.5322, 0.1851, 0.1756, 0.1786, 0.1826, 0.4896, 0.1877, 0.1846, 0.1803, 0.522, 0.1896, 0.1862, 0.1873, 0.1859, 0.1819, 0.1865, 0.4448, 0.1912, 0.1865, 0.1803, 0.181, 0.1792, 0.188, 0.3513, 0.3394, 0.182, 0.185, 0.1672]",0.1938130830021691,0.5705439812503753,0.9640262500033714,0,25.519,14.0,0.0
2026-01-04|lgbm_diario|prueba|4|72.7447|base|60|todas|onsite,2026-01-04,lgbm_diario,prueba,4,72.7447,base,60,todas,onsite,46468,10725,57193,998,174,824,2630,122,865,134,0.207866599419452,71,"{""devolucion_origen"": 8, ""entrega_sin_recogida"": 41, ""fisico"": 49, ""fuera_servicio"": 0, ""tope"": 0, ""visitas"": 0}",1319,1319,0,0,0,1000,2,14,34,0,74,"[0.1806, 0.2688, 0.2061, 0.4195, 0.2902, 0.1886, 0.1805, 0.2086, 0.4338, 0.219, 0.4384, 0.3903, 0.3985, 0.1895, 0.4785, 0.3714, 0.1824, 0.4759, 0.1758, 0.4243, 0.4352, 0.635, 0.6322, 0.7109, 0.6534, 0.1823, 0.358, 0.1754, 0.1747, 0.3627, 0.363, 0.1834, 0.4914, 0.1809, 0.1797, 0.1823, 0.1806, 0.1882, 0.1817, 0.1797, 0.513, 0.1809, 0.2135, 0.5295, 0.1875, 0.211, 0.1796, 0.19, 0.2136, 0.1821, 0.1787, 0.4613, 0.1841, 0.3054, 0.1787, 0.6294, 0.1882, 0.4994, 0.1857, 0.1767, 0.1774, 0.1871, 0.1908, 0.2148, 0.1971, 0.4225, 0.1745, 0.4174, 0.1849, 0.1863, 0.1712, 0.2954, 0.1886, 0.165]",0.1939504789988859,0.6303644931987946,0.7109406249946915,0,23.508,8.0,0.0
2026-01-04|oraculo_directo|prueba|4|39.0694|base|60|todas|onsite,2026-01-04,oraculo_directo,prueba,4,39.0694,base,60,todas,onsite,27112,9350,36462,771,163,608,2286,93,182,10,0.2240011751862084,27,"{""devolucion_origen"": 0, ""entrega_sin_recogida"": 39, ""fisico"": 39, ""fuera_servicio"": 0, ""tope"": 0, ""visitas"": 0}",1143,1143,0,0,0,773,2,14,48,0,74,"[0.1841, 0.3538, 0.1868, 0.3752, 0.1998, 0.3288, 0.3614, 0.4428, 0.195, 0.1992, 0.1955, 0.4126, 0.4208, 0.1852, 0.382, 0.5493, 0.4707, 0.3519, 0.4458, 0.344, 0.3754, 0.1861, 0.192, 0.4097, 0.3112, 0.1943, 0.4081, 0.3622, 0.3654, 0.2931, 0.3626, 0.3165, 0.1792, 0.3111, 0.1857, 0.1866, 0.1901, 0.1878, 0.3275, 0.3099, 0.1851, 0.3418, 0.3323, 0.3451, 0.3795, 0.19, 0.3591, 0.3239, 0.1943, 0.368, 0.4976, 0.3508, 0.4006, 0.35, 0.3872, 0.3852, 0.3973, 0.1937, 0.1852, 0.5425, 0.4332, 0.4436, 1.0, 0.5303, 0.6364, 0.2037, 0.183, 0.8196, 0.1883, 1.2818, 0.1789, 0.2113, 0.1906, 0.2432]",0.3429357294990041,0.5797872602001002,1.2817599999980305,0,27.325,0.0,0.0
2026-01-04|lgbm_directo|prueba|4|88.9149|base|60|todas|onsite,2026-01-04,lgbm_directo,prueba,4,88.9149,base,60,todas,onsite,43889,10785,54674,1141,206,935,3677,166,883,117,0.2199911120894634,80,"{""devolucion_origen"": 5, ""entrega_sin_recogida"": 47, ""fisico"": 52, ""fuera_servicio"": 0, ""tope"": 0, ""visitas"": 0}",1841,1841,0,0,0,1143,2,14,41,0,74,"[1.1266, 0.2826, 0.2045, 0.3099, 0.2989, 0.3276, 0.1977, 0.203, 0.4443, 0.4485, 0.4725, 0.5088, 0.4388, 0.4455, 0.1784, 0.7003, 0.8527, 0.1847, 0.9681, 0.37, 0.177, 0.6076, 0.419, 0.5913, 0.5516, 0.3773, 0.1761, 0.3844, 0.1743, 0.3873, 0.6012, 0.18, 0.42, 0.3658, 0.1798, 0.4687, 0.1861, 0.5793, 0.1835, 0.1815, 0.1915, 0.1862, 0.1814, 0.4031, 0.1761, 0.1829, 0.402, 0.1876, 0.1789, 0.1848, 0.1887, 0.487, 0.1905, 0.1954, 0.1805, 0.4328, 0.19, 0.5416, 0.1786, 0.1882, 0.1854, 0.18, 0.1845, 0.1795, 0.3386, 0.2954, 0.3336, 0.379, 0.1782, 0.1676, 0.3391, 0.1838, 0.1735, 0.1652]",0.2435466250026365,0.6400716852025647,1.1265683750025346,0,26.297,5.0,0.0
2026-01-05|sin_rebalanceo|prueba|0|0.0|base|60|todas|onsite,2026-01-05,sin_rebalanceo,prueba,0,0.0,base,60,todas,onsite,179064,61656,240720,0,0,0,0,0,7955,5270,0.4544522584125006,533,"{""devolucion_origen"": 0, ""entrega_sin_recogida"": 0, ""fisico"": 0, ""fuera_servicio"": 0, ""tope"": 0, ""visitas"": 0}",0,0,0,0,0,0,0,0,0,0,0,[],0.0,0.0,0.0,0,2.02,0.0,
2026-01-05|ecobici|prueba|0|0.0|base|60|todas|onsite,2026-01-05,ecobici,prueba,0,0.0,base,60,todas,onsite,90458,27360,117818,2759,1552,1207,12046,0,1653,881,0.3326580022299124,146,"{""devolucion_origen"": 0, ""entrega_sin_recogida"": 0, ""fisico"": 253, ""fuera_servicio"": 0, ""tope"": 0, ""visitas"": 0}",5840,5953,0,113,0,2733,0,37,154,0,0,[],0.0,0.0,0.0,0,2.061,0.0,2733.0
2026-01-05|oraculo_diario|prueba|4|57.5805|base|60|todas|onsite,2026-01-05,oraculo_diario,prueba,4,57.5805,base,60,todas,onsite,44437,11054,55491,2100,577,1523,9288,430,2449,700,0.2789976856709869,141,"{""devolucion_origen"": 14, ""entrega_sin_recogida"": 246, ""fisico"": 260, ""fuera_servicio"": 0, ""tope"": 0, ""visitas"": 0}",4651,4651,0,0,0,2100,0,14,67,0,74,"[0.1824, 0.2921, 0.2907, 0.2735, 0.178, 0.2442, 0.1769, 0.274, 0.2758, 0.3744, 0.1979, 0.2458, 0.2738, 0.1716, 0.1825, 0.176, 0.177, 0.1983, 0.1775, 0.2733, 0.3249, 0.2879, 0.3156, 0.3114, 0.3162, 0.2775, 0.3045, 0.3382, 0.317, 0.315, 0.3053, 0.3157, 0.2978, 0.2028, 0.1847, 0.2901, 0.3036, 0.2033, 0.5519, 0.495, 0.3528, 0.4451, 0.3101, 0.1831, 0.4995, 0.3612, 0.3709, 0.3089, 0.403, 0.2342, 0.4387, 0.3586, 0.3287, 0.2649, 0.2446, 0.2534, 0.2655, 0.1775, 0.1766, 0.1779, 0.1754, 0.1757, 0.1777, 0.1835, 0.1847, 0.1794, 0.1866, 0.1844, 0.2535, 0.175, 0.1787, 0.215, 0.1787, 0.1682]",0.2651673539985495,0.440941414603003,0.551923082995927,0,21.747,14.0,0.0
2026-01-05|ma_diaria|prueba|4|72.8507|base|60|todas|onsite,2026-01-05,ma_diaria,prueba,4,72.8507,base,60,todas,onsite,60242,13530,73772,2264,613,1651,9169,394,3260,685,0.2579663948951944,197,"{""devolucion_origen"": 5, ""entrega_sin_recogida"": 115, ""fisico"": 120, ""fuera_servicio"": 0, ""tope"": 0, ""visitas"": 0}",4587,4587,0,0,0,2264,0,14,60,0,74,"[0.4929, 0.4213, 0.4284, 0.3744, 0.2911, 0.2549, 0.4033, 0.4768, 0.171, 0.3142, 0.3277, 0.2807, 0.2737, 0.1738, 0.1706, 0.1697, 0.1726, 0.1735, 0.1728, 0.1713, 0.1731, 0.1758, 0.1738, 0.1787, 0.1784, 0.1878, 0.1817, 0.1878, 0.4365, 0.188, 0.3459, 0.3309, 0.3611, 0.1848, 0.3514, 0.355, 0.4001, 0.3603, 0.5106, 0.5161, 0.3471, 0.1802, 0.4599, 0.3284, 0.5123, 0.5843, 0.3504, 0.7621, 0.3097, 0.4555, 0.4257, 0.5125, 0.177, 0.3441, 0.3297, 0.1793, 0.1765, 0.1745, 0.1768, 0.1752, 0.1807, 0.1761, 0.1754, 0.1802, 0.1759, 0.1772, 0.1829, 0.1716, 0.1777, 0.1715, 0.3065, 0.3245, 0.1743, 0.1598]",0.2214654795025126,0.5123925976022292,0.7620912500060513,0,23.306,5.0,0.0
2026-01-05|lgbm_diario|prueba|4|72.7447|base|60|todas|onsite,2026-01-05,lgbm_diario,prueba,4,72.7447,base,60,todas,onsite,64090,13486,77576,2268,559,1709,8613,363,3650,676,0.2698992889628629,227,"{""devolucion_origen"": 3, ""entrega_sin_recogida"": 71, ""fisico"": 74, ""fuera_servicio"": 0, ""tope"": 0, ""visitas"": 0}",4308,4308,0,0,0,2268,0,14,59,0,74,"[0.1812, 0.3784, 0.3601, 0.3058, 0.4662, 0.3756, 0.3816, 0.4126, 0.2798, 0.2937, 0.2663, 0.3483, 0.2902, 0.3055, 0.1757, 0.1754, 0.1739, 0.1709, 0.1697, 0.1775, 0.185, 0.1772, 0.1774, 0.1793, 0.1791, 0.1789, 0.2073, 0.1904, 0.1812, 0.1852, 0.199, 0.1851, 0.3433, 0.5136, 0.1795, 0.3757, 0.3438, 0.4212, 0.5451, 0.3906, 0.5084, 0.1811, 0.3391, 0.4473, 0.51, 0.4807, 0.4769, 0.4569, 0.4919, 0.1712, 0.1766, 0.4573, 0.4048, 0.8112, 0.3147, 0.3051, 0.1745, 0.1706, 0.2088, 0.1733, 0.1766, 0.2012, 0.1744, 0.2039, 0.1768, 0.1758, 0.1759, 0.1829, 0.1768, 0.1749, 0.3096, 0.2883, 0.1846, 0.1658]",0.2056203960019047,0.5089550499978941,0.8112039999978151,0,23.237,3.0,0.0
2026-01-05|oraculo_directo|prueba|4|39.0694|base|60|todas|onsite,2026-01-05,oraculo_directo,prueba,4,39.0694,base,60,todas,onsite,35935,10753,46688,2117,598,1519,8426,339,1585,598,0.2461356048549336,99,"{""devolucion_origen"": 0, ""entrega_sin_recogida"": 279, ""fisico"": 279, ""fuera_servicio"": 0, ""tope"": 0, ""visitas"": 0}",4213,4213,0,0,0,2117,0,14,67,0,74,"[0.1845, 0.1822, 0.4004, 0.19, 0.4427, 0.4129, 0.3779, 0.503, 0.1841, 0.2513, 0.272, 0.2756, 0.2654, 0.1801, 0.1788, 0.1771, 0.3007, 0.1806, 0.1799, 0.2765, 0.3519, 0.2939, 0.1859, 0.2923, 0.4106, 0.3688, 0.3122, 0.2938, 0.3248, 0.1909, 0.2911, 0.2835, 0.2958, 0.2887, 0.2954, 0.509, 0.2964, 0.4313, 0.3226, 0.2792, 0.5477, 0.3933, 0.3932, 0.4547, 0.2568, 0.4686, 0.2703, 0.3012, 0.2543, 0.3365, 0.3125, 0.5107, 0.3862, 0.2591, 0.2931, 0.2926, 0.2605, 0.3245, 0.1801, 0.1829, 0.1796, 0.177, 0.1838, 0.1763, 0.1776, 0.1851, 0.2569, 0.2361, 0.1761, 0.175, 0.2345, 0.1727, 0.174, 0.1676]",0.2778610830027901,0.480647766550828,0.5476617920066928,0,23.175,0.0,0.0
2026-01-05|lgbm_directo|prueba|4|88.9149|base|60|todas|onsite,2026-01-05,lgbm_directo,prueba,4,88.9149,base,60,todas,onsite,60048,12762,72810,2205,588,1617,9775,461,3495,753,0.2701589621974334,200,"{""devolucion_origen"": 5, ""entrega_sin_recogida"": 128, ""fisico"": 133, ""fuera_servicio"": 0, ""tope"": 0, ""visitas"": 0}",4890,4890,0,0,0,2205,0,14,65,0,74,"[1.1516, 0.3868, 0.2927, 0.3187, 0.3167, 0.2655, 0.3654, 0.1844, 0.3709, 0.3512, 0.2735, 0.2777, 0.1676, 0.3044, 0.2842, 0.3728, 0.171, 0.1789, 0.1723, 0.1748, 0.1793, 0.1852, 0.1748, 0.1754, 0.3877, 0.1801, 0.182, 0.1876, 0.1789, 0.3826, 0.4329, 0.1927, 0.1808, 0.3474, 0.1802, 0.3281, 0.3269, 0.6362, 0.6802, 0.5461, 0.3329, 0.4261, 0.4072, 0.1815, 0.3632, 0.5131, 0.6586, 0.4979, 0.3204, 0.4662, 0.3603, 0.3217, 0.4028, 0.5369, 0.2999, 0.3054, 0.3172, 0.175, 0.1903, 0.1786, 0.1744, 0.1882, 0.1747, 0.1772, 0.1748, 0.1833, 0.193, 0.19, 0.1803, 0.1886, 0.3355, 0.1809, 0.1597, 0.1577]",0.2809387920024164,0.5776304874012562,1.1515896249984507,0,24.441,5.0,0.0
2026-01-06|sin_rebalanceo|prueba|0|0.0|base|60|todas|onsite,2026-01-06,sin_rebalanceo,prueba,0,0.0,base,60,todas,onsite,190361,64070,254431,0,0,0,0,0,9599,5345,0.487175674698496,618,"{""devolucion_origen"": 0, ""entrega_sin_recogida"": 0, ""fisico"": 0, ""fuera_servicio"": 0, ""tope"": 0, ""visitas"": 0}",0,0,0,0,0,0,0,0,0,0,0,[],0.0,0.0,0.0,0,2.064,0.0,
2026-01-06|ecobici|prueba|0|0.0|base|60|todas|onsite,2026-01-06,ecobici,prueba,0,0.0,base,60,todas,onsite,92540,23763,116303,3036,1702,1334,13267,0,1821,858,0.315619807085978,170,"{""devolucion_origen"": 0, ""entrega_sin_recogida"": 0, ""fisico"": 238, ""fuera_servicio"": 0, ""tope"": 0, ""visitas"": 0}",6538,6491,0,-47,0,3004,0,38,151,0,0,[],0.0,0.0,0.0,0,2.07,0.0,3004.0
2026-01-06|oraculo_diario|prueba|4|57.5805|base|60|todas|onsite,2026-01-06,oraculo_diario,prueba,4,57.5805,base,60,todas,onsite,47608,9865,57473,2127,579,1548,9878,442,2287,578,0.2707619667927078,154,"{""devolucion_origen"": 14, ""entrega_sin_recogida"": 206, ""fisico"": 220, ""fuera_servicio"": 0, ""tope"": 0, ""visitas"": 0}",4946,4946,0,0,0,2129,2,14,67,0,74,"[0.3631, 0.2923, 0.3472, 0.3106, 0.177, 0.3065, 0.2391, 0.2378, 0.284, 0.3352, 0.171, 0.3132, 0.2678, 0.2552, 0.1779, 0.2573, 0.1734, 0.1729, 0.1801, 0.1766, 0.2896, 0.3168, 0.1803, 0.3689, 0.4218, 0.3726, 0.3748, 0.2886, 0.1869, 0.3137, 0.2919, 0.291, 0.3085, 0.2983, 0.3352, 0.2822, 0.5253, 0.3852, 0.4573, 0.4643, 0.3904, 0.2788, 0.1708, 0.5111, 0.4061, 0.4969, 0.2942, 0.2464, 0.3948, 0.3387, 0.3779, 0.2579, 0.2742, 0.3508, 0.1723, 0.2743, 0.1813, 0.281, 0.2922, 0.1726, 0.1769, 0.3032, 0.1809, 0.1822, 0.1831, 0.176, 0.1806, 0.1766, 0.1902, 0.1738, 0.1773, 0.1708, 0.1747, 0.1657]",0.2815913125014049,0.4597150188517843,0.5252897500031395,0,22.589,14.0,0.0
2026-01-06|ma_diaria|prueba|4|72.8507|base|60|todas|onsite,2026-01-06,ma_diaria,prueba,4,72.8507,base,60,todas,onsite,70064,12007,82071,2229,514,1715,9613,422,3727,683,0.2730295724025256,241,"{""devolucion_origen"": 1, ""entrega_sin_recogida"": 130, ""fisico"": 131, ""fuera_servicio"": 0, ""tope"": 0, ""visitas"": 0}",4807,4807,0,0,0,2229,0,14,67,0,74,"[0.179, 0.3244, 0.2903, 0.2794, 0.3526, 0.5276, 0.514, 0.3829, 0.4517, 0.3809, 0.305, 0.1687, 0.3242, 0.1696, 0.1694, 0.2794, 0.1747, 0.1839, 0.1757, 0.1726, 0.1765, 0.1925, 0.1787, 0.3675, 0.1796, 0.458, 0.1803, 0.4068, 0.4635, 0.1923, 0.3975, 0.3324, 0.4145, 0.419, 0.3631, 0.1781, 0.3253, 0.3699, 0.3303, 0.4343, 0.4355, 0.4156, 0.4293, 0.5128, 0.4631, 0.2924, 0.5055, 0.4674, 0.3425, 0.3882, 0.4748, 0.3724, 0.3645, 0.2892, 0.3042, 0.1831, 0.1854, 0.18, 0.1775, 0.1933, 0.1861, 0.1867, 0.1861, 0.1812, 0.1818, 0.1772, 0.1792, 0.1851, 0.1782, 0.1771, 0.2956, 0.1647, 0.1728, 0.1565]",0.2913066040018748,0.4855083357506372,0.5275510000064969,0,23.813,1.0,0.0
2026-01-06|lgbm_diario|prueba|4|72.7447|base|60|todas|onsite,2026-01-06,lgbm_diario,prueba,4,72.7447,base,60,todas,onsite,69925,12073,81998,2241,532,1709,9336,417,3663,668,0.2749200144619056,231,"{""devolucion_origen"": 0, ""entrega_sin_recogida"": 105, ""fisico"": 105, ""fuera_servicio"": 0, ""tope"": 0, ""visitas"": 0}",4668,4668,0,0,0,2241,0,14,67,0,74,"[0.5507, 0.3335, 0.1783, 0.1784, 0.2748, 0.4551, 0.3801, 0.4912, 0.2885, 0.419, 0.3411, 0.3871, 0.3163, 0.1732, 0.174, 0.3069, 0.2024, 0.1756, 0.1963, 0.1743, 0.1747, 0.1769, 0.1761, 0.3906, 0.1808, 0.1806, 0.5335, 0.4693, 0.3749, 0.5598, 0.1815, 0.343, 0.1823, 0.4115, 0.377, 0.3786, 0.7545, 0.347, 0.805, 0.464, 0.411, 0.1807, 0.7706, 0.4775, 0.32, 0.4659, 0.3138, 0.6694, 0.5212, 0.5623, 0.4216, 0.4716, 0.3011, 0.2902, 0.2927, 0.2942, 0.1732, 0.181, 0.1732, 0.1728, 0.1795, 0.1782, 0.1759, 0.1748, 0.1814, 0.1752, 0.1751, 0.1809, 0.178, 0.1717, 0.3008, 0.259, 0.1729, 0.1545]",0.2934644374981872,0.5997432540487346,0.8049890000038431,0,25.695,0.0,0.0
2026-01-06|oraculo_directo|prueba|4|39.0694|base|60|todas|onsite,2026-01-06,oraculo_directo,prueba,4,39.0694,base,60,todas,onsite,39487,9708,49195,2173,601,1572,9235,391,1393,508,0.2578993270256083,121,"{""devolucion_origen"": 5, ""entrega_sin_recogida"": 320, ""fisico"": 325, ""fuera_servicio"": 0, ""tope"": 0, ""visitas"": 0}",4620,4620,0,0,0,2173,0,14,67,0,74,"[0.4583, 0.3033, 0.2921, 0.398, 0.6447, 0.352, 0.5597, 0.4901, 0.3661, 0.2859, 0.2613, 0.2718, 0.269, 0.1801, 0.1798, 0.2739, 0.2761, 0.175, 0.2732, 0.3096, 0.3025, 0.4855, 0.3187, 0.4009, 0.1808, 0.3021, 0.3, 0.2968, 0.3374, 0.1923, 0.3891, 0.4052, 0.4187, 0.3332, 0.6506, 0.4019, 0.2847, 0.8556, 0.6435, 0.3044, 0.3495, 0.2834, 0.3932, 0.5199, 0.3806, 0.1779, 0.1729, 0.2635, 0.1777, 0.2847, 0.3332, 0.2492, 0.1878, 0.2712, 0.3374, 0.262, 0.2715, 0.1855, 0.1814, 0.1758, 0.1808, 0.1845, 0.1832, 0.1846, 0.1908, 0.1887, 0.2, 0.1899, 0.3601, 0.2972, 0.274, 0.4143, 0.1765, 0.1771]",0.2852696664995164,0.589021947703804,0.8555515830012155,0,25.147,5.0,0.0
2026-01-06|lgbm_directo|prueba|4|88.9149|base|60|todas|onsite,2026-01-06,lgbm_directo,prueba,4,88.9149,base,60,todas,onsite,71083,11679,82762,2206,514,1692,10278,488,4320,653,0.2847133465256442,248,"{""devolucion_origen"": 0, ""entrega_sin_recogida"": 166, ""fisico"": 166, ""fuera_servicio"": 0, ""tope"": 0, ""visitas"": 0}",5139,5139,0,0,0,2206,0,14,67,0,74,"[1.3228, 0.343, 0.282, 0.3285, 0.1803, 0.4155, 0.345, 0.4141, 0.3394, 0.2852, 0.4046, 0.4895, 0.4288, 0.1713, 0.2908, 0.3108, 0.3228, 0.3726, 0.3478, 0.1735, 0.1766, 0.1831, 0.3563, 0.3691, 0.3858, 0.3737, 0.452, 0.6036, 0.3844, 0.3777, 0.1872, 0.1848, 0.4709, 0.3726, 0.3693, 0.3439, 0.7385, 0.1838, 0.4898, 0.3442, 0.6282, 0.1823, 0.4132, 0.3499, 0.7136, 0.3772, 0.4276, 0.1748, 0.3994, 0.4339, 0.7392, 0.3091, 0.3352, 0.4653, 0.5834, 0.3538, 0.3243, 0.1747, 0.1804, 0.1991, 0.1773, 0.174, 0.1826, 0.1855, 0.1848, 0.177, 0.1749, 0.1797, 0.1821, 0.3777, 0.3176, 0.1789, 0.1605, 0.1584]",0.3434464165002282,0.6581201834505914,1.3228152910014614,0,27.538,0.0,0.0
2026-01-07|sin_rebalanceo|prueba|0|0.0|base|60|todas|onsite,2026-01-07,sin_rebalanceo,prueba,0,0.0,base,60,todas,onsite,194287,69878,264165,0,0,0,0,0,11804,7182,0.4615006414697524,1027,"{""devolucion_origen"": 0, ""entrega_sin_recogida"": 0, ""fisico"": 0, ""fuera_servicio"": 0, ""tope"": 0, ""visitas"": 0}",0,0,0,0,0,0,0,0,0,0,0,[],0.0,0.0,0.0,0,2.155,0.0,
2026-01-07|ecobici|prueba|0|0.0|base|60|todas|onsite,2026-01-07,ecobici,prueba,0,0.0,base,60,todas,onsite,88949,27106,116055,3010,1513,1497,14030,0,2345,1334,0.3257650723885559,254,"{""devolucion_origen"": 0, ""entrega_sin_recogida"": 0, ""fisico"": 304, ""fuera_servicio"": 0, ""tope"": 0, ""visitas"": 0}",6774,6952,0,178,0,2978,0,35,143,0,0,[],0.0,0.0,0.0,0,2.093,0.0,2978.0
2026-01-07|oraculo_diario|prueba|4|57.5805|base|60|todas|onsite,2026-01-07,oraculo_diario,prueba,4,57.5805,base,60,todas,onsite,46687,11123,57810,2399,678,1721,11836,531,3501,1029,0.2895559321068148,265,"{""devolucion_origen"": 20, ""entrega_sin_recogida"": 322, ""fisico"": 342, ""fuera_servicio"": 0, ""tope"": 0, ""visitas"": 0}",5928,5928,0,0,0,2399,0,14,67,0,74,"[0.3158, 0.2956, 0.2669, 0.5451, 0.3404, 0.2282, 0.373, 0.2794, 0.3154, 0.3691, 0.2434, 0.2558, 0.1784, 0.1746, 0.2683, 0.3064, 0.3099, 0.1732, 0.1752, 0.2579, 0.2905, 0.2691, 0.3156, 0.179, 0.3282, 0.2933, 0.276, 0.2695, 0.4034, 0.3746, 0.3566, 0.3627, 0.2965, 0.315, 0.2716, 0.2519, 0.2922, 0.39, 0.317, 0.2579, 0.4293, 0.3739, 0.5068, 0.3598, 0.1869, 0.2336, 0.2614, 0.179, 0.2756, 0.2435, 0.2475, 0.1664, 0.2815, 0.2803, 0.2447, 0.3177, 0.2724, 0.2888, 0.3226, 0.1751, 0.323, 0.2941, 0.3538, 0.1737, 0.1868, 0.204, 0.1789, 0.1929, 0.1795, 0.1803, 0.1742, 0.1718, 0.1745, 0.173]",0.2740117079993069,0.3946847852985228,0.5451382500032196,0,22.541,20.0,0.0
2026-01-07|ma_diaria|prueba|4|72.8507|base|60|todas|onsite,2026-01-07,ma_diaria,prueba,4,72.8507,base,60,todas,onsite,73561,13753,87314,2507,657,1850,10787,469,4994,1260,0.281568579827876,396,"{""devolucion_origen"": 5, ""entrega_sin_recogida"": 107, ""fisico"": 112, ""fuera_servicio"": 0, ""tope"": 0, ""visitas"": 0}",5396,5396,0,0,0,2507,0,14,67,0,74,"[0.4656, 0.3148, 0.3382, 0.3077, 0.5165, 0.3101, 0.5466, 0.4184, 0.3176, 0.3242, 0.2983, 0.3194, 0.421, 0.2896, 0.3201, 0.2857, 0.1724, 0.1704, 0.1736, 0.1781, 0.1823, 0.1828, 0.1789, 0.1782, 0.351, 0.1868, 0.1802, 0.5414, 0.385, 0.444, 0.1854, 0.1844, 0.4455, 0.1947, 0.4224, 0.3188, 0.4072, 0.3315, 0.6994, 0.321, 0.4306, 0.6389, 0.5604, 0.1793, 0.6195, 0.5674, 0.5066, 0.3217, 0.3303, 0.5062, 0.5298, 0.3977, 0.2946, 0.3411, 0.3191, 0.1696, 0.1758, 0.1719, 0.1694, 0.1732, 0.1788, 0.1785, 0.1757, 0.1808, 0.1749, 0.1725, 0.1825, 0.1843, 0.1746, 0.1698, 0.3023, 0.2971, 0.1797, 0.1591]",0.3049895835029019,0.5628882318043906,0.6993777079987922,0,25.073,5.0,0.0
2026-01-07|lgbm_diario|prueba|4|72.7447|base|60|todas|onsite,2026-01-07,lgbm_diario,prueba,4,72.7447,base,60,todas,onsite,79182,14996,94178,2571,653,1918,10034,400,5668,1420,0.2969853009860596,390,"{""devolucion_origen"": 0, ""entrega_sin_recogida"": 71, ""fisico"": 71, ""fuera_servicio"": 0, ""tope"": 0, ""visitas"": 0}",5017,5017,0,0,0,2571,0,14,67,0,74,"[0.48, 0.3982, 0.4573, 0.2848, 0.4904, 0.3973, 0.305, 0.4546, 0.1797, 0.4424, 0.2926, 0.3641, 0.2987, 0.2904, 0.2933, 0.3255, 0.1757, 0.1696, 0.1698, 0.178, 0.1759, 0.1775, 0.178, 0.1791, 0.3201, 0.1777, 0.1866, 0.1816, 0.1785, 0.1828, 0.4464, 0.3489, 0.3829, 0.1818, 0.4558, 0.1827, 0.3805, 0.5139, 0.3512, 0.3991, 0.3834, 0.5184, 0.6861, 0.5934, 0.5926, 0.5562, 0.3252, 0.6607, 0.3951, 0.3041, 0.3417, 0.4476, 0.3277, 0.4721, 0.3055, 0.1769, 0.1755, 0.1766, 0.1708, 0.1731, 0.1752, 0.1749, 0.1743, 0.1874, 0.1845, 0.2166, 0.1752, 0.1756, 0.1722, 0.1694, 0.3431, 0.2659, 0.1774, 0.1527]",0.292925624999043,0.5689596584481477,0.6860665829954087,0,24.828,0.0,0.0
2026-01-07|oraculo_directo|prueba|4|39.0694|base|60|todas|onsite,2026-01-07,oraculo_directo,prueba,4,39.0694,base,60,todas,onsite,36440,10580,47020,2611,771,1840,11682,467,2001,821,0.271277130277911,158,"{""devolucion_origen"": 10, ""entrega_sin_recogida"": 422, ""fisico"": 432, ""fuera_servicio"": 0, ""tope"": 0, ""visitas"": 0}",5846,5846,0,0,0,2611,0,14,67,0,74,"[0.3093, 0.6183, 0.3383, 0.184, 0.2949, 0.3021, 0.5011, 0.2513, 0.1759, 0.2816, 0.1714, 0.2599, 0.2448, 0.2623, 0.2813, 0.2524, 0.273, 0.1732, 0.2648, 0.2871, 0.2738, 0.2735, 0.3363, 0.3915, 0.2861, 0.3309, 0.4132, 0.1865, 0.343, 0.4576, 0.3213, 0.6314, 0.3246, 0.4536, 0.4143, 0.4539, 0.1824, 0.4646, 0.4618, 0.3609, 0.1768, 0.4298, 0.328, 0.2671, 0.2525, 0.3546, 0.3323, 0.3119, 0.1752, 0.4554, 0.2561, 0.4554, 0.339, 0.3096, 0.3077, 0.4788, 0.3145, 0.3913, 0.2772, 0.1833, 0.183, 0.189, 0.1818, 0.1873, 0.1815, 0.1839, 0.1916, 0.1808, 0.3114, 0.1789, 0.1755, 0.2273, 0.1696, 0.1702]",0.283853958502732,0.4696132078966911,0.6314320829987992,0,24.326,10.0,0.0
2026-01-07|lgbm_directo|prueba|4|88.9149|base|60|todas|onsite,2026-01-07,lgbm_directo,prueba,4,88.9149,base,60,todas,onsite,78974,13891,92865,2444,592,1852,10876,443,5782,1316,0.307138745004169,415,"{""devolucion_origen"": 4, ""entrega_sin_recogida"": 118, ""fisico"": 122, ""fuera_servicio"": 0, ""tope"": 0, ""visitas"": 0}",5440,5440,0,0,0,2444,0,14,67,0,74,"[1.2696, 0.311, 0.3456, 0.4186, 0.553, 0.2976, 0.308, 0.415, 0.2758, 0.355, 0.5721, 0.3887, 0.2978, 0.171, 0.1679, 0.312, 0.1771, 0.1754, 0.1705, 0.1708, 0.1713, 0.1742, 0.1735, 0.1733, 0.1713, 0.1777, 0.3486, 0.4841, 0.4202, 0.4276, 0.5103, 0.5683, 0.4845, 0.4176, 0.534, 0.5771, 0.4358, 0.4611, 0.6288, 0.4483, 0.3512, 0.3522, 0.4159, 0.4107, 0.6158, 0.4199, 0.3628, 0.3493, 0.5753, 0.3314, 0.8228, 0.4438, 0.1818, 0.3292, 0.3022, 0.1734, 0.1822, 0.1702, 0.1741, 0.1733, 0.1776, 0.1764, 0.1762, 0.1831, 0.1779, 0.1788, 0.1783, 0.1787, 0.1755, 0.3812, 0.3308, 0.1726, 0.1552, 0.1518]",0.3205819164977583,0.5906686711492509,1.2695591670053543,0,27.016,4.0,0.0
2026-01-08|sin_rebalanceo|prueba|0|0.0|base|60|todas|onsite,2026-01-08,sin_rebalanceo,prueba,0,0.0,base,60,todas,onsite,182655,67066,249721,0,0,0,0,0,11057,6770,0.4597697257214189,797,"{""devolucion_origen"": 0, ""entrega_sin_recogida"": 0, ""fisico"": 0, ""fuera_servicio"": 0, ""tope"": 0, ""visitas"": 0}",0,0,0,0,0,0,0,0,0,0,0,[],0.0,0.0,0.0,0,2.128,0.0,
2026-01-08|ecobici|prueba|0|0.0|base|60|todas|onsite,2026-01-08,ecobici,prueba,0,0.0,base,60,todas,onsite,76636,23707,100343,2810,1464,1346,13697,0,1949,966,0.3446063875705948,246,"{""devolucion_origen"": 0, ""entrega_sin_recogida"": 0, ""fisico"": 288, ""fuera_servicio"": 0, ""tope"": 0, ""visitas"": 0}",6641,6768,0,127,0,2799,0,36,133,0,0,[],0.0,0.0,0.0,0,2.209,0.0,2799.0
2026-01-08|oraculo_diario|prueba|4|57.5805|base|60|todas|onsite,2026-01-08,oraculo_diario,prueba,4,57.5805,base,60,todas,onsite,43825,10389,54214,2252,624,1628,10897,488,3098,741,0.293671697966409,180,"{""devolucion_origen"": 3, ""entrega_sin_recogida"": 271, ""fisico"": 274, ""fuera_servicio"": 0, ""tope"": 0, ""visitas"": 0}",5450,5450,0,0,0,2252,0,14,67,0,74,"[0.3079, 0.3156, 0.3721, 0.2644, 0.2666, 0.2872, 0.259, 0.2805, 0.2508, 0.2383, 0.2809, 0.1642, 0.2348, 0.1812, 0.1824, 0.2404, 0.1696, 0.1718, 0.2019, 0.3036, 0.199, 0.1823, 0.1907, 0.3316, 0.4461, 0.3552, 0.3333, 0.1811, 0.4478, 0.2853, 0.4785, 0.4722, 0.7185, 0.2648, 0.1819, 0.2574, 0.5739, 0.2969, 0.1828, 0.3377, 0.3959, 0.311, 0.3535, 0.5065, 0.3498, 0.2435, 0.3472, 0.3885, 0.1747, 0.3772, 0.3641, 0.2987, 0.2538, 0.3127, 0.2486, 0.387, 0.2661, 0.403, 0.2733, 0.278, 0.178, 0.2783, 0.3421, 0.1819, 0.3439, 0.1778, 0.1778, 0.1922, 0.1908, 0.1797, 0.1756, 0.251, 0.1739, 0.1669]",0.2699772080013645,0.474416808100068,0.718457707997004,0,23.407,3.0,0.0
2026-01-08|ma_diaria|prueba|4|72.8507|base|60|todas|onsite,2026-01-08,ma_diaria,prueba,4,72.8507,base,60,todas,onsite,67178,13160,80338,2307,571,1736,9724,468,4384,913,0.2801393446767981,319,"{""devolucion_origen"": 0, ""entrega_sin_recogida"": 82, ""fisico"": 82, ""fuera_servicio"": 0, ""tope"": 0, ""visitas"": 0}",4862,4862,0,0,0,2307,0,14,67,0,74,"[0.2996, 0.3251, 0.2964, 0.3235, 0.1827, 0.4714, 0.3387, 0.448, 0.3356, 0.2618, 0.3464, 0.2848, 0.3679, 0.1718, 0.1759, 0.3276, 0.1761, 0.1724, 0.1717, 0.1792, 0.1769, 0.18, 0.1749, 0.1826, 0.3456, 0.1781, 0.1847, 0.3556, 0.185, 0.1923, 0.1783, 0.3632, 0.3904, 0.4115, 0.3778, 0.3705, 0.1815, 0.1907, 0.4899, 0.3242, 0.4135, 0.3721, 0.5067, 0.4671, 0.179, 0.4185, 0.5493, 0.4317, 0.5851, 0.3745, 0.1738, 0.2933, 0.1755, 0.2853, 0.2878, 0.3033, 0.1847, 0.177, 0.1755, 0.1796, 0.176, 0.1829, 0.1777, 0.1755, 0.1788, 0.174, 0.1746, 0.1696, 0.1753, 0.1738, 0.3073, 0.2741, 0.174, 0.1572]",0.2270360414986498,0.4778942501019627,0.5851073749945499,0,22.454,0.0,0.0
2026-01-08|lgbm_diario|prueba|4|72.7447|base|60|todas|onsite,2026-01-08,lgbm_diario,prueba,4,72.7447,base,60,todas,onsite,74777,14264,89041,2345,572,1773,8914,420,5082,889,0.2965546001216483,337,"{""devolucion_origen"": 0, ""entrega_sin_recogida"": 42, ""fisico"": 42, ""fuera_servicio"": 0, ""tope"": 0, ""visitas"": 0}",4457,4457,0,0,0,2345,0,14,66,0,74,"[0.1791, 0.3125, 0.2984, 0.4364, 0.1812, 0.3257, 0.3537, 0.6492, 0.5236, 0.1769, 0.3012, 0.501, 0.5167, 0.3907, 0.1781, 0.3223, 0.171, 0.1724, 0.1711, 0.1783, 0.1998, 0.1749, 0.2012, 0.1773, 0.3525, 0.1934, 0.2112, 0.186, 0.1816, 0.1905, 0.4642, 0.1879, 0.19, 0.1774, 0.3607, 0.1873, 0.3298, 0.333, 0.4445, 0.1837, 0.4616, 0.3853, 0.3651, 0.3131, 0.5136, 0.5745, 0.6212, 0.5202, 0.5413, 0.5977, 0.3763, 0.3058, 0.322, 0.3861, 0.3936, 0.1736, 0.1749, 0.1726, 0.1756, 0.2016, 0.1774, 0.1734, 0.1749, 0.178, 0.1844, 0.1728, 0.1725, 0.1747, 0.1769, 0.1769, 0.3084, 0.2924, 0.1701, 0.1519]",0.2014031250000698,0.5529334601982553,0.6491892079939134,0,23.791,0.0,0.0
2026-01-08|oraculo_directo|prueba|4|39.0694|base|60|todas|onsite,2026-01-08,oraculo_directo,prueba,4,39.0694,base,60,todas,onsite,35216,10148,45364,2370,665,1705,10468,433,1823,642,0.2665129734089361,148,"{""devolucion_origen"": 6, ""entrega_sin_recogida"": 300, ""fisico"": 306, ""fuera_servicio"": 0, ""tope"": 0, ""visitas"": 0}",5237,5237,0,0,0,2370,0,14,67,0,74,"[0.1873, 0.1952, 0.2798, 0.5159, 0.3418, 0.3379, 0.36, 0.2685, 0.1739, 0.2481, 0.1716, 0.2691, 0.1689, 0.1746, 0.3045, 0.2604, 0.176, 0.1867, 0.2751, 0.1798, 0.348, 0.1806, 0.3006, 0.3319, 0.321, 0.315, 0.3138, 0.398, 0.449, 0.3712, 0.5351, 0.552, 0.6243, 0.2959, 0.286, 0.262, 0.6176, 0.6921, 0.5819, 0.3418, 0.1824, 0.2916, 0.2824, 0.3442, 0.335, 0.3524, 0.2853, 0.2733, 0.2816, 0.1756, 0.3217, 0.3685, 0.1812, 0.3675, 0.2776, 0.2519, 0.1906, 0.4692, 0.1836, 0.2864, 0.1848, 0.1829, 0.1851, 0.1881, 0.1878, 0.1942, 0.2054, 0.333, 0.19, 0.2913, 0.2785, 0.2179, 0.171, 0.172]",0.2807290625023597,0.5624722311491495,0.692072083002131,0,23.992,6.0,0.0
2026-01-08|lgbm_directo|prueba|4|88.9149|base|60|todas|onsite,2026-01-08,lgbm_directo,prueba,4,88.9149,base,60,todas,onsite,70549,12952,83501,2229,504,1725,9661,436,4921,847,0.3084916115650921,318,"{""devolucion_origen"": 1, ""entrega_sin_recogida"": 61, ""fisico"": 62, ""fuera_servicio"": 0, ""tope"": 0, ""visitas"": 0}",4831,4831,0,0,0,2229,0,14,61,0,74,"[1.1868, 0.3873, 0.3639, 0.3044, 0.3681, 0.1859, 0.3116, 0.3048, 0.1812, 0.2984, 0.2917, 0.3021, 0.331, 0.3024, 0.3228, 0.3262, 0.1723, 0.1727, 0.1737, 0.1765, 0.1769, 0.1758, 0.1778, 0.1778, 0.3731, 0.1832, 0.3571, 0.4281, 0.1787, 0.189, 0.1834, 0.3751, 0.1787, 0.1793, 0.1822, 0.7112, 0.3467, 0.4432, 0.5858, 0.356, 0.4364, 0.5471, 0.1777, 0.4438, 0.5086, 0.5961, 0.1848, 0.5015, 0.3564, 1.0698, 0.4412, 0.477, 0.3129, 0.323, 0.1721, 0.3464, 0.1727, 0.1746, 0.1731, 0.1758, 0.1762, 0.1762, 0.1798, 0.1751, 0.2055, 0.1782, 0.1772, 0.1915, 0.1747, 0.3295, 0.283, 0.1764, 0.1571, 0.1569]",0.2873642289996496,0.5894136024016915,1.1867626669991296,0,24.906,1.0,0.0
2026-01-09|sin_rebalanceo|prueba|0|0.0|base|60|todas|onsite,2026-01-09,sin_rebalanceo,prueba,0,0.0,base,60,todas,onsite,184168,42809,226977,0,0,0,0,0,10253,4323,0.4234443494455295,785,"{""devolucion_origen"": 0, ""entrega_sin_recogida"": 0, ""fisico"": 0, ""fuera_servicio"": 0, ""tope"": 0, ""visitas"": 0}",0,0,0,0,0,0,0,0,0,0,0,[],0.0,0.0,0.0,0,2.142,0.0,
2026-01-09|ecobici|prueba|0|0.0|base|60|todas|onsite,2026-01-09,ecobici,prueba,0,0.0,base,60,todas,onsite,81159,12778,93937,2605,1371,1234,11751,0,1556,380,0.2605259692181887,260,"{""devolucion_origen"": 0, ""entrega_sin_recogida"": 0, ""fisico"": 84, ""fuera_servicio"": 0, ""tope"": 0, ""visitas"": 0}",5823,5844,0,21,0,2595,0,72,159,0,0,[],0.0,0.0,0.0,0,2.102,0.0,2595.0
2026-01-09|oraculo_diario|prueba|4|57.5805|base|60|todas|onsite,2026-01-09,oraculo_diario,prueba,4,57.5805,base,60,todas,onsite,33374,1533,34907,2094,525,1569,9640,447,1825,126,0.2217629046100206,159,"{""devolucion_origen"": 8, ""entrega_sin_recogida"": 291, ""fisico"": 299, ""fuera_servicio"": 0, ""tope"": 0, ""visitas"": 0}",4824,4824,0,0,0,2094,0,14,67,0,74,"[0.1855, 0.1825, 0.2753, 0.1804, 0.2959, 0.5096, 0.3998, 0.1746, 0.4181, 0.319, 0.2446, 0.2672, 0.2601, 0.2461, 0.2435, 0.2529, 0.3, 0.1734, 0.2656, 0.1778, 0.3244, 0.3235, 0.3708, 0.2704, 0.2902, 0.375, 0.2928, 0.3792, 0.2787, 0.3488, 0.3123, 0.3423, 0.3904, 0.5124, 0.5708, 0.5665, 0.4259, 0.3042, 0.2703, 0.176, 0.3934, 0.1778, 0.1743, 0.3037, 0.2647, 0.2912, 0.2667, 0.3379, 0.385, 0.3331, 0.2687, 0.3083, 0.2843, 0.8307, 0.301, 0.3128, 0.4493, 0.3198, 0.4193, 0.4234, 0.3589, 0.3307, 0.1865, 0.3247, 0.1837, 0.3122, 0.1772, 0.9263, 0.3061, 0.3143, 0.2637, 0.1713, 0.1711, 0.1702]",0.3023813125000743,0.5313428437471881,0.9263041249942034,0,25.629,8.0,0.0
2026-01-09|ma_diaria|prueba|4|72.8507|base|60|todas|onsite,2026-01-09,ma_diaria,prueba,4,72.8507,base,60,todas,onsite,51370,4211,55581,2100,483,1617,9504,469,3180,504,0.2355665947438775,288,"{""devolucion_origen"": 2, ""entrega_sin_recogida"": 163, ""fisico"": 165, ""fuera_servicio"": 0, ""tope"": 0, ""visitas"": 0}",4753,4753,0,0,0,2100,0,14,61,0,74,"[0.382, 0.3858, 0.3702, 0.3863, 0.2716, 0.5036, 0.4624, 0.5315, 0.1768, 0.3493, 0.3184, 0.2814, 0.1729, 0.3618, 0.1769, 0.333, 0.2013, 0.1754, 0.1728, 0.3428, 0.1757, 0.3843, 0.1822, 0.437, 0.183, 0.4258, 0.1857, 0.6212, 0.512, 0.182, 0.3969, 0.3635, 0.4989, 0.1817, 0.3317, 0.3141, 0.1813, 0.4648, 0.3473, 0.7578, 0.4441, 0.7584, 0.3664, 0.4542, 0.6907, 0.414, 0.466, 0.4726, 0.4266, 0.3302, 0.1781, 0.432, 0.4538, 0.2923, 0.3071, 0.4346, 0.1817, 0.2139, 0.1879, 0.1833, 0.2038, 0.185, 0.1819, 0.1769, 0.1831, 0.1812, 0.175, 0.1799, 0.1746, 0.1751, 0.3148, 0.2876, 0.1799, 0.1634]",0.3165939790014818,0.5628527017535812,0.758415000003879,0,26.052,2.0,0.0
2026-01-09|lgbm_diario|prueba|4|72.7447|base|60|todas|onsite,2026-01-09,lgbm_diario,prueba,4,72.7447,base,60,todas,onsite,53284,3839,57123,2152,453,1699,9064,418,3307,357,0.2367553728200046,309,"{""devolucion_origen"": 6, ""entrega_sin_recogida"": 100, ""fisico"": 106, ""fuera_servicio"": 0, ""tope"": 0, ""visitas"": 0}",4535,4535,0,0,0,2152,0,14,62,0,74,"[0.3128, 0.3144, 0.3295, 0.3113, 0.3103, 0.1835, 0.4445, 0.3455, 0.1785, 0.482, 0.3903, 0.4984, 0.2899, 0.3003, 0.3193, 0.1795, 0.1751, 0.1758, 0.1731, 0.4588, 0.3546, 0.365, 0.35, 0.1758, 0.1786, 0.184, 0.1782, 0.423, 0.3716, 0.185, 0.1836, 0.3411, 0.3816, 0.4205, 0.3514, 0.4042, 0.413, 0.349, 0.3867, 0.6974, 0.57, 0.7842, 0.5252, 0.5631, 0.4118, 0.5425, 0.1782, 0.4795, 0.5608, 0.4167, 0.5247, 0.3173, 0.3368, 0.5356, 0.2989, 0.3392, 0.1862, 0.1776, 0.1796, 0.1826, 0.179, 0.1781, 0.1858, 0.1779, 0.1818, 0.1857, 0.176, 0.3568, 0.1862, 0.1741, 0.3022, 0.2781, 0.1778, 0.1844]",0.3158209374996659,0.5615740789522533,0.7841949170033331,0,26.085,6.0,0.0
2026-01-09|oraculo_directo|prueba|4|39.0694|base|60|todas|onsite,2026-01-09,oraculo_directo,prueba,4,39.0694,base,60,todas,onsite,24929,1695,26624,2118,554,1564,9014,356,902,74,0.2071387328497604,103,"{""devolucion_origen"": 6, ""entrega_sin_recogida"": 303, ""fisico"": 309, ""fuera_servicio"": 0, ""tope"": 0, ""visitas"": 0}",4510,4510,0,0,0,2118,0,14,67,0,74,"[0.5338, 0.3049, 0.4381, 0.5134, 0.302, 0.3149, 0.4035, 0.3496, 0.5246, 0.3427, 0.2565, 0.2413, 0.255, 0.182, 0.2595, 0.453, 0.2987, 0.1786, 0.1843, 0.4298, 0.1843, 0.3831, 0.2731, 0.3961, 0.3081, 0.2827, 0.3418, 0.4335, 0.3043, 0.4334, 0.3932, 0.4535, 0.6141, 0.5593, 0.4464, 0.6629, 0.4303, 0.3394, 0.3652, 0.6019, 0.2919, 0.3201, 0.5839, 0.3864, 0.2915, 0.3086, 0.4959, 0.4086, 0.2806, 0.2742, 0.2691, 0.3077, 0.1878, 0.2732, 0.4227, 0.2956, 0.3488, 0.3548, 0.4445, 0.4004, 0.3558, 0.3813, 0.331, 0.185, 0.1814, 0.3207, 0.3329, 0.3078, 1.0971, 0.8844, 0.6728, 0.23, 0.2067, 0.1737]",0.3406134369979554,0.6312057813502177,1.0970973750008852,0,29.692,6.0,0.0
2026-01-09|lgbm_directo|prueba|4|88.9149|base|60|todas|onsite,2026-01-09,lgbm_directo,prueba,4,88.9149,base,60,todas,onsite,54371,3242,57613,2076,466,1610,9928,448,3549,321,0.2391099954390408,307,"{""devolucion_origen"": 2, ""entrega_sin_recogida"": 136, ""fisico"": 138, ""fuera_servicio"": 0, ""tope"": 0, ""visitas"": 0}",4965,4965,0,0,0,2076,0,14,61,0,74,"[1.3153, 0.316, 0.3148, 0.3418, 0.1908, 0.3111, 0.3013, 0.422, 0.3667, 0.3438, 0.1754, 0.1811, 0.3506, 0.3008, 0.3872, 0.3046, 0.1715, 0.1718, 0.1734, 0.1738, 0.3444, 0.1796, 0.1815, 0.175, 0.3879, 0.1813, 0.379, 0.4437, 0.1813, 0.1885, 0.184, 0.1926, 0.1846, 0.4876, 0.3589, 0.7683, 0.4378, 0.4024, 0.6648, 0.7986, 1.0395, 0.1759, 0.6137, 0.4742, 0.6948, 0.554, 0.4891, 0.3838, 0.3304, 0.4031, 0.3615, 0.4734, 0.1796, 0.6194, 0.3211, 0.4712, 0.3796, 0.182, 0.1787, 0.1791, 0.1838, 0.1781, 0.192, 0.193, 0.3663, 0.1747, 0.1731, 0.3547, 0.3522, 0.3404, 0.1689, 0.1672, 0.1636, 0.1615]",0.3185644375007541,0.7205327498002585,1.3153362910015858,0,27.528,2.0,0.0
2026-01-10|sin_rebalanceo|prueba|0|0.0|base|60|todas|onsite,2026-01-10,sin_rebalanceo,prueba,0,0.0,base,60,todas,onsite,104576,20290,124866,0,0,0,0,0,2040,962,0.2861586272206028,157,"{""devolucion_origen"": 0, ""entrega_sin_recogida"": 0, ""fisico"": 0, ""fuera_servicio"": 0, ""tope"": 0, ""visitas"": 0}",0,0,0,0,0,0,0,0,0,0,0,[],0.0,0.0,0.0,0,1.789,0.0,
2026-01-10|ecobici|prueba|0|0.0|base|60|todas|onsite,2026-01-10,ecobici,prueba,0,0.0,base,60,todas,onsite,49129,10483,59612,1191,570,621,4557,0,158,38,0.2169822679872039,75,"{""devolucion_origen"": 0, ""entrega_sin_recogida"": 0, ""fisico"": 2, ""fuera_servicio"": 0, ""tope"": 0, ""visitas"": 0}",2254,2301,0,47,0,1189,0,20,71,0,0,[],0.0,0.0,0.0,0,1.802,0.0,1189.0
2026-01-10|oraculo_diario|prueba|4|57.5805|base|60|todas|onsite,2026-01-10,oraculo_diario,prueba,4,57.5805,base,60,todas,onsite,12203,1035,13238,1038,187,851,3440,150,160,11,0.2243305102464168,25,"{""devolucion_origen"": 0, ""entrega_sin_recogida"": 27, ""fisico"": 27, ""fuera_servicio"": 0, ""tope"": 0, ""visitas"": 0}",1720,1720,0,0,0,1038,0,14,52,0,74,"[0.182, 0.4584, 0.3963, 0.348, 0.3902, 0.194, 0.1915, 0.1879, 0.3839, 0.1832, 0.3751, 0.2981, 0.6034, 0.5758, 0.2899, 0.5101, 0.474, 0.4148, 0.4709, 0.2104, 0.4937, 0.4304, 0.1831, 0.2735, 0.181, 0.3179, 0.2922, 0.3521, 0.3555, 0.1817, 0.1797, 0.2812, 0.3066, 0.1847, 0.2847, 0.1854, 0.3483, 0.4126, 0.315, 0.2999, 0.5156, 0.3314, 0.3174, 0.3052, 0.1964, 0.6174, 0.3238, 0.506, 0.5163, 0.1909, 0.3564, 0.1936, 0.3388, 0.3682, 0.181, 0.3363, 0.3995, 0.4346, 0.4526, 0.3434, 0.1846, 0.4055, 0.1817, 0.2973, 0.1957, 0.3754, 0.4128, 0.4988, 0.1957, 0.283, 0.197, 0.1718, 0.1678, 0.1725]",0.317649041502591,0.5158366477011441,0.6173889999990934,0,25.771,0.0,0.0
2026-01-10|ma_diaria|prueba|4|72.8507|base|60|todas|onsite,2026-01-10,ma_diaria,prueba,4,72.8507,base,60,todas,onsite,31617,3097,34714,1121,177,944,3032,123,769,127,0.2290560705619918,67,"{""devolucion_origen"": 0, ""entrega_sin_recogida"": 11, ""fisico"": 11, ""fuera_servicio"": 0, ""tope"": 0, ""visitas"": 0}",1516,1516,0,0,0,1121,0,14,38,0,74,"[0.1833, 0.3523, 0.2895, 0.4523, 0.3991, 0.1919, 0.3963, 0.415, 0.4076, 0.4898, 0.3783, 0.4027, 0.47, 0.1768, 0.1836, 0.6229, 0.3437, 0.449, 0.1873, 1.0365, 0.6028, 0.4638, 0.842, 0.1907, 0.1883, 0.1844, 0.6005, 0.4957, 0.1872, 0.1882, 0.3747, 0.1809, 0.1875, 0.4096, 0.4028, 0.3703, 0.3892, 0.1771, 0.3722, 0.1831, 0.4062, 0.4053, 0.1845, 0.1856, 0.1862, 0.3552, 0.1846, 0.1852, 0.1901, 0.1871, 0.5612, 0.1873, 0.1836, 0.1868, 0.495, 0.183, 0.1893, 0.1833, 0.1897, 0.1852, 0.1849, 0.557, 0.5397, 0.1865, 0.1933, 0.1914, 0.1892, 0.1813, 0.1855, 0.1812, 0.3331, 0.2918, 0.1803, 0.1645]",0.191668187497271,0.6013426145986159,1.0364580840032431,0,25.18,0.0,0.0
2026-01-10|lgbm_diario|prueba|4|72.7447|base|60|todas|onsite,2026-01-10,lgbm_diario,prueba,4,72.7447,base,60,todas,onsite,30320,2661,32981,1091,169,922,2916,123,730,95,0.2352774032981406,74,"{""devolucion_origen"": 0, ""entrega_sin_recogida"": 13, ""fisico"": 13, ""fuera_servicio"": 0, ""tope"": 0, ""visitas"": 0}",1458,1458,0,0,0,1091,0,14,37,0,74,"[0.1847, 0.386, 0.359, 0.3468, 0.3578, 0.1831, 0.364, 0.7439, 0.6776, 0.43, 0.5391, 0.1867, 0.5423, 0.4593, 0.1842, 1.7154, 0.3839, 0.4382, 0.7396, 0.5985, 0.7775, 0.5058, 0.1781, 0.1903, 0.3901, 0.3693, 0.1869, 1.0339, 0.3957, 0.1809, 0.3935, 0.1772, 0.1806, 0.1798, 0.3729, 0.3617, 0.2067, 0.1803, 0.1754, 0.398, 0.1848, 0.1923, 0.7112, 0.379, 0.4581, 0.184, 0.1941, 0.2146, 0.189, 0.4382, 0.4077, 0.4868, 0.1798, 0.534, 0.19, 0.3298, 0.1921, 0.4797, 0.182, 0.1819, 0.1873, 0.4159, 0.1903, 0.1839, 0.1911, 0.1869, 0.1775, 0.1882, 0.3602, 0.1804, 0.3187, 0.301, 0.1771, 0.1696]",0.3242370000007213,0.7411380185516464,1.7153534579992993,0,28.122,0.0,0.0
2026-01-10|oraculo_directo|prueba|4|39.0694|base|60|todas|onsite,2026-01-10,oraculo_directo,prueba,4,39.0694,base,60,todas,onsite,10540,991,11531,929,173,756,2666,118,82,13,0.216413822247064,20,"{""devolucion_origen"": 0, ""entrega_sin_recogida"": 26, ""fisico"": 26, ""fuera_servicio"": 0, ""tope"": 0, ""visitas"": 0}",1333,1333,0,0,0,929,0,14,59,0,74,"[0.1836, 0.1914, 0.1975, 0.3885, 0.4356, 0.1919, 0.362, 0.3483, 0.4594, 0.3445, 0.6568, 0.529, 0.4719, 0.3287, 0.2971, 0.4271, 0.2958, 0.5042, 0.3563, 0.3196, 0.3927, 0.3393, 0.3188, 0.3529, 0.3212, 0.3994, 0.3023, 0.3101, 0.2934, 0.2829, 0.3636, 0.2955, 0.1833, 0.3112, 0.1905, 0.2843, 0.287, 0.5052, 0.363, 0.1911, 0.1929, 0.3344, 0.3259, 0.3063, 0.3996, 0.1905, 0.4271, 0.3081, 0.3287, 0.3454, 0.3404, 0.3654, 0.3408, 0.4228, 0.3448, 0.375, 0.3599, 0.1858, 0.1826, 0.1833, 0.3374, 0.1843, 0.4036, 0.1841, 0.4116, 0.2395, 0.1847, 0.7905, 0.2802, 0.2244, 0.1772, 0.2211, 0.2134, 0.2085]",0.3235357499943347,0.5045468710493879,0.7904940420048661,0,25.687,0.0,0.0
2026-01-10|lgbm_directo|prueba|4|88.9149|base|60|todas|onsite,2026-01-10,lgbm_directo,prueba,4,88.9149,base,60,todas,onsite,28755,2498,31253,1195,201,994,3923,155,748,75,0.2253894061887353,57,"{""devolucion_origen"": 1, ""entrega_sin_recogida"": 21, ""fisico"": 22, ""fuera_servicio"": 0, ""tope"": 0, ""visitas"": 0}",1962,1962,0,0,0,1195,0,14,34,0,74,"[1.1175, 0.3987, 0.3549, 0.5587, 0.4414, 0.191, 0.3853, 0.7021, 0.3549, 0.1839, 0.6122, 0.181, 0.693, 0.4319, 0.478, 0.5074, 0.5971, 0.3677, 0.6514, 0.7758, 1.3347, 0.4789, 0.1853, 0.1808, 0.3716, 0.4436, 0.1844, 0.3686, 0.3753, 0.1772, 0.1851, 0.1779, 0.1799, 0.4075, 0.4241, 0.1837, 0.4536, 0.1818, 0.7211, 0.1851, 0.1804, 0.5012, 1.012, 0.1855, 0.1816, 0.3798, 0.4684, 0.186, 0.1819, 0.5502, 0.4069, 0.3019, 0.1975, 0.1873, 0.4169, 0.1902, 0.3157, 0.4207, 0.1881, 0.5587, 0.539, 0.1859, 0.2948, 0.1887, 0.1921, 0.447, 0.1818, 0.1795, 0.1858, 0.1734, 0.3293, 0.1673, 0.1646, 0.1653]",0.3548927294978057,0.7402158630513438,1.3347386660025222,0,29.441,1.0,0.0
2026-01-11|sin_rebalanceo|prueba|0|0.0|base|60|todas|onsite,2026-01-11,sin_rebalanceo,prueba,0,0.0,base,60,todas,onsite,83090,13755,96845,0,0,0,0,0,1646,708,0.2511218159490002,151,"{""devolucion_origen"": 0, ""entrega_sin_recogida"": 0, ""fisico"": 0, ""fuera_servicio"": 0, ""tope"": 0, ""visitas"": 0}",0,0,0,0,0,0,0,0,0,0,0,[],0.0,0.0,0.0,0,1.687,0.0,
2026-01-11|ecobici|prueba|0|0.0|base|60|todas|onsite,2026-01-11,ecobici,prueba,0,0.0,base,60,todas,onsite,53110,8477,61587,1276,687,589,4657,0,199,116,0.2252457745873653,62,"{""devolucion_origen"": 0, ""entrega_sin_recogida"": 0, ""fisico"": 3, ""fuera_servicio"": 0, ""tope"": 0, ""visitas"": 0}",2301,2353,0,52,0,1276,0,37,60,0,0,[],0.0,0.0,0.0,0,1.727,0.0,1276.0
2026-01-11|oraculo_diario|prueba|4|57.5805|base|60|todas|onsite,2026-01-11,oraculo_diario,prueba,4,57.5805,base,60,todas,onsite,16505,854,17359,926,165,761,2986,138,332,15,0.2344350578314623,39,"{""devolucion_origen"": 0, ""entrega_sin_recogida"": 59, ""fisico"": 59, ""fuera_servicio"": 0, ""tope"": 0, ""visitas"": 0}",1493,1493,0,0,0,926,0,14,33,0,74,"[0.1936, 0.3112, 0.4514, 0.1907, 0.1931, 0.7187, 0.4678, 0.4116, 0.3974, 0.198, 0.4312, 0.4139, 0.2103, 0.1804, 0.3827, 0.4546, 0.3136, 0.3133, 0.54, 0.2878, 0.3584, 0.5494, 0.378, 0.252, 0.287, 0.3295, 0.2863, 0.2947, 0.2906, 0.1799, 0.1796, 0.1827, 0.2204, 0.3152, 0.2975, 0.2961, 0.1847, 0.3535, 0.1843, 0.2922, 0.4509, 0.1803, 0.3013, 0.3692, 0.2252, 0.1818, 0.4305, 0.5649, 0.4343, 0.421, 0.1892, 0.4676, 0.3636, 0.4898, 0.6004, 0.1884, 0.3223, 0.4076, 0.433, 0.4242, 0.7748, 0.4711, 0.1878, 1.0271, 1.5866, 0.3518, 3.4711, 0.2476, 0.1761, 0.6476, 0.2615, 0.1742, 0.1724, 0.1695]",0.3144071874994552,0.7383615396043748,3.4710994589986512,0,31.812,0.0,0.0
2026-01-11|ma_diaria|prueba|4|72.8507|base|60|todas|onsite,2026-01-11,ma_diaria,prueba,4,72.8507,base,60,todas,onsite,30723,1598,32321,960,138,822,2764,139,821,71,0.2113550406302933,69,"{""devolucion_origen"": 0, ""entrega_sin_recogida"": 18, ""fisico"": 18, ""fuera_servicio"": 0, ""tope"": 0, ""visitas"": 0}",1382,1382,0,0,0,960,0,14,38,0,74,"[0.1895, 0.284, 0.3227, 0.3579, 0.1892, 0.3362, 0.1945, 0.186, 0.7349, 0.1923, 0.5473, 0.4908, 0.7727, 0.7236, 0.4268, 0.3572, 0.3844, 0.6258, 0.6369, 0.3654, 0.7174, 0.6413, 0.3852, 0.4677, 0.1808, 0.5091, 0.36, 0.1764, 0.364, 0.9187, 0.1812, 0.1793, 0.1762, 0.5968, 0.5124, 0.1791, 0.3591, 0.1827, 0.1816, 0.1836, 0.1834, 0.1805, 0.1826, 0.1759, 0.1885, 0.4369, 0.1841, 0.1787, 0.1887, 0.4898, 0.3571, 0.1868, 0.6977, 0.5603, 1.0241, 0.1853, 0.7813, 0.1853, 0.1897, 0.1854, 0.3403, 0.4187, 0.1809, 0.4774, 0.2904, 0.1908, 0.3909, 0.1842, 0.1772, 0.3421, 0.172, 0.1674, 0.1813, 0.1651]",0.306535312498454,0.7481613535019276,1.024117208995449,0,27.954,0.0,0.0
2026-01-11|lgbm_diario|prueba|4|72.7447|base|60|todas|onsite,2026-01-11,lgbm_diario,prueba,4,72.7447,base,60,todas,onsite,30349,1578,31927,971,150,821,2596,129,797,85,0.2189233495158677,74,"{""devolucion_origen"": 0, ""entrega_sin_recogida"": 20, ""fisico"": 20, ""fuera_servicio"": 0, ""tope"": 0, ""visitas"": 0}",1298,1298,0,0,0,971,0,14,41,0,74,"[0.1875, 0.3016, 0.3359, 0.2907, 0.1911, 0.1847, 0.2113, 0.3896, 0.6876, 0.5575, 3.069, 0.1942, 0.9082, 0.6646, 0.5539, 0.649, 0.6227, 0.374, 0.5727, 0.4102, 0.4888, 0.3571, 0.4756, 0.6051, 0.1766, 0.4033, 0.6407, 0.4406, 0.664, 0.3627, 0.1801, 0.362, 0.1828, 0.3599, 0.6889, 0.3572, 0.1839, 0.4581, 0.1862, 0.1897, 0.1877, 0.1791, 0.1852, 0.1815, 0.1809, 0.1845, 0.1804, 0.1854, 0.3555, 0.308, 0.1834, 0.3664, 0.6081, 0.185, 0.5659, 0.3245, 0.3478, 0.2023, 0.1954, 0.2159, 0.1892, 0.3204, 0.1922, 0.1813, 0.2859, 0.1855, 0.1769, 0.1792, 0.1825, 0.1791, 0.3007, 0.1673, 0.1791, 0.1665]",0.2957104999986768,0.6726423852007427,3.068976250004198,0,29.221,0.0,0.0
2026-01-11|oraculo_directo|prueba|4|39.0694|base|60|todas|onsite,2026-01-11,oraculo_directo,prueba,4,39.0694,base,60,todas,onsite,13282,926,14208,742,151,591,2080,120,171,18,0.2068361945174147,33,"{""devolucion_origen"": 0, ""entrega_sin_recogida"": 36, ""fisico"": 36, ""fuera_servicio"": 0, ""tope"": 0, ""visitas"": 0}",1040,1040,0,0,0,742,0,14,30,0,74,"[0.1858, 0.1884, 0.3458, 0.4141, 0.355, 0.4909, 0.7335, 0.5528, 0.5332, 0.4556, 0.5184, 0.4974, 0.3939, 0.333, 0.5414, 0.4703, 0.4879, 0.4721, 0.3304, 0.2976, 0.2863, 0.2785, 0.1799, 0.1836, 0.3873, 0.1781, 0.3953, 0.1829, 0.2809, 0.1825, 0.1849, 0.1847, 0.1816, 0.1825, 0.2747, 0.2979, 0.182, 0.2862, 0.1832, 0.3337, 0.3077, 0.3095, 0.307, 0.3103, 0.3775, 0.3162, 0.2954, 0.3768, 0.3231, 0.4086, 0.4066, 0.1925, 0.3289, 0.3476, 0.391, 0.1908, 0.1949, 0.3523, 0.3203, 0.1934, 0.1875, 0.2864, 0.356, 0.1833, 0.18, 0.1863, 0.1832, 0.1814, 0.3234, 0.1796, 0.1773, 0.3246, 0.1711, 0.1654]",0.3073726869988604,0.5235531273003289,0.7335468329983996,0,24.534,0.0,0.0
2026-01-11|lgbm_directo|prueba|4|88.9149|base|60|todas|onsite,2026-01-11,lgbm_directo,prueba,4,88.9149,base,60,todas,onsite,27602,1404,29006,1059,170,889,3480,175,852,68,0.2198905302728569,72,"{""devolucion_origen"": 0, ""entrega_sin_recogida"": 32, ""fisico"": 32, ""fuera_servicio"": 0, ""tope"": 0, ""visitas"": 0}",1740,1740,0,0,0,1059,0,14,38,0,74,"[1.1318, 0.1812, 0.291, 0.4201, 0.3237, 0.319, 0.1972, 0.3089, 0.3378, 0.4902, 0.6026, 0.4823, 0.3861, 0.5256, 0.432, 0.475, 0.8282, 0.1823, 0.6169, 0.423, 0.4184, 0.718, 0.4139, 0.6061, 0.5095, 0.3763, 0.4544, 0.4999, 0.6249, 0.1838, 0.4998, 0.1731, 0.1779, 0.5235, 0.1816, 0.1791, 0.1793, 0.1813, 0.1861, 0.4997, 0.4857, 0.1823, 0.4001, 0.4471, 0.1896, 0.3925, 0.4982, 0.9176, 0.1809, 0.1866, 0.1878, 0.1788, 0.3068, 0.6139, 0.7224, 0.4107, 0.3965, 0.3345, 0.1838, 0.3371, 0.1887, 0.1886, 0.194, 0.1908, 0.1875, 0.323, 0.18, 0.1866, 0.1845, 0.1731, 0.2978, 0.1813, 0.1647, 0.1633]",0.32911404150218,0.719557875200553,1.1318165000047884,0,28.716,0.0,0.0
2026-01-12|sin_rebalanceo|prueba|0|0.0|base|60|todas|onsite,2026-01-12,sin_rebalanceo,prueba,0,0.0,base,60,todas,onsite,199056,59088,258144,0,0,0,0,0,11251,6764,0.442129118944812,751,"{""devolucion_origen"": 0, ""entrega_sin_recogida"": 0, ""fisico"": 0, ""fuera_servicio"": 0, ""tope"": 0, ""visitas"": 0}",0,0,0,0,0,0,0,0,0,0,0,[],0.0,0.0,0.0,0,2.092,0.0,
2026-01-12|ecobici|prueba|0|0.0|base|60|todas|onsite,2026-01-12,ecobici,prueba,0,0.0,base,60,todas,onsite,86167,15142,101309,2617,1295,1322,12987,0,2489,800,0.2698106245644447,239,"{""devolucion_origen"": 0, ""entrega_sin_recogida"": 0, ""fisico"": 195, ""fuera_servicio"": 0, ""tope"": 0, ""visitas"": 0}",6242,6550,0,308,0,2593,0,70,125,0,0,[],0.0,0.0,0.0,0,2.044,0.0,2593.0
2026-01-12|oraculo_diario|prueba|4|57.5805|base|60|todas|onsite,2026-01-12,oraculo_diario,prueba,4,57.5805,base,60,todas,onsite,35616,1925,37541,2483,657,1826,11507,474,3038,562,0.2321055360952352,224,"{""devolucion_origen"": 25, ""entrega_sin_recogida"": 281, ""fisico"": 306, ""fuera_servicio"": 0, ""tope"": 0, ""visitas"": 0}",5766,5766,0,0,0,2485,2,14,67,0,74,"[0.1791, 0.3132, 0.2842, 0.2465, 0.2592, 0.1779, 0.2505, 0.2746, 0.2422, 0.366, 0.2227, 0.2153, 0.2502, 0.1615, 0.2501, 0.1656, 0.1718, 0.1727, 0.1742, 0.1867, 0.2687, 0.2732, 0.2918, 0.3, 0.1903, 0.311, 0.4081, 0.303, 0.1919, 0.3609, 0.1825, 0.334, 0.1835, 0.1781, 0.2611, 0.1753, 0.2751, 0.5099, 0.2574, 0.3069, 0.3089, 0.2777, 0.4331, 0.3551, 0.4414, 0.3392, 0.1751, 0.3133, 0.1766, 0.1721, 0.257, 0.2844, 0.2829, 0.3113, 0.4623, 0.3224, 0.2856, 0.2792, 0.1755, 0.54, 0.2917, 0.3819, 0.3074, 0.1902, 0.3966, 0.3809, 0.2062, 0.184, 0.1861, 0.1812, 0.1788, 0.2388, 0.1746, 0.1669]",0.2601187709951773,0.4360220937516714,0.5400021669993293,0,21.898,25.0,0.0
2026-01-12|ma_diaria|prueba|4|72.8507|base|60|todas|onsite,2026-01-12,ma_diaria,prueba,4,72.8507,base,60,todas,onsite,65251,5558,70809,2514,624,1890,10314,470,4836,1077,0.2678214939894915,341,"{""devolucion_origen"": 2, ""entrega_sin_recogida"": 147, ""fisico"": 149, ""fuera_servicio"": 0, ""tope"": 0, ""visitas"": 0}",5158,5158,0,0,0,2514,0,14,67,0,74,"[0.3995, 0.4604, 0.2928, 0.5068, 0.3985, 0.3592, 0.5421, 0.2747, 0.2924, 0.265, 0.2652, 0.2722, 0.3569, 0.171, 0.2797, 0.2824, 0.1734, 0.1728, 0.1749, 0.1838, 0.1794, 0.1744, 0.1799, 0.1788, 0.1768, 0.1825, 0.1811, 0.1764, 0.1824, 0.4374, 0.1885, 0.1835, 0.5279, 0.3763, 0.3145, 0.7257, 0.3254, 0.4154, 0.612, 0.6259, 0.3385, 0.5141, 0.3496, 0.3963, 0.3265, 0.3903, 0.3151, 0.331, 0.3249, 0.5856, 0.3824, 0.5102, 0.312, 0.447, 0.3351, 0.3012, 0.1764, 0.1732, 0.1713, 0.1737, 0.1774, 0.1791, 0.172, 0.1826, 0.1773, 0.1743, 0.1767, 0.1826, 0.1958, 0.1796, 0.3147, 0.1833, 0.1814, 0.1603]",0.2772064165001211,0.5573146708455167,0.7257010829998762,0,24.141,2.0,0.0
2026-01-12|lgbm_diario|prueba|4|72.7447|base|60|todas|onsite,2026-01-12,lgbm_diario,prueba,4,72.7447,base,60,todas,onsite,67557,6365,73922,2574,617,1957,9741,442,5086,1048,0.2761729146575744,342,"{""devolucion_origen"": 7, ""entrega_sin_recogida"": 90, ""fisico"": 97, ""fuera_servicio"": 0, ""tope"": 0, ""visitas"": 0}",4874,4874,0,0,0,2574,0,14,67,0,74,"[0.3392, 0.467, 0.3426, 0.3071, 0.2917, 0.4683, 0.3678, 0.3852, 0.2797, 0.2745, 0.5893, 0.3421, 0.1695, 0.3012, 0.2873, 0.2888, 0.1715, 0.1706, 0.1778, 0.1747, 0.176, 0.1743, 0.1754, 0.1783, 0.1775, 0.1814, 0.1771, 0.1768, 0.1818, 0.1788, 0.1749, 0.3342, 0.472, 0.4156, 0.3789, 0.4306, 0.1797, 0.5888, 0.3089, 0.351, 0.4428, 0.442, 0.4574, 0.6324, 0.6109, 0.4939, 0.4687, 0.5118, 0.6407, 0.1734, 0.572, 0.4727, 0.1776, 0.4851, 0.1718, 0.2788, 0.1792, 0.1777, 0.1853, 0.1759, 0.1774, 0.1799, 0.1764, 0.1928, 0.1939, 0.1785, 0.1753, 0.1719, 0.1765, 0.1718, 0.3055, 0.2779, 0.1767, 0.1562]",0.2761762289956095,0.5889467540488112,0.6407022079947637,0,24.246,7.0,0.0
2026-01-12|oraculo_directo|prueba|4|39.0694|base|60|todas|onsite,2026-01-12,oraculo_directo,prueba,4,39.0694,base,60,todas,onsite,24573,1746,26319,2505,690,1815,10571,436,1735,479,0.2005558269531782,146,"{""devolucion_origen"": 3, ""entrega_sin_recogida"": 356, ""fisico"": 359, ""fuera_servicio"": 0, ""tope"": 0, ""visitas"": 0}",5287,5287,0,0,0,2505,0,14,67,0,74,"[0.3861, 0.1819, 0.2827, 0.5194, 0.5324, 0.3818, 0.3542, 0.2369, 0.1734, 0.2266, 0.3194, 0.2323, 0.2254, 0.1704, 0.1672, 0.2344, 0.1697, 0.3001, 0.1774, 0.2891, 0.3776, 0.1804, 0.2688, 0.2918, 0.3197, 0.3001, 0.3113, 0.358, 0.3028, 0.285, 0.3006, 0.3393, 0.2918, 0.2941, 0.3015, 0.6081, 0.4012, 0.4904, 0.2808, 0.4048, 0.2757, 0.3943, 0.2672, 0.409, 0.446, 0.257, 0.4106, 0.3041, 0.3523, 0.2456, 0.2474, 0.381, 0.1733, 0.2631, 0.1858, 0.3468, 0.3849, 0.4394, 0.1819, 0.2806, 0.1775, 0.3413, 0.1818, 0.1869, 0.1834, 0.1846, 0.2902, 0.2913, 0.1897, 0.1814, 0.2181, 0.2045, 0.1977, 0.1782]",0.2870031874954293,0.4615710290498098,0.6080599170018104,0,23.649,3.0,0.0
2026-01-12|lgbm_directo|prueba|4|88.9149|base|60|todas|onsite,2026-01-12,lgbm_directo,prueba,4,88.9149,base,60,todas,onsite,64439,3870,68309,2392,589,1803,10717,481,5167,845,0.2720490306598718,343,"{""devolucion_origen"": 3, ""entrega_sin_recogida"": 142, ""fisico"": 145, ""fuera_servicio"": 0, ""tope"": 0, ""visitas"": 0}",5360,5360,0,0,0,2392,0,14,67,0,74,"[1.2707, 0.3468, 0.4465, 0.3532, 0.3448, 0.5165, 0.2788, 0.359, 0.1699, 0.3314, 0.6224, 0.3819, 0.4165, 0.1773, 0.1707, 0.4507, 0.1706, 0.173, 0.1717, 0.1754, 0.1747, 0.1775, 0.184, 0.1902, 0.1917, 0.1931, 0.1908, 0.1787, 0.3498, 0.3541, 0.3778, 0.3417, 0.4057, 0.4008, 0.6213, 0.326, 0.5668, 0.6437, 0.4369, 0.3257, 0.398, 0.3139, 0.4665, 0.3714, 0.3829, 0.3063, 0.33, 0.3019, 0.4705, 0.3225, 0.55, 0.4108, 0.3343, 0.3566, 0.3882, 0.294, 0.2935, 0.1713, 0.173, 0.1803, 0.1772, 0.1858, 0.1939, 0.179, 0.1853, 0.1937, 0.1805, 0.1801, 0.1761, 0.3432, 0.3669, 0.1842, 0.1607, 0.1554]",0.3240911040011269,0.5859044687487764,1.2707167920016218,0,25.779,3.0,0.0
2026-01-13|sin_rebalanceo|prueba|0|0.0|base|60|todas|onsite,2026-01-13,sin_rebalanceo,prueba,0,0.0,base,60,todas,onsite,218985,66149,285134,0,0,0,0,0,13053,7559,0.4539054021095602,767,"{""devolucion_origen"": 0, ""entrega_sin_recogida"": 0, ""fisico"": 0, ""fuera_servicio"": 0, ""tope"": 0, ""visitas"": 0}",0,0,0,0,0,0,0,0,0,0,0,[],0.0,0.0,0.0,0,2.136,0.0,
2026-01-13|ecobici|prueba|0|0.0|base|60|todas|onsite,2026-01-13,ecobici,prueba,0,0.0,base,60,todas,onsite,101305,20039,121344,2528,1225,1303,13299,0,3494,1156,0.3282150952498646,322,"{""devolucion_origen"": 0, ""entrega_sin_recogida"": 0, ""fisico"": 228, ""fuera_servicio"": 0, ""tope"": 0, ""visitas"": 0}",6461,6610,0,149,0,2495,0,75,129,0,0,[],0.0,0.0,0.0,0,2.113,0.0,2495.0
2026-01-13|oraculo_diario|prueba|4|57.5805|base|60|todas|onsite,2026-01-13,oraculo_diario,prueba,4,57.5805,base,60,todas,onsite,43233,3316,46549,2507,671,1836,11861,483,3898,997,0.2788516798045091,239,"{""devolucion_origen"": 17, ""entrega_sin_recogida"": 305, ""fisico"": 322, ""fuera_servicio"": 0, ""tope"": 0, ""visitas"": 0}",5939,5939,0,0,0,2507,0,14,67,0,74,"[0.5044, 0.3431, 0.4419, 0.23, 0.3145, 0.3333, 0.3443, 0.2513, 0.2297, 0.381, 0.2963, 0.2982, 0.429, 0.1638, 0.1766, 0.1658, 0.1716, 0.1729, 0.1776, 0.1744, 0.1755, 0.1785, 0.1877, 0.2888, 0.313, 0.2807, 0.3105, 0.2919, 0.276, 0.3221, 0.2994, 0.2675, 0.4958, 0.4652, 0.326, 0.2472, 0.3047, 0.2869, 0.3235, 0.2522, 0.4485, 0.1773, 0.3049, 0.2723, 0.2474, 0.2831, 0.3895, 0.3212, 0.356, 0.3316, 0.33, 0.2323, 0.3165, 0.4924, 0.2531, 0.4176, 0.2789, 0.1727, 0.1758, 0.2566, 0.1844, 0.2893, 0.1794, 0.1814, 0.1833, 0.1806, 0.1756, 0.179, 0.2975, 0.1777, 0.177, 0.1714, 0.1709, 0.169]",0.277443396000308,0.454343045947462,0.5043523749991436,0,22.479,17.0,0.0
2026-01-13|ma_diaria|prueba|4|72.8507|base|60|todas|onsite,2026-01-13,ma_diaria,prueba,4,72.8507,base,60,todas,onsite,72624,6120,78744,2595,656,1939,10652,465,5666,1180,0.2835266203587184,342,"{""devolucion_origen"": 6, ""entrega_sin_recogida"": 137, ""fisico"": 143, ""fuera_servicio"": 0, ""tope"": 0, ""visitas"": 0}",5329,5329,0,0,0,2595,0,14,67,0,74,"[0.3333, 0.2989, 0.3449, 0.3024, 0.3613, 0.3691, 0.3906, 0.3358, 0.2564, 0.2528, 0.4542, 0.4194, 0.1717, 0.2718, 0.1764, 0.1817, 0.1817, 0.1867, 0.1726, 0.1733, 0.1754, 0.1707, 0.1767, 0.1749, 0.3552, 0.1791, 0.1834, 0.1834, 0.3223, 0.3629, 0.3219, 0.3162, 0.3328, 0.3403, 0.1815, 0.1869, 0.3939, 0.1804, 0.315, 0.3878, 0.4962, 0.4898, 0.4651, 0.4868, 0.1801, 0.4059, 0.4905, 0.4194, 0.3576, 0.9343, 0.6893, 0.2804, 0.3222, 0.1753, 0.3463, 0.3702, 0.2939, 0.1723, 0.1726, 0.1721, 0.1742, 0.1745, 0.1735, 0.1753, 0.1859, 0.1798, 0.1726, 0.1748, 0.1776, 0.1737, 0.3029, 0.2736, 0.1626, 0.157]",0.2726917079962732,0.490048733554795,0.9343490420069428,0,23.473,6.0,0.0
2026-01-13|lgbm_diario|prueba|4|72.7447|base|60|todas|onsite,2026-01-13,lgbm_diario,prueba,4,72.7447,base,60,todas,onsite,73658,6857,80515,2693,699,1994,10682,479,5921,1224,0.2850328787049044,335,"{""devolucion_origen"": 6, ""entrega_sin_recogida"": 133, ""fisico"": 139, ""fuera_servicio"": 0, ""tope"": 0, ""visitas"": 0}",5344,5344,0,0,0,2693,0,14,67,0,74,"[0.3898, 0.3065, 0.3199, 0.3742, 0.1784, 0.4126, 0.2933, 0.3858, 0.4737, 0.2609, 0.3229, 0.4618, 0.3229, 0.1721, 0.1735, 0.1695, 0.1705, 0.1716, 0.1729, 0.1798, 0.1754, 0.1746, 0.172, 0.1758, 0.1777, 0.1763, 0.1772, 0.1852, 0.3336, 0.3953, 0.3739, 0.1811, 0.3178, 0.3134, 0.3599, 0.1804, 0.3534, 0.335, 0.1821, 0.3431, 0.5892, 0.3761, 0.4494, 0.4328, 0.5314, 0.448, 0.4595, 0.3953, 0.3109, 0.8245, 0.2755, 0.2889, 0.3058, 0.1751, 0.1748, 0.3687, 0.1784, 0.1709, 0.1723, 0.1754, 0.1726, 0.1727, 0.1789, 0.1771, 0.1813, 0.1784, 0.1774, 0.1729, 0.1708, 0.1692, 0.2942, 0.2674, 0.1765, 0.1581]",0.2230420414998661,0.4659528767482697,0.8245384580004611,0,22.842,6.0,0.0
2026-01-13|oraculo_directo|prueba|4|39.0694|base|60|todas|onsite,2026-01-13,oraculo_directo,prueba,4,39.0694,base,60,todas,onsite,31534,2438,33972,2635,706,1929,11170,470,2585,669,0.2698489775264645,166,"{""devolucion_origen"": 4, ""entrega_sin_recogida"": 399, ""fisico"": 403, ""fuera_servicio"": 0, ""tope"": 0, ""visitas"": 0}",5587,5587,0,0,0,2635,0,14,67,0,74,"[0.4569, 0.4041, 0.3688, 0.5036, 0.4934, 0.2632, 0.3216, 0.2578, 0.2456, 0.3106, 0.2501, 0.2247, 0.2603, 0.5863, 0.2219, 0.2371, 0.2636, 0.187, 0.1839, 0.1835, 0.3222, 0.1789, 0.2823, 0.338, 0.2808, 0.4274, 0.2808, 0.371, 0.277, 0.2708, 0.4099, 0.435, 0.4506, 0.3907, 0.4619, 0.2818, 0.4148, 0.4542, 0.3388, 0.2826, 0.2992, 0.3105, 0.3405, 0.4139, 0.2575, 0.3306, 0.547, 0.3267, 0.3133, 0.2868, 0.1764, 0.2531, 0.3348, 0.2327, 0.4003, 0.3, 0.3134, 0.3499, 0.3671, 0.2842, 0.2791, 0.2922, 0.1812, 0.1894, 0.1815, 0.183, 0.3424, 0.1819, 0.2942, 0.2663, 0.2753, 0.2359, 0.1735, 0.1704]",0.289505166500021,0.4729525120459582,0.5862807080047787,0,25.034,4.0,0.0
2026-01-13|lgbm_directo|prueba|4|88.9149|base|60|todas|onsite,2026-01-13,lgbm_directo,prueba,4,88.9149,base,60,todas,onsite,71286,5642,76928,2496,613,1883,11314,513,5896,1123,0.2862318645224045,351,"{""devolucion_origen"": 0, ""entrega_sin_recogida"": 161, ""fisico"": 161, ""fuera_servicio"": 0, ""tope"": 0, ""visitas"": 0}",5657,5657,0,0,0,2496,0,14,67,0,74,"[1.2917, 0.3054, 0.3592, 0.3485, 0.3301, 0.3727, 0.3884, 0.2563, 0.2688, 0.264, 0.169, 0.4081, 0.284, 0.2752, 0.2798, 0.1686, 0.1712, 0.1744, 0.1703, 0.1766, 0.1754, 0.171, 0.1717, 0.1758, 0.1903, 0.1852, 0.1879, 0.1818, 0.3545, 0.348, 0.1817, 0.3212, 0.4097, 0.3103, 0.1787, 0.361, 0.3165, 0.5015, 0.3963, 0.1783, 0.1818, 0.4967, 0.4169, 0.4458, 0.5709, 0.1816, 0.359, 0.476, 0.1712, 0.3725, 0.607, 0.3275, 0.3651, 0.516, 0.4274, 0.2948, 0.333, 0.1777, 0.1768, 0.1771, 0.176, 0.18, 0.1783, 0.1784, 0.1789, 0.1759, 0.1729, 0.1765, 0.1757, 0.3234, 0.3247, 0.1789, 0.1588, 0.1548]",0.2663925619963265,0.5065758788477978,1.2916804579945165,0,23.758,0.0,0.0
2026-01-14|sin_rebalanceo|prueba|0|0.0|base|60|todas|onsite,2026-01-14,sin_rebalanceo,prueba,0,0.0,base,60,todas,onsite,235826,67182,303008,0,0,0,0,0,15033,8091,0.4731885512225681,800,"{""devolucion_origen"": 0, ""entrega_sin_recogida"": 0, ""fisico"": 0, ""fuera_servicio"": 0, ""tope"": 0, ""visitas"": 0}",0,0,0,0,0,0,0,0,0,0,0,[],0.0,0.0,0.0,0,2.172,0.0,
2026-01-14|ecobici|prueba|0|0.0|base|60|todas|onsite,2026-01-14,ecobici,prueba,0,0.0,base,60,todas,onsite,104218,17001,121219,2702,1313,1389,13833,0,3082,819,0.2937490464713366,326,"{""devolucion_origen"": 0, ""entrega_sin_recogida"": 0, ""fisico"": 245, ""fuera_servicio"": 0, ""tope"": 0, ""visitas"": 0}",6754,6834,0,80,0,2685,0,71,139,0,0,[],0.0,0.0,0.0,0,2.131,0.0,2685.0
2026-01-14|oraculo_diario|prueba|4|57.5805|base|60|todas|onsite,2026-01-14,oraculo_diario,prueba,4,57.5805,base,60,todas,onsite,44311,3278,47589,2679,684,1995,12526,525,4371,783,0.2819751229647524,248,"{""devolucion_origen"": 16, ""entrega_sin_recogida"": 277, ""fisico"": 293, ""fuera_servicio"": 0, ""tope"": 0, ""visitas"": 0}",6271,6271,0,0,0,2679,0,14,67,0,74,"[0.3602, 0.3884, 0.2785, 0.2571, 0.3238, 0.2247, 0.3922, 0.2458, 0.4747, 0.2815, 0.2317, 0.1667, 0.1762, 0.1637, 0.169, 0.2384, 0.1867, 0.1701, 0.1733, 0.1768, 0.1785, 0.1789, 0.1733, 0.1757, 0.2952, 0.1795, 0.1833, 0.2668, 0.4358, 0.2851, 0.4161, 0.1822, 0.3609, 0.3005, 0.4948, 0.183, 0.447, 0.7036, 0.3104, 0.3186, 0.3981, 0.2601, 0.2813, 0.2846, 0.2703, 0.1753, 0.2665, 0.4022, 0.3407, 0.3629, 0.2917, 0.2531, 0.2751, 0.3221, 0.228, 0.5825, 0.4195, 0.353, 0.3364, 0.2638, 0.1775, 0.3179, 0.2976, 0.3188, 0.3392, 0.5629, 0.3834, 0.3194, 0.3332, 0.2954, 0.1786, 0.1695, 0.1733, 0.1716]",0.2814003959974798,0.4817578580990811,0.7035818750009639,0,23.796,16.0,0.0
2026-01-14|ma_diaria|prueba|4|72.8507|base|60|todas|onsite,2026-01-14,ma_diaria,prueba,4,72.8507,base,60,todas,onsite,74747,5362,80109,2738,665,2073,11287,490,6365,1014,0.2917670053247918,348,"{""devolucion_origen"": 1, ""entrega_sin_recogida"": 106, ""fisico"": 107, ""fuera_servicio"": 0, ""tope"": 0, ""visitas"": 0}",5644,5644,0,0,0,2738,0,14,67,0,74,"[0.2927, 0.3526, 0.2914, 0.3959, 0.3987, 0.3576, 0.3591, 0.3306, 0.3242, 0.2586, 0.2756, 0.5051, 0.4375, 0.1756, 0.1752, 0.1695, 0.1727, 0.1691, 0.1694, 0.1755, 0.1744, 0.1732, 0.1735, 0.1718, 0.177, 0.1804, 0.3389, 0.1743, 0.3272, 0.1813, 0.1825, 0.3434, 0.1796, 0.3302, 0.4202, 0.1825, 0.5911, 0.3017, 0.3074, 0.5979, 0.4366, 0.4025, 0.4625, 0.4872, 0.5322, 0.5381, 0.642, 0.5988, 0.1761, 0.3526, 0.2918, 0.8034, 0.2807, 0.3152, 0.3677, 0.2786, 0.3229, 0.1785, 0.1794, 0.1744, 0.1769, 0.1764, 0.1773, 0.1748, 0.1778, 0.1772, 0.1775, 0.1748, 0.1764, 0.174, 0.2934, 0.2828, 0.1776, 0.1583]",0.2796458544980851,0.593517320949104,0.8034393330017338,0,24.038,1.0,0.0
2026-01-14|lgbm_diario|prueba|4|72.7447|base|60|todas|onsite,2026-01-14,lgbm_diario,prueba,4,72.7447,base,60,todas,onsite,76635,6519,83154,2791,665,2126,11300,479,6526,1157,0.2999135269444958,356,"{""devolucion_origen"": 2, ""entrega_sin_recogida"": 120, ""fisico"": 122, ""fuera_servicio"": 0, ""tope"": 0, ""visitas"": 0}",5651,5651,0,0,0,2791,0,14,67,0,74,"[0.2791, 0.2937, 0.2775, 0.2591, 0.3293, 0.485, 0.3756, 0.1719, 0.1715, 0.3002, 0.4458, 0.2737, 0.3891, 0.1708, 0.1729, 0.1693, 0.1766, 0.172, 0.1731, 0.1729, 0.176, 0.1723, 0.1748, 0.177, 0.1736, 0.1722, 0.1804, 0.1798, 0.1843, 0.1786, 0.3383, 0.3052, 0.1814, 0.331, 0.3378, 0.326, 0.3289, 0.3146, 0.6013, 0.4872, 0.6321, 0.3073, 0.4293, 0.1769, 0.5327, 0.5698, 0.3834, 0.3109, 0.2929, 0.2773, 0.315, 0.4956, 0.1773, 0.2826, 0.3452, 0.3355, 0.1756, 0.1695, 0.1693, 0.1756, 0.1735, 0.1744, 0.1751, 0.1743, 0.1765, 0.1743, 0.1753, 0.1744, 0.3181, 0.1733, 0.3019, 0.2661, 0.174, 0.1521]",0.2217142289991898,0.5085583647989549,0.6320583749984507,0,22.241,2.0,0.0
2026-01-14|oraculo_directo|prueba|4|39.0694|base|60|todas|onsite,2026-01-14,oraculo_directo,prueba,4,39.0694,base,60,todas,onsite,32596,2408,35004,2717,735,1982,11823,500,2770,532,0.254790725402296,191,"{""devolucion_origen"": 11, ""entrega_sin_recogida"": 429, ""fisico"": 440, ""fuera_servicio"": 0, ""tope"": 0, ""visitas"": 0}",5917,5917,0,0,0,2719,2,14,67,0,74,"[0.3315, 0.8883, 0.3755, 0.5929, 0.2615, 0.1777, 0.1706, 0.4808, 0.6379, 0.2363, 0.2353, 0.1685, 0.1642, 0.1668, 0.1761, 0.1781, 0.1809, 0.2591, 0.1837, 0.1837, 0.181, 0.1822, 0.1799, 0.2782, 0.2865, 0.2678, 0.1853, 0.3518, 0.3101, 0.2727, 0.1898, 0.2921, 0.2536, 0.5808, 0.186, 0.5003, 0.2857, 0.2757, 0.2957, 0.1785, 0.3884, 0.3245, 0.2683, 0.4939, 0.3425, 0.2424, 0.2874, 0.2448, 0.3132, 0.246, 0.2784, 0.3019, 0.2662, 0.3658, 0.6333, 0.3002, 0.326, 0.4934, 0.4265, 0.2736, 0.3637, 0.3389, 0.2757, 0.1816, 0.1847, 0.1898, 0.2825, 0.5348, 0.9144, 0.2244, 0.6947, 0.2966, 0.1737, 0.2388]",0.2756991250025749,0.6349280766509764,0.9144370420035556,0,25.535,11.0,0.0
2026-01-14|lgbm_directo|prueba|4|88.9149|base|60|todas|onsite,2026-01-14,lgbm_directo,prueba,4,88.9149,base,60,todas,onsite,76188,4809,80997,2583,611,1972,11710,529,6518,850,0.2982117355092348,369,"{""devolucion_origen"": 0, ""entrega_sin_recogida"": 168, ""fisico"": 168, ""fuera_servicio"": 0, ""tope"": 0, ""visitas"": 0}",5855,5855,0,0,0,2583,0,14,67,0,74,"[1.1432, 0.1885, 0.2752, 0.1841, 0.2833, 0.2917, 0.2831, 0.2479, 0.2539, 0.2928, 0.27, 0.5318, 0.2781, 0.2614, 0.1664, 0.1693, 0.1742, 0.1769, 0.1767, 0.1735, 0.1756, 0.1741, 0.186, 0.1874, 0.1869, 0.1931, 0.3551, 0.1877, 0.1844, 0.3527, 0.3605, 0.3551, 0.3406, 0.5289, 0.1838, 0.4318, 0.6362, 0.3358, 0.4489, 0.3766, 0.4822, 0.4835, 0.5398, 0.3535, 0.4004, 0.5318, 0.6499, 0.905, 0.2901, 0.5301, 0.6778, 0.5611, 0.2857, 0.2822, 0.3539, 0.4296, 0.1722, 0.3045, 0.1702, 0.1749, 0.1723, 0.1802, 0.1853, 0.3207, 0.1781, 0.3342, 0.1776, 0.1809, 0.176, 0.3419, 0.2995, 0.1784, 0.1575, 0.1545]",0.2826121665020764,0.6409953958511323,1.1431848749998608,0,25.842,0.0,0.0
2026-01-15|sin_rebalanceo|prueba|0|0.0|base|60|todas|onsite,2026-01-15,sin_rebalanceo,prueba,0,0.0,base,60,todas,onsite,221123,61596,282719,0,0,0,0,0,12910,7199,0.4623542586260812,1004,"{""devolucion_origen"": 0, ""entrega_sin_recogida"": 0, ""fisico"": 0, ""fuera_servicio"": 0, ""tope"": 0, ""visitas"": 0}",0,0,0,0,0,0,0,0,0,0,0,[],0.0,0.0,0.0,0,2.116,0.0,
2026-01-15|ecobici|prueba|0|0.0|base|60|todas|onsite,2026-01-15,ecobici,prueba,0,0.0,base,60,todas,onsite,95892,14502,110394,2529,1202,1327,13247,0,2654,673,0.2876965519481425,384,"{""devolucion_origen"": 0, ""entrega_sin_recogida"": 0, ""fisico"": 317, ""fuera_servicio"": 0, ""tope"": 0, ""visitas"": 0}",6375,6555,0,180,0,2503,0,69,126,0,0,[],0.0,0.0,0.0,0,2.087,0.0,2503.0
2026-01-15|oraculo_diario|prueba|4|57.5805|base|60|todas|onsite,2026-01-15,oraculo_diario,prueba,4,57.5805,base,60,todas,onsite,38591,2556,41147,2558,668,1890,11942,469,3517,704,0.2515222242461992,245,"{""devolucion_origen"": 22, ""entrega_sin_recogida"": 305, ""fisico"": 327, ""fuera_servicio"": 0, ""tope"": 0, ""visitas"": 0}",5982,5982,0,0,0,2558,0,14,67,0,74,"[0.4486, 0.586, 0.1745, 0.363, 0.4396, 0.2538, 0.3745, 0.3107, 0.3458, 0.2592, 0.284, 0.2506, 0.3762, 0.1757, 0.1681, 0.1722, 0.1761, 0.1729, 0.1804, 0.1746, 0.2949, 0.1818, 0.1798, 0.179, 0.2961, 0.2721, 0.2828, 0.318, 0.3004, 0.2821, 0.3101, 0.2765, 0.2906, 0.3256, 0.3019, 0.1859, 0.3248, 0.2737, 0.2785, 0.2663, 0.1824, 0.1781, 0.3096, 0.3104, 0.1797, 0.2628, 0.3025, 0.2506, 0.1786, 0.1722, 0.366, 0.305, 0.2522, 0.4004, 0.3364, 0.2534, 0.2993, 0.429, 0.3041, 0.1818, 0.1826, 0.2923, 0.1796, 0.1828, 0.1891, 0.2026, 0.1868, 0.1864, 0.198, 0.1991, 0.1797, 0.1755, 0.1781, 0.1706]",0.2609911460021976,0.4104075664501577,0.585972540997318,0,21.476,22.0,0.0
2026-01-15|ma_diaria|prueba|4|72.8507|base|60|todas|onsite,2026-01-15,ma_diaria,prueba,4,72.8507,base,60,todas,onsite,68637,5182,73819,2572,603,1969,10846,463,5201,860,0.2884454045539182,419,"{""devolucion_origen"": 8, ""entrega_sin_recogida"": 98, ""fisico"": 106, ""fuera_servicio"": 0, ""tope"": 0, ""visitas"": 0}",5427,5427,0,0,0,2572,0,14,67,0,74,"[0.4509, 0.3011, 0.4896, 0.4793, 0.1794, 0.547, 0.3783, 0.172, 0.3499, 0.2603, 0.3884, 0.2544, 0.1709, 0.1704, 0.1716, 0.1686, 0.2836, 0.1709, 0.1723, 0.1731, 0.1757, 0.1741, 0.175, 0.1831, 0.1791, 0.3493, 0.3571, 0.3187, 0.3609, 0.3897, 0.426, 0.3631, 0.1828, 0.3384, 0.3616, 0.3643, 0.3278, 0.1806, 0.4845, 0.4993, 0.3023, 0.7161, 0.3712, 0.569, 0.5391, 0.5084, 0.3938, 0.5924, 0.4721, 0.5154, 0.4826, 0.5893, 0.3446, 0.5283, 0.2694, 0.3781, 0.1809, 0.1715, 0.1748, 0.1749, 0.181, 0.1782, 0.1796, 0.1811, 0.1791, 0.1792, 0.1804, 0.1757, 0.1717, 0.1764, 0.3021, 0.3509, 0.1776, 0.1579]",0.3015863955006352,0.5546530942017851,0.7160699169980944,0,25.13,8.0,0.0
2026-01-15|lgbm_diario|prueba|4|72.7447|base|60|todas|onsite,2026-01-15,lgbm_diario,prueba,4,72.7447,base,60,todas,onsite,69821,5711,75532,2652,630,2022,10670,490,5418,956,0.2931523817037871,410,"{""devolucion_origen"": 2, ""entrega_sin_recogida"": 122, ""fisico"": 124, ""fuera_servicio"": 0, ""tope"": 0, ""visitas"": 0}",5336,5336,0,0,0,2652,0,14,67,0,74,"[0.3538, 0.4177, 0.1766, 0.3746, 0.4609, 0.3571, 0.7428, 0.2726, 0.3499, 0.2988, 0.3703, 0.2756, 0.1666, 0.1705, 0.1696, 0.1685, 0.1718, 0.1695, 0.1724, 0.1741, 0.1737, 0.1747, 0.1781, 0.1766, 0.1777, 0.178, 0.437, 0.1777, 0.3958, 0.341, 0.3115, 0.176, 0.3149, 0.1868, 0.1839, 0.3684, 0.4095, 0.3719, 0.5021, 0.3255, 0.3355, 0.6098, 0.514, 0.4466, 0.4574, 0.3095, 0.2838, 0.4283, 0.6207, 0.3129, 0.5858, 0.489, 0.4167, 0.467, 0.3602, 0.2822, 0.1741, 0.293, 0.1778, 0.1781, 0.1772, 0.1825, 0.1844, 0.1895, 0.1865, 0.1836, 0.1752, 0.1741, 0.1786, 0.1762, 0.3125, 0.2968, 0.1726, 0.1535]",0.282996562502376,0.5391397294995837,0.7427832079993095,0,24.177,2.0,0.0
2026-01-15|oraculo_directo|prueba|4|39.0694|base|60|todas|onsite,2026-01-15,oraculo_directo,prueba,4,39.0694,base,60,todas,onsite,27005,2119,29124,2707,748,1959,11725,449,2113,575,0.2158169639374429,139,"{""devolucion_origen"": 1, ""entrega_sin_recogida"": 420, ""fisico"": 421, ""fuera_servicio"": 0, ""tope"": 0, ""visitas"": 0}",5863,5863,0,0,0,2707,0,14,67,0,74,"[0.4019, 0.3776, 0.1803, 0.2887, 0.1877, 0.259, 0.2992, 0.3688, 0.2651, 0.1753, 0.338, 0.1782, 0.1808, 0.1733, 0.1702, 0.1786, 0.1767, 0.1829, 0.3356, 0.3123, 0.2991, 0.3451, 0.1874, 0.2958, 0.311, 0.2893, 0.3472, 0.4028, 0.3012, 0.3489, 0.5377, 0.4744, 0.4049, 0.4587, 0.1878, 0.6136, 0.3846, 0.2536, 0.3947, 0.1804, 0.1838, 0.2836, 0.2549, 0.2478, 0.3029, 0.1785, 0.2582, 0.28, 0.1825, 0.3789, 0.2625, 0.2547, 0.246, 0.3028, 0.407, 0.7016, 0.265, 0.3691, 0.3567, 0.3654, 0.305, 0.4264, 0.2909, 0.1914, 0.1904, 0.1937, 0.2579, 0.3457, 0.1877, 0.2748, 0.1953, 0.192, 0.1771, 0.1749]",0.281775874998857,0.4641603607495198,0.7015883329950157,0,23.684,1.0,0.0
2026-01-15|lgbm_directo|prueba|4|88.9149|base|60|todas|onsite,2026-01-15,lgbm_directo,prueba,4,88.9149,base,60,todas,onsite,67926,4888,72814,2503,585,1918,11394,495,5470,793,0.288110547282515,441,"{""devolucion_origen"": 6, ""entrega_sin_recogida"": 169, ""fisico"": 175, ""fuera_servicio"": 0, ""tope"": 0, ""visitas"": 0}",5700,5700,0,0,0,2503,0,14,67,0,74,"[1.3017, 0.3071, 0.1831, 0.1773, 0.3714, 0.4754, 0.172, 0.4495, 0.3282, 0.3105, 0.3214, 0.3012, 0.2963, 0.1808, 0.172, 0.173, 0.3007, 0.1707, 0.1713, 0.1794, 0.1752, 0.178, 0.1811, 0.18, 0.3947, 0.1798, 0.4515, 0.3589, 0.3778, 0.3391, 0.4034, 0.3225, 0.3296, 0.3484, 0.1824, 0.3333, 0.3162, 0.449, 0.3202, 0.1827, 0.3116, 0.4252, 0.5262, 0.1798, 0.6936, 0.6132, 0.4716, 0.5611, 0.4701, 0.5441, 0.7593, 0.5537, 0.5169, 0.3846, 0.3704, 0.302, 0.1784, 0.3001, 0.1771, 0.3284, 0.177, 0.1758, 0.1763, 0.1722, 0.1742, 0.1829, 0.1767, 0.1775, 0.1798, 0.1807, 0.3487, 0.1772, 0.1602, 0.1593]",0.3045492290002585,0.5793368516468033,1.3016942079993896,0,25.848,6.0,0.0
2026-01-16|sin_rebalanceo|prueba|0|0.0|base|60|todas|onsite,2026-01-16,sin_rebalanceo,prueba,0,0.0,base,60,todas,onsite,185695,49909,235604,0,0,0,0,0,10869,5703,0.4360551637826714,923,"{""devolucion_origen"": 0, ""entrega_sin_recogida"": 0, ""fisico"": 0, ""fuera_servicio"": 0, ""tope"": 0, ""visitas"": 0}",0,0,0,0,0,0,0,0,0,0,0,[],0.0,0.0,0.0,0,2.09,0.0,
2026-01-16|ecobici|prueba|0|0.0|base|60|todas|onsite,2026-01-16,ecobici,prueba,0,0.0,base,60,todas,onsite,71898,8093,79991,2536,1223,1313,13211,0,1726,250,0.2965943416792069,274,"{""devolucion_origen"": 0, ""entrega_sin_recogida"": 0, ""fisico"": 66, ""fuera_servicio"": 0, ""tope"": 0, ""visitas"": 0}",6501,6644,0,143,0,2527,0,63,129,0,0,[],0.0,0.0,0.0,0,2.077,0.0,2527.0
2026-01-16|oraculo_diario|prueba|4|57.5805|base|60|todas|onsite,2026-01-16,oraculo_diario,prueba,4,57.5805,base,60,todas,onsite,25883,1990,27873,2064,523,1541,10240,405,2057,350,0.2162448943676413,151,"{""devolucion_origen"": 22, ""entrega_sin_recogida"": 235, ""fisico"": 257, ""fuera_servicio"": 0, ""tope"": 0, ""visitas"": 0}",5131,5131,0,0,0,2064,0,14,62,0,74,"[0.4654, 0.2886, 0.2796, 0.3658, 0.3562, 0.3193, 0.2476, 0.3505, 0.177, 0.3476, 0.3585, 0.2622, 0.2612, 0.2558, 0.2495, 0.1767, 0.2787, 0.1743, 0.1774, 0.178, 0.1833, 0.1789, 0.3025, 0.3083, 0.3834, 0.1786, 0.3171, 0.5324, 0.4184, 0.4363, 0.3085, 0.3289, 0.4497, 0.2921, 0.3391, 0.239, 0.2687, 0.2828, 0.3245, 0.3226, 0.3099, 0.3718, 0.3761, 0.3898, 0.4586, 0.4423, 0.2485, 0.248, 0.2692, 0.3316, 0.2695, 0.2742, 0.2877, 0.3101, 0.3254, 0.2707, 0.3081, 0.2942, 0.2898, 0.2975, 0.4213, 0.3091, 0.3159, 0.3432, 0.3435, 0.3379, 0.1789, 0.3375, 0.2802, 0.315, 0.174, 0.1714, 0.1745, 0.1678]",0.3053019375038275,0.4448957731463451,0.532448124999064,0,24.321,22.0,0.0
2026-01-16|ma_diaria|prueba|4|72.8507|base|60|todas|onsite,2026-01-16,ma_diaria,prueba,4,72.8507,base,60,todas,onsite,48300,3628,51928,2204,502,1702,9833,468,3499,459,0.2419400455698767,286,"{""devolucion_origen"": 1, ""entrega_sin_recogida"": 180, ""fisico"": 181, ""fuera_servicio"": 0, ""tope"": 0, ""visitas"": 0}",4917,4917,0,0,0,2204,0,14,57,0,74,"[0.3388, 0.3999, 0.2997, 0.2858, 0.3398, 0.3469, 0.2882, 0.3745, 0.4461, 0.2735, 0.3122, 0.2617, 0.1688, 0.2916, 0.1776, 0.3138, 0.1707, 0.172, 0.1731, 0.1753, 0.1764, 0.1838, 0.1817, 0.1768, 0.1845, 0.181, 0.1759, 0.1838, 0.4113, 0.3728, 0.424, 0.6377, 0.4329, 0.3816, 0.3813, 0.1838, 0.4116, 0.3668, 0.7805, 0.5048, 0.4537, 0.6975, 0.5356, 0.1799, 0.7146, 0.3887, 0.1784, 0.7062, 0.4589, 0.5259, 0.4156, 0.3039, 0.3958, 0.3944, 0.3407, 0.3164, 0.3135, 0.1763, 0.1777, 0.2111, 0.1778, 0.1819, 0.1793, 0.1874, 0.1801, 0.1837, 0.1831, 0.3823, 0.1851, 0.1759, 0.3211, 0.2991, 0.1835, 0.1638]",0.2994003960011469,0.6586632289527184,0.7805302920023678,0,25.368,1.0,0.0
2026-01-16|lgbm_diario|prueba|4|72.7447|base|60|todas|onsite,2026-01-16,lgbm_diario,prueba,4,72.7447,base,60,todas,onsite,48967,3941,52908,2249,494,1755,9514,403,3649,499,0.2469109272130221,325,"{""devolucion_origen"": 0, ""entrega_sin_recogida"": 106, ""fisico"": 106, ""fuera_servicio"": 0, ""tope"": 0, ""visitas"": 0}",4757,4757,0,0,0,2249,0,14,63,0,74,"[0.1796, 0.4201, 0.2963, 0.2764, 0.3594, 0.33, 0.314, 0.4058, 0.308, 0.3195, 0.1781, 0.3606, 0.1765, 0.1728, 0.1859, 0.1857, 0.1822, 0.1797, 0.176, 0.1714, 0.175, 0.1865, 0.1759, 0.1817, 0.1897, 0.1761, 0.1831, 0.1809, 0.3647, 0.1777, 0.3961, 0.5593, 0.4906, 0.3295, 0.3637, 0.5127, 0.6595, 0.6236, 0.5294, 0.4901, 0.5099, 0.3211, 0.3478, 0.3155, 0.5035, 0.7185, 0.5396, 0.3281, 0.4452, 0.3639, 0.3025, 0.3021, 0.3122, 0.4784, 0.375, 0.34, 0.1811, 0.1805, 0.1755, 0.175, 0.1758, 0.1805, 0.1842, 0.1782, 0.3758, 0.1776, 0.1781, 0.1843, 0.1753, 0.1714, 0.3157, 0.2868, 0.1633, 0.1633]",0.2991740834986558,0.5465110210501734,0.7184857500033104,0,24.463,0.0,0.0
2026-01-16|oraculo_directo|prueba|4|39.0694|base|60|todas|onsite,2026-01-16,oraculo_directo,prueba,4,39.0694,base,60,todas,onsite,18360,1883,20243,2163,566,1597,9407,359,1125,335,0.2196050383386563,109,"{""devolucion_origen"": 5, ""entrega_sin_recogida"": 258, ""fisico"": 263, ""fuera_servicio"": 0, ""tope"": 0, ""visitas"": 0}",4706,4706,0,0,0,2163,0,14,67,0,74,"[0.19, 0.3923, 0.3433, 0.4038, 0.3822, 0.1848, 0.2621, 0.1776, 0.239, 0.2549, 0.2564, 0.1739, 0.1705, 0.171, 0.1741, 0.2627, 0.2516, 0.1875, 0.2714, 0.3506, 0.3355, 0.2796, 0.1815, 0.3336, 0.3041, 0.2837, 0.5728, 0.6156, 0.5963, 0.4997, 0.3676, 0.3698, 0.3602, 0.3194, 0.4866, 0.4722, 0.4894, 0.498, 0.3147, 0.3557, 0.1809, 0.3314, 0.181, 0.3689, 0.295, 0.2937, 0.1825, 0.3534, 0.3547, 0.2584, 0.281, 0.2715, 0.2747, 0.3996, 0.3045, 0.2806, 0.2976, 0.1833, 0.1915, 0.1953, 0.1926, 0.1959, 0.1928, 0.1877, 0.1834, 0.1908, 0.2933, 0.2671, 0.1849, 0.1863, 0.2637, 0.2129, 0.1725, 0.1732]",0.2730868329999794,0.4986112585494993,0.6155732499973965,0,23.632,5.0,0.0
2026-01-16|lgbm_directo|prueba|4|88.9149|base|60|todas|onsite,2026-01-16,lgbm_directo,prueba,4,88.9149,base,60,todas,onsite,46985,3292,50277,2183,495,1688,10504,516,3774,393,0.2472984135499365,291,"{""devolucion_origen"": 2, ""entrega_sin_recogida"": 181, ""fisico"": 183, ""fuera_servicio"": 0, ""tope"": 0, ""visitas"": 0}",5253,5253,0,0,0,2183,0,14,59,0,74,"[1.1642, 0.2864, 0.3189, 0.3883, 0.3237, 0.1826, 0.2801, 0.2758, 0.4173, 0.2734, 0.3122, 0.2789, 0.3584, 0.3284, 0.2909, 0.2986, 0.1801, 0.1767, 0.1767, 0.176, 0.1742, 0.1763, 0.4383, 0.3633, 0.3718, 0.3745, 0.396, 0.3782, 0.3706, 0.4986, 0.1839, 0.5137, 0.3949, 0.3415, 0.336, 0.3468, 0.54, 0.3519, 0.6842, 0.3435, 0.3507, 0.6064, 0.5278, 0.4947, 0.5184, 0.3357, 0.6216, 0.8833, 0.3565, 0.6794, 0.3017, 0.3236, 0.5004, 0.5655, 0.3923, 0.3861, 0.3323, 0.3234, 0.1832, 0.1793, 0.1818, 0.3463, 0.1833, 0.1828, 0.3488, 0.19, 0.1807, 0.3283, 0.1862, 0.3625, 0.3271, 0.1713, 0.1654, 0.1626]",0.3358439999974507,0.641812797699458,1.1641622919996737,0,28.369,2.0,0.0
2026-01-17|sin_rebalanceo|prueba|0|0.0|base|60|todas|onsite,2026-01-17,sin_rebalanceo,prueba,0,0.0,base,60,todas,onsite,86781,22153,108934,0,0,0,0,0,1724,1142,0.2759637875738016,134,"{""devolucion_origen"": 0, ""entrega_sin_recogida"": 0, ""fisico"": 0, ""fuera_servicio"": 0, ""tope"": 0, ""visitas"": 0}",0,0,0,0,0,0,0,0,0,0,0,[],0.0,0.0,0.0,0,1.716,0.0,
2026-01-17|ecobici|prueba|0|0.0|base|60|todas|onsite,2026-01-17,ecobici,prueba,0,0.0,base,60,todas,onsite,40306,12650,52956,1135,560,575,4171,0,139,41,0.2252677449230458,81,"{""devolucion_origen"": 0, ""entrega_sin_recogida"": 0, ""fisico"": 2, ""fuera_servicio"": 0, ""tope"": 0, ""visitas"": 0}",2088,2081,0,-7,0,1134,0,22,65,0,0,[],0.0,0.0,0.0,0,1.767,0.0,1134.0
2026-01-17|oraculo_diario|prueba|4|57.5805|base|60|todas|onsite,2026-01-17,oraculo_diario,prueba,4,57.5805,base,60,todas,onsite,14496,4203,18699,922,169,753,3088,117,156,8,0.2229794109648112,34,"{""devolucion_origen"": 0, ""entrega_sin_recogida"": 22, ""fisico"": 22, ""fuera_servicio"": 0, ""tope"": 0, ""visitas"": 0}",1544,1544,0,0,0,922,0,14,32,0,74,"[0.1825, 0.1871, 0.184, 0.4134, 0.19, 0.3829, 0.1839, 0.1855, 0.1926, 0.3192, 0.3808, 0.1964, 0.1895, 0.1818, 0.3115, 0.2842, 0.3118, 0.3207, 0.3147, 0.4083, 0.3018, 0.345, 0.3186, 0.2875, 0.3275, 0.2742, 0.2878, 0.2682, 0.2938, 0.2969, 0.1825, 0.1865, 0.3038, 0.1847, 0.1881, 0.2916, 0.3293, 0.2967, 0.2974, 0.1907, 0.309, 0.3774, 0.3183, 0.1847, 0.3137, 0.1854, 0.3289, 0.3071, 0.182, 0.3375, 0.3569, 0.3163, 0.3289, 0.3793, 0.3348, 0.3463, 0.184, 0.1871, 0.3412, 0.4031, 0.4091, 0.1923, 0.4019, 0.3873, 0.1955, 0.2721, 0.186, 0.3035, 0.1794, 0.177, 0.1914, 0.1708, 0.1708, 0.172]",0.2952320004987996,0.402330592004364,0.4134187500021653,0,22.043,0.0,0.0
2026-01-17|ma_diaria|prueba|4|72.8507|base|60|todas|onsite,2026-01-17,ma_diaria,prueba,4,72.8507,base,60,todas,onsite,29422,5950,35372,994,180,814,2774,108,638,146,0.233333553197301,73,"{""devolucion_origen"": 0, ""entrega_sin_recogida"": 3, ""fisico"": 3, ""fuera_servicio"": 0, ""tope"": 0, ""visitas"": 0}",1387,1387,0,0,0,994,0,14,30,0,74,"[0.1956, 0.2023, 0.3193, 0.2652, 0.1859, 0.3416, 0.2934, 0.35, 0.4268, 0.502, 0.4054, 0.4752, 0.3908, 0.48, 1.0633, 0.4496, 0.5935, 0.5807, 0.4708, 0.3893, 0.1856, 0.1881, 0.3709, 0.4395, 0.1835, 0.1872, 0.4067, 0.1885, 0.1878, 0.1805, 0.1843, 0.1864, 0.1825, 0.1939, 0.1854, 0.1907, 0.4884, 0.375, 0.3983, 0.492, 0.4314, 1.6054, 0.7742, 0.1831, 0.3968, 0.1836, 0.1806, 0.5093, 0.1915, 0.4538, 0.1888, 0.41, 0.1829, 0.1867, 0.1795, 0.1852, 0.1893, 0.1861, 0.1915, 0.1872, 0.1874, 0.1907, 0.1807, 0.187, 0.1779, 0.179, 0.1918, 0.1813, 0.1869, 0.1857, 0.3168, 0.3002, 0.1807, 0.1625]",0.1916752500001166,0.5851968209510232,1.6053699999974924,0,25.43,0.0,0.0
2026-01-17|lgbm_diario|prueba|4|72.7447|base|60|todas|onsite,2026-01-17,lgbm_diario,prueba,4,72.7447,base,60,todas,onsite,28657,5725,34382,980,164,816,2660,103,617,137,0.2299680305465273,69,"{""devolucion_origen"": 0, ""entrega_sin_recogida"": 10, ""fisico"": 10, ""fuera_servicio"": 0, ""tope"": 0, ""visitas"": 0}",1330,1330,0,0,0,980,0,14,29,0,74,"[0.1799, 0.1928, 0.3378, 0.3555, 0.1852, 0.4024, 0.3051, 0.3729, 0.4094, 0.4311, 0.4902, 0.4291, 0.3889, 0.4867, 0.7449, 0.5859, 0.1804, 0.4754, 0.6855, 0.471, 0.1847, 0.6592, 0.1816, 0.7937, 1.028, 0.1817, 0.3966, 0.1795, 0.6458, 0.1902, 0.4109, 0.1788, 0.1843, 0.1839, 0.4934, 0.5589, 0.1782, 0.3844, 0.3879, 0.1775, 0.1907, 0.7372, 0.8082, 0.4183, 0.1846, 0.1765, 0.1817, 0.1797, 0.186, 0.5408, 0.1854, 0.4319, 0.1815, 0.1834, 0.1769, 0.1925, 0.1858, 0.1835, 0.1884, 0.462, 0.1813, 0.1846, 0.1804, 0.1774, 0.1877, 0.2049, 0.2017, 0.1828, 0.1856, 0.1846, 0.2838, 0.1897, 0.1828, 0.1625]",0.1916118960034509,0.7398806606503058,1.028043124999385,0,26.222,0.0,0.0
2026-01-17|oraculo_directo|prueba|4|39.0694|base|60|todas|onsite,2026-01-17,oraculo_directo,prueba,4,39.0694,base,60,todas,onsite,13434,4060,17494,780,152,628,2270,96,83,9,0.2164404683160919,19,"{""devolucion_origen"": 0, ""entrega_sin_recogida"": 16, ""fisico"": 16, ""fuera_servicio"": 0, ""tope"": 0, ""visitas"": 0}",1135,1135,0,0,0,780,0,14,38,0,74,"[0.1949, 0.2028, 0.1943, 0.213, 0.4066, 0.1944, 0.1982, 0.361, 0.3345, 0.3614, 0.3194, 0.1921, 0.3275, 0.3284, 0.1876, 0.1851, 0.326, 0.3089, 0.2981, 0.1835, 0.3082, 0.1917, 0.5157, 0.369, 0.2964, 0.4265, 0.422, 0.3519, 0.3342, 0.3548, 0.2902, 0.3245, 0.3617, 0.3999, 0.311, 0.1887, 0.1881, 0.2961, 0.1968, 0.195, 0.3786, 0.3283, 0.3048, 0.1871, 0.3487, 0.1968, 0.323, 0.3244, 0.1929, 0.3549, 0.4146, 0.409, 0.4157, 0.1888, 0.381, 0.1871, 0.3471, 0.1853, 0.1917, 0.1858, 0.1916, 0.1886, 0.1855, 0.1926, 0.2996, 0.1838, 0.1835, 0.2566, 0.1812, 0.4964, 0.2939, 0.2111, 0.189, 0.1691]",0.2962741455048672,0.417933725102921,0.5157475829983014,0,22.618,0.0,0.0
2026-01-17|lgbm_directo|prueba|4|88.9149|base|60|todas|onsite,2026-01-17,lgbm_directo,prueba,4,88.9149,base,60,todas,onsite,25804,5569,31373,1022,163,859,3398,132,567,120,0.2259816230638039,62,"{""devolucion_origen"": 0, ""entrega_sin_recogida"": 14, ""fisico"": 14, ""fuera_servicio"": 0, ""tope"": 0, ""visitas"": 0}",1699,1699,0,0,0,1022,0,14,27,0,74,"[1.1059, 0.3933, 0.3346, 0.4462, 0.1939, 0.3984, 0.1815, 0.424, 0.4596, 0.6639, 0.5198, 0.4342, 0.1934, 0.5707, 0.6661, 0.4083, 0.6579, 0.4469, 0.4836, 0.4239, 0.381, 0.8092, 0.4408, 0.4641, 0.1868, 0.1878, 0.4195, 0.1865, 0.4332, 0.2134, 0.5225, 0.4515, 0.3934, 0.4504, 0.5183, 0.1904, 0.393, 0.1834, 0.4143, 0.4291, 0.1797, 0.6285, 0.3323, 0.2119, 0.1858, 0.1818, 0.1921, 0.2039, 0.1922, 0.2026, 0.1917, 0.7485, 0.5135, 0.1885, 0.1896, 0.3056, 0.1857, 0.1901, 0.4874, 0.5084, 0.1917, 0.1946, 0.1897, 0.1933, 0.5766, 0.2148, 0.1843, 0.4201, 0.1865, 0.3452, 0.3111, 0.1861, 0.1638, 0.1623]",0.363114146002772,0.6646655688491592,1.1058882910001555,0,28.419,0.0,0.0
2026-01-18|sin_rebalanceo|prueba|0|0.0|base|60|todas|onsite,2026-01-18,sin_rebalanceo,prueba,0,0.0,base,60,todas,onsite,75482,20604,96086,0,0,0,0,0,1576,763,0.2459786305781691,133,"{""devolucion_origen"": 0, ""entrega_sin_recogida"": 0, ""fisico"": 0, ""fuera_servicio"": 0, ""tope"": 0, ""visitas"": 0}",0,0,0,0,0,0,0,0,0,0,0,[],0.0,0.0,0.0,0,1.747,0.0,
2026-01-18|ecobici|prueba|0|0.0|base|60|todas|onsite,2026-01-18,ecobici,prueba,0,0.0,base,60,todas,onsite,46817,13628,60445,1236,614,622,4758,0,170,101,0.2164158973156162,64,"{""devolucion_origen"": 0, ""entrega_sin_recogida"": 0, ""fisico"": 15, ""fuera_servicio"": 0, ""tope"": 0, ""visitas"": 0}",2440,2303,0,-137,0,1234,0,75,65,0,0,[],0.0,0.0,0.0,0,1.771,0.0,1234.0
2026-01-18|oraculo_diario|prueba|4|57.5805|base|60|todas|onsite,2026-01-18,oraculo_diario,prueba,4,57.5805,base,60,todas,onsite,14999,3869,18868,905,178,727,2750,127,573,70,0.1778780100634983,56,"{""devolucion_origen"": 0, ""entrega_sin_recogida"": 85, ""fisico"": 85, ""fuera_servicio"": 0, ""tope"": 0, ""visitas"": 0}",1375,1375,0,0,0,905,0,14,48,0,74,"[0.1862, 0.4458, 0.1845, 0.3477, 0.378, 0.2016, 0.4678, 0.5888, 0.4449, 0.3559, 0.3544, 0.3256, 0.3836, 0.3341, 0.3334, 0.334, 0.6345, 0.2755, 0.1887, 0.4443, 0.3242, 0.2939, 0.2796, 0.2776, 0.1876, 0.2993, 0.276, 0.1806, 0.1897, 0.1808, 0.2997, 0.2912, 0.3003, 0.1815, 0.1854, 0.3236, 0.3042, 0.1808, 0.1852, 0.1836, 0.3601, 0.1802, 0.1851, 0.1882, 0.1854, 0.189, 0.1914, 0.3501, 0.1972, 0.3398, 0.1932, 0.1865, 0.1966, 0.3964, 0.3902, 0.1883, 0.4015, 0.4445, 0.1876, 0.1847, 0.1866, 0.1917, 0.1811, 0.1915, 0.3364, 0.1933, 0.1906, 0.283, 0.1821, 0.2256, 0.1819, 0.1767, 0.1686, 0.177]",0.2136253749995376,0.445191608548339,0.6345130420013447,0,22.025,0.0,0.0
2026-01-18|ma_diaria|prueba|4|72.8507|base|60|todas|onsite,2026-01-18,ma_diaria,prueba,4,72.8507,base,60,todas,onsite,27294,4935,32229,960,170,790,2720,146,1099,125,0.204053776248388,112,"{""devolucion_origen"": 0, ""entrega_sin_recogida"": 20, ""fisico"": 20, ""fuera_servicio"": 0, ""tope"": 0, ""visitas"": 0}",1360,1360,0,0,0,960,0,14,34,0,74,"[0.1774, 0.1962, 0.3111, 0.3531, 0.3951, 0.3815, 0.668, 0.4168, 0.4066, 0.1948, 0.2048, 0.4248, 0.4377, 0.6711, 0.6337, 0.3625, 0.409, 0.6865, 0.4677, 0.582, 0.1873, 0.185, 0.7185, 0.3434, 0.44, 0.4427, 0.3453, 0.5664, 0.3779, 0.8806, 0.1895, 0.4392, 0.2022, 0.1896, 0.5364, 0.1819, 0.4705, 0.1885, 0.1895, 0.1853, 0.1838, 0.1787, 0.1884, 0.189, 0.1793, 0.1864, 0.1841, 0.1795, 0.1842, 0.1807, 0.1792, 0.182, 0.2006, 0.1837, 0.1821, 0.1837, 0.198, 0.182, 0.1827, 0.1891, 0.1836, 0.1815, 0.1879, 0.1974, 0.1815, 0.1785, 0.1906, 0.1884, 0.1844, 0.3751, 0.277, 0.2325, 0.1853, 0.1663]",0.1927286875034042,0.6690614431994618,0.8805715000053169,0,24.05,0.0,0.0
2026-01-18|lgbm_diario|prueba|4|72.7447|base|60|todas|onsite,2026-01-18,lgbm_diario,prueba,4,72.7447,base,60,todas,onsite,27550,4754,32304,951,178,773,2534,131,1159,128,0.1991552059552536,100,"{""devolucion_origen"": 0, ""entrega_sin_recogida"": 29, ""fisico"": 29, ""fuera_servicio"": 0, ""tope"": 0, ""visitas"": 0}",1267,1267,0,0,0,951,0,14,33,0,74,"[0.1781, 0.3008, 0.3448, 0.5584, 0.3079, 0.1885, 0.4101, 0.5259, 0.5437, 0.4302, 0.1943, 0.6475, 0.4276, 0.4348, 0.4286, 0.1825, 0.3784, 0.7634, 0.6352, 0.5045, 0.1876, 0.384, 0.1878, 0.4696, 0.4929, 0.181, 0.3518, 0.1776, 0.3982, 0.3838, 0.3728, 0.1812, 0.1774, 0.1801, 0.4741, 0.1852, 0.691, 0.1799, 0.1896, 0.1769, 0.5317, 0.1876, 0.1897, 0.1882, 0.1933, 0.3854, 0.1856, 0.188, 0.5151, 0.1851, 0.1892, 0.1993, 0.339, 0.3402, 0.1817, 0.3214, 0.1811, 0.1875, 1.0651, 0.1876, 0.1865, 0.1819, 0.1852, 0.1962, 0.1875, 0.1821, 0.1874, 0.1786, 0.1796, 0.3072, 0.1735, 0.3032, 0.1809, 0.1658]",0.1938001045018609,0.6395085853018826,1.065142958999786,0,25.127,0.0,0.0
2026-01-18|oraculo_directo|prueba|4|39.0694|base|60|todas|onsite,2026-01-18,oraculo_directo,prueba,4,39.0694,base,60,todas,onsite,12110,3786,15896,713,135,578,2044,110,247,65,0.167562392070621,28,"{""devolucion_origen"": 0, ""entrega_sin_recogida"": 13, ""fisico"": 13, ""fuera_servicio"": 0, ""tope"": 0, ""visitas"": 0}",1022,1022,0,0,0,713,0,14,50,0,74,"[0.1841, 0.3873, 0.1966, 0.363, 0.2315, 0.4719, 0.4393, 0.3988, 0.1967, 0.4633, 0.4957, 0.6864, 0.7571, 0.4569, 0.6509, 0.5795, 0.5567, 0.6251, 0.1852, 0.2813, 0.2121, 0.3448, 0.1869, 0.2974, 0.4249, 0.3654, 0.3093, 0.3044, 0.3623, 0.3594, 0.277, 0.3139, 0.2797, 0.2809, 0.3366, 0.3052, 0.362, 0.2086, 0.1998, 0.1888, 0.3538, 0.4016, 0.3687, 0.3424, 0.3173, 0.3487, 0.368, 0.3354, 0.3292, 0.3745, 0.4346, 0.3646, 0.4851, 0.3809, 0.5037, 0.5906, 0.1956, 0.1974, 0.19, 0.3412, 0.4139, 1.2395, 1.0009, 3.9859, 0.4928, 0.1928, 0.2118, 0.2953, 0.199, 0.1778, 0.1721, 0.1707, 0.1708, 0.1696]",0.3436154580012953,0.711122912498467,3.9858936669988903,0,32.477,0.0,0.0
2026-01-18|lgbm_directo|prueba|4|88.9149|base|60|todas|onsite,2026-01-18,lgbm_directo,prueba,4,88.9149,base,60,todas,onsite,25262,4473,29735,1009,183,826,3172,168,1147,107,0.1967761432499921,126,"{""devolucion_origen"": 0, ""entrega_sin_recogida"": 41, ""fisico"": 41, ""fuera_servicio"": 0, ""tope"": 0, ""visitas"": 0}",1586,1586,0,0,0,1009,0,14,35,0,74,"[1.1135, 0.183, 0.1859, 0.3567, 0.1925, 0.3049, 0.1877, 0.469, 0.3235, 0.4193, 1.2769, 0.4599, 0.706, 0.7849, 0.5913, 0.5172, 0.369, 0.3637, 0.1728, 0.6426, 0.377, 0.3538, 0.4802, 0.1742, 0.1813, 0.3742, 0.4915, 0.42, 0.417, 0.3913, 0.3625, 0.3769, 0.3655, 0.1798, 0.3591, 0.1856, 0.1885, 0.1838, 0.1925, 0.1931, 0.1989, 0.1904, 0.1838, 0.1819, 0.1965, 0.192, 0.1834, 0.658, 0.5252, 0.1842, 0.189, 0.1846, 0.1859, 0.1803, 0.1919, 0.1828, 0.1906, 0.1811, 0.648, 0.1814, 0.189, 0.1821, 0.1824, 0.1955, 0.1823, 0.1812, 0.1776, 0.1903, 0.1829, 0.1734, 0.1878, 0.1702, 0.1641, 0.1683]",0.1919754999980796,0.674787670948717,1.2768600420022267,0,25.275,0.0,0.0
2026-01-19|sin_rebalanceo|prueba|0|0.0|base|60|todas|onsite,2026-01-19,sin_rebalanceo,prueba,0,0.0,base,60,todas,onsite,193413,64135,257548,0,0,0,0,0,12148,7593,0.4545754682598786,914,"{""devolucion_origen"": 0, ""entrega_sin_recogida"": 0, ""fisico"": 0, ""fuera_servicio"": 0, ""tope"": 0, ""visitas"": 0}",0,0,0,0,0,0,0,0,0,0,0,[],0.0,0.0,0.0,0,2.086,0.0,
2026-01-19|ecobici|prueba|0|0.0|base|60|todas|onsite,2026-01-19,ecobici,prueba,0,0.0,base,60,todas,onsite,74851,15453,90304,2684,1246,1438,13865,0,2037,820,0.272352315922528,259,"{""devolucion_origen"": 0, ""entrega_sin_recogida"": 0, ""fisico"": 172, ""fuera_servicio"": 0, ""tope"": 0, ""visitas"": 0}",6718,6975,0,257,0,2661,0,72,145,0,0,[],0.0,0.0,0.0,0,2.077,0.0,2661.0
2026-01-19|oraculo_diario|prueba|4|57.5805|base|60|todas|onsite,2026-01-19,oraculo_diario,prueba,4,57.5805,base,60,todas,onsite,31934,2815,34749,2416,660,1756,11671,518,3403,836,0.23713860144951,257,"{""devolucion_origen"": 15, ""entrega_sin_recogida"": 261, ""fisico"": 276, ""fuera_servicio"": 0, ""tope"": 0, ""visitas"": 0}",5843,5843,0,0,0,2416,0,14,67,0,74,"[0.3487, 0.394, 0.2915, 0.2917, 0.2808, 0.2997, 0.3003, 0.2458, 0.2237, 0.2308, 0.2348, 0.2496, 0.1689, 0.426, 0.1703, 0.1746, 0.1732, 0.1762, 0.1758, 0.1768, 0.1815, 0.2, 0.1824, 0.1894, 0.2951, 0.2918, 0.2853, 0.2984, 0.1833, 0.2904, 0.1853, 0.1835, 0.2961, 0.2849, 0.2967, 0.4294, 0.3635, 0.3762, 0.3831, 0.2732, 0.5524, 0.6662, 0.3822, 0.1768, 0.2938, 0.321, 0.3098, 0.304, 0.318, 0.1761, 0.4462, 0.393, 0.3092, 0.2515, 0.3846, 0.4041, 0.2893, 0.2835, 0.1783, 0.26, 0.447, 0.3138, 0.3107, 0.1852, 0.3506, 0.1751, 0.1809, 0.1917, 0.1927, 0.1872, 0.1863, 0.1698, 0.1724, 0.1715]",0.284199791996798,0.4352991954998287,0.6662025830009952,0,22.595,15.0,0.0
2026-01-19|ma_diaria|prueba|4|72.8507|base|60|todas|onsite,2026-01-19,ma_diaria,prueba,4,72.8507,base,60,todas,onsite,56416,4697,61113,2561,650,1911,10671,487,4788,855,0.2476849746241419,405,"{""devolucion_origen"": 5, ""entrega_sin_recogida"": 127, ""fisico"": 132, ""fuera_servicio"": 0, ""tope"": 0, ""visitas"": 0}",5338,5338,0,0,0,2561,0,14,67,0,74,"[0.1863, 0.3964, 0.1897, 0.3829, 0.2992, 0.5585, 0.1777, 0.3369, 0.1743, 0.3816, 0.2597, 0.4717, 0.3307, 0.1729, 0.1723, 0.1746, 0.1718, 0.1763, 0.1719, 0.1737, 0.175, 0.1732, 0.177, 0.1806, 0.1793, 0.1854, 0.3807, 0.1864, 0.1772, 0.1848, 0.1808, 0.3625, 0.1844, 0.3384, 0.186, 0.369, 0.3638, 0.4948, 0.3524, 0.5909, 0.186, 0.3632, 0.4038, 0.3858, 0.3831, 0.2947, 0.5338, 0.4904, 0.4157, 0.7625, 0.1785, 0.3091, 0.3186, 0.3295, 0.3087, 0.2835, 0.1776, 0.1736, 0.1783, 0.1745, 0.1768, 0.1744, 0.1843, 0.176, 0.174, 0.1757, 0.1764, 0.1747, 0.1749, 0.1792, 0.3243, 0.3173, 0.1785, 0.1584]",0.1859901455027284,0.5084373620495168,0.7624952089972794,0,22.401,5.0,0.0
2026-01-19|lgbm_diario|prueba|4|72.7447|base|60|todas|onsite,2026-01-19,lgbm_diario,prueba,4,72.7447,base,60,todas,onsite,59640,5611,65251,2544,655,1889,9925,432,4897,993,0.2518350426436233,451,"{""devolucion_origen"": 3, ""entrega_sin_recogida"": 98, ""fisico"": 101, ""fuera_servicio"": 0, ""tope"": 0, ""visitas"": 0}",4964,4964,0,0,0,2544,0,14,67,0,74,"[0.3575, 0.4178, 0.3592, 0.1853, 0.4, 0.402, 0.1791, 0.2927, 0.281, 0.3728, 0.2829, 0.3414, 0.1779, 0.1694, 0.1725, 0.1685, 0.1694, 0.1709, 0.17, 0.1729, 0.1755, 0.1724, 0.1741, 0.1773, 0.1911, 0.1882, 0.1883, 0.1887, 0.182, 0.1831, 0.1791, 0.3901, 0.1885, 0.1986, 0.3708, 0.3385, 0.3306, 0.4856, 0.3097, 0.6051, 0.3259, 0.5246, 0.2982, 0.4441, 0.3567, 0.5254, 0.1793, 0.6208, 0.3821, 0.3445, 0.3485, 0.3464, 0.356, 0.6556, 0.304, 0.4248, 0.1745, 0.1739, 0.1738, 0.1787, 0.1769, 0.1729, 0.1758, 0.1762, 0.1758, 0.1785, 0.1778, 0.173, 0.176, 0.1765, 0.3127, 0.2829, 0.1751, 0.1543]",0.1886342500001774,0.52483262324713,0.655642291996628,0,22.55,3.0,0.0
2026-01-19|oraculo_directo|prueba|4|39.0694|base|60|todas|onsite,2026-01-19,oraculo_directo,prueba,4,39.0694,base,60,todas,onsite,21405,1709,23114,2442,682,1760,11014,416,1881,531,0.1843858721554307,167,"{""devolucion_origen"": 8, ""entrega_sin_recogida"": 356, ""fisico"": 364, ""fuera_servicio"": 0, ""tope"": 0, ""visitas"": 0}",5511,5511,0,0,0,2442,0,14,67,0,74,"[0.4923, 0.3033, 0.3142, 0.3383, 0.4503, 0.2646, 0.3098, 0.2479, 0.325, 0.2584, 0.2729, 0.1686, 0.1699, 0.1703, 0.1804, 0.2462, 0.1763, 0.179, 0.1788, 0.183, 0.1856, 0.3765, 0.3865, 0.1852, 0.2931, 0.1838, 0.2803, 0.1922, 0.1871, 0.284, 0.2835, 0.2955, 0.3163, 0.4068, 0.546, 0.4312, 0.4256, 0.5664, 0.2931, 0.3374, 0.2739, 0.4898, 0.2942, 0.34, 0.3032, 0.2739, 0.272, 0.2444, 0.4468, 0.2439, 0.4677, 0.1777, 0.2533, 0.2577, 0.2846, 0.1796, 0.3834, 0.3175, 0.2902, 0.365, 0.2773, 0.2829, 0.3339, 0.1868, 0.1879, 0.1893, 0.202, 0.2195, 0.2475, 0.1951, 0.8383, 0.1781, 0.1774, 0.1761]",0.2755996874984703,0.4906655710510677,0.8383281249989523,0,23.766,8.0,0.0
2026-01-19|lgbm_directo|prueba|4|88.9149|base|60|todas|onsite,2026-01-19,lgbm_directo,prueba,4,88.9149,base,60,todas,onsite,54664,4234,58898,2375,574,1801,11102,548,4888,938,0.2472665677540743,410,"{""devolucion_origen"": 2, ""entrega_sin_recogida"": 146, ""fisico"": 148, ""fuera_servicio"": 0, ""tope"": 0, ""visitas"": 0}",5552,5552,0,0,0,2375,0,14,67,0,74,"[1.2912, 0.3468, 0.32, 0.4116, 0.3631, 0.3623, 0.3883, 0.3834, 0.2851, 0.283, 0.3483, 0.3153, 0.1733, 0.1737, 0.1777, 0.169, 0.1721, 0.1753, 0.2092, 0.1714, 0.183, 0.2071, 0.3549, 0.1835, 0.1966, 0.3786, 0.1878, 0.1791, 0.1759, 0.1832, 0.3734, 0.3939, 0.1926, 0.3448, 0.3994, 1.2025, 0.3566, 0.3094, 0.3179, 0.5137, 0.3648, 0.3099, 0.4457, 0.4826, 0.6172, 0.5252, 0.1836, 0.4344, 0.4358, 1.8478, 0.7071, 0.2758, 0.4615, 0.5591, 0.2855, 0.8675, 0.1745, 0.2867, 0.1743, 0.1765, 0.1743, 0.1784, 0.1819, 0.1805, 0.18, 0.1732, 0.1776, 0.1779, 0.1746, 0.3261, 0.3186, 0.1778, 0.1592, 0.1536]",0.2860995830014872,0.7632399937505389,1.8478162090032129,0,27.675,2.0,0.0
2026-01-20|sin_rebalanceo|prueba|0|0.0|base|60|todas|onsite,2026-01-20,sin_rebalanceo,prueba,0,0.0,base,60,todas,onsite,198057,65448,263505,0,0,0,0,0,12618,7781,0.4407660345273119,875,"{""devolucion_origen"": 0, ""entrega_sin_recogida"": 0, ""fisico"": 0, ""fuera_servicio"": 0, ""tope"": 0, ""visitas"": 0}",0,0,0,0,0,0,0,0,0,0,0,[],0.0,0.0,0.0,0,2.127,0.0,
2026-01-20|ecobici|prueba|0|0.0|base|60|todas|onsite,2026-01-20,ecobici,prueba,0,0.0,base,60,todas,onsite,86474,23834,110308,2674,1290,1384,13596,0,3088,1380,0.2938410210101995,378,"{""devolucion_origen"": 0, ""entrega_sin_recogida"": 0, ""fisico"": 263, ""fuera_servicio"": 0, ""tope"": 0, ""visitas"": 0}",6486,6847,0,361,0,2642,0,72,137,0,0,[],0.0,0.0,0.0,0,2.145,0.0,2642.0
2026-01-20|oraculo_diario|prueba|4|57.5805|base|60|todas|onsite,2026-01-20,oraculo_diario,prueba,4,57.5805,base,60,todas,onsite,37907,3843,41750,2528,676,1852,11738,530,3835,989,0.2840619678428611,302,"{""devolucion_origen"": 14, ""entrega_sin_recogida"": 291, ""fisico"": 305, ""fuera_servicio"": 0, ""tope"": 0, ""visitas"": 0}",5876,5876,0,0,0,2530,2,14,67,0,74,"[0.5854, 0.3712, 0.2853, 0.3273, 0.3485, 0.1775, 0.4472, 0.2369, 0.2542, 0.3958, 0.3113, 0.3565, 0.174, 0.1678, 0.1741, 0.2345, 0.1699, 0.167, 0.1703, 0.177, 0.1772, 0.1897, 0.2641, 0.3476, 0.1792, 0.1778, 0.1824, 0.2547, 0.2727, 0.277, 0.3417, 0.2845, 0.2893, 0.4289, 0.4667, 0.4087, 0.4394, 0.3578, 0.4455, 0.2509, 0.4222, 0.3425, 0.26, 0.3917, 0.1808, 0.1728, 0.2631, 0.2949, 0.1773, 0.3123, 0.3371, 0.2637, 0.3341, 0.4434, 0.3181, 0.7625, 0.338, 0.2786, 0.2779, 0.2954, 0.1917, 0.3303, 0.2053, 0.1855, 0.1811, 0.182, 0.1807, 0.191, 0.1902, 0.2025, 0.1762, 0.17, 0.2649, 0.1819]",0.2645346254976175,0.4461037834476883,0.762473292001232,0,23.1,14.0,0.0
2026-01-20|ma_diaria|prueba|4|72.8507|base|60|todas|onsite,2026-01-20,ma_diaria,prueba,4,72.8507,base,60,todas,onsite,59401,6370,65771,2476,615,1861,10232,507,4971,960,0.2744953634796585,355,"{""devolucion_origen"": 6, ""entrega_sin_recogida"": 124, ""fisico"": 130, ""fuera_servicio"": 0, ""tope"": 0, ""visitas"": 0}",5119,5119,0,0,0,2476,0,14,67,0,74,"[0.3465, 0.3129, 0.3, 0.3187, 0.4102, 0.2901, 0.3413, 0.3152, 0.2957, 0.3536, 0.3125, 0.2815, 0.171, 0.2931, 0.1704, 0.1712, 0.1682, 0.1689, 0.176, 0.1745, 0.1772, 0.1731, 0.1745, 0.1869, 0.1791, 0.178, 0.424, 0.4334, 0.4065, 0.176, 0.1777, 0.1855, 0.1834, 0.3993, 0.3401, 0.3175, 0.481, 0.5216, 1.0144, 0.3559, 0.3528, 0.3674, 0.3255, 0.18, 0.515, 0.2948, 0.3335, 0.397, 0.489, 0.3356, 0.6067, 0.2777, 0.3049, 0.5771, 0.5448, 0.2756, 0.1751, 0.1711, 0.1715, 0.1744, 0.1754, 0.1782, 0.1734, 0.1792, 0.1768, 0.1728, 0.176, 0.1819, 0.1804, 0.1797, 0.3095, 0.3003, 0.1803, 0.1601]",0.2857857290000538,0.5297227561521138,1.0144074999989243,0,23.682,6.0,0.0
2026-01-20|lgbm_diario|prueba|4|72.7447|base|60|todas|onsite,2026-01-20,lgbm_diario,prueba,4,72.7447,base,60,todas,onsite,61169,6459,67628,2465,612,1853,10130,511,5130,1000,0.2723024412321004,359,"{""devolucion_origen"": 2, ""entrega_sin_recogida"": 132, ""fisico"": 134, ""fuera_servicio"": 0, ""tope"": 0, ""visitas"": 0}",5066,5066,0,0,0,2465,0,14,67,0,74,"[0.1876, 0.324, 0.3147, 0.2879, 0.4249, 0.2894, 0.1761, 0.2986, 0.2655, 0.3346, 0.2719, 0.4307, 0.171, 0.1733, 0.171, 0.1722, 0.1747, 0.1753, 0.1727, 0.176, 0.18, 0.1765, 0.1756, 0.1798, 0.1828, 0.1782, 0.3943, 0.3989, 0.3536, 0.1821, 0.185, 0.1827, 0.181, 0.1877, 0.1832, 0.1795, 0.4159, 0.6602, 0.3532, 0.4176, 0.3671, 0.6053, 0.5003, 0.3138, 0.785, 0.1835, 0.4032, 0.453, 0.3781, 0.177, 0.7292, 0.3925, 0.3216, 0.3376, 0.3146, 0.2787, 0.313, 0.3879, 0.1814, 0.1788, 0.1794, 0.1795, 0.1755, 0.181, 0.1794, 0.1765, 0.1778, 0.1741, 0.1796, 0.1818, 0.3216, 0.2876, 0.1778, 0.1543]",0.1862873960053548,0.53704150625017,0.785000999996555,0,22.974,2.0,0.0
2026-01-20|oraculo_directo|prueba|4|39.0694|base|60|todas|onsite,2026-01-20,oraculo_directo,prueba,4,39.0694,base,60,todas,onsite,25445,3012,28457,2563,715,1848,10973,480,2166,717,0.2265565126481617,172,"{""devolucion_origen"": 5, ""entrega_sin_recogida"": 427, ""fisico"": 432, ""fuera_servicio"": 0, ""tope"": 0, ""visitas"": 0}",5489,5489,0,0,0,2563,0,14,67,0,74,"[0.4058, 0.5936, 0.4466, 0.3952, 0.5217, 0.4505, 0.3067, 0.3003, 0.2552, 0.2373, 0.1743, 0.173, 0.1759, 0.1754, 0.1734, 0.1719, 0.1744, 0.2472, 0.1729, 0.3112, 0.2585, 0.2842, 0.291, 0.2817, 0.3349, 0.5242, 0.1848, 0.294, 0.3044, 0.3967, 0.1872, 0.3068, 0.3028, 0.28, 0.5909, 0.4319, 0.421, 0.3271, 0.4202, 0.3572, 0.5222, 0.2614, 0.4625, 0.416, 0.2898, 0.2608, 0.7064, 0.1746, 0.1771, 0.3999, 0.2362, 0.1712, 0.4683, 0.6149, 0.1783, 0.1761, 0.3396, 0.5661, 0.2532, 0.1818, 0.1785, 0.1798, 0.1795, 0.1827, 0.1809, 0.1897, 0.1905, 0.3587, 0.1836, 0.263, 0.2207, 0.2235, 0.1723, 0.2036]",0.271478646001924,0.574797739796122,0.7064152500024647,0,24.599,5.0,0.0
2026-01-20|lgbm_directo|prueba|4|88.9149|base|60|todas|onsite,2026-01-20,lgbm_directo,prueba,4,88.9149,base,60,todas,onsite,60288,7047,67335,2394,586,1808,10649,487,5515,1068,0.2755335515256074,402,"{""devolucion_origen"": 3, ""entrega_sin_recogida"": 191, ""fisico"": 194, ""fuera_servicio"": 0, ""tope"": 0, ""visitas"": 0}",5326,5326,0,0,0,2394,0,14,67,0,74,"[1.1595, 0.3564, 0.3459, 0.3243, 0.4272, 0.2764, 0.1812, 0.296, 0.2884, 0.3161, 0.3011, 0.1775, 0.3385, 0.271, 0.1721, 0.1704, 0.1733, 0.1725, 0.1726, 0.1768, 0.1764, 0.1776, 0.1759, 0.3782, 0.1825, 0.1801, 0.3478, 0.3651, 0.4145, 0.1854, 0.3358, 0.3537, 0.3298, 0.3331, 0.3214, 0.3172, 0.3584, 0.6214, 0.1849, 0.3501, 0.4104, 0.3238, 0.3074, 0.3269, 0.3094, 0.4887, 0.7367, 0.3961, 0.4015, 0.4612, 0.2927, 0.4185, 0.1705, 0.4749, 0.6242, 0.2917, 0.4059, 0.185, 0.1827, 0.1773, 0.175, 0.1748, 0.1738, 0.1823, 0.1781, 0.1751, 0.1751, 0.1874, 0.3204, 0.3221, 0.3434, 0.1811, 0.1586, 0.1567]",0.3042475420006667,0.5351571811508613,1.1594771660020342,0,24.755,3.0,0.0
2026-01-21|sin_rebalanceo|prueba|0|0.0|base|60|todas|onsite,2026-01-21,sin_rebalanceo,prueba,0,0.0,base,60,todas,onsite,196335,68777,265112,0,0,0,0,0,12411,7800,0.4477050051016282,993,"{""devolucion_origen"": 0, ""entrega_sin_recogida"": 0, ""fisico"": 0, ""fuera_servicio"": 0, ""tope"": 0, ""visitas"": 0}",0,0,0,0,0,0,0,0,0,0,0,[],0.0,0.0,0.0,0,2.149,0.0,
2026-01-21|ecobici|prueba|0|0.0|base|60|todas|onsite,2026-01-21,ecobici,prueba,0,0.0,base,60,todas,onsite,81984,21163,103147,2648,1256,1392,13767,0,2655,1074,0.2935600019071205,413,"{""devolucion_origen"": 0, ""entrega_sin_recogida"": 0, ""fisico"": 317, ""fuera_servicio"": 0, ""tope"": 0, ""visitas"": 0}",6556,6894,0,338,0,2615,0,72,169,0,0,[],0.0,0.0,0.0,0,2.126,0.0,2615.0
2026-01-21|oraculo_diario|prueba|4|57.5805|base|60|todas|onsite,2026-01-21,oraculo_diario,prueba,4,57.5805,base,60,todas,onsite,33744,4224,37968,2402,676,1726,11880,542,3447,1055,0.250216235374508,380,"{""devolucion_origen"": 14, ""entrega_sin_recogida"": 196, ""fisico"": 210, ""fuera_servicio"": 0, ""tope"": 0, ""visitas"": 0}",5947,5947,0,0,0,2402,0,14,67,0,74,"[0.3314, 0.3377, 0.2373, 0.3465, 0.1762, 0.2903, 0.272, 0.2428, 0.2278, 0.2437, 0.2755, 0.2399, 0.3988, 0.1692, 0.1724, 0.1648, 0.1706, 0.1703, 0.1699, 0.1738, 0.1816, 0.1765, 0.1782, 0.28, 0.2998, 0.3169, 0.2849, 0.1834, 0.3075, 0.1831, 0.19, 0.273, 0.2817, 0.3468, 0.2899, 0.2856, 0.182, 0.2655, 0.1804, 0.2671, 0.437, 0.4022, 0.1777, 0.3324, 0.3569, 0.5382, 0.3283, 0.3076, 0.3827, 0.2681, 0.2912, 0.2311, 0.3124, 0.2601, 0.6066, 0.4415, 0.3184, 0.1742, 0.1793, 0.2691, 0.2936, 0.293, 0.3192, 0.1767, 0.1944, 0.1749, 0.1795, 0.3512, 0.1773, 0.1793, 0.1839, 0.1712, 0.172, 0.1792]",0.2662921250012005,0.4144018187518666,0.6066340840043267,0,21.55,14.0,0.0
2026-01-21|ma_diaria|prueba|4|72.8507|base|60|todas|onsite,2026-01-21,ma_diaria,prueba,4,72.8507,base,60,todas,onsite,59825,7572,67397,2456,647,1809,10337,466,4691,1078,0.2714267678826492,454,"{""devolucion_origen"": 9, ""entrega_sin_recogida"": 103, ""fisico"": 112, ""fuera_servicio"": 0, ""tope"": 0, ""visitas"": 0}",5173,5173,0,0,0,2456,0,14,67,0,74,"[0.1851, 0.2881, 0.3406, 0.2716, 0.3104, 0.3357, 0.3052, 0.3121, 0.3109, 0.173, 0.2826, 0.3603, 0.3148, 0.1758, 0.1701, 0.1684, 0.1748, 0.2003, 0.1739, 0.1948, 0.1903, 0.1773, 0.1794, 0.1906, 0.1832, 0.1815, 0.1805, 0.184, 0.2002, 0.179, 0.4197, 0.4013, 0.1943, 0.4049, 0.1843, 0.2048, 0.3596, 0.3122, 0.3217, 0.3498, 0.3557, 0.3729, 0.3897, 0.3323, 0.3111, 0.3534, 0.5289, 0.423, 0.6477, 0.3124, 0.1775, 0.5376, 0.1798, 0.3815, 0.3744, 0.2921, 0.3405, 0.2908, 0.1715, 0.1795, 0.1777, 0.1755, 0.1754, 0.1817, 0.1829, 0.1803, 0.1776, 0.179, 0.1744, 0.1708, 0.3209, 0.3447, 0.1805, 0.1622]",0.2025256039996747,0.4208966727979714,0.6476992079988122,0,21.979,9.0,0.0
2026-01-21|lgbm_diario|prueba|4|72.7447|base|60|todas|onsite,2026-01-21,lgbm_diario,prueba,4,72.7447,base,60,todas,onsite,61061,7255,68316,2399,619,1780,10012,434,4830,1091,0.2727343901412748,473,"{""devolucion_origen"": 2, ""entrega_sin_recogida"": 111, ""fisico"": 113, ""fuera_servicio"": 0, ""tope"": 0, ""visitas"": 0}",5007,5007,0,0,0,2399,0,14,67,0,74,"[0.1838, 0.2759, 0.3247, 0.1811, 0.3383, 0.1787, 0.2783, 0.1727, 0.1811, 0.3139, 0.176, 0.2907, 0.179, 0.1822, 0.1821, 0.1732, 0.191, 0.1695, 0.1704, 0.1834, 0.1721, 0.1758, 0.1796, 0.1756, 0.1802, 0.1809, 0.1779, 0.1821, 0.1808, 0.4421, 0.3548, 0.1901, 0.337, 0.1858, 0.4262, 0.3726, 0.4524, 0.6241, 0.3832, 0.3673, 0.359, 0.5104, 0.4303, 0.1873, 0.3421, 0.1829, 0.3498, 0.2961, 0.4596, 0.3851, 0.4251, 0.3009, 0.291, 0.5156, 0.2815, 0.2829, 0.3961, 0.1744, 0.1727, 0.1723, 0.1779, 0.1777, 0.1748, 0.1821, 0.1777, 0.1779, 0.1771, 0.3742, 0.1768, 0.1768, 0.3227, 0.3179, 0.1767, 0.1586]",0.1848101880023023,0.4549250915551965,0.6241171670044423,0,21.773,2.0,0.0
2026-01-21|oraculo_directo|prueba|4|39.0694|base|60|todas|onsite,2026-01-21,oraculo_directo,prueba,4,39.0694,base,60,todas,onsite,22896,3597,26493,2443,679,1764,10965,436,1976,775,0.220872505219646,291,"{""devolucion_origen"": 1, ""entrega_sin_recogida"": 353, ""fisico"": 354, ""fuera_servicio"": 0, ""tope"": 0, ""visitas"": 0}",5483,5483,0,0,0,2443,0,14,67,0,74,"[0.4584, 0.1837, 0.447, 0.2529, 0.5099, 0.323, 0.3838, 0.2931, 0.2685, 0.3891, 0.2498, 0.2867, 0.1678, 0.2369, 0.1726, 0.2031, 0.1748, 0.3073, 0.302, 0.288, 0.2744, 0.3389, 0.2748, 0.3028, 0.2855, 0.3115, 0.2804, 0.1873, 0.3171, 0.3017, 0.2856, 0.1917, 0.323, 0.2919, 0.3172, 0.2815, 0.3228, 0.4944, 0.1828, 0.4481, 0.3321, 0.748, 0.3416, 0.3286, 0.2944, 0.3826, 0.4985, 0.2686, 0.4407, 0.3433, 0.2906, 0.4237, 0.2718, 0.2633, 0.4054, 0.5337, 0.4946, 0.4573, 0.1899, 0.3247, 0.2936, 0.3342, 0.1867, 0.1798, 0.1918, 0.2902, 0.3143, 0.1916, 0.1967, 0.1953, 0.3072, 0.242, 0.1847, 0.1749]",0.2933633960019506,0.4959466397031065,0.7480369589975453,0,24.995,1.0,0.0
2026-01-21|lgbm_directo|prueba|4|88.9149|base|60|todas|onsite,2026-01-21,lgbm_directo,prueba,4,88.9149,base,60,todas,onsite,58671,6715,65386,2344,598,1746,10861,492,4985,1183,0.2791757749915803,455,"{""devolucion_origen"": 9, ""entrega_sin_recogida"": 149, ""fisico"": 158, ""fuera_servicio"": 0, ""tope"": 0, ""visitas"": 0}",5435,5435,0,0,0,2344,0,14,67,0,74,"[1.1611, 0.1928, 0.2719, 0.1803, 0.4048, 0.3242, 0.3041, 0.3212, 0.2755, 0.3601, 0.2628, 0.333, 0.2857, 0.1734, 0.172, 0.1753, 0.1785, 0.1722, 0.1708, 0.1742, 0.183, 0.1853, 0.1879, 0.1872, 0.1816, 0.1842, 0.1748, 0.185, 0.392, 0.3978, 0.1787, 0.4114, 0.3673, 0.3597, 0.3446, 0.3492, 0.3645, 0.3186, 0.4748, 0.3914, 0.4394, 0.4079, 0.1807, 0.349, 0.4716, 0.5159, 0.2897, 0.4324, 0.3704, 0.5614, 0.2893, 0.7943, 0.1731, 0.2992, 0.3257, 0.473, 0.2827, 0.2852, 0.1725, 0.1752, 0.1814, 0.1725, 0.1753, 0.1737, 0.1811, 0.1861, 0.1743, 0.1758, 0.1736, 0.3853, 0.3221, 0.1822, 0.1609, 0.1581]",0.2791044580008019,0.4891869623988893,1.1610946669970872,0,23.946,9.0,0.0
2026-01-22|sin_rebalanceo|prueba|0|0.0|base|60|todas|onsite,2026-01-22,sin_rebalanceo,prueba,0,0.0,base,60,todas,onsite,187739,62391,250130,0,0,0,0,0,11891,7056,0.4545820967641036,816,"{""devolucion_origen"": 0, ""entrega_sin_recogida"": 0, ""fisico"": 0, ""fuera_servicio"": 0, ""tope"": 0, ""visitas"": 0}",0,0,0,0,0,0,0,0,0,0,0,[],0.0,0.0,0.0,0,2.082,0.0,
2026-01-22|ecobici|prueba|0|0.0|base|60|todas|onsite,2026-01-22,ecobici,prueba,0,0.0,base,60,todas,onsite,82305,22120,104425,2362,1101,1261,12419,0,2951,1182,0.280865918888201,265,"{""devolucion_origen"": 0, ""entrega_sin_recogida"": 0, ""fisico"": 275, ""fuera_servicio"": 0, ""tope"": 0, ""visitas"": 0}",5940,6204,0,264,0,2342,0,70,105,0,0,[],0.0,0.0,0.0,0,2.097,0.0,2342.0
2026-01-22|oraculo_diario|prueba|4|57.5805|base|60|todas|onsite,2026-01-22,oraculo_diario,prueba,4,57.5805,base,60,todas,onsite,33113,3578,36691,2284,598,1686,11000,446,2967,895,0.2428428434638119,186,"{""devolucion_origen"": 26, ""entrega_sin_recogida"": 229, ""fisico"": 255, ""fuera_servicio"": 0, ""tope"": 0, ""visitas"": 0}",5513,5513,0,0,0,2284,0,14,67,0,74,"[0.1764, 0.2683, 0.248, 0.2702, 0.3208, 0.2648, 0.3191, 0.4701, 0.249, 0.2894, 0.2277, 0.2407, 0.1725, 0.1663, 0.1841, 0.2093, 0.1728, 0.1725, 0.1752, 0.1767, 0.1891, 0.2732, 0.1914, 0.1866, 0.3537, 0.4035, 0.3707, 0.3584, 0.2984, 0.295, 0.2844, 0.3561, 0.3314, 0.4364, 0.2138, 0.2635, 0.1849, 0.3363, 0.1791, 0.2707, 0.5868, 0.3387, 0.353, 0.3361, 0.4078, 0.299, 0.1787, 0.2468, 0.2901, 0.5181, 0.3465, 0.37, 0.2804, 0.1762, 0.295, 0.2869, 0.2987, 0.3792, 0.3938, 0.2935, 0.3078, 0.3121, 0.32, 0.3189, 0.3862, 0.1798, 0.3301, 0.197, 0.1794, 0.1941, 0.2984, 0.1702, 0.172, 0.166]",0.2856698545001563,0.4178241311463351,0.5867937910006731,0,23.003,26.0,0.0
2026-01-22|ma_diaria|prueba|4|72.8507|base|60|todas|onsite,2026-01-22,ma_diaria,prueba,4,72.8507,base,60,todas,onsite,51888,5517,57405,2307,614,1693,10120,488,3999,827,0.2477873042416706,251,"{""devolucion_origen"": 10, ""entrega_sin_recogida"": 152, ""fisico"": 162, ""fuera_servicio"": 0, ""tope"": 0, ""visitas"": 0}",5065,5065,0,0,0,2307,0,14,67,0,74,"[0.2918, 0.2805, 0.2725, 0.2786, 0.3262, 0.3373, 0.1788, 0.3944, 0.2756, 0.2719, 0.2703, 0.3325, 0.1783, 0.1845, 0.1743, 0.1735, 0.1729, 0.1736, 0.1756, 0.1732, 0.1823, 0.1863, 0.1968, 0.1919, 0.1873, 0.1844, 0.1886, 0.1865, 0.1814, 0.1859, 0.186, 0.1884, 0.3727, 0.186, 0.3393, 0.3369, 0.34, 0.3452, 0.3548, 0.3075, 0.3095, 0.4545, 0.4126, 0.3175, 0.4001, 0.4618, 0.488, 0.4047, 0.2796, 0.4657, 0.3396, 0.1711, 0.444, 0.3559, 0.2732, 0.3425, 0.2967, 0.336, 0.1827, 0.1726, 0.1756, 0.1786, 0.1806, 0.1793, 0.1865, 0.1839, 0.1762, 0.1732, 0.1815, 0.1741, 0.3359, 0.2959, 0.1831, 0.1635]",0.2335681459953775,0.4477093880515894,0.4880271250003716,0,21.577,10.0,0.0
2026-01-22|lgbm_diario|prueba|4|72.7447|base|60|todas|onsite,2026-01-22,lgbm_diario,prueba,4,72.7447,base,60,todas,onsite,53294,5850,59144,2310,622,1688,9910,445,3969,903,0.2480507213981043,251,"{""devolucion_origen"": 6, ""entrega_sin_recogida"": 147, ""fisico"": 153, ""fuera_servicio"": 0, ""tope"": 0, ""visitas"": 0}",4958,4958,0,0,0,2310,0,14,67,0,74,"[0.2683, 0.2983, 0.4044, 0.2771, 0.3623, 0.3193, 0.2641, 0.2594, 0.3144, 0.1749, 0.2658, 0.344, 0.1772, 0.1763, 0.1764, 0.2016, 0.1791, 0.2064, 0.1714, 0.1779, 0.1777, 0.18, 0.1763, 0.1882, 0.1763, 0.1801, 0.1843, 0.1845, 0.18, 0.1834, 0.1822, 0.3549, 0.454, 0.1858, 0.3266, 0.354, 0.1835, 0.3742, 0.4909, 0.4096, 0.3769, 0.3136, 0.4391, 0.4348, 0.3302, 0.4526, 0.3046, 0.3318, 0.2992, 0.4385, 0.5647, 0.38, 0.4291, 0.2878, 0.2792, 0.2996, 0.3847, 0.3092, 0.1737, 0.1802, 0.1747, 0.1922, 0.1863, 0.1853, 0.1797, 0.1804, 0.1971, 0.1756, 0.1873, 0.1856, 0.174, 0.3159, 0.1809, 0.1582]",0.2328929374998551,0.4438111476956691,0.5646788750018459,0,22.13,6.0,0.0
2026-01-22|oraculo_directo|prueba|4|39.0694|base|60|todas|onsite,2026-01-22,oraculo_directo,prueba,4,39.0694,base,60,todas,onsite,21870,3145,25015,2314,605,1709,10033,392,1504,573,0.200544315586675,107,"{""devolucion_origen"": 7, ""entrega_sin_recogida"": 309, ""fisico"": 316, ""fuera_servicio"": 0, ""tope"": 0, ""visitas"": 0}",5020,5020,0,0,0,2314,0,14,67,0,74,"[0.1793, 0.1839, 0.2561, 0.2632, 0.2564, 0.3102, 0.1841, 0.317, 0.1846, 0.2361, 0.2683, 0.2344, 0.1841, 0.1765, 0.1739, 0.181, 0.179, 0.1756, 0.1737, 0.2822, 0.188, 0.1837, 0.1845, 0.1877, 0.1844, 0.2943, 0.2074, 0.3045, 0.3277, 0.1935, 0.2003, 0.3054, 0.3235, 0.3176, 0.2977, 0.3187, 0.3247, 0.53, 0.5366, 0.3763, 0.1817, 0.2967, 0.3049, 0.3573, 0.2673, 0.2766, 0.1814, 0.1847, 0.3699, 0.2624, 0.3271, 0.2709, 0.2975, 0.2642, 0.2778, 0.382, 0.3781, 0.2773, 0.277, 0.3478, 0.1842, 0.184, 0.1842, 0.1862, 0.1865, 0.1913, 0.1791, 0.3207, 0.1918, 0.1823, 0.2407, 0.1791, 0.1729, 0.1739]",0.248400437500095,0.3769528853983502,0.5365511659983895,0,20.906,7.0,0.0
2026-01-22|lgbm_directo|prueba|4|88.9149|base|60|todas|onsite,2026-01-22,lgbm_directo,prueba,4,88.9149,base,60,todas,onsite,53230,5343,58573,2211,578,1633,10485,463,4420,942,0.2491371291038142,259,"{""devolucion_origen"": 7, ""entrega_sin_recogida"": 205, ""fisico"": 212, ""fuera_servicio"": 0, ""tope"": 0, ""visitas"": 0}",5246,5246,0,0,0,2211,0,14,67,0,74,"[1.1656, 0.2755, 0.3214, 0.2736, 0.2654, 0.32, 0.2643, 0.1785, 0.2694, 0.267, 0.2663, 0.4079, 0.401, 0.1769, 0.1729, 0.1742, 0.1843, 0.1703, 0.1731, 0.1737, 0.1757, 0.1751, 0.1774, 0.1781, 0.1817, 0.3864, 0.1881, 0.1857, 0.1799, 0.1867, 0.3454, 0.1913, 0.4664, 0.3849, 0.3319, 0.4244, 0.3273, 0.3108, 0.3716, 0.3244, 0.3686, 0.3142, 0.3597, 0.3333, 0.3307, 0.4004, 0.4602, 0.4261, 0.5288, 0.2918, 0.7637, 0.4127, 0.279, 0.3221, 0.4231, 0.3097, 0.2906, 0.2955, 0.3226, 0.315, 0.3141, 0.3492, 0.1771, 0.1787, 0.1898, 0.1864, 0.1802, 0.2568, 0.1823, 0.3336, 0.1778, 0.1874, 0.1673, 0.1601]",0.2847909789998084,0.4623919517518515,1.165562709000369,0,24.169,7.0,0.0
2026-01-23|sin_rebalanceo|prueba|0|0.0|base|60|todas|onsite,2026-01-23,sin_rebalanceo,prueba,0,0.0,base,60,todas,onsite,191562,47708,239270,0,0,0,0,0,10785,5084,0.4466766677707434,823,"{""devolucion_origen"": 0, ""entrega_sin_recogida"": 0, ""fisico"": 0, ""fuera_servicio"": 0, ""tope"": 0, ""visitas"": 0}",0,0,0,0,0,0,0,0,0,0,0,[],0.0,0.0,0.0,0,2.104,0.0,
2026-01-23|ecobici|prueba|0|0.0|base|60|todas|onsite,2026-01-23,ecobici,prueba,0,0.0,base,60,todas,onsite,81308,14255,95563,2401,1151,1250,11979,0,1813,365,0.2827159079014665,250,"{""devolucion_origen"": 0, ""entrega_sin_recogida"": 0, ""fisico"": 118, ""fuera_servicio"": 0, ""tope"": 0, ""visitas"": 0}",5850,6011,0,161,0,2383,0,72,120,0,0,[],0.0,0.0,0.0,0,2.103,0.0,2383.0
2026-01-23|oraculo_diario|prueba|4|57.5805|base|60|todas|onsite,2026-01-23,oraculo_diario,prueba,4,57.5805,base,60,todas,onsite,25414,2214,27628,2064,502,1562,9585,365,1861,410,0.229542917440576,147,"{""devolucion_origen"": 9, ""entrega_sin_recogida"": 226, ""fisico"": 235, ""fuera_servicio"": 0, ""tope"": 0, ""visitas"": 0}",4797,4797,0,0,0,2064,0,14,65,0,74,"[0.1791, 0.4921, 0.2709, 0.2628, 0.2505, 0.3382, 0.4248, 0.2328, 0.2607, 0.1757, 0.2584, 0.2677, 0.1688, 0.1716, 0.1869, 0.3292, 0.1803, 0.1755, 0.176, 0.1756, 0.2911, 0.2671, 0.1787, 0.4386, 0.402, 0.3623, 0.4579, 0.2925, 0.4479, 0.2841, 0.2935, 0.3007, 0.1948, 0.5518, 0.358, 0.4625, 0.3414, 0.3186, 0.2744, 0.2488, 0.5249, 0.5198, 0.2687, 0.3864, 0.1868, 0.4678, 0.2926, 0.322, 0.3393, 0.4491, 0.1786, 0.1853, 0.4555, 0.4727, 0.3433, 0.2783, 0.4063, 0.2816, 0.3022, 0.3872, 0.3728, 0.3487, 0.1859, 0.3152, 0.1814, 0.1835, 0.1893, 0.3168, 0.1941, 0.3149, 0.1827, 0.1706, 0.1733, 0.1682]",0.2875970835011685,0.4794770064534531,0.551833291996445,0,24.208,9.0,0.0
2026-01-23|ma_diaria|prueba|4|72.8507|base|60|todas|onsite,2026-01-23,ma_diaria,prueba,4,72.8507,base,60,todas,onsite,42671,3106,45777,2122,515,1607,9946,506,2992,397,0.2300032648146563,236,"{""devolucion_origen"": 2, ""entrega_sin_recogida"": 225, ""fisico"": 227, ""fuera_servicio"": 0, ""tope"": 0, ""visitas"": 0}",4974,4974,0,0,0,2122,0,14,67,0,74,"[0.1847, 0.1832, 0.4083, 0.4799, 0.1758, 0.4058, 0.2796, 0.2493, 0.2538, 0.1804, 0.2919, 0.3485, 0.2866, 0.1783, 0.1777, 0.1886, 0.1853, 0.1742, 0.1777, 0.1817, 0.1776, 0.1837, 0.3414, 0.183, 0.1791, 0.1838, 0.1842, 0.1835, 0.4529, 0.1851, 0.3992, 0.4882, 0.3302, 0.4678, 0.3471, 0.5082, 0.3319, 0.6151, 0.4332, 0.3418, 0.363, 0.4525, 0.3338, 0.3973, 0.1885, 0.3877, 0.3669, 0.3104, 0.2998, 0.3659, 0.1795, 0.2877, 0.498, 0.2888, 0.3854, 0.1802, 0.3296, 0.317, 0.3201, 0.181, 0.1874, 0.3554, 0.186, 0.1887, 0.1894, 0.1887, 0.1782, 0.1809, 0.1819, 0.1748, 0.3346, 0.3014, 0.1873, 0.1641]",0.2831272500006889,0.4828167285002563,0.6150706250045914,0,23.216,2.0,0.0
2026-01-23|lgbm_diario|prueba|4|72.7447|base|60|todas|onsite,2026-01-23,lgbm_diario,prueba,4,72.7447,base,60,todas,onsite,43030,3158,46188,2108,467,1641,9436,479,2809,482,0.2288473812858649,244,"{""devolucion_origen"": 0, ""entrega_sin_recogida"": 166, ""fisico"": 166, ""fuera_servicio"": 0, ""tope"": 0, ""visitas"": 0}",4718,4718,0,0,0,2108,0,14,65,0,74,"[0.3666, 0.1847, 0.4212, 0.1816, 0.1811, 0.2563, 0.3218, 0.2924, 0.2767, 0.2924, 0.3173, 0.3678, 0.2835, 0.1803, 0.1846, 0.1767, 0.1861, 0.1768, 0.1727, 0.1729, 0.1827, 0.1761, 0.1775, 0.3899, 0.3406, 0.1829, 0.1834, 0.4035, 0.1987, 0.3605, 0.423, 0.3921, 0.1828, 0.3632, 0.1865, 0.1834, 0.3275, 0.5172, 0.6185, 0.2956, 0.3293, 0.4071, 0.4572, 0.477, 0.4661, 0.3159, 0.4925, 0.341, 0.3835, 0.6112, 0.3933, 0.5095, 0.469, 0.4833, 0.4937, 0.3666, 0.185, 0.3394, 0.1775, 0.1839, 0.4289, 0.1926, 0.1843, 0.179, 0.1823, 0.1821, 0.18, 0.1843, 0.3674, 0.1765, 0.3232, 0.2909, 0.1797, 0.1622]",0.2923981040003127,0.4991971914518216,0.6185373750049621,0,24.421,0.0,0.0
2026-01-23|oraculo_directo|prueba|4|39.0694|base|60|todas|onsite,2026-01-23,oraculo_directo,prueba,4,39.0694,base,60,todas,onsite,18106,1736,19842,2173,541,1632,9150,341,966,410,0.1884699594549684,92,"{""devolucion_origen"": 0, ""entrega_sin_recogida"": 275, ""fisico"": 275, ""fuera_servicio"": 0, ""tope"": 0, ""visitas"": 0}",4575,4575,0,0,0,2173,0,14,67,0,74,"[0.1814, 0.2834, 0.3733, 0.4012, 0.2717, 0.2724, 0.308, 0.3148, 0.3288, 0.3116, 0.2457, 0.3119, 0.1766, 0.2733, 0.1763, 0.2758, 0.2807, 0.2853, 0.3233, 0.2846, 0.3156, 0.3563, 0.3579, 0.4809, 0.3752, 0.5619, 0.4167, 0.5455, 0.397, 0.5394, 0.5637, 0.4105, 0.3222, 0.5107, 0.4712, 0.3961, 0.3376, 0.2871, 0.4948, 0.308, 0.3604, 0.3149, 0.2786, 0.4275, 0.3724, 0.1789, 0.3116, 0.589, 0.2643, 0.1772, 0.3176, 0.5829, 0.4132, 0.3336, 0.2808, 0.2859, 0.5821, 0.3394, 0.3351, 0.2988, 0.1904, 0.1963, 0.19, 0.1844, 0.1869, 0.1948, 0.2019, 0.2411, 0.1897, 0.1751, 0.2713, 0.2344, 0.1752, 0.1722]",0.3116192915003921,0.5625300709492876,0.5890056249991176,0,26.178,0.0,0.0
2026-01-23|lgbm_directo|prueba|4|88.9149|base|60|todas|onsite,2026-01-23,lgbm_directo,prueba,4,88.9149,base,60,todas,onsite,45323,2595,47918,2034,488,1546,10176,499,3434,456,0.2347370760703366,274,"{""devolucion_origen"": 0, ""entrega_sin_recogida"": 239, ""fisico"": 239, ""fuera_servicio"": 0, ""tope"": 0, ""visitas"": 0}",5088,5088,0,0,0,2034,0,14,62,0,74,"[1.2886, 0.3211, 0.2849, 0.4099, 0.1788, 0.4524, 0.291, 0.2462, 0.3125, 0.3275, 0.2916, 0.481, 0.3124, 0.1785, 0.1753, 0.1759, 0.1722, 0.3314, 0.1741, 0.1751, 0.1765, 0.1869, 0.1788, 0.179, 0.3592, 0.4512, 0.4252, 0.367, 0.3783, 0.8579, 0.4086, 0.4931, 0.3391, 0.3222, 0.1828, 0.3827, 0.181, 0.1814, 0.5353, 0.3088, 0.4059, 0.1764, 0.1768, 0.3377, 0.4162, 0.4869, 0.4295, 0.3424, 0.4557, 0.296, 0.4099, 0.4274, 0.1814, 0.4753, 0.3196, 0.3204, 0.3293, 0.3489, 0.35, 0.1894, 0.386, 0.3577, 0.1845, 0.1878, 0.179, 0.1747, 0.465, 0.1789, 0.1853, 0.3477, 0.3372, 0.1858, 0.1649, 0.1612]",0.3207633544989221,0.4890478421024454,1.288561041998037,0,26.004,0.0,0.0
2026-01-24|sin_rebalanceo|prueba|0|0.0|base|60|todas|onsite,2026-01-24,sin_rebalanceo,prueba,0,0.0,base,60,todas,onsite,92714,17738,110452,0,0,0,0,0,1815,519,0.2862272505007131,218,"{""devolucion_origen"": 0, ""entrega_sin_recogida"": 0, ""fisico"": 0, ""fuera_servicio"": 0, ""tope"": 0, ""visitas"": 0}",0,0,0,0,0,0,0,0,0,0,0,[],0.0,0.0,0.0,0,1.76,0.0,
2026-01-24|ecobici|prueba|0|0.0|base|60|todas|onsite,2026-01-24,ecobici,prueba,0,0.0,base,60,todas,onsite,52271,12918,65189,1065,550,515,3346,0,163,18,0.2169661627994298,108,"{""devolucion_origen"": 0, ""entrega_sin_recogida"": 0, ""fisico"": 3, ""fuera_servicio"": 0, ""tope"": 0, ""visitas"": 0}",1610,1733,0,123,0,1063,0,29,60,0,0,[],0.0,0.0,0.0,0,1.767,0.0,1063.0
2026-01-24|oraculo_diario|prueba|4|57.5805|base|60|todas|onsite,2026-01-24,oraculo_diario,prueba,4,57.5805,base,60,todas,onsite,11753,813,12566,935,159,776,3071,123,174,3,0.2053019770025761,64,"{""devolucion_origen"": 1, ""entrega_sin_recogida"": 28, ""fisico"": 29, ""fuera_servicio"": 0, ""tope"": 0, ""visitas"": 0}",1536,1536,0,0,0,935,0,14,36,0,74,"[0.204, 0.31, 0.2059, 0.3745, 0.4313, 0.3942, 0.3765, 0.3476, 0.1907, 0.3284, 0.3331, 0.3662, 0.3998, 0.1893, 0.3124, 0.2961, 0.3174, 0.1819, 0.33, 0.3539, 0.3133, 0.1855, 0.1848, 0.2859, 0.1912, 0.2978, 0.3493, 0.291, 0.31, 0.3449, 0.3657, 0.1867, 0.2998, 0.2791, 0.4177, 0.2912, 0.3285, 0.3006, 0.1836, 0.2824, 0.3218, 0.4236, 0.3243, 0.3018, 0.348, 0.3195, 0.1857, 0.3188, 0.3317, 0.1836, 0.3406, 0.3524, 0.1864, 0.3389, 0.1863, 0.198, 0.4799, 0.5859, 0.4123, 0.3349, 0.3428, 0.4248, 0.4072, 0.339, 0.3118, 0.391, 0.1811, 0.3295, 0.1816, 0.1856, 0.2373, 0.2478, 0.1689, 0.1687]",0.3153378544993757,0.4239807936486613,0.5859484579996206,0,24.191,1.0,0.0
2026-01-24|ma_diaria|prueba|4|72.8507|base|60|todas|onsite,2026-01-24,ma_diaria,prueba,4,72.8507,base,60,todas,onsite,27410,1928,29338,1006,190,816,2928,152,708,62,0.2188599192761336,92,"{""devolucion_origen"": 2, ""entrega_sin_recogida"": 7, ""fisico"": 9, ""fuera_servicio"": 0, ""tope"": 0, ""visitas"": 0}",1465,1465,0,0,0,1006,0,14,30,0,74,"[0.187, 0.2835, 0.4033, 0.381, 0.3346, 0.3932, 0.4195, 0.1909, 0.3986, 0.7906, 0.5568, 0.5249, 0.4312, 0.439, 0.8508, 0.3316, 0.1795, 0.487, 0.603, 0.3749, 0.1816, 0.1857, 0.4142, 0.1874, 0.1814, 0.178, 0.1831, 0.1805, 0.1848, 0.1908, 0.1875, 0.1947, 0.1798, 0.1823, 0.1845, 0.1805, 0.1876, 0.19, 0.821, 0.1884, 0.4311, 0.1863, 0.1816, 0.4797, 0.1837, 0.1885, 0.1888, 0.5233, 0.4518, 0.185, 0.1806, 0.4396, 0.5185, 0.1794, 0.4854, 0.5144, 0.437, 0.1931, 0.1885, 0.192, 0.1821, 0.1798, 0.1827, 0.178, 0.1789, 0.1818, 0.18, 0.3724, 0.1803, 0.3229, 0.3051, 0.1662, 0.1661, 0.1621]",0.1894057910030824,0.5729553732515339,0.8507791249940055,0,24.22,2.0,0.0
2026-01-24|lgbm_diario|prueba|4|72.7447|base|60|todas|onsite,2026-01-24,lgbm_diario,prueba,4,72.7447,base,60,todas,onsite,27550,1921,29471,1020,182,838,2925,139,735,57,0.216890824401099,101,"{""devolucion_origen"": 1, ""entrega_sin_recogida"": 4, ""fisico"": 5, ""fuera_servicio"": 0, ""tope"": 0, ""visitas"": 0}",1463,1463,0,0,0,1020,0,14,30,0,74,"[0.2018, 0.4271, 0.3832, 0.401, 0.3984, 0.3666, 0.4175, 0.3911, 0.1954, 0.5203, 0.7915, 0.59, 0.5416, 0.6939, 0.8174, 0.3238, 0.1833, 0.7816, 0.9175, 0.3608, 0.1899, 0.1854, 0.4481, 0.3849, 0.1777, 0.1859, 0.2036, 0.1801, 0.2112, 0.1798, 0.1861, 0.1887, 0.1756, 0.4256, 1.233, 0.1904, 0.1853, 0.3807, 0.1819, 0.19, 0.6319, 0.1812, 0.1878, 0.4975, 0.185, 0.208, 0.1781, 0.6426, 0.4505, 0.1915, 0.1869, 0.5482, 0.4212, 0.39, 0.659, 0.4789, 0.1868, 0.1802, 0.1813, 0.1837, 0.1884, 0.2026, 0.1811, 0.1867, 0.1838, 0.4472, 0.1802, 0.1744, 0.1863, 0.1825, 0.3233, 0.1676, 0.1699, 0.164]",0.2021771039981104,0.7850517459457478,1.233033415999671,0,27.069,1.0,0.0
2026-01-24|oraculo_directo|prueba|4|39.0694|base|60|todas|onsite,2026-01-24,oraculo_directo,prueba,4,39.0694,base,60,todas,onsite,10487,617,11104,772,133,639,2236,76,100,5,0.2111731886449675,62,"{""devolucion_origen"": 0, ""entrega_sin_recogida"": 6, ""fisico"": 6, ""fuera_servicio"": 0, ""tope"": 0, ""visitas"": 0}",1118,1118,0,0,0,774,2,14,44,0,74,"[0.1914, 0.1897, 0.4253, 0.4346, 0.3873, 0.3736, 0.5107, 0.196, 0.4229, 0.3563, 0.3213, 0.3461, 0.186, 0.337, 0.4079, 0.3986, 0.4229, 0.1852, 0.3101, 0.1928, 0.3065, 0.1968, 0.3093, 0.1955, 0.3065, 0.2975, 0.3114, 0.1912, 0.3434, 0.3282, 0.3083, 0.3077, 0.3064, 0.1913, 0.4334, 0.3187, 0.2956, 0.283, 0.1901, 0.3023, 0.2029, 0.3295, 0.3452, 0.3138, 0.3212, 0.3628, 0.3791, 0.3831, 0.3354, 0.1898, 0.3606, 0.3764, 0.1868, 0.3783, 0.3217, 0.3625, 0.3474, 0.3504, 0.1863, 0.1981, 0.3181, 0.1977, 0.372, 0.2986, 0.3447, 0.2268, 0.1895, 0.1969, 0.194, 0.3802, 0.1762, 0.173, 0.1776, 0.1847]",0.3107504164981947,0.4237604520967579,0.5106583329979912,0,23.788,0.0,0.0
2026-01-24|lgbm_directo|prueba|4|88.9149|base|60|todas|onsite,2026-01-24,lgbm_directo,prueba,4,88.9149,base,60,todas,onsite,25780,1540,27320,1077,198,879,3798,181,798,45,0.215141166392622,102,"{""devolucion_origen"": 2, ""entrega_sin_recogida"": 13, ""fisico"": 15, ""fuera_servicio"": 0, ""tope"": 0, ""visitas"": 0}",1900,1900,0,0,0,1077,0,14,31,0,74,"[1.1334, 0.2895, 0.4044, 0.4993, 1.1392, 0.438, 0.4263, 0.5575, 0.1988, 0.5756, 0.3813, 0.7151, 1.1868, 0.5385, 0.7263, 0.3949, 0.1839, 0.6819, 0.4426, 0.1861, 0.3541, 0.1847, 0.1976, 0.5044, 0.1832, 0.4103, 0.1976, 0.1823, 0.2091, 0.1811, 0.1909, 0.4234, 0.3995, 0.522, 0.4735, 0.4713, 0.1914, 0.4652, 0.6231, 0.189, 0.1924, 0.193, 0.1851, 0.384, 0.1826, 0.6249, 0.5284, 0.8494, 0.4701, 0.1941, 0.4965, 0.1988, 0.7357, 0.5165, 0.1876, 0.4732, 0.1918, 0.5847, 0.1846, 0.3249, 0.1874, 0.1924, 0.1937, 0.1815, 0.1819, 0.4156, 0.186, 0.1742, 0.3736, 0.3513, 0.331, 0.1765, 0.1655, 0.1634]",0.3638818960062053,0.7755100123984442,1.1867656250033178,0,30.493,2.0,0.0
2026-01-25|sin_rebalanceo|prueba|0|0.0|base|60|todas|onsite,2026-01-25,sin_rebalanceo,prueba,0,0.0,base,60,todas,onsite,112222,29544,141766,0,0,0,0,0,1868,1067,0.2939536236134856,178,"{""devolucion_origen"": 0, ""entrega_sin_recogida"": 0, ""fisico"": 0, ""fuera_servicio"": 0, ""tope"": 0, ""visitas"": 0}",0,0,0,0,0,0,0,0,0,0,0,[],0.0,0.0,0.0,0,1.769,0.0,
2026-01-25|ecobici|prueba|0|0.0|base|60|todas|onsite,2026-01-25,ecobici,prueba,0,0.0,base,60,todas,onsite,73043,20428,93471,1250,640,610,4610,0,248,125,0.2333364318757904,75,"{""devolucion_origen"": 0, ""entrega_sin_recogida"": 0, ""fisico"": 6, ""fuera_servicio"": 0, ""tope"": 0, ""visitas"": 0}",2264,2340,0,76,0,1246,0,21,63,0,0,[],0.0,0.0,0.0,0,1.744,0.0,1246.0
2026-01-25|oraculo_diario|prueba|4|57.5805|base|60|todas|onsite,2026-01-25,oraculo_diario,prueba,4,57.5805,base,60,todas,onsite,23909,7679,31588,1057,191,866,3174,172,425,18,0.2274181228074396,53,"{""devolucion_origen"": 2, ""entrega_sin_recogida"": 86, ""fisico"": 88, ""fuera_servicio"": 0, ""tope"": 0, ""visitas"": 0}",1588,1588,0,0,0,1057,0,14,46,0,74,"[0.19, 0.6142, 0.187, 0.385, 0.4306, 0.4842, 0.3535, 0.3483, 0.3419, 0.3615, 0.3252, 0.1808, 0.587, 0.4269, 0.3031, 0.2953, 0.688, 0.4232, 0.5504, 0.5621, 0.4549, 0.4731, 0.2709, 0.2475, 0.4602, 0.4339, 0.2918, 0.2922, 0.1973, 0.1888, 0.2707, 0.1842, 0.2025, 0.1882, 0.1827, 0.1878, 0.3131, 0.186, 0.1843, 0.3267, 0.1928, 0.1868, 0.1871, 0.3122, 0.3224, 0.1862, 0.1861, 0.1912, 0.1928, 0.35, 0.1912, 0.1901, 0.188, 0.355, 0.3543, 0.3524, 0.4667, 0.614, 0.189, 0.182, 0.1893, 0.3802, 0.4425, 0.3878, 0.1826, 0.1823, 0.2982, 0.1812, 0.1731, 0.2494, 0.1903, 0.1723, 0.1675, 0.1854]",0.281338416501967,0.5708424251006362,0.6880495830046129,0,24.192,2.0,0.0
2026-01-25|ma_diaria|prueba|4|72.8507|base|60|todas|onsite,2026-01-25,ma_diaria,prueba,4,72.8507,base,60,todas,onsite,37418,8929,46347,1108,182,926,3208,160,752,72,0.2125921986310595,86,"{""devolucion_origen"": 0, ""entrega_sin_recogida"": 18, ""fisico"": 18, ""fuera_servicio"": 0, ""tope"": 0, ""visitas"": 0}",1604,1604,0,0,0,1108,0,14,37,0,74,"[0.1842, 0.4027, 0.32, 0.1841, 0.422, 1.2537, 0.4034, 0.5084, 0.4114, 0.3694, 0.4034, 0.3584, 0.3807, 0.6077, 0.3676, 0.6954, 0.7059, 0.516, 0.5313, 0.4895, 0.1949, 0.7108, 0.3674, 0.4818, 0.6166, 0.561, 0.1809, 0.501, 0.333, 0.6448, 0.197, 0.3334, 0.3599, 0.1791, 0.1821, 0.1946, 0.1792, 0.1773, 0.1795, 0.1788, 0.1821, 0.184, 0.1833, 0.3797, 0.1876, 0.1862, 0.4096, 0.1904, 0.5361, 0.1833, 0.7402, 0.1887, 0.2042, 0.1884, 0.4612, 0.4723, 0.5265, 0.407, 0.1845, 0.1869, 0.1849, 0.1872, 0.3421, 0.1933, 0.4055, 0.4353, 0.4211, 0.5697, 0.433, 0.1842, 0.3393, 0.275, 0.185, 0.1742]",0.3591459164999833,0.6990399585509294,1.2537025419951533,0,28.778,0.0,0.0
2026-01-25|lgbm_diario|prueba|4|72.7447|base|60|todas|onsite,2026-01-25,lgbm_diario,prueba,4,72.7447,base,60,todas,onsite,37415,8910,46325,1086,195,891,2959,134,782,83,0.2129112431673656,74,"{""devolucion_origen"": 1, ""entrega_sin_recogida"": 24, ""fisico"": 25, ""fuera_servicio"": 0, ""tope"": 0, ""visitas"": 0}",1480,1480,0,0,0,1086,0,14,36,0,74,"[0.1859, 0.2706, 0.5559, 0.4787, 0.5404, 1.0318, 0.3979, 0.39, 0.3974, 0.4134, 0.4176, 0.3984, 0.4879, 0.5507, 0.4439, 0.5517, 0.3338, 0.6459, 0.5725, 0.5083, 0.5686, 0.3432, 0.4047, 0.7682, 0.4917, 0.3781, 0.182, 0.1789, 0.3382, 0.3715, 0.1851, 0.3598, 0.1774, 0.1857, 0.1805, 0.1796, 0.1776, 0.1857, 0.1815, 0.1877, 0.1807, 0.181, 0.19, 0.3607, 0.1879, 0.3777, 0.4564, 0.1784, 0.1836, 0.1885, 0.1973, 0.183, 0.2009, 0.3121, 0.1833, 0.1813, 0.1901, 0.18, 0.1808, 0.1817, 0.1912, 0.1953, 0.1842, 0.1932, 0.3336, 0.1788, 0.3299, 0.7132, 0.1899, 0.1784, 0.3211, 0.2601, 0.1849, 0.1615]",0.2305202085008204,0.5982095858526004,1.0317809999978635,0,25.587,1.0,0.0
2026-01-25|oraculo_directo|prueba|4|39.0694|base|60|todas|onsite,2026-01-25,oraculo_directo,prueba,4,39.0694,base,60,todas,onsite,21063,7591,28654,892,167,725,2277,112,273,13,0.1924711182805927,46,"{""devolucion_origen"": 1, ""entrega_sin_recogida"": 65, ""fisico"": 66, ""fuera_servicio"": 0, ""tope"": 0, ""visitas"": 0}",1139,1139,0,0,0,892,0,14,46,0,74,"[0.1907, 0.1879, 0.1983, 0.2026, 0.5193, 0.6147, 0.5168, 0.4036, 0.5435, 0.209, 0.1934, 0.3756, 0.4909, 0.1808, 0.4553, 0.4505, 0.6109, 0.5115, 0.472, 0.4514, 0.2798, 0.2813, 0.3193, 0.2971, 0.3037, 0.3087, 0.186, 0.2761, 0.1791, 0.1779, 0.1825, 0.1894, 0.2829, 0.2765, 0.1812, 0.2827, 0.1967, 0.292, 0.1855, 0.2846, 0.3, 0.3324, 0.1883, 0.4383, 0.1855, 0.1983, 0.2111, 0.1838, 0.3359, 0.1917, 0.1859, 0.1854, 0.1905, 0.1932, 0.3657, 0.3518, 0.3814, 0.3684, 0.1933, 0.2833, 0.3613, 0.3393, 0.1857, 0.3211, 0.1855, 0.1953, 0.1834, 0.2178, 0.1833, 0.2719, 0.1947, 0.1757, 0.1702, 0.1678]",0.2740107079989684,0.5177205608528311,0.6147460829961346,0,23.052,1.0,0.0
2026-01-25|lgbm_directo|prueba|4|88.9149|base|60|todas|onsite,2026-01-25,lgbm_directo,prueba,4,88.9149,base,60,todas,onsite,36372,8214,44586,1193,210,983,3817,194,860,45,0.2202621246083533,69,"{""devolucion_origen"": 3, ""entrega_sin_recogida"": 86, ""fisico"": 89, ""fuera_servicio"": 0, ""tope"": 0, ""visitas"": 0}",1910,1910,0,0,0,1195,2,14,43,0,74,"[1.0932, 0.1819, 0.421, 0.3475, 0.4345, 0.5529, 0.425, 0.5315, 0.3841, 0.1866, 0.4094, 0.1787, 0.8442, 0.5028, 0.6032, 0.6043, 0.5356, 0.434, 0.4561, 0.5329, 0.3221, 0.3594, 0.55, 0.5203, 0.1767, 0.3383, 0.335, 0.1771, 0.1783, 0.3538, 0.3563, 0.3827, 0.4038, 0.1751, 0.1767, 0.1794, 0.1744, 0.1767, 0.184, 0.1789, 0.1815, 0.3699, 0.182, 0.4556, 0.1863, 0.1849, 0.1882, 0.1826, 0.1797, 0.4624, 0.5296, 0.5303, 0.5324, 0.5169, 0.7962, 0.3288, 0.6514, 0.3321, 0.3148, 0.1926, 0.1834, 0.1898, 0.1821, 0.3623, 0.1897, 0.9647, 1.1855, 0.3514, 0.1895, 0.3981, 0.3717, 0.167, 0.1646, 0.1627]",0.35257537549478,0.8130078250003859,1.185543833002157,0,29.554,3.0,0.0
2026-01-26|sin_rebalanceo|prueba|0|0.0|base|60|todas|onsite,2026-01-26,sin_rebalanceo,prueba,0,0.0,base,60,todas,onsite,200934,62867,263801,0,0,0,0,0,11618,7118,0.4452375636402954,889,"{""devolucion_origen"": 0, ""entrega_sin_recogida"": 0, ""fisico"": 0, ""fuera_servicio"": 0, ""tope"": 0, ""visitas"": 0}",0,0,0,0,0,0,0,0,0,0,0,[],0.0,0.0,0.0,0,2.101,0.0,
2026-01-26|ecobici|prueba|0|0.0|base|60|todas|onsite,2026-01-26,ecobici,prueba,0,0.0,base,60,todas,onsite,92945,19899,112844,2416,1153,1263,12678,0,2619,1050,0.2812397701546125,337,"{""devolucion_origen"": 0, ""entrega_sin_recogida"": 0, ""fisico"": 241, ""fuera_servicio"": 0, ""tope"": 0, ""visitas"": 0}",6048,6389,0,341,0,2398,0,67,111,0,0,[],0.0,0.0,0.0,0,2.082,0.0,2398.0
2026-01-26|oraculo_diario|prueba|4|57.5805|base|60|todas|onsite,2026-01-26,oraculo_diario,prueba,4,57.5805,base,60,todas,onsite,42206,2795,45001,2407,653,1754,11483,563,3905,753,0.2575073301042653,278,"{""devolucion_origen"": 33, ""entrega_sin_recogida"": 259, ""fisico"": 292, ""fuera_servicio"": 0, ""tope"": 0, ""visitas"": 0}",5758,5758,0,0,0,2411,4,14,67,0,74,"[0.2869, 0.3289, 0.2594, 0.3011, 0.254, 0.2702, 0.2442, 0.3883, 0.1715, 0.2589, 0.2613, 0.297, 0.1706, 0.178, 0.2379, 0.2441, 0.1709, 0.1735, 0.1722, 0.1739, 0.3148, 0.2878, 0.2785, 0.3141, 0.1815, 0.2753, 0.3295, 0.1979, 0.3739, 0.5016, 0.3385, 0.2736, 0.2988, 0.6349, 0.2563, 0.239, 0.1824, 0.3842, 0.2443, 0.1742, 0.413, 0.3271, 0.3171, 0.3146, 0.5198, 0.2828, 0.2523, 0.4366, 0.3159, 0.3264, 0.3623, 0.2488, 0.3149, 0.3101, 0.5551, 0.3908, 0.3092, 0.1755, 0.3114, 0.2718, 0.2991, 0.1764, 0.3034, 0.182, 0.3696, 0.1914, 0.1932, 0.1992, 0.2426, 0.1828, 0.1898, 0.1729, 0.1722, 0.1839]",0.2727240415006235,0.4593479768507674,0.6349484579986893,0,22.937,33.0,0.0
2026-01-26|ma_diaria|prueba|4|72.8507|base|60|todas|onsite,2026-01-26,ma_diaria,prueba,4,72.8507,base,60,todas,onsite,59029,4722,63751,2512,629,1883,11374,468,4824,882,0.2614484597261249,354,"{""devolucion_origen"": 0, ""entrega_sin_recogida"": 160, ""fisico"": 160, ""fuera_servicio"": 0, ""tope"": 0, ""visitas"": 0}",5687,5687,0,0,0,2512,0,14,67,0,74,"[0.3028, 0.4217, 0.5403, 0.3127, 0.1752, 0.393, 0.3128, 0.2757, 0.2849, 0.1693, 0.3697, 0.4334, 0.1741, 0.1674, 0.1715, 0.1749, 0.1721, 0.1717, 0.1738, 0.1782, 0.1769, 0.1836, 0.181, 0.1789, 0.5806, 0.1814, 0.1895, 0.1804, 0.4169, 0.1857, 0.1829, 0.1822, 0.3908, 0.3904, 0.332, 0.3089, 0.3476, 0.3793, 0.298, 0.3042, 0.3824, 0.4736, 0.3105, 0.3474, 0.3871, 0.4253, 0.4122, 0.4699, 0.6994, 0.3174, 0.3499, 0.2943, 0.3393, 0.6505, 0.3783, 0.2964, 0.2874, 0.2944, 0.1719, 0.1706, 0.1843, 0.1753, 0.1809, 0.1792, 0.1773, 0.1749, 0.1774, 0.1791, 0.1818, 0.1754, 0.3079, 0.3504, 0.1764, 0.1631]",0.2908124380010122,0.4969547606484408,0.6994202499990934,0,23.322,0.0,0.0
2026-01-26|lgbm_diario|prueba|4|72.7447|base|60|todas|onsite,2026-01-26,lgbm_diario,prueba,4,72.7447,base,60,todas,onsite,61057,5326,66383,2515,599,1916,10591,448,4792,962,0.2619881915995543,379,"{""devolucion_origen"": 1, ""entrega_sin_recogida"": 122, ""fisico"": 123, ""fuera_servicio"": 0, ""tope"": 0, ""visitas"": 0}",5296,5296,0,0,0,2515,0,14,67,0,74,"[0.299, 0.3569, 0.3078, 0.3594, 0.3218, 0.4021, 0.3996, 0.3199, 0.2838, 0.3102, 0.4108, 0.3122, 0.173, 0.17, 0.1723, 0.1743, 0.1699, 0.1726, 0.1732, 0.1769, 0.1767, 0.1942, 0.176, 0.1951, 0.1789, 0.2233, 0.1771, 0.1799, 0.3687, 0.4044, 0.1843, 0.3484, 0.3908, 0.1817, 0.3408, 0.1856, 0.3263, 0.3843, 0.1837, 0.3045, 0.3225, 0.4967, 0.1817, 0.1832, 0.5052, 0.4439, 0.6031, 0.3199, 0.4371, 0.4197, 0.8219, 0.3907, 0.2851, 0.4369, 0.5865, 0.2999, 0.1935, 0.2991, 0.1931, 0.1751, 0.1793, 0.1782, 0.1772, 0.1814, 0.197, 0.1757, 0.1912, 0.1795, 0.1747, 0.1722, 0.302, 0.3231, 0.1774, 0.1574]",0.2535608329999377,0.4996896544002083,0.8218718749994878,0,23.223,1.0,0.0
2026-01-26|oraculo_directo|prueba|4|39.0694|base|60|todas|onsite,2026-01-26,oraculo_directo,prueba,4,39.0694,base,60,todas,onsite,27571,2427,29998,2568,699,1869,11339,500,1981,646,0.1933062344737456,165,"{""devolucion_origen"": 3, ""entrega_sin_recogida"": 413, ""fisico"": 416, ""fuera_servicio"": 0, ""tope"": 0, ""visitas"": 0}",5671,5671,0,0,0,2570,2,14,67,0,74,"[0.2825, 0.2922, 0.4394, 0.3829, 0.4335, 0.4791, 0.3442, 0.2491, 0.2415, 0.3354, 0.2944, 0.2476, 0.173, 0.1756, 0.1721, 0.2547, 0.1765, 0.2608, 0.406, 0.3262, 0.2901, 0.4364, 0.2724, 0.3402, 0.3015, 0.2933, 0.383, 0.5936, 0.1904, 0.369, 0.329, 0.1846, 0.4382, 0.5256, 0.4132, 0.1856, 0.3252, 0.4672, 0.3578, 0.3076, 0.3286, 0.3635, 0.3548, 0.2899, 0.2671, 0.26, 0.1843, 0.2655, 0.2421, 0.2938, 0.2617, 0.2425, 0.1837, 0.2993, 0.3559, 0.3751, 0.3032, 0.3727, 0.2684, 0.2703, 0.2773, 0.3267, 0.1824, 0.182, 0.1827, 0.1798, 0.2746, 0.1776, 0.2696, 0.1807, 0.238, 0.2154, 0.2015, 0.1861]",0.2861868334985047,0.4491287896991706,0.5936409169953549,0,23.945,3.0,0.0
2026-01-26|lgbm_directo|prueba|4|88.9149|base|60|todas|onsite,2026-01-26,lgbm_directo,prueba,4,88.9149,base,60,todas,onsite,62156,5177,67333,2380,592,1788,11604,510,5446,1102,0.2785363006241035,394,"{""devolucion_origen"": 0, ""entrega_sin_recogida"": 194, ""fisico"": 194, ""fuera_servicio"": 0, ""tope"": 0, ""visitas"": 0}",5802,5802,0,0,0,2382,2,14,67,0,74,"[1.2936, 0.3323, 0.1794, 0.1781, 0.2893, 0.2801, 0.36, 0.3179, 0.2845, 0.2508, 0.4158, 0.3465, 0.2764, 0.1762, 0.29, 0.2908, 0.1902, 0.1749, 0.1744, 0.1764, 0.1754, 0.1879, 0.4065, 0.1775, 0.403, 0.3822, 0.1879, 0.1978, 0.4019, 0.3621, 0.4379, 0.1862, 0.3362, 0.3578, 0.3482, 0.336, 0.3042, 0.1898, 0.5947, 0.3017, 0.3946, 0.3855, 0.4425, 0.3117, 0.5048, 0.5076, 0.4247, 0.1817, 0.3313, 0.7821, 0.4181, 0.629, 0.1731, 0.3354, 0.3161, 0.2932, 0.2812, 0.2876, 0.1729, 0.1709, 0.1734, 0.1731, 0.1788, 0.1773, 0.1808, 0.1818, 0.1801, 0.1818, 0.1823, 0.339, 0.3154, 0.1801, 0.1637, 0.158]",0.2896303750021616,0.5380845477018733,1.2936247079996974,0,24.874,0.0,0.0
2026-01-27|sin_rebalanceo|prueba|0|0.0|base|60|todas|onsite,2026-01-27,sin_rebalanceo,prueba,0,0.0,base,60,todas,onsite,196013,73693,269706,0,0,0,0,0,12569,8836,0.4399030940728524,879,"{""devolucion_origen"": 0, ""entrega_sin_recogida"": 0, ""fisico"": 0, ""fuera_servicio"": 0, ""tope"": 0, ""visitas"": 0}",0,0,0,0,0,0,0,0,0,0,0,[],0.0,0.0,0.0,0,2.162,0.0,
2026-01-27|ecobici|prueba|0|0.0|base|60|todas|onsite,2026-01-27,ecobici,prueba,0,0.0,base,60,todas,onsite,96355,27809,124164,2646,1271,1375,13046,0,3300,1629,0.2991281970791981,355,"{""devolucion_origen"": 0, ""entrega_sin_recogida"": 0, ""fisico"": 231, ""fuera_servicio"": 0, ""tope"": 0, ""visitas"": 0}",6266,6549,0,283,0,2620,0,74,130,0,0,[],0.0,0.0,0.0,0,2.163,0.0,2620.0
2026-01-27|oraculo_diario|prueba|4|57.5805|base|60|todas|onsite,2026-01-27,oraculo_diario,prueba,4,57.5805,base,60,todas,onsite,36780,4288,41068,2522,711,1811,11999,552,3934,933,0.2728088790128574,236,"{""devolucion_origen"": 21, ""entrega_sin_recogida"": 326, ""fisico"": 347, ""fuera_servicio"": 0, ""tope"": 0, ""visitas"": 0}",6010,6010,0,0,0,2522,0,14,67,0,74,"[0.3341, 0.3029, 0.1822, 0.2311, 0.2864, 0.3436, 0.3729, 0.2256, 0.2609, 0.2514, 0.2248, 0.2641, 0.2167, 0.1731, 0.1717, 0.1703, 0.1779, 0.1709, 0.1746, 0.1787, 0.1745, 0.1759, 0.179, 0.1902, 0.2993, 0.1817, 0.1854, 0.1839, 0.3202, 0.2888, 0.293, 0.3035, 0.2845, 0.3193, 0.2871, 0.2585, 0.3043, 0.2478, 0.3906, 0.31, 0.5159, 0.4117, 0.4482, 0.2801, 0.3252, 0.325, 0.2921, 0.2506, 0.2639, 0.2385, 0.283, 0.3486, 0.3649, 0.4538, 0.3391, 0.2557, 0.2781, 0.1748, 0.3217, 0.1762, 0.3566, 0.2762, 0.178, 0.1879, 0.1902, 0.1766, 0.3434, 0.1871, 0.3178, 0.1736, 0.1775, 0.2876, 0.1759, 0.1677]",0.2624431459989864,0.3980029578993707,0.5158649170043645,0,21.643,21.0,0.0
2026-01-27|ma_diaria|prueba|4|72.8507|base|60|todas|onsite,2026-01-27,ma_diaria,prueba,4,72.8507,base,60,todas,onsite,58100,5863,63963,2537,732,1805,11183,467,5220,1009,0.2706298504516337,309,"{""devolucion_origen"": 19, ""entrega_sin_recogida"": 160, ""fisico"": 179, ""fuera_servicio"": 0, ""tope"": 0, ""visitas"": 0}",5601,5601,0,0,0,2537,0,14,67,0,74,"[0.2879, 0.1811, 0.2549, 0.2504, 0.7355, 0.4055, 0.2871, 0.4282, 0.2728, 0.2768, 0.2841, 0.2504, 0.1696, 0.1845, 0.1738, 0.1709, 0.1792, 0.1798, 0.1853, 0.1808, 0.1816, 0.1767, 0.1805, 0.1801, 0.1782, 0.1796, 0.18, 0.1855, 0.1829, 0.1888, 0.3639, 0.1836, 0.1843, 0.1919, 0.3329, 0.3482, 0.3902, 0.2045, 0.3134, 0.4247, 0.1788, 0.4818, 0.1768, 0.3494, 0.1856, 0.4904, 0.3863, 0.5026, 0.178, 0.3564, 0.5906, 0.4793, 0.3175, 0.2757, 0.3748, 0.1754, 0.2904, 0.1851, 0.1812, 0.1768, 0.1758, 0.1837, 0.1846, 0.1877, 0.1834, 0.1763, 0.1847, 0.1796, 0.1748, 0.1771, 0.3088, 0.2909, 0.1899, 0.1618]",0.1855373119979049,0.4848260204973484,0.7355408329967759,0,21.437,19.0,0.0
2026-01-27|lgbm_diario|prueba|4|72.7447|base|60|todas|onsite,2026-01-27,lgbm_diario,prueba,4,72.7447,base,60,todas,onsite,56850,6569,63419,2561,717,1844,11064,456,5171,1096,0.2731376856779344,308,"{""devolucion_origen"": 8, ""entrega_sin_recogida"": 155, ""fisico"": 163, ""fuera_servicio"": 0, ""tope"": 0, ""visitas"": 0}",5536,5536,0,0,0,2561,0,14,67,0,74,"[0.2726, 0.4395, 0.2962, 0.3839, 0.2694, 0.3021, 0.3336, 0.4002, 0.3815, 0.3255, 0.2779, 0.3698, 0.1791, 0.172, 0.1741, 0.1696, 0.1688, 0.1774, 0.1722, 0.1736, 0.1742, 0.1741, 0.1755, 0.1824, 0.1907, 0.2072, 0.1822, 0.3616, 0.1792, 0.1889, 0.4029, 0.3282, 0.1846, 0.1841, 0.5202, 0.3803, 0.797, 0.3738, 0.569, 0.3242, 0.3465, 0.5224, 0.4056, 0.4996, 0.5929, 0.4005, 0.4214, 0.3381, 0.2767, 0.6627, 0.2767, 0.3399, 0.3056, 0.4074, 0.4157, 0.176, 0.301, 0.1776, 0.1702, 0.1798, 0.1738, 0.1731, 0.1738, 0.1793, 0.1779, 0.1783, 0.1777, 0.1771, 0.1751, 0.1805, 0.3045, 0.2834, 0.1753, 0.1588]",0.2746213954997074,0.5387421751023791,0.7970182089993614,0,23.685,8.0,0.0
2026-01-27|oraculo_directo|prueba|4|39.0694|base|60|todas|onsite,2026-01-27,oraculo_directo,prueba,4,39.0694,base,60,todas,onsite,26116,3182,29298,2584,740,1844,11237,444,2238,559,0.2318143574470776,182,"{""devolucion_origen"": 1, ""entrega_sin_recogida"": 426, ""fisico"": 427, ""fuera_servicio"": 0, ""tope"": 0, ""visitas"": 0}",5619,5619,0,0,0,2584,0,14,67,0,74,"[0.3713, 0.3553, 0.4195, 0.3989, 0.323, 0.2648, 0.3276, 0.3657, 0.2711, 0.2429, 0.2555, 0.2387, 0.1657, 0.3668, 0.1683, 0.1868, 0.174, 0.1707, 0.1709, 0.1744, 0.1961, 0.1761, 0.2685, 0.2943, 0.1859, 0.2124, 0.3707, 0.196, 0.3094, 0.293, 0.2816, 0.3614, 0.3045, 0.3993, 0.1909, 0.4684, 0.2023, 0.3325, 0.3954, 0.4472, 0.32, 0.396, 0.321, 0.3687, 0.2502, 0.1967, 0.1844, 0.1902, 0.2911, 0.3533, 0.2864, 0.1768, 0.3531, 0.5232, 0.4861, 0.2752, 0.2592, 0.4083, 0.296, 0.2815, 0.2886, 0.1848, 0.188, 0.1891, 0.1865, 0.2979, 0.2906, 0.185, 0.2971, 0.1985, 0.2368, 0.2222, 0.1791, 0.1748]",0.278341729001113,0.429155137400812,0.5231772089973674,0,22.919,1.0,0.0
2026-01-27|lgbm_directo|prueba|4|88.9149|base|60|todas|onsite,2026-01-27,lgbm_directo,prueba,4,88.9149,base,60,todas,onsite,59584,6849,66433,2420,678,1742,11463,534,5761,1236,0.2856952062410754,368,"{""devolucion_origen"": 1, ""entrega_sin_recogida"": 201, ""fisico"": 202, ""fuera_servicio"": 0, ""tope"": 0, ""visitas"": 0}",5732,5732,0,0,0,2420,0,14,67,0,74,"[1.2548, 0.3097, 0.466, 0.37, 0.2618, 0.2878, 0.3195, 0.2453, 0.2842, 0.2639, 0.2861, 0.2925, 0.2569, 0.1777, 0.1769, 0.1719, 0.1989, 0.1707, 0.1686, 0.1739, 0.1738, 0.1784, 0.1805, 0.1826, 0.2159, 0.1833, 0.1799, 0.1894, 0.1807, 0.1821, 0.3562, 0.3635, 0.2047, 0.3226, 0.379, 0.4414, 0.4629, 0.441, 0.3268, 0.3802, 0.4997, 0.3324, 0.2242, 0.3486, 0.3568, 0.7287, 0.4195, 0.4153, 0.2974, 0.2978, 0.3858, 0.2676, 0.3677, 0.412, 0.3201, 0.1776, 0.3163, 0.2961, 0.1736, 0.1769, 0.1729, 0.1904, 0.1765, 0.1829, 0.1769, 0.1796, 0.1743, 0.174, 0.1738, 0.3597, 0.3121, 0.1754, 0.1596, 0.1581]",0.2628718334999576,0.4640174586533248,1.2548339159984607,0,23.448,1.0,0.0
2026-01-28|sin_rebalanceo|prueba|0|0.0|base|60|todas|onsite,2026-01-28,sin_rebalanceo,prueba,0,0.0,base,60,todas,onsite,207626,71491,279117,0,0,0,0,0,13519,8271,0.4578420732570132,661,"{""devolucion_origen"": 0, ""entrega_sin_recogida"": 0, ""fisico"": 0, ""fuera_servicio"": 0, ""tope"": 0, ""visitas"": 0}",0,0,0,0,0,0,0,0,0,0,0,[],0.0,0.0,0.0,0,2.155,0.0,
2026-01-28|ecobici|prueba|0|0.0|base|60|todas|onsite,2026-01-28,ecobici,prueba,0,0.0,base,60,todas,onsite,97330,26634,123964,3163,1500,1663,14309,0,3638,1392,0.300991836816694,266,"{""devolucion_origen"": 0, ""entrega_sin_recogida"": 0, ""fisico"": 282, ""fuera_servicio"": 0, ""tope"": 0, ""visitas"": 0}",6869,7158,0,289,0,3117,0,69,230,0,0,[],0.0,0.0,0.0,0,2.148,0.0,3117.0
2026-01-28|oraculo_diario|prueba|4|57.5805|base|60|todas|onsite,2026-01-28,oraculo_diario,prueba,4,57.5805,base,60,todas,onsite,38648,5368,44016,2522,730,1792,12007,506,3770,1106,0.2476112036045579,232,"{""devolucion_origen"": 23, ""entrega_sin_recogida"": 272, ""fisico"": 295, ""fuera_servicio"": 0, ""tope"": 0, ""visitas"": 0}",6015,6015,0,0,0,2522,0,14,67,0,74,"[0.4004, 0.3164, 0.3175, 0.3715, 0.2862, 0.2558, 0.2386, 0.3236, 0.2386, 0.2226, 0.2238, 0.168, 0.1729, 0.1719, 0.1769, 0.1726, 0.1734, 0.1725, 0.1866, 0.1761, 0.1898, 0.1814, 0.2042, 0.2945, 0.3163, 0.3345, 0.2077, 0.2874, 0.2782, 0.3174, 0.4642, 0.1984, 0.2898, 0.2909, 0.2672, 0.3439, 0.3273, 0.3628, 0.3686, 0.3505, 0.4255, 0.3658, 0.3459, 0.3595, 0.554, 0.4818, 0.3204, 0.2564, 0.3483, 0.2542, 0.3211, 0.2344, 0.2873, 0.3647, 0.4566, 0.381, 0.3338, 0.3108, 0.2979, 0.3677, 0.3239, 0.1822, 0.1827, 0.1777, 0.2117, 0.175, 0.1874, 0.1801, 0.1909, 0.1746, 0.1741, 0.1712, 0.1751, 0.1646]",0.2821995834965491,0.4363762768502054,0.5540338339997106,0,22.679,23.0,0.0
2026-01-28|ma_diaria|prueba|4|72.8507|base|60|todas|onsite,2026-01-28,ma_diaria,prueba,4,72.8507,base,60,todas,onsite,56851,7943,64794,2497,716,1781,10930,438,4843,1219,0.2494528926816135,266,"{""devolucion_origen"": 6, ""entrega_sin_recogida"": 177, ""fisico"": 183, ""fuera_servicio"": 0, ""tope"": 0, ""visitas"": 0}",5468,5468,0,0,0,2497,0,14,67,0,74,"[0.3797, 0.3683, 0.2602, 0.29, 0.3045, 0.1766, 0.3062, 0.2646, 0.3078, 0.2414, 0.1774, 0.2661, 0.1717, 0.1782, 0.1723, 0.1792, 0.1719, 0.1759, 0.179, 0.1719, 0.1788, 0.1792, 0.1795, 0.178, 0.1824, 0.1824, 0.2127, 0.1878, 0.1857, 0.1802, 0.3692, 0.3437, 0.3314, 0.3257, 0.3245, 0.3418, 0.4322, 0.4412, 0.1838, 0.3696, 0.1849, 0.5132, 0.1781, 0.5748, 0.2969, 0.3972, 0.3606, 0.6215, 0.2956, 0.314, 0.5948, 0.486, 0.3376, 0.3247, 0.4118, 0.336, 0.2896, 0.2975, 0.1776, 0.3209, 0.1761, 0.1753, 0.1793, 0.184, 0.178, 0.1725, 0.1748, 0.1807, 0.1871, 0.1805, 0.3158, 0.2609, 0.1821, 0.1565]",0.2507940204995975,0.4955334687492721,0.6215394579994609,0,22.264,6.0,0.0
2026-01-28|lgbm_diario|prueba|4|72.7447|base|60|todas|onsite,2026-01-28,lgbm_diario,prueba,4,72.7447,base,60,todas,onsite,58347,7980,66327,2514,703,1811,10923,466,4950,1328,0.2538176212227458,281,"{""devolucion_origen"": 3, ""entrega_sin_recogida"": 149, ""fisico"": 152, ""fuera_servicio"": 0, ""tope"": 0, ""visitas"": 0}",5463,5463,0,0,0,2514,0,14,67,0,74,"[0.4256, 0.2661, 0.1799, 0.3352, 0.1782, 0.3493, 0.2744, 0.4922, 0.2461, 0.242, 0.2474, 0.3857, 0.2588, 0.1716, 0.1748, 0.1714, 0.1706, 0.1692, 0.1789, 0.1708, 0.174, 0.1749, 0.176, 0.1809, 0.2069, 0.1834, 0.1843, 0.1906, 0.2092, 0.1805, 0.4266, 0.3588, 0.3325, 0.3166, 0.3487, 0.302, 0.3948, 0.5487, 0.4619, 0.1805, 0.3977, 0.4348, 0.47, 0.6114, 0.3225, 0.4847, 0.3277, 0.287, 0.3904, 0.4055, 0.389, 0.3788, 0.2848, 0.3274, 0.2754, 0.3638, 0.1754, 0.1702, 0.3031, 0.1843, 0.1924, 0.1827, 0.1758, 0.178, 0.1775, 0.1741, 0.178, 0.183, 0.1826, 0.1793, 0.3132, 0.272, 0.1631, 0.1613]",0.2467489584996656,0.4751088285014702,0.6114072499985923,0,22.598,3.0,0.0
2026-01-28|oraculo_directo|prueba|4|39.0694|base|60|todas|onsite,2026-01-28,oraculo_directo,prueba,4,39.0694,base,60,todas,onsite,26235,3888,30123,2522,755,1767,11283,442,1957,755,0.1991945361455733,144,"{""devolucion_origen"": 7, ""entrega_sin_recogida"": 401, ""fisico"": 408, ""fuera_servicio"": 0, ""tope"": 0, ""visitas"": 0}",5645,5645,0,0,0,2522,0,14,67,0,74,"[0.3761, 0.3134, 0.401, 0.3516, 0.3486, 0.2899, 0.2878, 0.2623, 0.3656, 0.2985, 0.3098, 0.2288, 0.1736, 0.182, 0.1767, 0.1738, 0.1788, 0.1812, 0.1784, 0.1866, 0.1807, 0.298, 0.1866, 0.287, 0.1859, 0.1911, 0.1907, 0.2724, 0.3419, 0.282, 0.2966, 0.4488, 0.2915, 0.3057, 0.424, 0.3257, 0.1823, 0.3635, 0.5195, 0.5482, 0.1822, 0.3719, 0.4566, 0.3049, 0.1816, 0.2988, 0.3873, 0.2504, 0.4679, 0.1993, 0.253, 0.2599, 0.2477, 0.3733, 0.3112, 0.3204, 0.2782, 0.3595, 0.2748, 0.1869, 0.2853, 0.1884, 0.225, 0.1899, 0.1934, 0.1914, 0.326, 0.2002, 0.3028, 0.2901, 0.2621, 0.4096, 0.1733, 0.2088]",0.2836869999991904,0.4515606211487465,0.5482204579966492,0,22.977,7.0,0.0
2026-01-28|lgbm_directo|prueba|4|88.9149|base|60|todas|onsite,2026-01-28,lgbm_directo,prueba,4,88.9149,base,60,todas,onsite,59632,7965,67597,2402,669,1733,11229,488,5483,1220,0.2689901599797408,303,"{""devolucion_origen"": 3, ""entrega_sin_recogida"": 234, ""fisico"": 237, ""fuera_servicio"": 0, ""tope"": 0, ""visitas"": 0}",5616,5616,0,0,0,2402,0,14,65,0,74,"[1.2583, 0.2761, 0.2961, 0.2494, 0.2463, 0.1752, 0.3865, 0.2632, 0.2892, 0.3709, 0.2432, 0.2479, 0.2749, 0.1781, 0.174, 0.1741, 0.1764, 0.1747, 0.1761, 0.1726, 0.1739, 0.1844, 0.1751, 0.1971, 0.18, 0.1984, 0.1881, 0.181, 0.3886, 0.3661, 0.4515, 0.351, 0.3845, 0.4112, 0.313, 0.1813, 0.4957, 0.403, 0.319, 0.4918, 0.2847, 0.3773, 0.2878, 0.4175, 0.323, 0.5233, 0.2854, 0.3777, 0.2829, 0.2891, 0.4268, 0.3366, 0.4093, 0.2908, 0.2776, 0.1744, 0.3839, 0.3043, 0.1785, 0.1758, 0.1936, 0.176, 0.1918, 0.1784, 0.1796, 0.1768, 0.1803, 0.1736, 0.1792, 0.3581, 0.3043, 0.178, 0.1613, 0.1587]",0.2690596454995102,0.4655858893536785,1.258286208001664,0,23.287,3.0,0.0
2026-01-29|sin_rebalanceo|prueba|0|0.0|base|60|todas|onsite,2026-01-29,sin_rebalanceo,prueba,0,0.0,base,60,todas,onsite,217708,68953,286661,0,0,0,0,0,13439,7975,0.4712774284890386,873,"{""devolucion_origen"": 0, ""entrega_sin_recogida"": 0, ""fisico"": 0, ""fuera_servicio"": 0, ""tope"": 0, ""visitas"": 0}",0,0,0,0,0,0,0,0,0,0,0,[],0.0,0.0,0.0,0,2.209,0.0,
2026-01-29|ecobici|prueba|0|0.0|base|60|todas|onsite,2026-01-29,ecobici,prueba,0,0.0,base,60,todas,onsite,116667,25023,141690,2343,1117,1226,12419,0,4127,1846,0.3167914464617244,382,"{""devolucion_origen"": 0, ""entrega_sin_recogida"": 0, ""fisico"": 293, ""fuera_servicio"": 0, ""tope"": 0, ""visitas"": 0}",5990,6136,0,146,0,2314,0,65,132,0,0,[],0.0,0.0,0.0,0,2.155,0.0,2314.0
2026-01-29|oraculo_diario|prueba|4|57.5805|base|60|todas|onsite,2026-01-29,oraculo_diario,prueba,4,57.5805,base,60,todas,onsite,44964,2873,47837,2617,661,1956,11902,529,4233,693,0.3043989443634544,246,"{""devolucion_origen"": 26, ""entrega_sin_recogida"": 328, ""fisico"": 354, ""fuera_servicio"": 0, ""tope"": 0, ""visitas"": 0}",5964,5964,0,0,0,2617,0,14,67,0,74,"[0.2651, 0.4583, 0.5083, 0.3755, 0.2682, 0.2443, 0.3359, 0.3378, 0.1693, 0.2238, 0.1707, 0.2313, 0.2215, 0.1729, 0.3806, 0.1752, 0.1704, 0.1675, 0.1718, 0.1968, 0.1814, 0.2848, 0.2704, 0.3144, 0.1821, 0.2669, 0.3207, 0.3282, 0.3679, 0.1793, 0.1857, 0.1825, 0.3184, 0.3683, 0.3464, 0.3066, 0.4729, 0.2633, 0.2496, 0.4299, 0.2604, 0.3427, 0.2428, 0.3622, 0.3384, 0.2625, 0.2627, 0.2613, 0.2424, 0.2439, 0.3001, 0.3506, 0.2911, 0.5705, 0.397, 0.2633, 0.1784, 0.2017, 0.3385, 0.1757, 0.325, 0.1866, 0.3201, 0.2939, 0.3434, 0.1886, 0.1819, 0.183, 0.3231, 0.1818, 0.3006, 0.1728, 0.1775, 0.1686]",0.2633339579988387,0.4398734755533949,0.5705473330017412,0,22.506,26.0,0.0
2026-01-29|ma_diaria|prueba|4|72.8507|base|60|todas|onsite,2026-01-29,ma_diaria,prueba,4,72.8507,base,60,todas,onsite,60978,3539,64517,2584,670,1914,12258,517,5140,758,0.2779598693022803,332,"{""devolucion_origen"": 6, ""entrega_sin_recogida"": 232, ""fisico"": 238, ""fuera_servicio"": 0, ""tope"": 0, ""visitas"": 0}",6132,6132,0,0,0,2584,0,14,67,0,74,"[0.1787, 0.522, 0.4581, 0.4992, 0.325, 0.3966, 0.4054, 0.4625, 0.3552, 0.237, 0.1676, 0.2791, 0.2812, 0.1693, 0.1644, 0.169, 0.1685, 0.1718, 0.1746, 0.1758, 0.1765, 0.1834, 0.3478, 0.1843, 0.1852, 0.4185, 0.3598, 0.1833, 0.1833, 0.5922, 0.4262, 0.4135, 0.3531, 0.4798, 0.4932, 0.1827, 0.3116, 0.3654, 0.4171, 0.4693, 0.5039, 0.3116, 0.4674, 0.3951, 0.2848, 0.3562, 0.3425, 0.2616, 0.2763, 0.2602, 0.4557, 0.3784, 0.5039, 0.2688, 0.266, 0.2855, 0.3035, 0.2776, 0.1705, 0.1732, 0.1773, 0.1742, 0.1782, 0.1764, 0.1821, 0.1779, 0.1765, 0.1822, 0.1743, 0.1771, 0.3411, 0.2809, 0.1877, 0.165]",0.2783249170024646,0.5008775477985182,0.5922244579996914,0,24.006,6.0,0.0
2026-01-29|lgbm_diario|prueba|4|72.7447|base|60|todas|onsite,2026-01-29,lgbm_diario,prueba,4,72.7447,base,60,todas,onsite,59396,4175,63571,2661,685,1976,12098,519,4982,770,0.2682979463267856,308,"{""devolucion_origen"": 4, ""entrega_sin_recogida"": 221, ""fisico"": 225, ""fuera_servicio"": 0, ""tope"": 0, ""visitas"": 0}",6051,6051,0,0,0,2661,0,14,67,0,74,"[0.3918, 0.398, 0.539, 0.3203, 0.4869, 0.4308, 0.3405, 0.6283, 0.2323, 0.2344, 0.1672, 0.2337, 0.3247, 0.1648, 0.1738, 0.1719, 0.1985, 0.1709, 0.1742, 0.1901, 0.1827, 0.178, 0.481, 0.1758, 0.365, 0.3705, 0.4181, 0.1829, 0.438, 0.5153, 0.3535, 0.7428, 0.5809, 0.488, 0.3619, 0.5689, 0.1809, 0.4431, 0.1808, 0.3978, 0.5342, 0.5074, 0.4963, 0.508, 0.2748, 0.3263, 0.3744, 0.2678, 0.415, 0.1762, 0.4069, 0.356, 0.4245, 0.4635, 0.2985, 0.475, 0.3031, 0.2942, 0.2856, 0.1745, 0.1739, 0.1754, 0.1741, 0.1757, 0.1744, 0.1771, 0.1766, 0.1882, 0.1782, 0.1754, 0.3219, 0.2877, 0.1828, 0.1633]",0.3008371249998163,0.5494208546017033,0.742840916995192,0,25.904,4.0,0.0
2026-01-29|oraculo_directo|prueba|4|39.0694|base|60|todas|onsite,2026-01-29,oraculo_directo,prueba,4,39.0694,base,60,todas,onsite,31581,2316,33897,2653,715,1938,11043,483,2365,527,0.2515447646827596,164,"{""devolucion_origen"": 3, ""entrega_sin_recogida"": 411, ""fisico"": 414, ""fuera_servicio"": 0, ""tope"": 0, ""visitas"": 0}",5523,5523,0,0,0,2653,0,14,67,0,74,"[0.2681, 0.2573, 0.5952, 0.4057, 0.2675, 0.2316, 0.1795, 0.2482, 0.252, 0.227, 0.2501, 0.1791, 0.1733, 0.172, 0.1741, 0.1735, 0.1757, 0.1734, 0.2466, 0.1795, 0.2619, 0.2622, 0.3428, 0.3234, 0.2872, 0.2769, 0.3484, 0.3874, 0.3942, 0.2765, 0.288, 0.4672, 0.3804, 0.1861, 0.1827, 0.4651, 0.4343, 0.3406, 0.2679, 0.3448, 0.3036, 0.4934, 0.284, 0.3636, 0.2528, 0.2559, 0.1821, 0.1753, 0.1753, 0.329, 0.3078, 0.2914, 0.3195, 0.5079, 0.504, 0.2898, 0.3352, 0.363, 0.3895, 0.3015, 0.2833, 0.2847, 0.1822, 0.1819, 0.1829, 0.1878, 0.1896, 0.1772, 0.1843, 0.3196, 0.2589, 0.275, 0.1716, 0.2078]",0.268030645998806,0.4763325955009348,0.5952090420032619,0,23.067,3.0,0.0
2026-01-29|lgbm_directo|prueba|4|88.9149|base|60|todas|onsite,2026-01-29,lgbm_directo,prueba,4,88.9149,base,60,todas,onsite,62605,3655,66260,2522,662,1860,12526,581,5741,788,0.2852678921194767,339,"{""devolucion_origen"": 8, ""entrega_sin_recogida"": 332, ""fisico"": 340, ""fuera_servicio"": 0, ""tope"": 0, ""visitas"": 0}",6267,6267,0,0,0,2522,0,14,67,0,74,"[1.2501, 0.2944, 0.1783, 0.4146, 0.2983, 0.3195, 0.5765, 0.2381, 0.1676, 0.259, 0.2812, 0.4611, 0.5384, 0.2893, 0.1682, 0.1737, 0.1691, 0.1701, 0.1746, 0.1722, 0.1753, 0.1786, 0.3809, 0.2163, 0.1878, 0.64, 0.3487, 0.3987, 0.4618, 0.4669, 0.427, 0.5546, 0.4438, 0.6106, 0.7882, 0.1821, 0.4611, 0.3018, 0.3439, 0.3574, 0.3127, 0.5624, 0.1811, 0.6804, 0.3284, 0.6244, 0.4316, 0.3526, 0.5726, 0.307, 0.4243, 0.3627, 0.2926, 0.5168, 0.4844, 0.2895, 0.3285, 0.2926, 0.2926, 0.3181, 0.1788, 0.1778, 0.179, 0.1842, 0.1738, 0.1749, 0.1781, 0.1796, 0.179, 0.3598, 0.3056, 0.1849, 0.171, 0.1627]",0.3037119790024007,0.6298537898012,1.2501474169985158,0,27.476,8.0,0.0
2026-01-30|sin_rebalanceo|prueba|0|0.0|base|60|todas|onsite,2026-01-30,sin_rebalanceo,prueba,0,0.0,base,60,todas,onsite,179983,51273,231256,0,0,0,0,0,10916,6130,0.4384403420838997,823,"{""devolucion_origen"": 0, ""entrega_sin_recogida"": 0, ""fisico"": 0, ""fuera_servicio"": 0, ""tope"": 0, ""visitas"": 0}",0,0,0,0,0,0,0,0,0,0,0,[],0.0,0.0,0.0,0,2.119,0.0,
2026-01-30|ecobici|prueba|0|0.0|base|60|todas|onsite,2026-01-30,ecobici,prueba,0,0.0,base,60,todas,onsite,76749,10113,86862,2341,1147,1194,12017,0,1783,313,0.2549675145342128,254,"{""devolucion_origen"": 0, ""entrega_sin_recogida"": 0, ""fisico"": 94, ""fuera_servicio"": 0, ""tope"": 0, ""visitas"": 0}",5906,6017,0,111,0,2327,0,70,120,0,0,[],0.0,0.0,0.0,0,2.106,0.0,2327.0
2026-01-30|oraculo_diario|prueba|4|57.5805|base|60|todas|onsite,2026-01-30,oraculo_diario,prueba,4,57.5805,base,60,todas,onsite,31832,1859,33691,2236,558,1678,10671,457,2397,295,0.2600058587944294,214,"{""devolucion_origen"": 17, ""entrega_sin_recogida"": 275, ""fisico"": 292, ""fuera_servicio"": 0, ""tope"": 0, ""visitas"": 0}",5344,5344,0,0,0,2238,2,14,64,0,74,"[0.1795, 0.302, 0.4094, 0.2922, 0.3576, 0.5708, 0.4415, 0.2686, 0.2399, 0.2866, 0.291, 0.3007, 0.301, 0.2521, 0.242, 0.2886, 0.284, 0.178, 0.2832, 0.1765, 0.1916, 0.187, 0.4172, 0.2901, 0.3356, 0.3299, 0.1838, 0.4173, 0.2926, 0.1837, 0.1827, 0.6354, 0.2737, 0.5441, 0.3833, 0.6125, 0.2905, 0.1803, 0.2772, 0.176, 0.3471, 0.1772, 0.5359, 0.2536, 0.1787, 0.4666, 0.3543, 0.3147, 0.2933, 0.7094, 0.4625, 0.5256, 0.1766, 0.2568, 0.4034, 0.262, 0.3175, 0.4156, 0.3108, 0.339, 0.3093, 0.2902, 0.2899, 0.3167, 0.3415, 0.3417, 0.1871, 0.3157, 0.1923, 0.1759, 0.1751, 0.177, 0.1751, 0.17]",0.2907643124963215,0.5534336749020439,0.7093607089991565,0,25.074,17.0,0.0
2026-01-30|ma_diaria|prueba|4|72.8507|base|60|todas|onsite,2026-01-30,ma_diaria,prueba,4,72.8507,base,60,todas,onsite,47331,3191,50522,2262,590,1672,10744,583,3670,451,0.2584868356315495,310,"{""devolucion_origen"": 14, ""entrega_sin_recogida"": 251, ""fisico"": 265, ""fuera_servicio"": 0, ""tope"": 0, ""visitas"": 0}",5379,5379,0,0,0,2262,0,14,67,0,74,"[0.2941, 0.3516, 0.2803, 0.3273, 0.3429, 0.2763, 0.2684, 0.315, 0.2918, 0.383, 0.3687, 0.2915, 0.2636, 0.1752, 0.1695, 0.1773, 0.1757, 0.1711, 0.171, 0.177, 0.1831, 0.1756, 0.1804, 0.1764, 0.4094, 0.3705, 0.1811, 0.1808, 0.1815, 0.4418, 0.3724, 0.3531, 0.404, 0.3676, 0.3468, 0.4056, 0.1855, 0.4775, 0.5069, 0.2925, 0.184, 0.4283, 0.3841, 0.4088, 0.3386, 0.4343, 0.3163, 0.3466, 0.1779, 0.278, 0.3635, 0.4383, 0.487, 0.3067, 0.3091, 0.2795, 0.3157, 0.3054, 0.306, 0.3185, 0.3907, 0.1797, 0.1805, 0.186, 0.1826, 0.1802, 0.177, 0.1748, 0.3323, 0.1878, 0.2736, 0.2926, 0.1659, 0.166]",0.2925627504992008,0.4395080606496776,0.5069274999987101,0,23.393,14.0,0.0
2026-01-30|lgbm_diario|prueba|4|72.7447|base|60|todas|onsite,2026-01-30,lgbm_diario,prueba,4,72.7447,base,60,todas,onsite,46063,3572,49635,2222,534,1688,10197,503,3356,440,0.254639284834213,300,"{""devolucion_origen"": 7, ""entrega_sin_recogida"": 165, ""fisico"": 172, ""fuera_servicio"": 0, ""tope"": 0, ""visitas"": 0}",5102,5102,0,0,0,2222,0,14,60,0,74,"[0.1821, 0.2745, 0.2939, 0.5158, 0.283, 0.3479, 0.4637, 0.4042, 0.2566, 0.256, 0.2987, 0.2572, 0.1727, 0.1742, 0.1764, 0.1686, 0.17, 0.1732, 0.1765, 0.1777, 0.1771, 0.1775, 0.1829, 0.1817, 0.3896, 0.373, 0.3939, 0.4495, 0.3733, 0.1869, 0.4339, 0.4231, 0.3618, 0.3898, 0.5546, 0.4066, 0.4055, 0.468, 0.3188, 0.3156, 0.1946, 0.6654, 0.5539, 0.4643, 0.3981, 0.6098, 0.359, 0.3712, 0.415, 0.3764, 0.3971, 0.3194, 0.4051, 0.3307, 0.4085, 0.2979, 0.3232, 0.1766, 0.1799, 0.2, 0.1828, 0.1819, 0.2003, 0.1901, 0.19, 0.1804, 0.1757, 0.1742, 0.1857, 0.1766, 0.1711, 0.2888, 0.1795, 0.1739]",0.2913342920001014,0.5291286540497819,0.6653681249954388,0,24.532,7.0,0.0
2026-01-30|oraculo_directo|prueba|4|39.0694|base|60|todas|onsite,2026-01-30,oraculo_directo,prueba,4,39.0694,base,60,todas,onsite,23240,1888,25128,2332,588,1744,9508,353,1353,288,0.2130496250168373,150,"{""devolucion_origen"": 2, ""entrega_sin_recogida"": 375, ""fisico"": 377, ""fuera_servicio"": 0, ""tope"": 0, ""visitas"": 0}",4755,4755,0,0,0,2334,2,14,67,0,74,"[0.4525, 0.3518, 0.3215, 0.4638, 0.3758, 0.1762, 0.434, 0.2925, 0.2451, 0.5137, 0.2519, 0.167, 0.3033, 0.1799, 0.4246, 0.2908, 0.2743, 0.3107, 0.3574, 0.3351, 0.3292, 0.6564, 0.8502, 0.2929, 0.3082, 0.3093, 0.1901, 0.2914, 0.2926, 0.4649, 0.4834, 0.547, 0.4115, 0.3263, 0.368, 0.183, 0.3201, 0.3773, 0.3095, 0.3847, 0.4653, 0.3329, 0.4624, 0.4984, 0.4443, 0.4517, 0.3613, 0.3049, 0.3171, 0.3839, 0.3841, 0.2545, 0.3183, 0.2768, 0.2807, 0.3301, 0.3219, 0.1843, 0.2967, 0.2996, 0.3042, 0.1819, 0.1783, 0.1801, 0.1846, 0.1894, 0.1954, 0.3074, 0.2809, 0.3135, 0.2558, 0.1787, 0.172, 0.1717]",0.3100906250001571,0.5037511233505938,0.8502406669940683,0,26.4,2.0,0.0
2026-01-30|lgbm_directo|prueba|4|88.9149|base|60|todas|onsite,2026-01-30,lgbm_directo,prueba,4,88.9149,base,60,todas,onsite,50057,3705,53762,2153,539,1614,11060,572,3900,548,0.2523247821260201,323,"{""devolucion_origen"": 10, ""entrega_sin_recogida"": 277, ""fisico"": 287, ""fuera_servicio"": 0, ""tope"": 0, ""visitas"": 0}",5535,5535,0,0,0,2153,0,14,60,0,74,"[1.3232, 0.4193, 0.358, 0.1862, 0.3261, 0.4069, 0.3615, 0.352, 0.1763, 0.3467, 0.2573, 0.3749, 0.2919, 0.2883, 0.1769, 0.1848, 0.2048, 0.1795, 0.3388, 0.2098, 0.3828, 0.1787, 0.397, 0.5087, 0.4017, 0.4367, 0.3848, 0.4639, 0.1858, 0.4261, 0.3652, 0.4109, 0.3561, 0.4159, 0.3569, 0.3304, 0.3513, 0.189, 0.3245, 0.1819, 0.1789, 0.3717, 0.4998, 0.644, 0.7522, 0.3371, 0.4686, 0.3777, 0.3365, 0.5659, 0.4734, 0.3469, 0.3486, 0.4178, 0.299, 0.3021, 0.3937, 0.441, 0.3571, 0.3372, 0.3487, 0.3623, 0.1799, 0.1865, 0.1895, 0.1849, 0.1787, 0.1806, 0.1783, 0.3557, 0.3428, 0.1831, 0.1719, 0.1628]",0.3477345419996709,0.5287158578968952,1.323167041002307,0,27.447,10.0,0.0
2026-01-31|sin_rebalanceo|prueba|0|0.0|base|60|todas|onsite,2026-01-31,sin_rebalanceo,prueba,0,0.0,base,60,todas,onsite,101691,24485,126176,0,0,0,0,0,2210,958,0.2656535413106652,127,"{""devolucion_origen"": 0, ""entrega_sin_recogida"": 0, ""fisico"": 0, ""fuera_servicio"": 0, ""tope"": 0, ""visitas"": 0}",0,0,0,0,0,0,0,0,0,0,0,[],0.0,0.0,0.0,0,1.762,0.0,
2026-01-31|ecobici|prueba|0|0.0|base|60|todas|onsite,2026-01-31,ecobici,prueba,0,0.0,base,60,todas,onsite,55418,13975,69393,1062,587,475,3721,0,156,32,0.2154399854456521,48,"{""devolucion_origen"": 0, ""entrega_sin_recogida"": 0, ""fisico"": 0, ""fuera_servicio"": 0, ""tope"": 0, ""visitas"": 0}",1832,1889,0,57,0,1062,0,24,56,0,0,[],0.0,0.0,0.0,0,1.845,0.0,1062.0
2026-01-31|oraculo_diario|prueba|4|57.5805|base|60|todas|onsite,2026-01-31,oraculo_diario,prueba,4,57.5805,base,60,todas,onsite,16633,1258,17891,1008,197,811,3345,112,208,8,0.2226909216536157,21,"{""devolucion_origen"": 5, ""entrega_sin_recogida"": 21, ""fisico"": 26, ""fuera_servicio"": 0, ""tope"": 0, ""visitas"": 0}",1675,1675,0,0,0,1008,0,14,67,0,74,"[0.1819, 0.1886, 0.1869, 0.186, 0.196, 0.1901, 0.3354, 0.1912, 0.1912, 0.1815, 0.1877, 0.3236, 0.3235, 0.1833, 0.4042, 0.3105, 0.3006, 0.3101, 0.3127, 0.3657, 0.3264, 0.3035, 0.3675, 0.3099, 0.3954, 0.3919, 0.3119, 0.1829, 0.313, 0.1811, 0.317, 0.3397, 0.5577, 0.3355, 0.4123, 0.3077, 0.3184, 0.2954, 0.3376, 0.357, 0.3226, 0.1866, 0.3401, 0.3159, 0.1892, 0.4899, 0.3347, 0.31, 0.3932, 0.1875, 0.1855, 0.3117, 0.1917, 0.1792, 0.3458, 0.34, 0.1865, 0.4177, 0.185, 0.3243, 0.1956, 0.3971, 0.3737, 0.3728, 0.3198, 0.3593, 0.3374, 0.3817, 0.194, 0.3156, 0.3012, 0.1699, 0.1722, 0.1659]",0.3122991250020277,0.4070307061519997,0.5576662079984089,0,23.268,5.0,0.0
2026-01-31|ma_diaria|prueba|4|72.8507|base|60|todas|onsite,2026-01-31,ma_diaria,prueba,4,72.8507,base,60,todas,onsite,32544,2930,35474,1101,194,907,3247,141,886,93,0.2255670862424455,59,"{""devolucion_origen"": 1, ""entrega_sin_recogida"": 4, ""fisico"": 5, ""fuera_servicio"": 0, ""tope"": 0, ""visitas"": 0}",1624,1624,0,0,0,1101,0,14,63,0,74,"[0.1798, 0.1855, 0.4369, 0.3807, 0.3933, 0.4288, 0.3872, 0.4131, 0.1828, 0.1835, 0.4417, 0.387, 0.3223, 0.3192, 0.3427, 0.3079, 0.5403, 0.1882, 0.3716, 0.5803, 0.7692, 0.5506, 0.1842, 0.1809, 0.3804, 0.1792, 0.1914, 0.1984, 0.1981, 0.4083, 0.1883, 0.1851, 0.182, 0.1897, 0.4968, 0.1906, 0.1788, 0.1889, 0.5057, 0.446, 0.3779, 0.1881, 0.4676, 0.1832, 0.1847, 0.1823, 0.1853, 0.1868, 0.4772, 0.1826, 0.5128, 0.3812, 0.4098, 0.4119, 0.3799, 0.1841, 0.3349, 0.1924, 0.4606, 0.2102, 0.1857, 0.1874, 0.4697, 0.4563, 0.1862, 0.1843, 0.1874, 0.1831, 0.1819, 0.1749, 0.329, 0.3, 0.1881, 0.171]",0.2042966039953171,0.5223800500974901,0.7692022909977823,0,24.268,1.0,0.0
2026-01-31|lgbm_diario|prueba|4|72.7447|base|60|todas|onsite,2026-01-31,lgbm_diario,prueba,4,72.7447,base,60,todas,onsite,32743,2883,35626,1109,184,925,3151,119,929,88,0.2220425122341874,63,"{""devolucion_origen"": 1, ""entrega_sin_recogida"": 11, ""fisico"": 12, ""fuera_servicio"": 0, ""tope"": 0, ""visitas"": 0}",1576,1576,0,0,0,1109,0,14,64,0,74,"[0.1717, 0.1785, 0.3368, 0.3252, 0.1888, 0.1929, 0.4288, 0.3821, 0.3856, 0.1882, 0.3973, 0.331, 0.3373, 0.1854, 0.3794, 0.3481, 0.341, 0.3969, 0.3672, 0.1834, 0.7353, 0.4183, 0.1858, 0.7232, 0.3666, 0.1765, 0.4098, 0.4181, 0.18, 0.1865, 0.1842, 0.1842, 0.1859, 0.1834, 0.3852, 0.1843, 0.4002, 0.4582, 0.1906, 0.3723, 0.1835, 0.1822, 0.1777, 0.1831, 0.401, 0.188, 0.1845, 0.1834, 0.4581, 0.4378, 0.5184, 0.4251, 0.1899, 0.4094, 0.4618, 0.4488, 0.1805, 0.1832, 0.4196, 0.1843, 0.4024, 0.1833, 0.1857, 0.1891, 0.1803, 0.1813, 0.1845, 0.1851, 0.1873, 0.3295, 0.1733, 0.1681, 0.1805, 0.1642]",0.1895159375017101,0.4594639793955138,0.7353402919979999,0,23.286,1.0,0.0
2026-01-31|oraculo_directo|prueba|4|39.0694|base|60|todas|onsite,2026-01-31,oraculo_directo,prueba,4,39.0694,base,60,todas,onsite,15326,1052,16378,828,180,648,2370,97,110,6,0.2146726933197432,17,"{""devolucion_origen"": 0, ""entrega_sin_recogida"": 11, ""fisico"": 11, ""fuera_servicio"": 0, ""tope"": 0, ""visitas"": 0}",1185,1185,0,0,0,828,0,14,67,0,74,"[0.1805, 0.1852, 0.1876, 0.4118, 0.1858, 0.1886, 0.1864, 0.1886, 0.3442, 0.3663, 0.1857, 0.1928, 0.1929, 0.2, 0.3272, 0.1843, 0.3122, 0.3433, 0.3523, 0.3156, 0.3177, 0.3177, 0.3144, 0.4322, 0.3952, 0.311, 0.3055, 0.3582, 0.1864, 0.3145, 0.2048, 0.2005, 0.1931, 0.3759, 0.3078, 0.3174, 0.3277, 0.1966, 0.4064, 0.3247, 0.3068, 0.324, 0.1862, 0.1969, 0.189, 0.3456, 0.3805, 0.3544, 0.192, 0.1918, 0.3319, 0.3573, 0.1825, 0.1909, 0.1926, 0.1814, 0.3349, 0.1859, 0.1954, 0.3463, 0.189, 0.3583, 0.3753, 0.3613, 0.1931, 0.6465, 0.7083, 0.1795, 0.1848, 0.2893, 0.1749, 0.1738, 0.1707, 0.1702]",0.2973916670016479,0.4082867454017104,0.7083309169975109,0,22.283,0.0,0.0
2026-01-31|lgbm_directo|prueba|4|88.9149|base|60|todas|onsite,2026-01-31,lgbm_directo,prueba,4,88.9149,base,60,todas,onsite,31731,2672,34403,1237,217,1020,4438,161,995,72,0.2211882173171856,63,"{""devolucion_origen"": 2, ""entrega_sin_recogida"": 20, ""fisico"": 22, ""fuera_servicio"": 0, ""tope"": 0, ""visitas"": 0}",2220,2220,0,0,0,1239,2,14,55,0,74,"[1.1173, 0.3827, 0.1806, 0.3918, 0.1915, 0.1875, 0.1936, 0.5019, 0.398, 0.3792, 0.3745, 0.1841, 0.3871, 0.396, 0.3398, 0.3743, 0.1872, 0.4172, 0.3732, 0.3441, 0.3789, 0.7671, 0.3697, 0.3754, 0.177, 0.1772, 0.3757, 0.3656, 0.4596, 0.4838, 0.3881, 0.3907, 0.3762, 0.4817, 0.3802, 0.1923, 0.3802, 0.6425, 0.5531, 0.3711, 0.1748, 0.1792, 0.1823, 0.4936, 0.3807, 0.382, 0.1837, 0.1802, 0.5352, 0.538, 0.205, 0.1787, 0.1808, 0.1786, 0.1784, 0.1808, 0.1811, 0.1897, 0.1888, 0.1868, 0.3153, 0.1864, 0.188, 0.4214, 0.5251, 0.5689, 0.4173, 0.1874, 0.1821, 0.3409, 0.1682, 0.1837, 0.1641, 0.1577]",0.3676626454980578,0.5586493960494407,1.117288624998764,0,26.206,2.0,0.0
