start,moves,moves_con_undo,moves_stock,day
2025-08-01 05:30:00,74,133,137,2025-08-01
2025-08-01 05:45:00,68,119,123,2025-08-01
2025-08-01 06:00:00,95,157,165,2025-08-01
2025-08-01 06:15:00,77,120,126,2025-08-01
2025-08-01 06:30:00,88,131,141,2025-08-01
2025-08-01 06:45:00,105,172,185,2025-08-01
2025-08-01 07:00:00,68,134,144,2025-08-01
2025-08-01 07:15:00,83,167,178,2025-08-01
2025-08-01 07:30:00,76,161,170,2025-08-01
2025-08-01 07:45:00,96,188,197,2025-08-01
2025-08-01 08:00:00,129,239,250,2025-08-01
2025-08-01 08:15:00,155,283,294,2025-08-01
2025-08-01 08:30:00,159,300,313,2025-08-01
2025-08-01 08:45:00,165,302,315,2025-08-01
2025-08-01 09:00:00,171,289,304,2025-08-01
2025-08-01 09:15:00,189,293,311,2025-08-01
2025-08-01 09:30:00,201,297,310,2025-08-01
2025-08-01 09:45:00,194,287,297,2025-08-01
2025-08-01 10:00:00,191,287,294,2025-08-01
2025-08-01 10:15:00,181,278,283,2025-08-01
2025-08-01 10:30:00,165,250,258,2025-08-01
2025-08-01 10:45:00,160,242,254,2025-08-01
2025-08-01 11:00:00,159,244,257,2025-08-01
2025-08-01 11:15:00,141,225,241,2025-08-01
2025-08-01 11:30:00,143,236,250,2025-08-01
2025-08-01 11:45:00,135,233,246,2025-08-01
2025-08-01 12:00:00,120,225,236,2025-08-01
2025-08-01 12:15:00,121,241,249,2025-08-01
2025-08-01 12:30:00,105,236,244,2025-08-01
2025-08-01 12:45:00,110,250,259,2025-08-01
2025-08-01 13:00:00,105,250,260,2025-08-01
2025-08-01 13:15:00,105,262,274,2025-08-01
2025-08-01 13:30:00,112,288,304,2025-08-01
2025-08-01 13:45:00,105,300,313,2025-08-01
2025-08-01 14:00:00,108,313,326,2025-08-01
2025-08-01 14:15:00,94,278,289,2025-08-01
2025-08-01 14:30:00,76,223,231,2025-08-01
2025-08-01 14:45:00,62,171,179,2025-08-01
2025-08-01 15:00:00,44,124,131,2025-08-01
2025-08-01 15:15:00,40,109,115,2025-08-01
2025-08-01 15:30:00,42,107,114,2025-08-01
2025-08-01 15:45:00,51,118,126,2025-08-01
2025-08-01 16:00:00,67,142,151,2025-08-01
2025-08-01 16:15:00,86,176,187,2025-08-01
2025-08-01 16:30:00,112,230,242,2025-08-01
2025-08-01 16:45:00,131,275,294,2025-08-01
2025-08-01 17:00:00,199,350,369,2025-08-01
2025-08-01 17:15:00,166,285,301,2025-08-01
2025-08-01 17:30:00,196,304,317,2025-08-01
2025-08-01 17:45:00,161,225,229,2025-08-01
2025-08-01 18:00:00,157,217,227,2025-08-01
2025-08-01 18:15:00,157,217,227,2025-08-01
2025-08-01 18:30:00,89,118,127,2025-08-01
2025-08-01 18:45:00,212,272,281,2025-08-01
2025-08-01 19:00:00,123,154,154,2025-08-01
2025-08-01 19:15:00,123,154,154,2025-08-01
2025-08-01 19:30:00,208,265,266,2025-08-01
2025-08-01 19:45:00,85,111,112,2025-08-01
2025-08-01 20:00:00,85,111,112,2025-08-01
2025-08-01 20:15:00,172,268,272,2025-08-01
2025-08-01 20:30:00,87,157,160,2025-08-01
2025-08-01 20:45:00,145,310,314,2025-08-01
2025-08-01 21:00:00,145,310,314,2025-08-01
2025-08-01 21:15:00,95,270,271,2025-08-01
2025-08-01 21:30:00,113,339,341,2025-08-01
2025-08-01 21:45:00,55,186,187,2025-08-01
2025-08-01 22:00:00,67,236,238,2025-08-01
2025-08-01 22:15:00,51,195,198,2025-08-01
2025-08-01 22:30:00,40,148,154,2025-08-01
2025-08-01 22:45:00,43,167,181,2025-08-01
2025-08-01 23:00:00,40,139,174,2025-08-01
2025-08-01 23:15:00,31,79,147,2025-08-01
2025-08-01 23:30:00,24,57,121,2025-08-01
2025-08-02 05:30:00,34,44,45,2025-08-02
2025-08-02 05:45:00,30,40,40,2025-08-02
2025-08-02 06:00:00,40,56,56,2025-08-02
2025-08-02 06:15:00,48,67,68,2025-08-02
2025-08-02 06:30:00,51,78,80,2025-08-02
2025-08-02 06:45:00,63,107,111,2025-08-02
2025-08-02 07:00:00,61,107,114,2025-08-02
2025-08-02 07:15:00,66,121,128,2025-08-02
2025-08-02 07:30:00,74,142,149,2025-08-02
2025-08-02 07:45:00,77,152,158,2025-08-02
2025-08-02 08:00:00,100,179,186,2025-08-02
2025-08-02 08:15:00,98,182,191,2025-08-02
2025-08-02 08:30:00,86,169,177,2025-08-02
2025-08-02 08:45:00,88,168,177,2025-08-02
2025-08-02 09:00:00,75,165,171,2025-08-02
2025-08-02 09:15:00,79,170,174,2025-08-02
2025-08-02 09:30:00,83,170,176,2025-08-02
2025-08-02 09:45:00,92,177,182,2025-08-02
2025-08-02 10:00:00,97,165,169,2025-08-02
2025-08-02 10:15:00,107,169,174,2025-08-02
2025-08-02 10:30:00,110,175,178,2025-08-02
2025-08-02 10:45:00,98,163,166,2025-08-02
2025-08-02 11:00:00,89,169,176,2025-08-02
2025-08-02 11:15:00,69,165,172,2025-08-02
2025-08-02 11:30:00,60,163,171,2025-08-02
2025-08-02 11:45:00,58,169,177,2025-08-02
2025-08-02 12:00:00,50,165,169,2025-08-02
2025-08-02 12:15:00,46,163,166,2025-08-02
2025-08-02 12:30:00,38,166,169,2025-08-02
2025-08-02 12:45:00,37,166,170,2025-08-02
2025-08-02 13:00:00,42,175,182,2025-08-02
2025-08-02 13:15:00,48,185,194,2025-08-02
2025-08-02 13:30:00,59,181,193,2025-08-02
2025-08-02 13:45:00,61,188,204,2025-08-02
2025-08-02 14:00:00,57,187,206,2025-08-02
2025-08-02 14:15:00,52,175,194,2025-08-02
2025-08-02 14:30:00,42,168,185,2025-08-02
2025-08-02 14:45:00,43,166,177,2025-08-02
2025-08-02 15:00:00,45,169,177,2025-08-02
2025-08-02 15:15:00,48,174,180,2025-08-02
2025-08-02 15:30:00,47,176,182,2025-08-02
2025-08-02 15:45:00,41,169,176,2025-08-02
2025-08-02 16:00:00,46,160,166,2025-08-02
2025-08-02 16:15:00,54,166,171,2025-08-02
2025-08-02 16:30:00,65,176,184,2025-08-02
2025-08-02 16:45:00,74,173,185,2025-08-02
2025-08-02 17:00:00,98,195,211,2025-08-02
2025-08-02 17:15:00,76,143,159,2025-08-02
2025-08-02 17:30:00,60,95,106,2025-08-02
2025-08-02 17:45:00,70,113,123,2025-08-02
2025-08-02 18:00:00,27,52,56,2025-08-02
2025-08-02 18:15:00,47,89,97,2025-08-02
2025-08-02 18:30:00,47,89,97,2025-08-02
2025-08-02 18:45:00,20,37,41,2025-08-02
2025-08-02 19:00:00,61,87,94,2025-08-02
2025-08-02 19:15:00,41,50,53,2025-08-02
2025-08-02 19:30:00,41,50,53,2025-08-02
2025-08-02 19:45:00,41,50,53,2025-08-02
2025-08-02 20:00:00,37,47,49,2025-08-02
2025-08-02 20:15:00,37,47,49,2025-08-02
2025-08-02 20:30:00,37,47,49,2025-08-02
2025-08-02 20:45:00,44,63,69,2025-08-02
2025-08-02 21:00:00,7,16,20,2025-08-02
2025-08-02 21:15:00,12,34,38,2025-08-02
2025-08-02 21:30:00,12,34,38,2025-08-02
2025-08-02 21:45:00,14,43,43,2025-08-02
2025-08-02 22:00:00,14,43,43,2025-08-02
2025-08-02 22:15:00,10,38,39,2025-08-02
2025-08-02 22:30:00,13,51,54,2025-08-02
2025-08-02 22:45:00,6,38,41,2025-08-02
2025-08-02 23:00:00,7,49,52,2025-08-02
2025-08-02 23:15:00,15,50,52,2025-08-02
2025-08-02 23:30:00,12,37,37,2025-08-02
2025-08-03 05:30:00,11,40,40,2025-08-03
2025-08-03 05:45:00,11,36,36,2025-08-03
2025-08-03 06:00:00,15,39,41,2025-08-03
2025-08-03 06:15:00,12,26,28,2025-08-03
2025-08-03 06:30:00,10,23,26,2025-08-03
2025-08-03 06:45:00,20,44,48,2025-08-03
2025-08-03 07:00:00,25,55,58,2025-08-03
2025-08-03 07:15:00,39,80,86,2025-08-03
2025-08-03 07:30:00,48,99,106,2025-08-03
2025-08-03 07:45:00,52,115,121,2025-08-03
2025-08-03 08:00:00,58,136,144,2025-08-03
2025-08-03 08:15:00,72,160,165,2025-08-03
2025-08-03 08:30:00,89,180,185,2025-08-03
2025-08-03 08:45:00,96,194,201,2025-08-03
2025-08-03 09:00:00,108,207,215,2025-08-03
2025-08-03 09:15:00,109,217,230,2025-08-03
2025-08-03 09:30:00,104,227,241,2025-08-03
2025-08-03 09:45:00,106,228,247,2025-08-03
2025-08-03 10:00:00,92,213,235,2025-08-03
2025-08-03 10:15:00,90,217,240,2025-08-03
2025-08-03 10:30:00,103,235,257,2025-08-03
2025-08-03 10:45:00,106,243,261,2025-08-03
2025-08-03 11:00:00,122,269,284,2025-08-03
2025-08-03 11:15:00,131,294,309,2025-08-03
2025-08-03 11:30:00,128,297,315,2025-08-03
2025-08-03 11:45:00,126,289,310,2025-08-03
2025-08-03 12:00:00,110,265,286,2025-08-03
2025-08-03 12:15:00,93,226,245,2025-08-03
2025-08-03 12:30:00,76,189,208,2025-08-03
2025-08-03 12:45:00,72,189,206,2025-08-03
2025-08-03 13:00:00,83,211,227,2025-08-03
2025-08-03 13:15:00,86,214,228,2025-08-03
2025-08-03 13:30:00,88,229,240,2025-08-03
2025-08-03 13:45:00,77,241,252,2025-08-03
2025-08-03 14:00:00,60,222,234,2025-08-03
2025-08-03 14:15:00,50,211,225,2025-08-03
2025-08-03 14:30:00,45,201,214,2025-08-03
2025-08-03 14:45:00,57,194,205,2025-08-03
2025-08-03 15:00:00,63,196,208,2025-08-03
2025-08-03 15:15:00,68,204,216,2025-08-03
2025-08-03 15:30:00,73,203,216,2025-08-03
2025-08-03 15:45:00,67,194,205,2025-08-03
2025-08-03 16:00:00,69,198,206,2025-08-03
2025-08-03 16:15:00,80,207,213,2025-08-03
2025-08-03 16:30:00,84,210,220,2025-08-03
2025-08-03 16:45:00,105,230,244,2025-08-03
2025-08-03 17:00:00,143,261,280,2025-08-03
2025-08-03 17:15:00,115,203,220,2025-08-03
2025-08-03 17:30:00,92,151,162,2025-08-03
2025-08-03 17:45:00,106,149,163,2025-08-03
2025-08-03 18:00:00,50,66,73,2025-08-03
2025-08-03 18:15:00,92,123,131,2025-08-03
2025-08-03 18:30:00,92,123,131,2025-08-03
2025-08-03 18:45:00,42,57,58,2025-08-03
2025-08-03 19:00:00,92,126,133,2025-08-03
2025-08-03 19:15:00,50,69,75,2025-08-03
2025-08-03 19:30:00,50,69,75,2025-08-03
2025-08-03 19:45:00,50,69,75,2025-08-03
2025-08-03 20:00:00,23,39,47,2025-08-03
2025-08-03 20:15:00,23,39,47,2025-08-03
2025-08-03 20:30:00,23,39,47,2025-08-03
2025-08-03 20:45:00,31,63,72,2025-08-03
2025-08-03 21:00:00,8,24,25,2025-08-03
2025-08-03 21:15:00,9,43,45,2025-08-03
2025-08-03 21:30:00,9,43,45,2025-08-03
2025-08-03 21:45:00,4,32,33,2025-08-03
2025-08-03 22:00:00,4,32,33,2025-08-03
2025-08-03 22:15:00,5,22,22,2025-08-03
2025-08-03 22:30:00,8,32,33,2025-08-03
2025-08-03 22:45:00,5,19,20,2025-08-03
2025-08-03 23:00:00,18,36,37,2025-08-03
2025-08-03 23:15:00,34,46,48,2025-08-03
2025-08-03 23:30:00,31,36,37,2025-08-03
2025-08-04 05:30:00,67,108,110,2025-08-04
2025-08-04 05:45:00,60,94,94,2025-08-04
2025-08-04 06:00:00,84,123,124,2025-08-04
2025-08-04 06:15:00,72,100,101,2025-08-04
2025-08-04 06:30:00,82,131,134,2025-08-04
2025-08-04 06:45:00,82,131,134,2025-08-04
2025-08-04 07:00:00,84,167,171,2025-08-04
2025-08-04 07:15:00,122,237,242,2025-08-04
2025-08-04 07:30:00,130,245,250,2025-08-04
2025-08-04 07:45:00,172,325,337,2025-08-04
2025-08-04 08:00:00,168,314,328,2025-08-04
2025-08-04 08:15:00,195,343,361,2025-08-04
2025-08-04 08:30:00,191,329,352,2025-08-04
2025-08-04 08:45:00,196,316,339,2025-08-04
2025-08-04 09:00:00,217,320,346,2025-08-04
2025-08-04 09:15:00,207,295,319,2025-08-04
2025-08-04 09:30:00,220,300,318,2025-08-04
2025-08-04 09:45:00,211,304,319,2025-08-04
2025-08-04 10:00:00,198,298,311,2025-08-04
2025-08-04 10:15:00,186,288,302,2025-08-04
2025-08-04 10:30:00,174,278,296,2025-08-04
2025-08-04 10:45:00,164,257,272,2025-08-04
2025-08-04 11:00:00,159,246,259,2025-08-04
2025-08-04 11:15:00,151,236,247,2025-08-04
2025-08-04 11:30:00,138,216,224,2025-08-04
2025-08-04 11:45:00,110,166,173,2025-08-04
2025-08-04 12:00:00,127,339,352,2025-08-04
2025-08-04 12:15:00,111,339,354,2025-08-04
2025-08-04 12:30:00,91,334,349,2025-08-04
2025-08-04 12:45:00,109,376,393,2025-08-04
2025-08-04 13:00:00,76,187,197,2025-08-04
2025-08-04 13:15:00,87,189,196,2025-08-04
2025-08-04 13:30:00,105,215,223,2025-08-04
2025-08-04 13:45:00,116,308,314,2025-08-04
2025-08-04 14:00:00,127,400,407,2025-08-04
2025-08-04 14:15:00,132,488,499,2025-08-04
2025-08-04 14:30:00,144,577,586,2025-08-04
2025-08-04 14:45:00,136,504,520,2025-08-04
2025-08-04 15:00:00,121,411,428,2025-08-04
2025-08-04 15:15:00,107,320,332,2025-08-04
2025-08-04 15:30:00,84,222,238,2025-08-04
2025-08-04 15:45:00,85,210,224,2025-08-04
2025-08-04 16:00:00,84,211,227,2025-08-04
2025-08-04 16:15:00,102,246,268,2025-08-04
2025-08-04 16:30:00,120,277,299,2025-08-04
2025-08-04 16:45:00,145,311,330,2025-08-04
2025-08-04 17:00:00,223,404,424,2025-08-04
2025-08-04 17:15:00,184,316,330,2025-08-04
2025-08-04 17:30:00,148,228,237,2025-08-04
2025-08-04 17:45:00,195,271,287,2025-08-04
2025-08-04 18:00:00,94,127,136,2025-08-04
2025-08-04 18:15:00,190,243,257,2025-08-04
2025-08-04 18:30:00,190,243,257,2025-08-04
2025-08-04 18:45:00,96,116,121,2025-08-04
2025-08-04 19:00:00,196,235,242,2025-08-04
2025-08-04 19:15:00,100,119,121,2025-08-04
2025-08-04 19:30:00,100,119,121,2025-08-04
2025-08-04 19:45:00,100,119,121,2025-08-04
2025-08-04 20:00:00,140,150,152,2025-08-04
2025-08-04 20:15:00,140,150,152,2025-08-04
2025-08-04 20:30:00,140,150,152,2025-08-04
2025-08-04 20:45:00,182,208,211,2025-08-04
2025-08-04 21:00:00,42,58,59,2025-08-04
2025-08-04 21:15:00,53,90,91,2025-08-04
2025-08-04 21:30:00,53,90,91,2025-08-04
2025-08-04 21:45:00,19,57,59,2025-08-04
2025-08-04 22:00:00,19,57,59,2025-08-04
2025-08-04 22:15:00,15,48,53,2025-08-04
2025-08-04 22:30:00,20,65,70,2025-08-04
2025-08-04 22:45:00,18,54,57,2025-08-04
2025-08-04 23:00:00,35,74,78,2025-08-04
2025-08-04 23:15:00,55,78,85,2025-08-04
2025-08-04 23:30:00,50,61,68,2025-08-04
2025-08-05 05:30:00,90,154,158,2025-08-05
2025-08-05 05:45:00,79,134,138,2025-08-05
2025-08-05 06:00:00,119,199,205,2025-08-05
2025-08-05 06:15:00,103,171,176,2025-08-05
2025-08-05 06:30:00,132,196,203,2025-08-05
2025-08-05 06:45:00,132,196,203,2025-08-05
2025-08-05 07:00:00,133,189,194,2025-08-05
2025-08-05 07:15:00,177,275,285,2025-08-05
2025-08-05 07:30:00,157,295,307,2025-08-05
2025-08-05 07:45:00,198,393,409,2025-08-05
2025-08-05 08:00:00,178,389,409,2025-08-05
2025-08-05 08:15:00,182,393,411,2025-08-05
2025-08-05 08:30:00,171,348,365,2025-08-05
2025-08-05 08:45:00,164,319,333,2025-08-05
2025-08-05 09:00:00,179,328,339,2025-08-05
2025-08-05 09:15:00,191,325,335,2025-08-05
2025-08-05 09:30:00,204,327,337,2025-08-05
2025-08-05 09:45:00,210,324,340,2025-08-05
2025-08-05 10:00:00,199,296,313,2025-08-05
2025-08-05 10:15:00,194,284,301,2025-08-05
2025-08-05 10:30:00,178,261,276,2025-08-05
2025-08-05 10:45:00,173,244,257,2025-08-05
2025-08-05 11:00:00,169,247,258,2025-08-05
2025-08-05 11:15:00,149,238,251,2025-08-05
2025-08-05 11:30:00,146,244,262,2025-08-05
2025-08-05 11:45:00,111,195,208,2025-08-05
2025-08-05 12:00:00,114,217,231,2025-08-05
2025-08-05 12:15:00,104,204,215,2025-08-05
2025-08-05 12:30:00,85,193,198,2025-08-05
2025-08-05 12:45:00,102,247,254,2025-08-05
2025-08-05 13:00:00,89,238,245,2025-08-05
2025-08-05 13:15:00,87,252,261,2025-08-05
2025-08-05 13:30:00,103,266,277,2025-08-05
2025-08-05 13:45:00,108,280,290,2025-08-05
2025-08-05 14:00:00,100,267,280,2025-08-05
2025-08-05 14:15:00,107,267,280,2025-08-05
2025-08-05 14:30:00,99,272,291,2025-08-05
2025-08-05 14:45:00,94,277,300,2025-08-05
2025-08-05 15:00:00,88,284,303,2025-08-05
2025-08-05 15:15:00,83,290,309,2025-08-05
2025-08-05 15:30:00,90,310,325,2025-08-05
2025-08-05 15:45:00,99,316,331,2025-08-05
2025-08-05 16:00:00,108,312,330,2025-08-05
2025-08-05 16:15:00,126,339,358,2025-08-05
2025-08-05 16:30:00,141,348,370,2025-08-05
2025-08-05 16:45:00,156,348,370,2025-08-05
2025-08-05 17:00:00,198,373,395,2025-08-05
2025-08-05 17:15:00,155,273,291,2025-08-05
2025-08-05 17:30:00,112,179,190,2025-08-05
2025-08-05 17:45:00,148,202,209,2025-08-05
2025-08-05 18:00:00,77,102,103,2025-08-05
2025-08-05 18:15:00,159,219,226,2025-08-05
2025-08-05 18:30:00,159,219,226,2025-08-05
2025-08-05 18:45:00,82,117,123,2025-08-05
2025-08-05 19:00:00,186,261,271,2025-08-05
2025-08-05 19:15:00,104,144,148,2025-08-05
2025-08-05 19:30:00,104,144,148,2025-08-05
2025-08-05 19:45:00,104,144,148,2025-08-05
2025-08-05 20:00:00,114,144,147,2025-08-05
2025-08-05 20:15:00,114,144,147,2025-08-05
2025-08-05 20:30:00,114,144,147,2025-08-05
2025-08-05 20:45:00,157,212,218,2025-08-05
2025-08-05 21:00:00,43,68,71,2025-08-05
2025-08-05 21:15:00,53,99,106,2025-08-05
2025-08-05 21:30:00,53,99,106,2025-08-05
2025-08-05 21:45:00,22,88,95,2025-08-05
2025-08-05 22:00:00,22,88,95,2025-08-05
2025-08-05 22:15:00,23,112,115,2025-08-05
2025-08-05 22:30:00,27,125,130,2025-08-05
2025-08-05 22:45:00,22,78,81,2025-08-05
2025-08-05 23:00:00,44,102,108,2025-08-05
2025-08-05 23:15:00,59,74,86,2025-08-05
2025-08-05 23:30:00,55,61,71,2025-08-05
2025-08-06 05:30:00,75,114,117,2025-08-06
2025-08-06 05:45:00,67,103,106,2025-08-06
2025-08-06 06:00:00,111,162,165,2025-08-06
2025-08-06 06:15:00,88,128,130,2025-08-06
2025-08-06 06:30:00,113,154,158,2025-08-06
2025-08-06 06:45:00,113,154,158,2025-08-06
2025-08-06 07:00:00,105,156,170,2025-08-06
2025-08-06 07:15:00,170,259,282,2025-08-06
2025-08-06 07:30:00,182,289,320,2025-08-06
2025-08-06 07:45:00,231,372,408,2025-08-06
2025-08-06 08:00:00,230,376,410,2025-08-06
2025-08-06 08:15:00,229,377,412,2025-08-06
2025-08-06 08:30:00,224,365,393,2025-08-06
2025-08-06 08:45:00,223,357,384,2025-08-06
2025-08-06 09:00:00,223,344,364,2025-08-06
2025-08-06 09:15:00,213,313,325,2025-08-06
2025-08-06 09:30:00,220,311,328,2025-08-06
2025-08-06 09:45:00,213,302,318,2025-08-06
2025-08-06 10:00:00,203,294,311,2025-08-06
2025-08-06 10:15:00,203,297,320,2025-08-06
2025-08-06 10:30:00,179,274,289,2025-08-06
2025-08-06 10:45:00,175,274,294,2025-08-06
2025-08-06 11:00:00,178,285,303,2025-08-06
2025-08-06 11:15:00,163,275,287,2025-08-06
2025-08-06 11:30:00,172,284,299,2025-08-06
2025-08-06 11:45:00,164,274,284,2025-08-06
2025-08-06 12:00:00,140,244,256,2025-08-06
2025-08-06 12:15:00,133,237,252,2025-08-06
2025-08-06 12:30:00,115,220,233,2025-08-06
2025-08-06 12:45:00,108,206,216,2025-08-06
2025-08-06 13:00:00,114,223,236,2025-08-06
2025-08-06 13:15:00,126,245,254,2025-08-06
2025-08-06 13:30:00,135,264,276,2025-08-06
2025-08-06 13:45:00,144,303,318,2025-08-06
2025-08-06 14:00:00,150,322,334,2025-08-06
2025-08-06 14:15:00,136,311,328,2025-08-06
2025-08-06 14:30:00,114,285,300,2025-08-06
2025-08-06 14:45:00,108,260,275,2025-08-06
2025-08-06 15:00:00,123,340,355,2025-08-06
2025-08-06 15:15:00,149,439,451,2025-08-06
2025-08-06 15:30:00,156,444,463,2025-08-06
2025-08-06 15:45:00,147,436,454,2025-08-06
2025-08-06 16:00:00,125,330,347,2025-08-06
2025-08-06 16:15:00,100,228,244,2025-08-06
2025-08-06 16:30:00,104,248,257,2025-08-06
2025-08-06 16:45:00,125,275,284,2025-08-06
2025-08-06 17:00:00,211,430,440,2025-08-06
2025-08-06 17:15:00,180,363,371,2025-08-06
2025-08-06 17:30:00,151,290,295,2025-08-06
2025-08-06 17:45:00,243,447,453,2025-08-06
2025-08-06 18:00:00,129,232,235,2025-08-06
2025-08-06 18:15:00,236,378,390,2025-08-06
2025-08-06 18:30:00,236,378,390,2025-08-06
2025-08-06 18:45:00,107,146,155,2025-08-06
2025-08-06 19:00:00,226,300,315,2025-08-06
2025-08-06 19:15:00,119,154,160,2025-08-06
2025-08-06 19:30:00,119,154,160,2025-08-06
2025-08-06 19:45:00,119,154,160,2025-08-06
2025-08-06 20:00:00,131,183,185,2025-08-06
2025-08-06 20:15:00,131,183,185,2025-08-06
2025-08-06 20:30:00,131,183,185,2025-08-06
2025-08-06 20:45:00,184,284,290,2025-08-06
2025-08-06 21:00:00,53,101,105,2025-08-06
2025-08-06 21:15:00,69,131,138,2025-08-06
2025-08-06 21:30:00,69,131,138,2025-08-06
2025-08-06 21:45:00,24,52,57,2025-08-06
2025-08-06 22:00:00,28,71,77,2025-08-06
2025-08-06 22:15:00,12,41,44,2025-08-06
2025-08-06 22:30:00,14,51,55,2025-08-06
2025-08-06 22:45:00,11,37,41,2025-08-06
2025-08-06 23:00:00,26,40,47,2025-08-06
2025-08-06 23:15:00,54,70,81,2025-08-06
2025-08-06 23:30:00,52,60,70,2025-08-06
2025-08-07 05:30:00,33,78,78,2025-08-07
2025-08-07 05:45:00,29,65,65,2025-08-07
2025-08-07 06:00:00,50,101,106,2025-08-07
2025-08-07 06:15:00,44,84,89,2025-08-07
2025-08-07 06:30:00,63,116,125,2025-08-07
2025-08-07 06:45:00,63,116,125,2025-08-07
2025-08-07 07:00:00,72,173,188,2025-08-07
2025-08-07 07:15:00,99,249,269,2025-08-07
2025-08-07 07:30:00,92,249,267,2025-08-07
2025-08-07 07:45:00,124,321,342,2025-08-07
2025-08-07 08:00:00,127,303,315,2025-08-07
2025-08-07 08:15:00,145,309,321,2025-08-07
2025-08-07 08:30:00,153,310,321,2025-08-07
2025-08-07 08:45:00,162,322,336,2025-08-07
2025-08-07 09:00:00,181,326,339,2025-08-07
2025-08-07 09:15:00,193,320,333,2025-08-07
2025-08-07 09:30:00,210,324,340,2025-08-07
2025-08-07 09:45:00,221,389,408,2025-08-07
2025-08-07 10:00:00,230,465,487,2025-08-07
2025-08-07 10:15:00,227,467,488,2025-08-07
2025-08-07 10:30:00,215,456,474,2025-08-07
2025-08-07 10:45:00,202,366,377,2025-08-07
2025-08-07 11:00:00,184,277,288,2025-08-07
2025-08-07 11:15:00,174,274,281,2025-08-07
2025-08-07 11:30:00,169,275,286,2025-08-07
2025-08-07 11:45:00,130,216,225,2025-08-07
2025-08-07 12:00:00,144,249,258,2025-08-07
2025-08-07 12:15:00,135,243,254,2025-08-07
2025-08-07 12:30:00,122,239,246,2025-08-07
2025-08-07 12:45:00,151,298,306,2025-08-07
2025-08-07 13:00:00,137,352,357,2025-08-07
2025-08-07 13:15:00,152,443,447,2025-08-07
2025-08-07 13:30:00,151,450,458,2025-08-07
2025-08-07 13:45:00,149,466,473,2025-08-07
2025-08-07 14:00:00,121,361,371,2025-08-07
2025-08-07 14:15:00,82,255,272,2025-08-07
2025-08-07 14:30:00,70,232,246,2025-08-07
2025-08-07 14:45:00,73,280,295,2025-08-07
2025-08-07 15:00:00,87,351,364,2025-08-07
2025-08-07 15:15:00,100,362,371,2025-08-07
2025-08-07 15:30:00,104,377,386,2025-08-07
2025-08-07 15:45:00,86,308,322,2025-08-07
2025-08-07 16:00:00,80,260,281,2025-08-07
2025-08-07 16:15:00,103,288,309,2025-08-07
2025-08-07 16:30:00,127,310,339,2025-08-07
2025-08-07 16:45:00,151,324,354,2025-08-07
2025-08-07 17:00:00,211,357,394,2025-08-07
2025-08-07 17:15:00,164,264,297,2025-08-07
2025-08-07 17:30:00,124,185,208,2025-08-07
2025-08-07 17:45:00,167,224,246,2025-08-07
2025-08-07 18:00:00,169,220,234,2025-08-07
2025-08-07 18:15:00,169,220,234,2025-08-07
2025-08-07 18:30:00,169,220,234,2025-08-07
2025-08-07 18:45:00,214,263,273,2025-08-07
2025-08-07 19:00:00,124,150,152,2025-08-07
2025-08-07 19:15:00,124,150,152,2025-08-07
2025-08-07 19:30:00,124,150,152,2025-08-07
2025-08-07 19:45:00,124,148,155,2025-08-07
2025-08-07 20:00:00,124,148,155,2025-08-07
2025-08-07 20:15:00,124,148,155,2025-08-07
2025-08-07 20:30:00,180,226,236,2025-08-07
2025-08-07 20:45:00,56,78,81,2025-08-07
2025-08-07 21:00:00,65,102,107,2025-08-07
2025-08-07 21:15:00,65,102,107,2025-08-07
2025-08-07 21:30:00,16,42,45,2025-08-07
2025-08-07 21:45:00,16,42,45,2025-08-07
2025-08-07 22:00:00,14,41,42,2025-08-07
2025-08-07 22:15:00,17,61,62,2025-08-07
2025-08-07 22:30:00,17,64,64,2025-08-07
2025-08-07 22:45:00,24,81,81,2025-08-07
2025-08-07 23:00:00,28,81,84,2025-08-07
2025-08-07 23:15:00,41,84,91,2025-08-07
2025-08-07 23:30:00,34,63,70,2025-08-07
2025-08-08 05:30:00,37,78,81,2025-08-08
2025-08-08 05:45:00,37,71,73,2025-08-08
2025-08-08 06:00:00,75,119,122,2025-08-08
2025-08-08 06:15:00,67,98,100,2025-08-08
2025-08-08 06:30:00,93,134,138,2025-08-08
2025-08-08 06:45:00,93,134,138,2025-08-08
2025-08-08 07:00:00,106,197,211,2025-08-08
2025-08-08 07:15:00,135,256,273,2025-08-08
2025-08-08 07:30:00,125,260,276,2025-08-08
2025-08-08 07:45:00,159,334,351,2025-08-08
2025-08-08 08:00:00,145,286,299,2025-08-08
2025-08-08 08:15:00,164,295,309,2025-08-08
2025-08-08 08:30:00,173,280,302,2025-08-08
2025-08-08 08:45:00,183,268,293,2025-08-08
2025-08-08 09:00:00,189,262,298,2025-08-08
2025-08-08 09:15:00,198,272,309,2025-08-08
2025-08-08 09:30:00,200,285,317,2025-08-08
2025-08-08 09:45:00,194,285,318,2025-08-08
2025-08-08 10:00:00,198,289,305,2025-08-08
2025-08-08 10:15:00,199,289,301,2025-08-08
2025-08-08 10:30:00,194,284,297,2025-08-08
2025-08-08 10:45:00,181,279,291,2025-08-08
2025-08-08 11:00:00,173,273,286,2025-08-08
2025-08-08 11:15:00,155,255,268,2025-08-08
2025-08-08 11:30:00,153,246,256,2025-08-08
2025-08-08 11:45:00,154,236,248,2025-08-08
2025-08-08 12:00:00,134,225,238,2025-08-08
2025-08-08 12:15:00,128,230,249,2025-08-08
2025-08-08 12:30:00,115,229,248,2025-08-08
2025-08-08 12:45:00,130,259,274,2025-08-08
2025-08-08 13:00:00,144,282,295,2025-08-08
2025-08-08 13:15:00,252,473,481,2025-08-08
2025-08-08 13:30:00,410,772,778,2025-08-08
2025-08-08 13:45:00,555,1048,1058,2025-08-08
2025-08-08 14:00:00,646,1205,1221,2025-08-08
2025-08-08 14:15:00,547,1035,1062,2025-08-08
2025-08-08 14:30:00,373,739,772,2025-08-08
2025-08-08 14:45:00,211,458,494,2025-08-08
2025-08-08 15:00:00,97,285,314,2025-08-08
2025-08-08 15:15:00,78,260,280,2025-08-08
2025-08-08 15:30:00,86,255,272,2025-08-08
2025-08-08 15:45:00,86,241,252,2025-08-08
2025-08-08 16:00:00,89,233,249,2025-08-08
2025-08-08 16:15:00,99,252,268,2025-08-08
2025-08-08 16:30:00,114,263,280,2025-08-08
2025-08-08 16:45:00,135,284,305,2025-08-08
2025-08-08 17:00:00,189,348,365,2025-08-08
2025-08-08 17:15:00,155,268,281,2025-08-08
2025-08-08 17:30:00,191,309,327,2025-08-08
2025-08-08 17:45:00,146,230,241,2025-08-08
2025-08-08 18:00:00,163,242,263,2025-08-08
2025-08-08 18:15:00,163,242,263,2025-08-08
2025-08-08 18:30:00,92,134,146,2025-08-08
2025-08-08 18:45:00,191,274,290,2025-08-08
2025-08-08 19:00:00,99,140,144,2025-08-08
2025-08-08 19:15:00,99,140,144,2025-08-08
2025-08-08 19:30:00,161,230,238,2025-08-08
2025-08-08 19:45:00,62,90,94,2025-08-08
2025-08-08 20:00:00,62,90,94,2025-08-08
2025-08-08 20:15:00,152,202,208,2025-08-08
2025-08-08 20:30:00,90,112,114,2025-08-08
2025-08-08 20:45:00,107,156,159,2025-08-08
2025-08-08 21:00:00,107,156,159,2025-08-08
2025-08-08 21:15:00,18,79,83,2025-08-08
2025-08-08 21:30:00,20,102,107,2025-08-08
2025-08-08 21:45:00,5,72,76,2025-08-08
2025-08-08 22:00:00,16,114,119,2025-08-08
2025-08-08 22:15:00,18,92,95,2025-08-08
2025-08-08 22:30:00,17,83,87,2025-08-08
2025-08-08 22:45:00,19,83,100,2025-08-08
2025-08-08 23:00:00,11,53,94,2025-08-08
2025-08-08 23:15:00,17,54,118,2025-08-08
2025-08-08 23:30:00,16,40,102,2025-08-08
2025-08-09 05:30:00,31,46,48,2025-08-09
2025-08-09 05:45:00,27,41,42,2025-08-09
2025-08-09 06:00:00,24,49,51,2025-08-09
2025-08-09 06:15:00,28,61,63,2025-08-09
2025-08-09 06:30:00,31,69,72,2025-08-09
2025-08-09 06:45:00,38,91,95,2025-08-09
2025-08-09 07:00:00,52,106,112,2025-08-09
2025-08-09 07:15:00,61,125,132,2025-08-09
2025-08-09 07:30:00,55,130,139,2025-08-09
2025-08-09 07:45:00,61,144,153,2025-08-09
2025-08-09 08:00:00,69,217,226,2025-08-09
2025-08-09 08:15:00,79,278,292,2025-08-09
2025-08-09 08:30:00,79,267,279,2025-08-09
2025-08-09 08:45:00,80,264,278,2025-08-09
2025-08-09 09:00:00,72,202,215,2025-08-09
2025-08-09 09:15:00,62,141,150,2025-08-09
2025-08-09 09:30:00,70,163,171,2025-08-09
2025-08-09 09:45:00,74,178,184,2025-08-09
2025-08-09 10:00:00,76,180,187,2025-08-09
2025-08-09 10:15:00,78,196,204,2025-08-09
2025-08-09 10:30:00,71,198,207,2025-08-09
2025-08-09 10:45:00,66,188,197,2025-08-09
2025-08-09 11:00:00,61,186,194,2025-08-09
2025-08-09 11:15:00,55,179,185,2025-08-09
2025-08-09 11:30:00,58,176,185,2025-08-09
2025-08-09 11:45:00,55,174,184,2025-08-09
2025-08-09 12:00:00,48,175,185,2025-08-09
2025-08-09 12:15:00,47,175,185,2025-08-09
2025-08-09 12:30:00,39,164,173,2025-08-09
2025-08-09 12:45:00,38,160,167,2025-08-09
2025-08-09 13:00:00,42,163,169,2025-08-09
2025-08-09 13:15:00,44,174,181,2025-08-09
2025-08-09 13:30:00,52,197,204,2025-08-09
2025-08-09 13:45:00,57,219,226,2025-08-09
2025-08-09 14:00:00,72,294,301,2025-08-09
2025-08-09 14:15:00,80,346,354,2025-08-09
2025-08-09 14:30:00,78,329,339,2025-08-09
2025-08-09 14:45:00,72,310,326,2025-08-09
2025-08-09 15:00:00,63,232,249,2025-08-09
2025-08-09 15:15:00,73,244,257,2025-08-09
2025-08-09 15:30:00,94,334,347,2025-08-09
2025-08-09 15:45:00,94,333,343,2025-08-09
2025-08-09 16:00:00,89,330,338,2025-08-09
2025-08-09 16:15:00,76,255,265,2025-08-09
2025-08-09 16:30:00,58,157,163,2025-08-09
2025-08-09 16:45:00,66,154,163,2025-08-09
2025-08-09 17:00:00,89,170,184,2025-08-09
2025-08-09 17:15:00,69,121,133,2025-08-09
2025-08-09 17:30:00,54,90,101,2025-08-09
2025-08-09 17:45:00,59,94,103,2025-08-09
2025-08-09 18:00:00,21,35,39,2025-08-09
2025-08-09 18:15:00,39,60,64,2025-08-09
2025-08-09 18:30:00,39,60,64,2025-08-09
2025-08-09 18:45:00,18,25,25,2025-08-09
2025-08-09 19:00:00,52,71,72,2025-08-09
2025-08-09 19:15:00,34,46,47,2025-08-09
2025-08-09 19:30:00,34,46,47,2025-08-09
2025-08-09 19:45:00,34,46,47,2025-08-09
2025-08-09 20:00:00,28,45,47,2025-08-09
2025-08-09 20:15:00,28,45,47,2025-08-09
2025-08-09 20:30:00,28,45,47,2025-08-09
2025-08-09 20:45:00,38,68,72,2025-08-09
2025-08-09 21:00:00,10,23,25,2025-08-09
2025-08-09 21:15:00,15,37,40,2025-08-09
2025-08-09 21:30:00,18,49,53,2025-08-09
2025-08-09 21:45:00,8,26,28,2025-08-09
2025-08-09 22:00:00,15,43,46,2025-08-09
2025-08-09 22:15:00,11,41,43,2025-08-09
2025-08-09 22:30:00,8,38,39,2025-08-09
2025-08-09 22:45:00,9,49,50,2025-08-09
2025-08-09 23:00:00,5,42,42,2025-08-09
2025-08-09 23:15:00,9,37,37,2025-08-09
2025-08-09 23:30:00,9,28,28,2025-08-09
2025-08-10 05:30:00,12,53,56,2025-08-10
2025-08-10 05:45:00,7,45,46,2025-08-10
2025-08-10 06:00:00,10,49,50,2025-08-10
2025-08-10 06:15:00,10,39,40,2025-08-10
2025-08-10 06:30:00,13,32,32,2025-08-10
2025-08-10 06:45:00,22,48,48,2025-08-10
2025-08-10 07:00:00,28,76,77,2025-08-10
2025-08-10 07:15:00,40,113,115,2025-08-10
2025-08-10 07:30:00,43,124,128,2025-08-10
2025-08-10 07:45:00,43,136,140,2025-08-10
2025-08-10 08:00:00,48,134,138,2025-08-10
2025-08-10 08:15:00,52,125,130,2025-08-10
2025-08-10 08:30:00,62,137,144,2025-08-10
2025-08-10 08:45:00,74,155,166,2025-08-10
2025-08-10 09:00:00,80,163,179,2025-08-10
2025-08-10 09:15:00,91,170,190,2025-08-10
2025-08-10 09:30:00,97,181,200,2025-08-10
2025-08-10 09:45:00,108,192,209,2025-08-10
2025-08-10 10:00:00,107,193,208,2025-08-10
2025-08-10 10:15:00,109,213,224,2025-08-10
2025-08-10 10:30:00,103,218,227,2025-08-10
2025-08-10 10:45:00,89,216,224,2025-08-10
2025-08-10 11:00:00,96,239,247,2025-08-10
2025-08-10 11:15:00,88,238,248,2025-08-10
2025-08-10 11:30:00,93,242,254,2025-08-10
2025-08-10 11:45:00,99,241,253,2025-08-10
2025-08-10 12:00:00,101,239,251,2025-08-10
2025-08-10 12:15:00,103,233,247,2025-08-10
2025-08-10 12:30:00,102,226,243,2025-08-10
2025-08-10 12:45:00,99,230,248,2025-08-10
2025-08-10 13:00:00,98,224,241,2025-08-10
2025-08-10 13:15:00,93,213,225,2025-08-10
2025-08-10 13:30:00,88,211,219,2025-08-10
2025-08-10 13:45:00,84,205,218,2025-08-10
2025-08-10 14:00:00,69,192,205,2025-08-10
2025-08-10 14:15:00,66,193,206,2025-08-10
2025-08-10 14:30:00,54,180,194,2025-08-10
2025-08-10 14:45:00,58,238,249,2025-08-10
2025-08-10 15:00:00,64,304,313,2025-08-10
2025-08-10 15:15:00,62,306,316,2025-08-10
2025-08-10 15:30:00,68,315,322,2025-08-10
2025-08-10 15:45:00,61,247,253,2025-08-10
2025-08-10 16:00:00,51,161,169,2025-08-10
2025-08-10 16:15:00,45,134,143,2025-08-10
2025-08-10 16:30:00,37,101,110,2025-08-10
2025-08-10 16:45:00,28,67,73,2025-08-10
2025-08-10 17:00:00,20,45,51,2025-08-10
2025-08-10 17:15:00,12,25,28,2025-08-10
2025-08-10 17:30:00,7,14,17,2025-08-10
2025-08-10 17:45:00,8,15,18,2025-08-10
2025-08-10 18:00:00,6,9,9,2025-08-10
2025-08-10 18:15:00,22,30,31,2025-08-10
2025-08-10 18:30:00,22,30,31,2025-08-10
2025-08-10 18:45:00,16,21,22,2025-08-10
2025-08-10 19:00:00,55,67,71,2025-08-10
2025-08-10 19:15:00,39,46,49,2025-08-10
2025-08-10 19:30:00,39,46,49,2025-08-10
2025-08-10 19:45:00,39,46,49,2025-08-10
2025-08-10 20:00:00,20,47,49,2025-08-10
2025-08-10 20:15:00,20,47,49,2025-08-10
2025-08-10 20:30:00,20,47,49,2025-08-10
2025-08-10 20:45:00,27,82,84,2025-08-10
2025-08-10 21:00:00,7,35,35,2025-08-10
2025-08-10 21:15:00,7,48,48,2025-08-10
2025-08-10 21:30:00,7,48,48,2025-08-10
2025-08-10 21:45:00,2,25,25,2025-08-10
2025-08-10 22:00:00,5,36,36,2025-08-10
2025-08-10 22:15:00,5,37,37,2025-08-10
2025-08-10 22:30:00,6,48,48,2025-08-10
2025-08-10 22:45:00,5,42,43,2025-08-10
2025-08-10 23:00:00,9,44,45,2025-08-10
2025-08-10 23:15:00,19,43,45,2025-08-10
2025-08-10 23:30:00,18,32,34,2025-08-10
2025-08-11 05:30:00,81,189,194,2025-08-11
2025-08-11 05:45:00,74,176,181,2025-08-11
2025-08-11 06:00:00,103,189,192,2025-08-11
2025-08-11 06:15:00,84,127,130,2025-08-11
2025-08-11 06:30:00,97,137,138,2025-08-11
2025-08-11 06:45:00,97,137,138,2025-08-11
2025-08-11 07:00:00,105,194,202,2025-08-11
2025-08-11 07:15:00,145,285,295,2025-08-11
2025-08-11 07:30:00,143,310,321,2025-08-11
2025-08-11 07:45:00,178,388,402,2025-08-11
2025-08-11 08:00:00,159,336,346,2025-08-11
2025-08-11 08:15:00,177,324,341,2025-08-11
2025-08-11 08:30:00,178,304,322,2025-08-11
2025-08-11 08:45:00,190,306,324,2025-08-11
2025-08-11 09:00:00,211,318,338,2025-08-11
2025-08-11 09:15:00,215,326,341,2025-08-11
2025-08-11 09:30:00,229,405,423,2025-08-11
2025-08-11 09:45:00,242,466,487,2025-08-11
2025-08-11 10:00:00,223,436,457,2025-08-11
2025-08-11 10:15:00,207,414,433,2025-08-11
2025-08-11 10:30:00,184,320,333,2025-08-11
2025-08-11 10:45:00,159,236,243,2025-08-11
2025-08-11 11:00:00,162,243,255,2025-08-11
2025-08-11 11:15:00,147,228,242,2025-08-11
2025-08-11 11:30:00,152,239,254,2025-08-11
2025-08-11 11:45:00,142,238,256,2025-08-11
2025-08-11 12:00:00,116,223,235,2025-08-11
2025-08-11 12:15:00,109,224,234,2025-08-11
2025-08-11 12:30:00,82,193,203,2025-08-11
2025-08-11 12:45:00,78,194,203,2025-08-11
2025-08-11 13:00:00,89,215,221,2025-08-11
2025-08-11 13:15:00,94,234,239,2025-08-11
2025-08-11 13:30:00,106,267,275,2025-08-11
2025-08-11 13:45:00,112,271,283,2025-08-11
2025-08-11 14:00:00,113,266,284,2025-08-11
2025-08-11 14:15:00,112,269,289,2025-08-11
2025-08-11 14:30:00,104,261,281,2025-08-11
2025-08-11 14:45:00,99,257,275,2025-08-11
2025-08-11 15:00:00,89,250,264,2025-08-11
2025-08-11 15:15:00,80,234,246,2025-08-11
2025-08-11 15:30:00,85,239,247,2025-08-11
2025-08-11 15:45:00,85,243,248,2025-08-11
2025-08-11 16:00:00,95,239,245,2025-08-11
2025-08-11 16:15:00,120,250,259,2025-08-11
2025-08-11 16:30:00,130,249,265,2025-08-11
2025-08-11 16:45:00,159,267,288,2025-08-11
2025-08-11 17:00:00,225,334,356,2025-08-11
2025-08-11 17:15:00,181,266,284,2025-08-11
2025-08-11 17:30:00,203,288,309,2025-08-11
2025-08-11 17:45:00,152,209,224,2025-08-11
2025-08-11 18:00:00,131,184,203,2025-08-11
2025-08-11 18:15:00,131,184,203,2025-08-11
2025-08-11 18:30:00,76,98,107,2025-08-11
2025-08-11 18:45:00,188,280,295,2025-08-11
2025-08-11 19:00:00,112,182,188,2025-08-11
2025-08-11 19:15:00,112,182,188,2025-08-11
2025-08-11 19:30:00,216,354,366,2025-08-11
2025-08-11 19:45:00,104,172,178,2025-08-11
2025-08-11 20:00:00,104,172,178,2025-08-11
2025-08-11 20:15:00,174,258,267,2025-08-11
2025-08-11 20:30:00,70,86,89,2025-08-11
2025-08-11 20:45:00,91,126,132,2025-08-11
2025-08-11 21:00:00,104,188,194,2025-08-11
2025-08-11 21:15:00,34,102,105,2025-08-11
2025-08-11 21:30:00,48,205,211,2025-08-11
2025-08-11 21:45:00,34,219,223,2025-08-11
2025-08-11 22:00:00,23,169,173,2025-08-11
2025-08-11 22:15:00,26,177,181,2025-08-11
2025-08-11 22:30:00,15,79,81,2025-08-11
2025-08-11 22:45:00,10,31,35,2025-08-11
2025-08-11 23:00:00,16,30,38,2025-08-11
2025-08-11 23:15:00,30,40,57,2025-08-11
2025-08-11 23:30:00,27,35,51,2025-08-11
2025-08-12 05:30:00,65,126,128,2025-08-12
2025-08-12 05:45:00,60,118,119,2025-08-12
2025-08-12 06:00:00,73,149,152,2025-08-12
2025-08-12 06:15:00,58,117,119,2025-08-12
2025-08-12 06:30:00,64,106,111,2025-08-12
2025-08-12 06:45:00,103,172,182,2025-08-12
2025-08-12 07:00:00,100,178,193,2025-08-12
2025-08-12 07:15:00,147,271,287,2025-08-12
2025-08-12 07:30:00,163,320,338,2025-08-12
2025-08-12 07:45:00,171,358,376,2025-08-12
2025-08-12 08:00:00,191,405,425,2025-08-12
2025-08-12 08:15:00,207,417,443,2025-08-12
2025-08-12 08:30:00,211,406,433,2025-08-12
2025-08-12 08:45:00,211,378,405,2025-08-12
2025-08-12 09:00:00,225,361,382,2025-08-12
2025-08-12 09:15:00,219,340,361,2025-08-12
2025-08-12 09:30:00,234,337,353,2025-08-12
2025-08-12 09:45:00,231,325,342,2025-08-12
2025-08-12 10:00:00,210,289,308,2025-08-12
2025-08-12 10:15:00,202,267,283,2025-08-12
2025-08-12 10:30:00,171,241,257,2025-08-12
2025-08-12 10:45:00,147,225,240,2025-08-12
2025-08-12 11:00:00,144,233,246,2025-08-12
2025-08-12 11:15:00,137,235,247,2025-08-12
2025-08-12 11:30:00,138,245,259,2025-08-12
2025-08-12 11:45:00,139,246,260,2025-08-12
2025-08-12 12:00:00,121,225,241,2025-08-12
2025-08-12 12:15:00,112,226,240,2025-08-12
2025-08-12 12:30:00,94,214,227,2025-08-12
2025-08-12 12:45:00,91,214,225,2025-08-12
2025-08-12 13:00:00,96,219,226,2025-08-12
2025-08-12 13:15:00,92,218,227,2025-08-12
2025-08-12 13:30:00,94,226,236,2025-08-12
2025-08-12 13:45:00,98,240,249,2025-08-12
2025-08-12 14:00:00,94,248,262,2025-08-12
2025-08-12 14:15:00,89,246,260,2025-08-12
2025-08-12 14:30:00,91,242,257,2025-08-12
2025-08-12 14:45:00,86,219,239,2025-08-12
2025-08-12 15:00:00,89,221,238,2025-08-12
2025-08-12 15:15:00,89,231,251,2025-08-12
2025-08-12 15:30:00,100,257,276,2025-08-12
2025-08-12 15:45:00,104,280,298,2025-08-12
2025-08-12 16:00:00,120,294,311,2025-08-12
2025-08-12 16:15:00,158,320,339,2025-08-12
2025-08-12 16:30:00,172,324,347,2025-08-12
2025-08-12 16:45:00,202,370,394,2025-08-12
2025-08-12 17:00:00,264,461,492,2025-08-12
2025-08-12 17:15:00,202,363,386,2025-08-12
2025-08-12 17:30:00,235,400,422,2025-08-12
2025-08-12 17:45:00,184,291,306,2025-08-12
2025-08-12 18:00:00,170,243,256,2025-08-12
2025-08-12 18:15:00,170,243,256,2025-08-12
2025-08-12 18:30:00,89,118,125,2025-08-12
2025-08-12 18:45:00,190,249,259,2025-08-12
2025-08-12 19:00:00,101,131,134,2025-08-12
2025-08-12 19:15:00,101,131,134,2025-08-12
2025-08-12 19:30:00,159,220,229,2025-08-12
2025-08-12 19:45:00,58,89,95,2025-08-12
2025-08-12 20:00:00,58,89,95,2025-08-12
2025-08-12 20:15:00,143,193,202,2025-08-12
2025-08-12 20:30:00,85,104,107,2025-08-12
2025-08-12 20:45:00,100,132,140,2025-08-12
2025-08-12 21:00:00,107,149,159,2025-08-12
2025-08-12 21:15:00,22,45,52,2025-08-12
2025-08-12 21:30:00,28,61,69,2025-08-12
2025-08-12 21:45:00,16,57,60,2025-08-12
2025-08-12 22:00:00,10,64,67,2025-08-12
2025-08-12 22:15:00,11,79,82,2025-08-12
2025-08-12 22:30:00,8,78,81,2025-08-12
2025-08-12 22:45:00,5,63,66,2025-08-12
2025-08-12 23:00:00,5,45,46,2025-08-12
2025-08-12 23:15:00,12,42,43,2025-08-12
2025-08-12 23:30:00,9,27,27,2025-08-12
2025-08-13 05:30:00,67,135,136,2025-08-13
2025-08-13 05:45:00,63,123,124,2025-08-13
2025-08-13 06:00:00,84,166,167,2025-08-13
2025-08-13 06:15:00,69,135,136,2025-08-13
2025-08-13 06:30:00,80,139,142,2025-08-13
2025-08-13 06:45:00,105,198,202,2025-08-13
2025-08-13 07:00:00,99,186,192,2025-08-13
2025-08-13 07:15:00,136,254,265,2025-08-13
2025-08-13 07:30:00,128,264,277,2025-08-13
2025-08-13 07:45:00,143,296,308,2025-08-13
2025-08-13 08:00:00,153,332,347,2025-08-13
2025-08-13 08:15:00,166,356,368,2025-08-13
2025-08-13 08:30:00,171,348,360,2025-08-13
2025-08-13 08:45:00,177,324,339,2025-08-13
2025-08-13 09:00:00,189,297,313,2025-08-13
2025-08-13 09:15:00,198,287,304,2025-08-13
2025-08-13 09:30:00,207,288,306,2025-08-13
2025-08-13 09:45:00,209,281,304,2025-08-13
2025-08-13 10:00:00,202,273,293,2025-08-13
2025-08-13 10:15:00,191,261,281,2025-08-13
2025-08-13 10:30:00,185,249,265,2025-08-13
2025-08-13 10:45:00,315,574,583,2025-08-13
2025-08-13 11:00:00,444,903,909,2025-08-13
2025-08-13 11:15:00,433,892,902,2025-08-13
2025-08-13 11:30:00,438,904,916,2025-08-13
2025-08-13 11:45:00,319,715,729,2025-08-13
2025-08-13 12:00:00,203,524,539,2025-08-13
2025-08-13 12:15:00,288,799,808,2025-08-13
2025-08-13 12:30:00,354,1047,1054,2025-08-13
2025-08-13 12:45:00,398,1127,1136,2025-08-13
2025-08-13 13:00:00,446,1214,1226,2025-08-13
2025-08-13 13:15:00,357,947,966,2025-08-13
2025-08-13 13:30:00,270,702,722,2025-08-13
2025-08-13 13:45:00,189,493,511,2025-08-13
2025-08-13 14:00:00,107,271,289,2025-08-13
2025-08-13 14:15:00,95,265,275,2025-08-13
2025-08-13 14:30:00,85,243,256,2025-08-13
2025-08-13 14:45:00,90,224,241,2025-08-13
2025-08-13 15:00:00,91,209,225,2025-08-13
2025-08-13 15:15:00,83,187,204,2025-08-13
2025-08-13 15:30:00,81,178,194,2025-08-13
2025-08-13 15:45:00,74,181,191,2025-08-13
2025-08-13 16:00:00,59,165,173,2025-08-13
2025-08-13 16:15:00,55,147,156,2025-08-13
2025-08-13 16:30:00,55,139,145,2025-08-13
2025-08-13 16:45:00,51,124,130,2025-08-13
2025-08-13 17:00:00,101,172,176,2025-08-13
2025-08-13 17:15:00,92,151,153,2025-08-13
2025-08-13 17:30:00,133,195,197,2025-08-13
2025-08-13 17:45:00,117,159,160,2025-08-13
2025-08-13 18:00:00,104,153,157,2025-08-13
2025-08-13 18:15:00,104,153,157,2025-08-13
2025-08-13 18:30:00,49,74,77,2025-08-13
2025-08-13 18:45:00,139,192,197,2025-08-13
2025-08-13 19:00:00,90,118,120,2025-08-13
2025-08-13 19:15:00,90,118,120,2025-08-13
2025-08-13 19:30:00,157,205,210,2025-08-13
2025-08-13 19:45:00,67,87,90,2025-08-13
2025-08-13 20:00:00,67,87,90,2025-08-13
2025-08-13 20:15:00,151,180,187,2025-08-13
2025-08-13 20:30:00,84,93,97,2025-08-13
2025-08-13 20:45:00,111,131,136,2025-08-13
2025-08-13 21:00:00,111,131,136,2025-08-13
2025-08-13 21:15:00,37,106,109,2025-08-13
2025-08-13 21:30:00,47,170,174,2025-08-13
2025-08-13 21:45:00,27,146,150,2025-08-13
2025-08-13 22:00:00,28,160,164,2025-08-13
2025-08-13 22:15:00,19,109,112,2025-08-13
2025-08-13 22:30:00,14,65,75,2025-08-13
2025-08-13 22:45:00,8,63,83,2025-08-13
2025-08-13 23:00:00,9,58,101,2025-08-13
2025-08-13 23:15:00,14,50,124,2025-08-13
2025-08-13 23:30:00,9,30,96,2025-08-13
2025-08-14 05:30:00,84,147,149,2025-08-14
2025-08-14 05:45:00,77,137,138,2025-08-14
2025-08-14 06:00:00,90,155,157,2025-08-14
2025-08-14 06:15:00,68,109,111,2025-08-14
2025-08-14 06:30:00,78,132,136,2025-08-14
2025-08-14 06:45:00,102,195,206,2025-08-14
2025-08-14 07:00:00,109,235,249,2025-08-14
2025-08-14 07:15:00,153,333,353,2025-08-14
2025-08-14 07:30:00,146,338,358,2025-08-14
2025-08-14 07:45:00,150,346,366,2025-08-14
2025-08-14 08:00:00,143,311,330,2025-08-14
2025-08-14 08:15:00,140,282,298,2025-08-14
2025-08-14 08:30:00,138,268,287,2025-08-14
2025-08-14 08:45:00,155,268,280,2025-08-14
2025-08-14 09:00:00,178,285,302,2025-08-14
2025-08-14 09:15:00,185,277,295,2025-08-14
2025-08-14 09:30:00,203,274,291,2025-08-14
2025-08-14 09:45:00,181,242,260,2025-08-14
2025-08-14 10:00:00,172,227,240,2025-08-14
2025-08-14 10:15:00,175,237,252,2025-08-14
2025-08-14 10:30:00,166,247,258,2025-08-14
2025-08-14 10:45:00,171,263,275,2025-08-14
2025-08-14 11:00:00,177,275,285,2025-08-14
2025-08-14 11:15:00,178,328,334,2025-08-14
2025-08-14 11:30:00,196,392,400,2025-08-14
2025-08-14 11:45:00,189,395,406,2025-08-14
2025-08-14 12:00:00,157,377,388,2025-08-14
2025-08-14 12:15:00,134,309,323,2025-08-14
2025-08-14 12:30:00,98,230,246,2025-08-14
2025-08-14 12:45:00,109,236,251,2025-08-14
2025-08-14 13:00:00,111,237,253,2025-08-14
2025-08-14 13:15:00,108,235,252,2025-08-14
2025-08-14 13:30:00,97,222,240,2025-08-14
2025-08-14 13:45:00,86,222,239,2025-08-14
2025-08-14 14:00:00,89,230,248,2025-08-14
2025-08-14 14:15:00,90,244,258,2025-08-14
2025-08-14 14:30:00,99,272,285,2025-08-14
2025-08-14 14:45:00,102,273,288,2025-08-14
2025-08-14 15:00:00,99,259,279,2025-08-14
2025-08-14 15:15:00,107,257,278,2025-08-14
2025-08-14 15:30:00,132,338,359,2025-08-14
2025-08-14 15:45:00,164,423,441,2025-08-14
2025-08-14 16:00:00,414,773,790,2025-08-14
2025-08-14 16:15:00,666,1168,1186,2025-08-14
2025-08-14 16:30:00,909,1427,1446,2025-08-14
2025-08-14 16:45:00,1128,1671,1695,2025-08-14
2025-08-14 17:00:00,1165,1690,1719,2025-08-14
2025-08-14 17:15:00,878,1229,1254,2025-08-14
2025-08-14 17:30:00,586,815,834,2025-08-14
2025-08-14 17:45:00,630,887,927,2025-08-14
2025-08-14 18:00:00,319,466,494,2025-08-14
2025-08-14 18:15:00,600,847,890,2025-08-14
2025-08-14 18:30:00,600,847,890,2025-08-14
2025-08-14 18:45:00,405,534,555,2025-08-14
2025-08-14 19:00:00,405,534,555,2025-08-14
2025-08-14 19:15:00,124,153,159,2025-08-14
2025-08-14 19:30:00,195,243,255,2025-08-14
2025-08-14 19:45:00,71,90,96,2025-08-14
2025-08-14 20:00:00,71,90,96,2025-08-14
2025-08-14 20:15:00,140,171,180,2025-08-14
2025-08-14 20:30:00,69,81,84,2025-08-14
2025-08-14 20:45:00,87,132,135,2025-08-14
2025-08-14 21:00:00,87,132,135,2025-08-14
2025-08-14 21:15:00,20,80,80,2025-08-14
2025-08-14 21:30:00,21,86,88,2025-08-14
2025-08-14 21:45:00,3,41,43,2025-08-14
2025-08-14 22:00:00,3,44,46,2025-08-14
2025-08-14 22:15:00,2,25,27,2025-08-14
2025-08-14 22:30:00,3,45,45,2025-08-14
2025-08-14 22:45:00,6,62,65,2025-08-14
2025-08-14 23:00:00,20,77,84,2025-08-14
2025-08-14 23:15:00,41,89,101,2025-08-14
2025-08-14 23:30:00,39,63,75,2025-08-14
2025-08-15 05:30:00,52,93,96,2025-08-15
2025-08-15 05:45:00,46,85,87,2025-08-15
2025-08-15 06:00:00,55,107,108,2025-08-15
2025-08-15 06:15:00,64,120,121,2025-08-15
2025-08-15 06:30:00,68,127,130,2025-08-15
2025-08-15 06:45:00,86,168,176,2025-08-15
2025-08-15 07:00:00,105,273,283,2025-08-15
2025-08-15 07:15:00,135,396,409,2025-08-15
2025-08-15 07:30:00,152,426,440,2025-08-15
2025-08-15 07:45:00,168,467,479,2025-08-15
2025-08-15 08:00:00,165,399,415,2025-08-15
2025-08-15 08:15:00,152,306,324,2025-08-15
2025-08-15 08:30:00,148,297,311,2025-08-15
2025-08-15 08:45:00,151,275,288,2025-08-15
2025-08-15 09:00:00,160,255,263,2025-08-15
2025-08-15 09:15:00,166,246,254,2025-08-15
2025-08-15 09:30:00,175,246,257,2025-08-15
2025-08-15 09:45:00,177,244,255,2025-08-15
2025-08-15 10:00:00,165,232,244,2025-08-15
2025-08-15 10:15:00,178,250,260,2025-08-15
2025-08-15 10:30:00,175,251,260,2025-08-15
2025-08-15 10:45:00,178,306,314,2025-08-15
2025-08-15 11:00:00,186,374,380,2025-08-15
2025-08-15 11:15:00,168,357,366,2025-08-15
2025-08-15 11:30:00,154,350,360,2025-08-15
2025-08-15 11:45:00,133,291,305,2025-08-15
2025-08-15 12:00:00,107,217,235,2025-08-15
2025-08-15 12:15:00,101,291,308,2025-08-15
2025-08-15 12:30:00,110,379,395,2025-08-15
2025-08-15 12:45:00,111,389,402,2025-08-15
2025-08-15 13:00:00,114,411,421,2025-08-15
2025-08-15 13:15:00,111,353,361,2025-08-15
2025-08-15 13:30:00,104,280,289,2025-08-15
2025-08-15 13:45:00,114,294,302,2025-08-15
2025-08-15 14:00:00,121,301,312,2025-08-15
2025-08-15 14:15:00,134,399,411,2025-08-15
2025-08-15 14:30:00,148,493,506,2025-08-15
2025-08-15 14:45:00,135,467,487,2025-08-15
2025-08-15 15:00:00,125,446,466,2025-08-15
2025-08-15 15:15:00,113,338,357,2025-08-15
2025-08-15 15:30:00,96,246,266,2025-08-15
2025-08-15 15:45:00,94,259,278,2025-08-15
2025-08-15 16:00:00,108,274,296,2025-08-15
2025-08-15 16:15:00,121,290,313,2025-08-15
2025-08-15 16:30:00,133,290,310,2025-08-15
2025-08-15 16:45:00,153,291,310,2025-08-15
2025-08-15 17:00:00,201,339,358,2025-08-15
2025-08-15 17:15:00,155,255,270,2025-08-15
2025-08-15 17:30:00,182,277,297,2025-08-15
2025-08-15 17:45:00,145,211,225,2025-08-15
2025-08-15 18:00:00,148,206,215,2025-08-15
2025-08-15 18:15:00,148,206,215,2025-08-15
2025-08-15 18:30:00,85,112,114,2025-08-15
2025-08-15 18:45:00,187,246,252,2025-08-15
2025-08-15 19:00:00,102,134,138,2025-08-15
2025-08-15 19:15:00,102,134,138,2025-08-15
2025-08-15 19:30:00,192,252,265,2025-08-15
2025-08-15 19:45:00,90,118,127,2025-08-15
2025-08-15 20:00:00,90,118,127,2025-08-15
2025-08-15 20:15:00,163,209,221,2025-08-15
2025-08-15 20:30:00,73,91,94,2025-08-15
2025-08-15 20:45:00,94,126,134,2025-08-15
2025-08-15 21:00:00,100,145,154,2025-08-15
2025-08-15 21:15:00,31,78,86,2025-08-15
2025-08-15 21:30:00,36,104,114,2025-08-15
2025-08-15 21:45:00,18,88,93,2025-08-15
2025-08-15 22:00:00,28,123,128,2025-08-15
2025-08-15 22:15:00,35,152,157,2025-08-15
2025-08-15 22:30:00,35,149,155,2025-08-15
2025-08-15 22:45:00,36,143,159,2025-08-15
2025-08-15 23:00:00,28,117,154,2025-08-15
2025-08-15 23:15:00,30,95,156,2025-08-15
2025-08-15 23:30:00,25,72,130,2025-08-15
2025-08-16 05:30:00,17,44,46,2025-08-16
2025-08-16 05:45:00,15,40,41,2025-08-16
2025-08-16 06:00:00,24,55,56,2025-08-16
2025-08-16 06:15:00,28,65,65,2025-08-16
2025-08-16 06:30:00,24,64,65,2025-08-16
2025-08-16 06:45:00,33,87,89,2025-08-16
2025-08-16 07:00:00,30,91,95,2025-08-16
2025-08-16 07:15:00,36,156,163,2025-08-16
2025-08-16 07:30:00,43,220,226,2025-08-16
2025-08-16 07:45:00,60,341,347,2025-08-16
2025-08-16 08:00:00,82,461,466,2025-08-16
2025-08-16 08:15:00,88,413,419,2025-08-16
2025-08-16 08:30:00,89,357,364,2025-08-16
2025-08-16 08:45:00,80,240,247,2025-08-16
2025-08-16 09:00:00,75,186,195,2025-08-16
2025-08-16 09:15:00,80,245,252,2025-08-16
2025-08-16 09:30:00,77,250,259,2025-08-16
2025-08-16 09:45:00,67,266,274,2025-08-16
2025-08-16 10:00:00,58,223,231,2025-08-16
2025-08-16 10:15:00,58,170,178,2025-08-16
2025-08-16 10:30:00,66,176,182,2025-08-16
2025-08-16 10:45:00,73,175,181,2025-08-16
2025-08-16 11:00:00,77,168,175,2025-08-16
2025-08-16 11:15:00,70,171,177,2025-08-16
2025-08-16 11:30:00,71,185,193,2025-08-16
2025-08-16 11:45:00,66,184,194,2025-08-16
2025-08-16 12:00:00,55,195,203,2025-08-16
2025-08-16 12:15:00,54,212,219,2025-08-16
2025-08-16 12:30:00,48,199,209,2025-08-16
2025-08-16 12:45:00,96,325,335,2025-08-16
2025-08-16 13:00:00,146,487,496,2025-08-16
2025-08-16 13:15:00,187,551,560,2025-08-16
2025-08-16 13:30:00,194,565,573,2025-08-16
2025-08-16 13:45:00,147,451,463,2025-08-16
2025-08-16 14:00:00,100,286,300,2025-08-16
2025-08-16 14:15:00,54,197,212,2025-08-16
2025-08-16 14:30:00,40,186,197,2025-08-16
2025-08-16 14:45:00,38,175,183,2025-08-16
2025-08-16 15:00:00,50,243,248,2025-08-16
2025-08-16 15:15:00,68,332,336,2025-08-16
2025-08-16 15:30:00,72,324,331,2025-08-16
2025-08-16 15:45:00,80,329,336,2025-08-16
2025-08-16 16:00:00,65,257,264,2025-08-16
2025-08-16 16:15:00,55,182,192,2025-08-16
2025-08-16 16:30:00,63,197,205,2025-08-16
2025-08-16 16:45:00,73,207,215,2025-08-16
2025-08-16 17:00:00,121,241,253,2025-08-16
2025-08-16 17:15:00,102,189,198,2025-08-16
2025-08-16 17:30:00,84,138,145,2025-08-16
2025-08-16 17:45:00,100,143,152,2025-08-16
2025-08-16 18:00:00,42,62,67,2025-08-16
2025-08-16 18:15:00,83,127,138,2025-08-16
2025-08-16 18:30:00,83,127,138,2025-08-16
2025-08-16 18:45:00,41,65,71,2025-08-16
2025-08-16 19:00:00,90,140,151,2025-08-16
2025-08-16 19:15:00,49,75,80,2025-08-16
2025-08-16 19:30:00,49,75,80,2025-08-16
2025-08-16 19:45:00,76,121,133,2025-08-16
2025-08-16 20:00:00,27,46,53,2025-08-16
2025-08-16 20:15:00,27,46,53,2025-08-16
2025-08-16 20:30:00,41,77,89,2025-08-16
2025-08-16 20:45:00,14,31,36,2025-08-16
2025-08-16 21:00:00,25,65,72,2025-08-16
2025-08-16 21:15:00,25,65,72,2025-08-16
2025-08-16 21:30:00,15,64,66,2025-08-16
2025-08-16 21:45:00,16,85,90,2025-08-16
2025-08-16 22:00:00,5,63,66,2025-08-16
2025-08-16 22:15:00,6,74,78,2025-08-16
2025-08-16 22:30:00,4,55,60,2025-08-16
2025-08-16 22:45:00,6,51,55,2025-08-16
2025-08-16 23:00:00,11,61,66,2025-08-16
2025-08-16 23:15:00,18,64,68,2025-08-16
2025-08-16 23:30:00,16,53,56,2025-08-16
2025-08-17 05:30:00,8,21,23,2025-08-17
2025-08-17 05:45:00,3,15,16,2025-08-17
2025-08-17 06:00:00,7,17,18,2025-08-17
2025-08-17 06:15:00,14,42,44,2025-08-17
2025-08-17 06:30:00,24,76,78,2025-08-17
2025-08-17 06:45:00,32,90,92,2025-08-17
2025-08-17 07:00:00,40,102,104,2025-08-17
2025-08-17 07:15:00,47,98,99,2025-08-17
2025-08-17 07:30:00,48,84,86,2025-08-17
2025-08-17 07:45:00,55,107,110,2025-08-17
2025-08-17 08:00:00,58,134,142,2025-08-17
2025-08-17 08:15:00,63,150,160,2025-08-17
2025-08-17 08:30:00,66,165,173,2025-08-17
2025-08-17 08:45:00,71,174,186,2025-08-17
2025-08-17 09:00:00,85,180,189,2025-08-17
2025-08-17 09:15:00,107,198,209,2025-08-17
2025-08-17 09:30:00,165,336,349,2025-08-17
2025-08-17 09:45:00,216,465,475,2025-08-17
2025-08-17 10:00:00,213,458,479,2025-08-17
2025-08-17 10:15:00,224,526,546,2025-08-17
2025-08-17 10:30:00,200,483,503,2025-08-17
2025-08-17 10:45:00,157,376,399,2025-08-17
2025-08-17 11:00:00,157,394,408,2025-08-17
2025-08-17 11:15:00,148,379,400,2025-08-17
2025-08-17 11:30:00,145,369,394,2025-08-17
2025-08-17 11:45:00,132,358,392,2025-08-17
2025-08-17 12:00:00,124,352,385,2025-08-17
2025-08-17 12:15:00,97,305,330,2025-08-17
2025-08-17 12:30:00,72,254,276,2025-08-17
2025-08-17 12:45:00,71,252,264,2025-08-17
2025-08-17 13:00:00,71,249,260,2025-08-17
2025-08-17 13:15:00,81,237,249,2025-08-17
2025-08-17 13:30:00,91,279,291,2025-08-17
2025-08-17 13:45:00,112,344,353,2025-08-17
2025-08-17 14:00:00,115,338,347,2025-08-17
2025-08-17 14:15:00,102,326,336,2025-08-17
2025-08-17 14:30:00,86,270,281,2025-08-17
2025-08-17 14:45:00,67,206,220,2025-08-17
2025-08-17 15:00:00,70,210,227,2025-08-17
2025-08-17 15:15:00,66,203,222,2025-08-17
2025-08-17 15:30:00,79,247,262,2025-08-17
2025-08-17 15:45:00,88,291,304,2025-08-17
2025-08-17 16:00:00,81,276,290,2025-08-17
2025-08-17 16:15:00,94,280,293,2025-08-17
2025-08-17 16:30:00,85,218,233,2025-08-17
2025-08-17 16:45:00,76,159,174,2025-08-17
2025-08-17 17:00:00,111,197,214,2025-08-17
2025-08-17 17:15:00,88,157,169,2025-08-17
2025-08-17 17:30:00,69,117,127,2025-08-17
2025-08-17 17:45:00,91,134,143,2025-08-17
2025-08-17 18:00:00,38,58,59,2025-08-17
2025-08-17 18:15:00,83,127,129,2025-08-17
2025-08-17 18:30:00,83,127,129,2025-08-17
2025-08-17 18:45:00,45,69,70,2025-08-17
2025-08-17 19:00:00,88,136,137,2025-08-17
2025-08-17 19:15:00,43,67,67,2025-08-17
2025-08-17 19:30:00,43,67,67,2025-08-17
2025-08-17 19:45:00,73,117,118,2025-08-17
2025-08-17 20:00:00,30,50,51,2025-08-17
2025-08-17 20:15:00,30,50,51,2025-08-17
2025-08-17 20:30:00,35,69,73,2025-08-17
2025-08-17 20:45:00,5,19,22,2025-08-17
2025-08-17 21:00:00,5,28,33,2025-08-17
2025-08-17 21:15:00,5,28,33,2025-08-17
2025-08-17 21:30:00,2,17,19,2025-08-17
2025-08-17 21:45:00,2,17,19,2025-08-17
2025-08-17 22:00:00,5,26,26,2025-08-17
2025-08-17 22:15:00,6,35,36,2025-08-17
2025-08-17 22:30:00,4,33,34,2025-08-17
2025-08-17 22:45:00,6,39,40,2025-08-17
2025-08-17 23:00:00,15,35,37,2025-08-17
2025-08-17 23:15:00,32,45,46,2025-08-17
2025-08-17 23:30:00,32,39,40,2025-08-17
2025-08-18 05:30:00,71,97,101,2025-08-18
2025-08-18 05:45:00,65,85,89,2025-08-18
2025-08-18 06:00:00,90,113,116,2025-08-18
2025-08-18 06:15:00,80,96,97,2025-08-18
2025-08-18 06:30:00,97,137,139,2025-08-18
2025-08-18 06:45:00,125,206,213,2025-08-18
2025-08-18 07:00:00,110,208,222,2025-08-18
2025-08-18 07:15:00,159,291,307,2025-08-18
2025-08-18 07:30:00,160,309,328,2025-08-18
2025-08-18 07:45:00,176,337,355,2025-08-18
2025-08-18 08:00:00,200,390,407,2025-08-18
2025-08-18 08:15:00,209,399,417,2025-08-18
2025-08-18 08:30:00,196,364,378,2025-08-18
2025-08-18 08:45:00,193,335,350,2025-08-18
2025-08-18 09:00:00,200,312,323,2025-08-18
2025-08-18 09:15:00,208,305,314,2025-08-18
2025-08-18 09:30:00,230,365,379,2025-08-18
2025-08-18 09:45:00,251,427,440,2025-08-18
2025-08-18 10:00:00,240,408,424,2025-08-18
2025-08-18 10:15:00,230,391,408,2025-08-18
2025-08-18 10:30:00,213,323,339,2025-08-18
2025-08-18 10:45:00,183,261,273,2025-08-18
2025-08-18 11:00:00,178,272,284,2025-08-18
2025-08-18 11:15:00,172,328,340,2025-08-18
2025-08-18 11:30:00,182,407,415,2025-08-18
2025-08-18 11:45:00,187,408,418,2025-08-18
2025-08-18 12:00:00,162,383,394,2025-08-18
2025-08-18 12:15:00,145,325,335,2025-08-18
2025-08-18 12:30:00,110,248,258,2025-08-18
2025-08-18 12:45:00,104,243,255,2025-08-18
2025-08-18 13:00:00,127,348,355,2025-08-18
2025-08-18 13:15:00,145,461,471,2025-08-18
2025-08-18 13:30:00,157,478,490,2025-08-18
2025-08-18 13:45:00,152,477,488,2025-08-18
2025-08-18 14:00:00,140,388,404,2025-08-18
2025-08-18 14:15:00,117,282,300,2025-08-18
2025-08-18 14:30:00,110,267,286,2025-08-18
2025-08-18 14:45:00,122,341,359,2025-08-18
2025-08-18 15:00:00,124,400,416,2025-08-18
2025-08-18 15:15:00,120,380,392,2025-08-18
2025-08-18 15:30:00,121,375,385,2025-08-18
2025-08-18 15:45:00,104,283,296,2025-08-18
2025-08-18 16:00:00,109,222,233,2025-08-18
2025-08-18 16:15:00,127,242,257,2025-08-18
2025-08-18 16:30:00,143,263,284,2025-08-18
2025-08-18 16:45:00,170,301,327,2025-08-18
2025-08-18 17:00:00,227,355,387,2025-08-18
2025-08-18 17:15:00,185,282,308,2025-08-18
2025-08-18 17:30:00,213,310,341,2025-08-18
2025-08-18 17:45:00,165,227,248,2025-08-18
2025-08-18 18:00:00,153,225,245,2025-08-18
2025-08-18 18:15:00,153,225,245,2025-08-18
2025-08-18 18:30:00,86,123,130,2025-08-18
2025-08-18 18:45:00,192,254,264,2025-08-18
2025-08-18 19:00:00,106,131,134,2025-08-18
2025-08-18 19:15:00,106,131,134,2025-08-18
2025-08-18 19:30:00,177,221,229,2025-08-18
2025-08-18 19:45:00,71,90,95,2025-08-18
2025-08-18 20:00:00,71,90,95,2025-08-18
2025-08-18 20:15:00,149,189,196,2025-08-18
2025-08-18 20:30:00,123,167,171,2025-08-18
2025-08-18 20:45:00,123,167,171,2025-08-18
2025-08-18 21:00:00,143,231,236,2025-08-18
2025-08-18 21:15:00,71,160,163,2025-08-18
2025-08-18 21:30:00,34,155,156,2025-08-18
2025-08-18 21:45:00,40,211,212,2025-08-18
2025-08-18 22:00:00,24,166,167,2025-08-18
2025-08-18 22:15:00,24,157,158,2025-08-18
2025-08-18 22:30:00,18,102,103,2025-08-18
2025-08-18 22:45:00,15,53,54,2025-08-18
2025-08-18 23:00:00,24,49,50,2025-08-18
2025-08-18 23:15:00,41,53,56,2025-08-18
2025-08-18 23:30:00,39,45,48,2025-08-18
2025-08-19 05:30:00,70,123,130,2025-08-19
2025-08-19 05:45:00,61,112,117,2025-08-19
2025-08-19 06:00:00,94,149,157,2025-08-19
2025-08-19 06:15:00,107,166,173,2025-08-19
2025-08-19 06:30:00,98,171,179,2025-08-19
2025-08-19 06:45:00,130,235,243,2025-08-19
2025-08-19 07:00:00,124,242,249,2025-08-19
2025-08-19 07:15:00,146,272,282,2025-08-19
2025-08-19 07:30:00,195,402,412,2025-08-19
2025-08-19 07:45:00,231,521,532,2025-08-19
2025-08-19 08:00:00,249,539,559,2025-08-19
2025-08-19 08:15:00,254,540,559,2025-08-19
2025-08-19 08:30:00,222,430,448,2025-08-19
2025-08-19 08:45:00,208,334,354,2025-08-19
2025-08-19 09:00:00,222,344,357,2025-08-19
2025-08-19 09:15:00,236,422,436,2025-08-19
2025-08-19 09:30:00,261,500,514,2025-08-19
2025-08-19 09:45:00,257,487,501,2025-08-19
2025-08-19 10:00:00,247,483,497,2025-08-19
2025-08-19 10:15:00,233,400,411,2025-08-19
2025-08-19 10:30:00,213,312,323,2025-08-19
2025-08-19 10:45:00,195,293,306,2025-08-19
2025-08-19 11:00:00,188,279,295,2025-08-19
2025-08-19 11:15:00,194,335,354,2025-08-19
2025-08-19 11:30:00,191,385,405,2025-08-19
2025-08-19 11:45:00,190,384,402,2025-08-19
2025-08-19 12:00:00,163,350,366,2025-08-19
2025-08-19 12:15:00,128,264,278,2025-08-19
2025-08-19 12:30:00,105,192,205,2025-08-19
2025-08-19 12:45:00,125,281,292,2025-08-19
2025-08-19 13:00:00,150,384,391,2025-08-19
2025-08-19 13:15:00,149,403,419,2025-08-19
2025-08-19 13:30:00,153,424,440,2025-08-19
2025-08-19 13:45:00,143,356,378,2025-08-19
2025-08-19 14:00:00,122,278,302,2025-08-19
2025-08-19 14:15:00,121,276,298,2025-08-19
2025-08-19 14:30:00,148,387,410,2025-08-19
2025-08-19 14:45:00,153,472,488,2025-08-19
2025-08-19 15:00:00,158,473,493,2025-08-19
2025-08-19 15:15:00,165,481,499,2025-08-19
2025-08-19 15:30:00,142,364,386,2025-08-19
2025-08-19 15:45:00,168,359,382,2025-08-19
2025-08-19 16:00:00,205,510,534,2025-08-19
2025-08-19 16:15:00,268,631,653,2025-08-19
2025-08-19 16:30:00,278,662,687,2025-08-19
2025-08-19 16:45:00,263,619,653,2025-08-19
2025-08-19 17:00:00,290,547,577,2025-08-19
2025-08-19 17:15:00,195,352,377,2025-08-19
2025-08-19 17:30:00,216,376,405,2025-08-19
2025-08-19 17:45:00,159,264,283,2025-08-19
2025-08-19 18:00:00,154,252,278,2025-08-19
2025-08-19 18:15:00,154,252,278,2025-08-19
2025-08-19 18:30:00,94,138,149,2025-08-19
2025-08-19 18:45:00,199,275,290,2025-08-19
2025-08-19 19:00:00,105,137,141,2025-08-19
2025-08-19 19:15:00,105,137,141,2025-08-19
2025-08-19 19:30:00,190,242,255,2025-08-19
2025-08-19 19:45:00,85,105,114,2025-08-19
2025-08-19 20:00:00,159,196,209,2025-08-19
2025-08-19 20:15:00,159,196,209,2025-08-19
2025-08-19 20:30:00,121,164,173,2025-08-19
2025-08-19 20:45:00,137,205,215,2025-08-19
2025-08-19 21:00:00,72,151,157,2025-08-19
2025-08-19 21:15:00,78,181,188,2025-08-19
2025-08-19 21:30:00,38,131,135,2025-08-19
2025-08-19 21:45:00,29,113,117,2025-08-19
2025-08-19 22:00:00,29,99,103,2025-08-19
2025-08-19 22:15:00,31,87,92,2025-08-19
2025-08-19 22:30:00,29,76,79,2025-08-19
2025-08-19 22:45:00,24,63,66,2025-08-19
2025-08-19 23:00:00,35,68,74,2025-08-19
2025-08-19 23:15:00,64,90,95,2025-08-19
2025-08-19 23:30:00,59,78,83,2025-08-19
2025-08-20 05:30:00,99,139,144,2025-08-20
2025-08-20 05:45:00,85,119,120,2025-08-20
2025-08-20 06:00:00,119,167,167,2025-08-20
2025-08-20 06:15:00,134,201,202,2025-08-20
2025-08-20 06:30:00,143,228,229,2025-08-20
2025-08-20 06:45:00,175,296,301,2025-08-20
2025-08-20 07:00:00,161,295,305,2025-08-20
2025-08-20 07:15:00,159,299,312,2025-08-20
2025-08-20 07:30:00,160,302,319,2025-08-20
2025-08-20 07:45:00,167,309,328,2025-08-20
2025-08-20 08:00:00,170,319,341,2025-08-20
2025-08-20 08:15:00,211,365,387,2025-08-20
2025-08-20 08:30:00,224,365,387,2025-08-20
2025-08-20 08:45:00,235,358,378,2025-08-20
2025-08-20 09:00:00,251,359,380,2025-08-20
2025-08-20 09:15:00,238,333,359,2025-08-20
2025-08-20 09:30:00,238,335,361,2025-08-20
2025-08-20 09:45:00,241,346,373,2025-08-20
2025-08-20 10:00:00,228,334,355,2025-08-20
2025-08-20 10:15:00,221,318,333,2025-08-20
2025-08-20 10:30:00,199,291,306,2025-08-20
2025-08-20 10:45:00,182,270,281,2025-08-20
2025-08-20 11:00:00,181,270,283,2025-08-20
2025-08-20 11:15:00,166,270,285,2025-08-20
2025-08-20 11:30:00,166,283,297,2025-08-20
2025-08-20 11:45:00,160,291,306,2025-08-20
2025-08-20 12:00:00,141,279,297,2025-08-20
2025-08-20 12:15:00,136,271,287,2025-08-20
2025-08-20 12:30:00,122,257,272,2025-08-20
2025-08-20 12:45:00,139,345,359,2025-08-20
2025-08-20 13:00:00,159,444,451,2025-08-20
2025-08-20 13:15:00,151,452,463,2025-08-20
2025-08-20 13:30:00,147,452,466,2025-08-20
2025-08-20 13:45:00,120,347,365,2025-08-20
2025-08-20 14:00:00,121,351,368,2025-08-20
2025-08-20 14:15:00,143,446,457,2025-08-20
2025-08-20 14:30:00,152,461,474,2025-08-20
2025-08-20 14:45:00,163,486,495,2025-08-20
2025-08-20 15:00:00,134,378,392,2025-08-20
2025-08-20 15:15:00,119,282,300,2025-08-20
2025-08-20 15:30:00,118,272,286,2025-08-20
2025-08-20 15:45:00,115,267,284,2025-08-20
2025-08-20 16:00:00,130,293,311,2025-08-20
2025-08-20 16:15:00,142,304,324,2025-08-20
2025-08-20 16:30:00,158,319,342,2025-08-20
2025-08-20 16:45:00,188,351,375,2025-08-20
2025-08-20 17:00:00,227,386,413,2025-08-20
2025-08-20 17:15:00,180,301,321,2025-08-20
2025-08-20 17:30:00,198,328,351,2025-08-20
2025-08-20 17:45:00,140,227,245,2025-08-20
2025-08-20 18:00:00,159,239,257,2025-08-20
2025-08-20 18:15:00,159,239,257,2025-08-20
2025-08-20 18:30:00,98,136,145,2025-08-20
2025-08-20 18:45:00,176,253,268,2025-08-20
2025-08-20 19:00:00,78,117,123,2025-08-20
2025-08-20 19:15:00,78,117,123,2025-08-20
2025-08-20 19:30:00,159,228,237,2025-08-20
2025-08-20 19:45:00,81,111,114,2025-08-20
2025-08-20 20:00:00,154,198,207,2025-08-20
2025-08-20 20:15:00,154,198,207,2025-08-20
2025-08-20 20:30:00,123,156,164,2025-08-20
2025-08-20 20:45:00,142,195,206,2025-08-20
2025-08-20 21:00:00,80,142,150,2025-08-20
2025-08-20 21:15:00,87,172,180,2025-08-20
2025-08-20 21:30:00,39,124,131,2025-08-20
2025-08-20 21:45:00,25,110,114,2025-08-20
2025-08-20 22:00:00,15,89,90,2025-08-20
2025-08-20 22:15:00,12,74,76,2025-08-20
2025-08-20 22:30:00,13,70,72,2025-08-20
2025-08-20 22:45:00,10,58,60,2025-08-20
2025-08-20 23:00:00,32,77,81,2025-08-20
2025-08-20 23:15:00,59,97,101,2025-08-20
2025-08-20 23:30:00,56,80,83,2025-08-20
2025-08-21 05:30:00,45,78,83,2025-08-21
2025-08-21 05:45:00,40,66,68,2025-08-21
2025-08-21 06:00:00,67,95,96,2025-08-21
2025-08-21 06:15:00,88,129,134,2025-08-21
2025-08-21 06:30:00,93,145,156,2025-08-21
2025-08-21 06:45:00,123,196,209,2025-08-21
2025-08-21 07:00:00,149,305,322,2025-08-21
2025-08-21 07:15:00,180,409,428,2025-08-21
2025-08-21 07:30:00,201,438,456,2025-08-21
2025-08-21 07:45:00,209,463,488,2025-08-21
2025-08-21 08:00:00,197,399,424,2025-08-21
2025-08-21 08:15:00,201,342,368,2025-08-21
2025-08-21 08:30:00,209,339,363,2025-08-21
2025-08-21 08:45:00,235,354,372,2025-08-21
2025-08-21 09:00:00,246,352,370,2025-08-21
2025-08-21 09:15:00,290,384,397,2025-08-21
2025-08-21 09:30:00,237,314,324,2025-08-21
2025-08-21 09:45:00,203,264,272,2025-08-21
2025-08-21 10:00:00,220,267,278,2025-08-21
2025-08-21 10:15:00,109,137,146,2025-08-21
2025-08-21 10:30:00,171,236,250,2025-08-21
2025-08-21 10:45:00,173,238,258,2025-08-21
2025-08-21 11:00:00,131,198,214,2025-08-21
2025-08-21 11:15:00,185,348,367,2025-08-21
2025-08-21 11:30:00,173,396,413,2025-08-21
2025-08-21 11:45:00,166,408,425,2025-08-21
2025-08-21 12:00:00,155,418,435,2025-08-21
2025-08-21 12:15:00,139,353,369,2025-08-21
2025-08-21 12:30:00,114,267,283,2025-08-21
2025-08-21 12:45:00,114,270,281,2025-08-21
2025-08-21 13:00:00,119,272,281,2025-08-21
2025-08-21 13:15:00,108,252,263,2025-08-21
2025-08-21 13:30:00,109,249,263,2025-08-21
2025-08-21 13:45:00,116,255,267,2025-08-21
2025-08-21 14:00:00,123,274,288,2025-08-21
2025-08-21 14:15:00,127,289,303,2025-08-21
2025-08-21 14:30:00,126,293,305,2025-08-21
2025-08-21 14:45:00,120,284,299,2025-08-21
2025-08-21 15:00:00,117,263,279,2025-08-21
2025-08-21 15:15:00,116,247,262,2025-08-21
2025-08-21 15:30:00,113,251,269,2025-08-21
2025-08-21 15:45:00,108,266,284,2025-08-21
2025-08-21 16:00:00,110,278,296,2025-08-21
2025-08-21 16:15:00,126,298,319,2025-08-21
2025-08-21 16:30:00,139,307,328,2025-08-21
2025-08-21 16:45:00,171,332,357,2025-08-21
2025-08-21 17:00:00,242,410,442,2025-08-21
2025-08-21 17:15:00,196,326,352,2025-08-21
2025-08-21 17:30:00,242,390,417,2025-08-21
2025-08-21 17:45:00,189,295,315,2025-08-21
2025-08-21 18:00:00,176,284,313,2025-08-21
2025-08-21 18:15:00,176,284,313,2025-08-21
2025-08-21 18:30:00,95,145,166,2025-08-21
2025-08-21 18:45:00,200,285,310,2025-08-21
2025-08-21 19:00:00,105,140,144,2025-08-21
2025-08-21 19:15:00,105,140,144,2025-08-21
2025-08-21 19:30:00,168,228,241,2025-08-21
2025-08-21 19:45:00,63,88,97,2025-08-21
2025-08-21 20:00:00,139,185,199,2025-08-21
2025-08-21 20:15:00,139,185,199,2025-08-21
2025-08-21 20:30:00,131,172,183,2025-08-21
2025-08-21 20:45:00,152,215,230,2025-08-21
2025-08-21 21:00:00,80,145,158,2025-08-21
2025-08-21 21:15:00,88,171,188,2025-08-21
2025-08-21 21:30:00,38,115,126,2025-08-21
2025-08-21 21:45:00,19,84,91,2025-08-21
2025-08-21 22:00:00,19,71,77,2025-08-21
2025-08-21 22:15:00,18,64,66,2025-08-21
2025-08-21 22:30:00,22,62,64,2025-08-21
2025-08-21 22:45:00,33,90,92,2025-08-21
2025-08-21 23:00:00,53,126,128,2025-08-21
2025-08-21 23:15:00,75,138,140,2025-08-21
2025-08-21 23:30:00,66,121,123,2025-08-21
2025-08-22 05:30:00,109,257,260,2025-08-22
2025-08-22 05:45:00,87,232,234,2025-08-22
2025-08-22 06:00:00,142,402,404,2025-08-22
2025-08-22 06:15:00,168,438,442,2025-08-22
2025-08-22 06:30:00,142,318,324,2025-08-22
2025-08-22 06:45:00,166,370,376,2025-08-22
2025-08-22 07:00:00,134,245,256,2025-08-22
2025-08-22 07:15:00,142,266,275,2025-08-22
2025-08-22 07:30:00,156,283,291,2025-08-22
2025-08-22 07:45:00,179,306,326,2025-08-22
2025-08-22 08:00:00,191,315,339,2025-08-22
2025-08-22 08:15:00,200,315,342,2025-08-22
2025-08-22 08:30:00,197,303,339,2025-08-22
2025-08-22 08:45:00,201,309,334,2025-08-22
2025-08-22 09:00:00,208,311,330,2025-08-22
2025-08-22 09:15:00,216,317,334,2025-08-22
2025-08-22 09:30:00,220,317,326,2025-08-22
2025-08-22 09:45:00,211,296,307,2025-08-22
2025-08-22 10:00:00,197,279,289,2025-08-22
2025-08-22 10:15:00,185,263,275,2025-08-22
2025-08-22 10:30:00,170,245,259,2025-08-22
2025-08-22 10:45:00,162,240,256,2025-08-22
2025-08-22 11:00:00,164,243,262,2025-08-22
2025-08-22 11:15:00,153,238,256,2025-08-22
2025-08-22 11:30:00,161,255,272,2025-08-22
2025-08-22 11:45:00,154,254,268,2025-08-22
2025-08-22 12:00:00,134,240,252,2025-08-22
2025-08-22 12:15:00,126,228,242,2025-08-22
2025-08-22 12:30:00,114,217,230,2025-08-22
2025-08-22 12:45:00,114,221,237,2025-08-22
2025-08-22 13:00:00,114,218,233,2025-08-22
2025-08-22 13:15:00,111,234,247,2025-08-22
2025-08-22 13:30:00,115,250,262,2025-08-22
2025-08-22 13:45:00,135,372,381,2025-08-22
2025-08-22 14:00:00,161,506,515,2025-08-22
2025-08-22 14:15:00,151,480,496,2025-08-22
2025-08-22 14:30:00,128,437,455,2025-08-22
2025-08-22 14:45:00,91,290,310,2025-08-22
2025-08-22 15:00:00,61,153,174,2025-08-22
2025-08-22 15:15:00,69,157,174,2025-08-22
2025-08-22 15:30:00,83,179,201,2025-08-22
2025-08-22 15:45:00,85,190,211,2025-08-22
2025-08-22 16:00:00,82,189,214,2025-08-22
2025-08-22 16:15:00,82,197,219,2025-08-22
2025-08-22 16:30:00,87,212,230,2025-08-22
2025-08-22 16:45:00,111,242,264,2025-08-22
2025-08-22 17:00:00,166,302,320,2025-08-22
2025-08-22 17:15:00,138,246,261,2025-08-22
2025-08-22 17:30:00,175,289,304,2025-08-22
2025-08-22 17:45:00,139,215,223,2025-08-22
2025-08-22 18:00:00,161,241,248,2025-08-22
2025-08-22 18:15:00,161,241,248,2025-08-22
2025-08-22 18:30:00,98,137,140,2025-08-22
2025-08-22 18:45:00,155,212,220,2025-08-22
2025-08-22 19:00:00,57,75,80,2025-08-22
2025-08-22 19:15:00,57,75,80,2025-08-22
2025-08-22 19:30:00,105,129,136,2025-08-22
2025-08-22 19:45:00,48,54,56,2025-08-22
2025-08-22 20:00:00,105,122,126,2025-08-22
2025-08-22 20:15:00,105,122,126,2025-08-22
2025-08-22 20:30:00,94,119,121,2025-08-22
2025-08-22 20:45:00,103,142,146,2025-08-22
2025-08-22 21:00:00,53,99,101,2025-08-22
2025-08-22 21:15:00,62,124,126,2025-08-22
2025-08-22 21:30:00,32,90,92,2025-08-22
2025-08-22 21:45:00,31,88,89,2025-08-22
2025-08-22 22:00:00,25,76,79,2025-08-22
2025-08-22 22:15:00,21,68,72,2025-08-22
2025-08-22 22:30:00,17,66,72,2025-08-22
2025-08-22 22:45:00,17,64,70,2025-08-22
2025-08-22 23:00:00,31,75,79,2025-08-22
2025-08-22 23:15:00,54,88,93,2025-08-22
2025-08-22 23:30:00,51,73,76,2025-08-22
2025-08-23 05:30:00,8,31,32,2025-08-23
2025-08-23 05:45:00,7,28,29,2025-08-23
2025-08-23 06:00:00,9,34,35,2025-08-23
2025-08-23 06:15:00,15,47,48,2025-08-23
2025-08-23 06:30:00,24,61,63,2025-08-23
2025-08-23 06:45:00,32,83,86,2025-08-23
2025-08-23 07:00:00,38,98,102,2025-08-23
2025-08-23 07:15:00,41,112,116,2025-08-23
2025-08-23 07:30:00,43,131,138,2025-08-23
2025-08-23 07:45:00,48,152,159,2025-08-23
2025-08-23 08:00:00,51,167,173,2025-08-23
2025-08-23 08:15:00,59,163,172,2025-08-23
2025-08-23 08:30:00,66,209,213,2025-08-23
2025-08-23 08:45:00,76,266,272,2025-08-23
2025-08-23 09:00:00,91,275,282,2025-08-23
2025-08-23 09:15:00,121,374,381,2025-08-23
2025-08-23 09:30:00,157,424,433,2025-08-23
2025-08-23 09:45:00,134,324,330,2025-08-23
2025-08-23 10:00:00,128,323,335,2025-08-23
2025-08-23 10:15:00,105,242,253,2025-08-23
2025-08-23 10:30:00,77,148,159,2025-08-23
2025-08-23 10:45:00,113,254,265,2025-08-23
2025-08-23 11:00:00,129,319,325,2025-08-23
2025-08-23 11:15:00,130,322,329,2025-08-23
2025-08-23 11:30:00,122,321,331,2025-08-23
2025-08-23 11:45:00,97,250,262,2025-08-23
2025-08-23 12:00:00,79,179,195,2025-08-23
2025-08-23 12:15:00,68,164,182,2025-08-23
2025-08-23 12:30:00,66,171,186,2025-08-23
2025-08-23 12:45:00,71,190,206,2025-08-23
2025-08-23 13:00:00,70,202,213,2025-08-23
2025-08-23 13:15:00,71,219,227,2025-08-23
2025-08-23 13:30:00,64,216,226,2025-08-23
2025-08-23 13:45:00,65,224,235,2025-08-23
2025-08-23 14:00:00,59,216,230,2025-08-23
2025-08-23 14:15:00,57,214,227,2025-08-23
2025-08-23 14:30:00,58,219,232,2025-08-23
2025-08-23 14:45:00,51,187,199,2025-08-23
2025-08-23 15:00:00,45,156,165,2025-08-23
2025-08-23 15:15:00,38,122,130,2025-08-23
2025-08-23 15:30:00,37,95,102,2025-08-23
2025-08-23 15:45:00,42,142,147,2025-08-23
2025-08-23 16:00:00,51,206,212,2025-08-23
2025-08-23 16:15:00,58,227,236,2025-08-23
2025-08-23 16:30:00,59,233,242,2025-08-23
2025-08-23 16:45:00,58,183,192,2025-08-23
2025-08-23 17:00:00,99,177,185,2025-08-23
2025-08-23 17:15:00,84,136,141,2025-08-23
2025-08-23 17:30:00,72,104,106,2025-08-23
2025-08-23 17:45:00,93,133,134,2025-08-23
2025-08-23 18:00:00,69,103,104,2025-08-23
2025-08-23 18:15:00,69,103,104,2025-08-23
2025-08-23 18:30:00,69,103,104,2025-08-23
2025-08-23 18:45:00,67,91,96,2025-08-23
2025-08-23 19:00:00,33,44,48,2025-08-23
2025-08-23 19:15:00,33,44,48,2025-08-23
2025-08-23 19:30:00,53,73,77,2025-08-23
2025-08-23 19:45:00,20,29,29,2025-08-23
2025-08-23 20:00:00,20,29,29,2025-08-23
2025-08-23 20:15:00,39,54,55,2025-08-23
2025-08-23 20:30:00,19,25,26,2025-08-23
2025-08-23 20:45:00,30,45,47,2025-08-23
2025-08-23 21:00:00,32,55,57,2025-08-23
2025-08-23 21:15:00,21,66,68,2025-08-23
2025-08-23 21:30:00,29,103,106,2025-08-23
2025-08-23 21:45:00,19,90,93,2025-08-23
2025-08-23 22:00:00,19,95,98,2025-08-23
2025-08-23 22:15:00,17,81,83,2025-08-23
2025-08-23 22:30:00,12,60,62,2025-08-23
2025-08-23 22:45:00,12,63,64,2025-08-23
2025-08-23 23:00:00,11,51,52,2025-08-23
2025-08-23 23:15:00,16,41,43,2025-08-23
2025-08-23 23:30:00,13,25,26,2025-08-23
2025-08-24 05:30:00,9,44,45,2025-08-24
2025-08-24 05:45:00,8,33,33,2025-08-24
2025-08-24 06:00:00,11,28,28,2025-08-24
2025-08-24 06:15:00,17,38,38,2025-08-24
2025-08-24 06:30:00,23,48,48,2025-08-24
2025-08-24 06:45:00,34,75,78,2025-08-24
2025-08-24 07:00:00,45,98,103,2025-08-24
2025-08-24 07:15:00,59,118,124,2025-08-24
2025-08-24 07:30:00,67,145,155,2025-08-24
2025-08-24 07:45:00,73,158,168,2025-08-24
2025-08-24 08:00:00,86,207,219,2025-08-24
2025-08-24 08:15:00,95,250,263,2025-08-24
2025-08-24 08:30:00,99,245,262,2025-08-24
2025-08-24 08:45:00,101,242,261,2025-08-24
2025-08-24 09:00:00,118,272,289,2025-08-24
2025-08-24 09:15:00,130,309,326,2025-08-24
2025-08-24 09:30:00,132,320,332,2025-08-24
2025-08-24 09:45:00,131,324,334,2025-08-24
2025-08-24 10:00:00,105,259,269,2025-08-24
2025-08-24 10:15:00,88,194,207,2025-08-24
2025-08-24 10:30:00,86,194,208,2025-08-24
2025-08-24 10:45:00,108,286,299,2025-08-24
2025-08-24 11:00:00,130,366,377,2025-08-24
2025-08-24 11:15:00,130,368,379,2025-08-24
2025-08-24 11:30:00,134,380,390,2025-08-24
2025-08-24 11:45:00,110,302,314,2025-08-24
2025-08-24 12:00:00,102,309,323,2025-08-24
2025-08-24 12:15:00,119,393,404,2025-08-24
2025-08-24 12:30:00,110,380,395,2025-08-24
2025-08-24 12:45:00,110,376,391,2025-08-24
2025-08-24 13:00:00,88,283,298,2025-08-24
2025-08-24 13:15:00,64,186,201,2025-08-24
2025-08-24 13:30:00,69,183,194,2025-08-24
2025-08-24 13:45:00,64,175,186,2025-08-24
2025-08-24 14:00:00,63,177,191,2025-08-24
2025-08-24 14:15:00,58,176,190,2025-08-24
2025-08-24 14:30:00,46,172,183,2025-08-24
2025-08-24 14:45:00,52,179,190,2025-08-24
2025-08-24 15:00:00,56,183,192,2025-08-24
2025-08-24 15:15:00,57,180,190,2025-08-24
2025-08-24 15:30:00,62,164,175,2025-08-24
2025-08-24 15:45:00,53,133,142,2025-08-24
2025-08-24 16:00:00,61,125,133,2025-08-24
2025-08-24 16:15:00,76,138,145,2025-08-24
2025-08-24 16:30:00,83,156,165,2025-08-24
2025-08-24 16:45:00,101,186,195,2025-08-24
2025-08-24 17:00:00,134,254,267,2025-08-24
2025-08-24 17:15:00,103,201,212,2025-08-24
2025-08-24 17:30:00,83,157,165,2025-08-24
2025-08-24 17:45:00,104,213,219,2025-08-24
2025-08-24 18:00:00,93,183,186,2025-08-24
2025-08-24 18:15:00,93,183,186,2025-08-24
2025-08-24 18:30:00,93,183,186,2025-08-24
2025-08-24 18:45:00,92,147,153,2025-08-24
2025-08-24 19:00:00,46,69,72,2025-08-24
2025-08-24 19:15:00,46,69,72,2025-08-24
2025-08-24 19:30:00,76,117,123,2025-08-24
2025-08-24 19:45:00,30,48,51,2025-08-24
2025-08-24 20:00:00,30,48,51,2025-08-24
2025-08-24 20:15:00,60,96,99,2025-08-24
2025-08-24 20:30:00,30,48,48,2025-08-24
2025-08-24 20:45:00,31,61,63,2025-08-24
2025-08-24 21:00:00,36,74,76,2025-08-24
2025-08-24 21:15:00,10,34,38,2025-08-24
2025-08-24 21:30:00,13,39,43,2025-08-24
2025-08-24 21:45:00,16,37,40,2025-08-24
2025-08-24 22:00:00,14,38,41,2025-08-24
2025-08-24 22:15:00,14,44,46,2025-08-24
2025-08-24 22:30:00,13,46,49,2025-08-24
2025-08-24 22:45:00,11,38,40,2025-08-24
2025-08-24 23:00:00,17,37,39,2025-08-24
2025-08-24 23:15:00,26,40,42,2025-08-24
2025-08-24 23:30:00,24,33,34,2025-08-24
2025-08-25 05:30:00,50,83,85,2025-08-25
2025-08-25 05:45:00,32,62,63,2025-08-25
2025-08-25 06:00:00,38,70,73,2025-08-25
2025-08-25 06:15:00,59,99,102,2025-08-25
2025-08-25 06:30:00,50,81,84,2025-08-25
2025-08-25 06:45:00,104,177,186,2025-08-25
2025-08-25 07:00:00,106,196,209,2025-08-25
2025-08-25 07:15:00,111,222,240,2025-08-25
2025-08-25 07:30:00,151,308,330,2025-08-25
2025-08-25 07:45:00,133,290,307,2025-08-25
2025-08-25 08:00:00,170,332,346,2025-08-25
2025-08-25 08:15:00,201,349,361,2025-08-25
2025-08-25 08:30:00,201,328,340,2025-08-25
2025-08-25 08:45:00,218,328,344,2025-08-25
2025-08-25 09:00:00,225,331,350,2025-08-25
2025-08-25 09:15:00,230,331,352,2025-08-25
2025-08-25 09:30:00,246,397,416,2025-08-25
2025-08-25 09:45:00,258,458,480,2025-08-25
2025-08-25 10:00:00,242,433,456,2025-08-25
2025-08-25 10:15:00,235,420,442,2025-08-25
2025-08-25 10:30:00,222,352,376,2025-08-25
2025-08-25 10:45:00,196,277,294,2025-08-25
2025-08-25 11:00:00,196,277,289,2025-08-25
2025-08-25 11:15:00,180,257,265,2025-08-25
2025-08-25 11:30:00,170,249,259,2025-08-25
2025-08-25 11:45:00,166,244,262,2025-08-25
2025-08-25 12:00:00,149,230,250,2025-08-25
2025-08-25 12:15:00,142,241,261,2025-08-25
2025-08-25 12:30:00,139,247,263,2025-08-25
2025-08-25 12:45:00,132,244,255,2025-08-25
2025-08-25 13:00:00,141,257,268,2025-08-25
2025-08-25 13:15:00,174,422,433,2025-08-25
2025-08-25 13:30:00,213,594,605,2025-08-25
2025-08-25 13:45:00,210,594,605,2025-08-25
2025-08-25 14:00:00,209,614,623,2025-08-25
2025-08-25 14:15:00,176,470,482,2025-08-25
2025-08-25 14:30:00,135,312,328,2025-08-25
2025-08-25 14:45:00,135,322,339,2025-08-25
2025-08-25 15:00:00,120,301,322,2025-08-25
2025-08-25 15:15:00,116,284,303,2025-08-25
2025-08-25 15:30:00,110,262,280,2025-08-25
2025-08-25 15:45:00,107,247,260,2025-08-25
2025-08-25 16:00:00,113,250,264,2025-08-25
2025-08-25 16:15:00,118,263,279,2025-08-25
2025-08-25 16:30:00,136,296,311,2025-08-25
2025-08-25 16:45:00,169,334,352,2025-08-25
2025-08-25 17:00:00,226,382,398,2025-08-25
2025-08-25 17:15:00,187,296,308,2025-08-25
2025-08-25 17:30:00,203,293,307,2025-08-25
2025-08-25 17:45:00,148,204,215,2025-08-25
2025-08-25 18:00:00,111,154,167,2025-08-25
2025-08-25 18:15:00,111,154,167,2025-08-25
2025-08-25 18:30:00,55,71,78,2025-08-25
2025-08-25 18:45:00,126,164,171,2025-08-25
2025-08-25 19:00:00,71,93,93,2025-08-25
2025-08-25 19:15:00,71,93,93,2025-08-25
2025-08-25 19:30:00,140,189,197,2025-08-25
2025-08-25 19:45:00,69,96,104,2025-08-25
2025-08-25 20:00:00,139,187,197,2025-08-25
2025-08-25 20:15:00,139,187,197,2025-08-25
2025-08-25 20:30:00,103,147,151,2025-08-25
2025-08-25 20:45:00,103,147,151,2025-08-25
2025-08-25 21:00:00,62,136,144,2025-08-25
2025-08-25 21:15:00,70,156,165,2025-08-25
2025-08-25 21:30:00,42,115,123,2025-08-25
2025-08-25 21:45:00,44,125,134,2025-08-25
2025-08-25 22:00:00,17,59,63,2025-08-25
2025-08-25 22:15:00,13,54,58,2025-08-25
2025-08-25 22:30:00,12,52,55,2025-08-25
2025-08-25 22:45:00,13,51,54,2025-08-25
2025-08-25 23:00:00,20,49,51,2025-08-25
2025-08-25 23:15:00,22,43,44,2025-08-25
2025-08-25 23:30:00,18,30,31,2025-08-25
2025-08-26 05:30:00,73,109,113,2025-08-26
2025-08-26 05:45:00,67,101,104,2025-08-26
2025-08-26 06:00:00,100,155,159,2025-08-26
2025-08-26 06:15:00,82,124,128,2025-08-26
2025-08-26 06:30:00,92,157,160,2025-08-26
2025-08-26 06:45:00,133,231,240,2025-08-26
2025-08-26 07:00:00,117,230,241,2025-08-26
2025-08-26 07:15:00,163,321,334,2025-08-26
2025-08-26 07:30:00,163,322,339,2025-08-26
2025-08-26 07:45:00,161,327,343,2025-08-26
2025-08-26 08:00:00,182,334,352,2025-08-26
2025-08-26 08:15:00,188,326,346,2025-08-26
2025-08-26 08:30:00,210,341,363,2025-08-26
2025-08-26 08:45:00,236,345,368,2025-08-26
2025-08-26 09:00:00,248,355,377,2025-08-26
2025-08-26 09:15:00,268,375,400,2025-08-26
2025-08-26 09:30:00,252,355,375,2025-08-26
2025-08-26 09:45:00,236,354,373,2025-08-26
2025-08-26 10:00:00,224,347,365,2025-08-26
2025-08-26 10:15:00,209,317,331,2025-08-26
2025-08-26 10:30:00,210,305,320,2025-08-26
2025-08-26 10:45:00,205,292,305,2025-08-26
2025-08-26 11:00:00,204,289,300,2025-08-26
2025-08-26 11:15:00,181,277,290,2025-08-26
2025-08-26 11:30:00,173,275,290,2025-08-26
2025-08-26 11:45:00,155,254,269,2025-08-26
2025-08-26 12:00:00,124,216,234,2025-08-26
2025-08-26 12:15:00,126,281,303,2025-08-26
2025-08-26 12:30:00,135,367,387,2025-08-26
2025-08-26 12:45:00,136,383,405,2025-08-26
2025-08-26 13:00:00,149,418,436,2025-08-26
2025-08-26 13:15:00,149,372,385,2025-08-26
2025-08-26 13:30:00,130,301,312,2025-08-26
2025-08-26 13:45:00,126,309,317,2025-08-26
2025-08-26 14:00:00,108,306,318,2025-08-26
2025-08-26 14:15:00,105,314,327,2025-08-26
2025-08-26 14:30:00,104,298,315,2025-08-26
2025-08-26 14:45:00,136,378,399,2025-08-26
2025-08-26 15:00:00,167,455,474,2025-08-26
2025-08-26 15:15:00,167,434,452,2025-08-26
2025-08-26 15:30:00,162,429,449,2025-08-26
2025-08-26 15:45:00,127,341,358,2025-08-26
2025-08-26 16:00:00,103,268,287,2025-08-26
2025-08-26 16:15:00,110,288,308,2025-08-26
2025-08-26 16:30:00,126,320,339,2025-08-26
2025-08-26 16:45:00,149,348,372,2025-08-26
2025-08-26 17:00:00,198,383,410,2025-08-26
2025-08-26 17:15:00,158,296,318,2025-08-26
2025-08-26 17:30:00,176,309,331,2025-08-26
2025-08-26 17:45:00,133,217,231,2025-08-26
2025-08-26 18:00:00,131,205,227,2025-08-26
2025-08-26 18:15:00,131,205,227,2025-08-26
2025-08-26 18:30:00,78,110,126,2025-08-26
2025-08-26 18:45:00,177,249,266,2025-08-26
2025-08-26 19:00:00,99,139,140,2025-08-26
2025-08-26 19:15:00,99,139,140,2025-08-26
2025-08-26 19:30:00,179,258,267,2025-08-26
2025-08-26 19:45:00,80,119,127,2025-08-26
2025-08-26 20:00:00,149,208,222,2025-08-26
2025-08-26 20:15:00,149,208,222,2025-08-26
2025-08-26 20:30:00,120,162,173,2025-08-26
2025-08-26 20:45:00,134,190,203,2025-08-26
2025-08-26 21:00:00,80,122,131,2025-08-26
2025-08-26 21:15:00,91,147,159,2025-08-26
2025-08-26 21:30:00,42,93,100,2025-08-26
2025-08-26 21:45:00,33,85,91,2025-08-26
2025-08-26 22:00:00,22,87,92,2025-08-26
2025-08-26 22:15:00,12,78,81,2025-08-26
2025-08-26 22:30:00,12,71,74,2025-08-26
2025-08-26 22:45:00,10,65,68,2025-08-26
2025-08-26 23:00:00,25,66,69,2025-08-26
2025-08-26 23:15:00,47,74,78,2025-08-26
2025-08-26 23:30:00,45,62,66,2025-08-26
2025-08-27 05:30:00,81,137,141,2025-08-27
2025-08-27 05:45:00,71,125,128,2025-08-27
2025-08-27 06:00:00,95,161,164,2025-08-27
2025-08-27 06:15:00,97,165,171,2025-08-27
2025-08-27 06:30:00,95,162,170,2025-08-27
2025-08-27 06:45:00,122,227,240,2025-08-27
2025-08-27 07:00:00,115,238,256,2025-08-27
2025-08-27 07:15:00,141,279,297,2025-08-27
2025-08-27 07:30:00,162,321,338,2025-08-27
2025-08-27 07:45:00,176,335,357,2025-08-27
2025-08-27 08:00:00,196,341,363,2025-08-27
2025-08-27 08:15:00,210,334,357,2025-08-27
2025-08-27 08:30:00,197,297,323,2025-08-27
2025-08-27 08:45:00,201,297,319,2025-08-27
2025-08-27 09:00:00,224,335,356,2025-08-27
2025-08-27 09:15:00,233,362,386,2025-08-27
2025-08-27 09:30:00,250,389,415,2025-08-27
2025-08-27 09:45:00,259,386,409,2025-08-27
2025-08-27 10:00:00,250,359,378,2025-08-27
2025-08-27 10:15:00,236,329,344,2025-08-27
2025-08-27 10:30:00,219,304,314,2025-08-27
2025-08-27 10:45:00,212,295,306,2025-08-27
2025-08-27 11:00:00,201,279,295,2025-08-27
2025-08-27 11:15:00,188,273,288,2025-08-27
2025-08-27 11:30:00,187,283,300,2025-08-27
2025-08-27 11:45:00,174,281,296,2025-08-27
2025-08-27 12:00:00,155,276,291,2025-08-27
2025-08-27 12:15:00,146,275,294,2025-08-27
2025-08-27 12:30:00,132,260,283,2025-08-27
2025-08-27 12:45:00,127,250,273,2025-08-27
2025-08-27 13:00:00,124,241,261,2025-08-27
2025-08-27 13:15:00,124,249,266,2025-08-27
2025-08-27 13:30:00,119,264,275,2025-08-27
2025-08-27 13:45:00,116,282,293,2025-08-27
2025-08-27 14:00:00,107,295,310,2025-08-27
2025-08-27 14:15:00,93,284,302,2025-08-27
2025-08-27 14:30:00,90,277,295,2025-08-27
2025-08-27 14:45:00,85,264,283,2025-08-27
2025-08-27 15:00:00,88,256,268,2025-08-27
2025-08-27 15:15:00,94,276,285,2025-08-27
2025-08-27 15:30:00,97,280,289,2025-08-27
2025-08-27 15:45:00,106,283,291,2025-08-27
2025-08-27 16:00:00,116,295,306,2025-08-27
2025-08-27 16:15:00,145,303,318,2025-08-27
2025-08-27 16:30:00,163,314,332,2025-08-27
2025-08-27 16:45:00,173,339,362,2025-08-27
2025-08-27 17:00:00,216,389,413,2025-08-27
2025-08-27 17:15:00,160,295,311,2025-08-27
2025-08-27 17:30:00,176,312,328,2025-08-27
2025-08-27 17:45:00,136,224,233,2025-08-27
2025-08-27 18:00:00,132,210,223,2025-08-27
2025-08-27 18:15:00,132,210,223,2025-08-27
2025-08-27 18:30:00,79,117,125,2025-08-27
2025-08-27 18:45:00,155,239,253,2025-08-27
2025-08-27 19:00:00,76,122,128,2025-08-27
2025-08-27 19:15:00,76,122,128,2025-08-27
2025-08-27 19:30:00,139,222,234,2025-08-27
2025-08-27 19:45:00,63,100,106,2025-08-27
2025-08-27 20:00:00,135,194,204,2025-08-27
2025-08-27 20:15:00,135,194,204,2025-08-27
2025-08-27 20:30:00,123,168,175,2025-08-27
2025-08-27 20:45:00,139,207,216,2025-08-27
2025-08-27 21:00:00,77,141,149,2025-08-27
2025-08-27 21:15:00,86,164,174,2025-08-27
2025-08-27 21:30:00,39,106,113,2025-08-27
2025-08-27 21:45:00,28,86,92,2025-08-27
2025-08-27 22:00:00,21,79,86,2025-08-27
2025-08-27 22:15:00,14,71,76,2025-08-27
2025-08-27 22:30:00,14,68,74,2025-08-27
2025-08-27 22:45:00,16,74,80,2025-08-27
2025-08-27 23:00:00,40,94,98,2025-08-27
2025-08-27 23:15:00,84,126,132,2025-08-27
2025-08-27 23:30:00,80,113,118,2025-08-27
2025-08-28 05:30:00,84,111,118,2025-08-28
2025-08-28 05:45:00,72,97,100,2025-08-28
2025-08-28 06:00:00,104,145,148,2025-08-28
2025-08-28 06:15:00,118,179,185,2025-08-28
2025-08-28 06:30:00,127,206,213,2025-08-28
2025-08-28 06:45:00,146,259,269,2025-08-28
2025-08-28 07:00:00,131,256,271,2025-08-28
2025-08-28 07:15:00,149,280,294,2025-08-28
2025-08-28 07:30:00,153,289,306,2025-08-28
2025-08-28 07:45:00,180,320,340,2025-08-28
2025-08-28 08:00:00,188,330,349,2025-08-28
2025-08-28 08:15:00,206,337,363,2025-08-28
2025-08-28 08:30:00,210,326,352,2025-08-28
2025-08-28 08:45:00,199,295,316,2025-08-28
2025-08-28 09:00:00,217,294,312,2025-08-28
2025-08-28 09:15:00,246,421,433,2025-08-28
2025-08-28 09:30:00,287,564,571,2025-08-28
2025-08-28 09:45:00,297,579,590,2025-08-28
2025-08-28 10:00:00,281,567,578,2025-08-28
2025-08-28 10:15:00,246,436,446,2025-08-28
2025-08-28 10:30:00,203,295,309,2025-08-28
2025-08-28 10:45:00,194,278,290,2025-08-28
2025-08-28 11:00:00,189,273,284,2025-08-28
2025-08-28 11:15:00,168,258,269,2025-08-28
2025-08-28 11:30:00,170,269,283,2025-08-28
2025-08-28 11:45:00,182,364,377,2025-08-28
2025-08-28 12:00:00,181,440,453,2025-08-28
2025-08-28 12:15:00,188,510,524,2025-08-28
2025-08-28 12:30:00,190,578,585,2025-08-28
2025-08-28 12:45:00,168,490,500,2025-08-28
2025-08-28 13:00:00,153,409,420,2025-08-28
2025-08-28 13:15:00,134,330,340,2025-08-28
2025-08-28 13:30:00,114,240,252,2025-08-28
2025-08-28 13:45:00,138,353,364,2025-08-28
2025-08-28 14:00:00,160,475,485,2025-08-28
2025-08-28 14:15:00,156,472,485,2025-08-28
2025-08-28 14:30:00,154,475,493,2025-08-28
2025-08-28 14:45:00,130,368,386,2025-08-28
2025-08-28 15:00:00,103,248,265,2025-08-28
2025-08-28 15:15:00,111,255,275,2025-08-28
2025-08-28 15:30:00,111,255,269,2025-08-28
2025-08-28 15:45:00,114,298,314,2025-08-28
2025-08-28 16:00:00,121,342,358,2025-08-28
2025-08-28 16:15:00,123,349,361,2025-08-28
2025-08-28 16:30:00,131,357,371,2025-08-28
2025-08-28 16:45:00,149,326,340,2025-08-28
2025-08-28 17:00:00,206,338,358,2025-08-28
2025-08-28 17:15:00,169,262,278,2025-08-28
2025-08-28 17:30:00,192,280,307,2025-08-28
2025-08-28 17:45:00,145,204,225,2025-08-28
2025-08-28 18:00:00,147,204,222,2025-08-28
2025-08-28 18:15:00,147,204,222,2025-08-28
2025-08-28 18:30:00,93,122,126,2025-08-28
2025-08-28 18:45:00,177,229,240,2025-08-28
2025-08-28 19:00:00,84,107,114,2025-08-28
2025-08-28 19:15:00,84,107,114,2025-08-28
2025-08-28 19:30:00,166,212,223,2025-08-28
2025-08-28 19:45:00,82,105,109,2025-08-28
2025-08-28 20:00:00,158,207,217,2025-08-28
2025-08-28 20:15:00,158,207,217,2025-08-28
2025-08-28 20:30:00,140,189,196,2025-08-28
2025-08-28 20:45:00,154,225,233,2025-08-28
2025-08-28 21:00:00,82,144,149,2025-08-28
2025-08-28 21:15:00,91,202,207,2025-08-28
2025-08-28 21:30:00,36,176,182,2025-08-28
2025-08-28 21:45:00,27,156,163,2025-08-28
2025-08-28 22:00:00,26,144,152,2025-08-28
2025-08-28 22:15:00,22,98,109,2025-08-28
2025-08-28 22:30:00,13,46,55,2025-08-28
2025-08-28 22:45:00,11,42,49,2025-08-28
2025-08-28 23:00:00,17,49,52,2025-08-28
2025-08-28 23:15:00,37,66,66,2025-08-28
2025-08-28 23:30:00,37,57,57,2025-08-28
2025-08-29 05:30:00,76,120,120,2025-08-29
2025-08-29 05:45:00,66,103,103,2025-08-29
2025-08-29 06:00:00,93,131,131,2025-08-29
2025-08-29 06:15:00,108,224,226,2025-08-29
2025-08-29 06:30:00,111,307,310,2025-08-29
2025-08-29 06:45:00,136,353,357,2025-08-29
2025-08-29 07:00:00,129,358,367,2025-08-29
2025-08-29 07:15:00,135,309,319,2025-08-29
2025-08-29 07:30:00,150,268,280,2025-08-29
2025-08-29 07:45:00,166,293,308,2025-08-29
2025-08-29 08:00:00,192,318,334,2025-08-29
2025-08-29 08:15:00,212,336,353,2025-08-29
2025-08-29 08:30:00,224,341,358,2025-08-29
2025-08-29 08:45:00,237,347,363,2025-08-29
2025-08-29 09:00:00,239,344,359,2025-08-29
2025-08-29 09:15:00,240,332,350,2025-08-29
2025-08-29 09:30:00,227,307,327,2025-08-29
2025-08-29 09:45:00,208,285,304,2025-08-29
2025-08-29 10:00:00,198,284,303,2025-08-29
2025-08-29 10:15:00,194,286,299,2025-08-29
2025-08-29 10:30:00,181,273,282,2025-08-29
2025-08-29 10:45:00,182,273,285,2025-08-29
2025-08-29 11:00:00,169,258,266,2025-08-29
2025-08-29 11:15:00,148,244,253,2025-08-29
2025-08-29 11:30:00,154,259,268,2025-08-29
2025-08-29 11:45:00,140,249,261,2025-08-29
2025-08-29 12:00:00,129,230,244,2025-08-29
2025-08-29 12:15:00,114,204,220,2025-08-29
2025-08-29 12:30:00,117,210,226,2025-08-29
2025-08-29 12:45:00,134,235,247,2025-08-29
2025-08-29 13:00:00,142,258,273,2025-08-29
2025-08-29 13:15:00,166,300,313,2025-08-29
2025-08-29 13:30:00,151,306,324,2025-08-29
2025-08-29 13:45:00,131,308,327,2025-08-29
2025-08-29 14:00:00,115,299,316,2025-08-29
2025-08-29 14:15:00,108,301,325,2025-08-29
2025-08-29 14:30:00,108,301,322,2025-08-29
2025-08-29 14:45:00,120,305,326,2025-08-29
2025-08-29 15:00:00,120,312,336,2025-08-29
2025-08-29 15:15:00,113,310,329,2025-08-29
2025-08-29 15:30:00,107,294,316,2025-08-29
2025-08-29 15:45:00,103,281,300,2025-08-29
2025-08-29 16:00:00,115,285,301,2025-08-29
2025-08-29 16:15:00,137,290,309,2025-08-29
2025-08-29 16:30:00,159,307,331,2025-08-29
2025-08-29 16:45:00,187,348,376,2025-08-29
2025-08-29 17:00:00,232,391,417,2025-08-29
2025-08-29 17:15:00,177,300,319,2025-08-29
2025-08-29 17:30:00,202,324,344,2025-08-29
2025-08-29 17:45:00,147,220,234,2025-08-29
2025-08-29 18:00:00,149,223,242,2025-08-29
2025-08-29 18:15:00,149,223,242,2025-08-29
2025-08-29 18:30:00,83,123,130,2025-08-29
2025-08-29 18:45:00,180,246,258,2025-08-29
2025-08-29 19:00:00,97,123,128,2025-08-29
2025-08-29 19:15:00,156,201,213,2025-08-29
2025-08-29 19:30:00,156,201,213,2025-08-29
2025-08-29 19:45:00,96,134,152,2025-08-29
2025-08-29 20:00:00,96,134,152,2025-08-29
2025-08-29 20:15:00,94,140,151,2025-08-29
2025-08-29 20:30:00,128,202,215,2025-08-29
2025-08-29 20:45:00,107,184,190,2025-08-29
2025-08-29 21:00:00,111,205,214,2025-08-29
2025-08-29 21:15:00,62,147,157,2025-08-29
2025-08-29 21:30:00,31,105,113,2025-08-29
2025-08-29 21:45:00,17,80,84,2025-08-29
2025-08-29 22:00:00,17,76,78,2025-08-29
2025-08-29 22:15:00,18,73,74,2025-08-29
2025-08-29 22:30:00,17,69,73,2025-08-29
2025-08-29 22:45:00,19,71,77,2025-08-29
2025-08-29 23:00:00,26,71,78,2025-08-29
2025-08-29 23:15:00,26,61,69,2025-08-29
2025-08-29 23:30:00,24,45,50,2025-08-29
2025-08-30 05:30:00,32,93,96,2025-08-30
2025-08-30 05:45:00,31,91,93,2025-08-30
2025-08-30 06:00:00,45,86,91,2025-08-30
2025-08-30 06:15:00,48,72,79,2025-08-30
2025-08-30 06:30:00,47,76,81,2025-08-30
2025-08-30 06:45:00,64,107,113,2025-08-30
2025-08-30 07:00:00,72,119,124,2025-08-30
2025-08-30 07:15:00,80,125,133,2025-08-30
2025-08-30 07:30:00,81,130,139,2025-08-30
2025-08-30 07:45:00,75,135,145,2025-08-30
2025-08-30 08:00:00,59,136,147,2025-08-30
2025-08-30 08:15:00,50,144,151,2025-08-30
2025-08-30 08:30:00,42,142,149,2025-08-30
2025-08-30 08:45:00,48,142,149,2025-08-30
2025-08-30 09:00:00,51,136,142,2025-08-30
2025-08-30 09:15:00,64,139,147,2025-08-30
2025-08-30 09:30:00,77,156,165,2025-08-30
2025-08-30 09:45:00,82,177,186,2025-08-30
2025-08-30 10:00:00,84,187,196,2025-08-30
2025-08-30 10:15:00,83,194,202,2025-08-30
2025-08-30 10:30:00,87,207,213,2025-08-30
2025-08-30 10:45:00,82,198,207,2025-08-30
2025-08-30 11:00:00,105,348,364,2025-08-30
2025-08-30 11:15:00,127,493,508,2025-08-30
2025-08-30 11:30:00,114,473,490,2025-08-30
2025-08-30 11:45:00,109,469,483,2025-08-30
2025-08-30 12:00:00,85,317,323,2025-08-30
2025-08-30 12:15:00,51,172,182,2025-08-30
2025-08-30 12:30:00,45,193,206,2025-08-30
2025-08-30 12:45:00,43,203,217,2025-08-30
2025-08-30 13:00:00,62,315,331,2025-08-30
2025-08-30 13:15:00,87,425,439,2025-08-30
2025-08-30 13:30:00,92,406,419,2025-08-30
2025-08-30 13:45:00,102,410,425,2025-08-30
2025-08-30 14:00:00,83,307,320,2025-08-30
2025-08-30 14:15:00,60,192,204,2025-08-30
2025-08-30 14:30:00,63,191,204,2025-08-30
2025-08-30 14:45:00,50,162,172,2025-08-30
2025-08-30 15:00:00,47,154,169,2025-08-30
2025-08-30 15:15:00,48,158,171,2025-08-30
2025-08-30 15:30:00,46,156,169,2025-08-30
2025-08-30 15:45:00,52,163,177,2025-08-30
2025-08-30 16:00:00,61,221,230,2025-08-30
2025-08-30 16:15:00,81,288,300,2025-08-30
2025-08-30 16:30:00,92,303,312,2025-08-30
2025-08-30 16:45:00,100,314,323,2025-08-30
2025-08-30 17:00:00,114,261,273,2025-08-30
2025-08-30 17:15:00,80,148,157,2025-08-30
2025-08-30 17:30:00,88,149,160,2025-08-30
2025-08-30 17:45:00,67,102,110,2025-08-30
2025-08-30 18:00:00,77,126,135,2025-08-30
2025-08-30 18:15:00,77,126,135,2025-08-30
2025-08-30 18:30:00,46,74,79,2025-08-30
2025-08-30 18:45:00,83,131,137,2025-08-30
2025-08-30 19:00:00,37,57,58,2025-08-30
2025-08-30 19:15:00,37,57,58,2025-08-30
2025-08-30 19:30:00,68,104,107,2025-08-30
2025-08-30 19:45:00,31,47,49,2025-08-30
2025-08-30 20:00:00,47,80,82,2025-08-30
2025-08-30 20:15:00,47,80,82,2025-08-30
2025-08-30 20:30:00,32,60,62,2025-08-30
2025-08-30 20:45:00,39,82,85,2025-08-30
2025-08-30 21:00:00,27,66,72,2025-08-30
2025-08-30 21:15:00,31,74,81,2025-08-30
2025-08-30 21:30:00,16,57,62,2025-08-30
2025-08-30 21:45:00,9,46,52,2025-08-30
2025-08-30 22:00:00,8,43,46,2025-08-30
2025-08-30 22:15:00,7,47,50,2025-08-30
2025-08-30 22:30:00,11,52,55,2025-08-30
2025-08-30 22:45:00,14,54,57,2025-08-30
2025-08-30 23:00:00,12,46,51,2025-08-30
2025-08-30 23:15:00,17,44,48,2025-08-30
2025-08-30 23:30:00,12,29,33,2025-08-30
2025-08-31 05:30:00,15,64,66,2025-08-31
2025-08-31 05:45:00,14,49,49,2025-08-31
2025-08-31 06:00:00,22,46,47,2025-08-31
2025-08-31 06:15:00,27,56,58,2025-08-31
2025-08-31 06:30:00,28,68,71,2025-08-31
2025-08-31 06:45:00,46,148,153,2025-08-31
2025-08-31 07:00:00,57,208,215,2025-08-31
2025-08-31 07:15:00,70,220,229,2025-08-31
2025-08-31 07:30:00,77,231,242,2025-08-31
2025-08-31 07:45:00,83,202,212,2025-08-31
2025-08-31 08:00:00,92,182,195,2025-08-31
2025-08-31 08:15:00,96,193,210,2025-08-31
2025-08-31 08:30:00,107,198,216,2025-08-31
2025-08-31 08:45:00,113,202,226,2025-08-31
2025-08-31 09:00:00,106,198,224,2025-08-31
2025-08-31 09:15:00,126,277,298,2025-08-31
2025-08-31 09:30:00,145,373,396,2025-08-31
2025-08-31 09:45:00,126,363,395,2025-08-31
2025-08-31 10:00:00,131,371,397,2025-08-31
2025-08-31 10:15:00,109,302,330,2025-08-31
2025-08-31 10:30:00,83,204,229,2025-08-31
2025-08-31 10:45:00,99,205,220,2025-08-31
2025-08-31 11:00:00,116,264,288,2025-08-31
2025-08-31 11:15:00,147,339,367,2025-08-31
2025-08-31 11:30:00,145,341,370,2025-08-31
2025-08-31 11:45:00,134,340,368,2025-08-31
2025-08-31 12:00:00,106,267,291,2025-08-31
2025-08-31 12:15:00,67,182,204,2025-08-31
2025-08-31 12:30:00,72,194,218,2025-08-31
2025-08-31 12:45:00,71,193,221,2025-08-31
2025-08-31 13:00:00,78,198,226,2025-08-31
2025-08-31 13:15:00,84,219,248,2025-08-31
2025-08-31 13:30:00,82,228,257,2025-08-31
2025-08-31 13:45:00,92,233,254,2025-08-31
2025-08-31 14:00:00,86,222,243,2025-08-31
2025-08-31 14:15:00,104,261,275,2025-08-31
2025-08-31 14:30:00,120,302,314,2025-08-31
2025-08-31 14:45:00,106,293,315,2025-08-31
2025-08-31 15:00:00,99,293,310,2025-08-31
2025-08-31 15:15:00,68,224,243,2025-08-31
2025-08-31 15:30:00,43,160,179,2025-08-31
2025-08-31 15:45:00,61,221,230,2025-08-31
2025-08-31 16:00:00,85,280,290,2025-08-31
2025-08-31 16:15:00,97,286,298,2025-08-31
2025-08-31 16:30:00,105,295,307,2025-08-31
2025-08-31 16:45:00,96,238,252,2025-08-31
2025-08-31 17:00:00,92,186,201,2025-08-31
2025-08-31 17:15:00,71,142,153,2025-08-31
2025-08-31 17:30:00,52,94,101,2025-08-31
2025-08-31 17:45:00,65,98,106,2025-08-31
2025-08-31 18:00:00,33,48,52,2025-08-31
2025-08-31 18:15:00,75,102,109,2025-08-31
2025-08-31 18:30:00,75,102,109,2025-08-31
2025-08-31 18:45:00,42,54,57,2025-08-31
2025-08-31 19:00:00,82,102,106,2025-08-31
2025-08-31 19:15:00,40,48,49,2025-08-31
2025-08-31 19:30:00,40,48,49,2025-08-31
2025-08-31 19:45:00,69,82,85,2025-08-31
2025-08-31 20:00:00,29,34,36,2025-08-31
2025-08-31 20:15:00,44,60,66,2025-08-31
2025-08-31 20:30:00,44,60,66,2025-08-31
2025-08-31 20:45:00,26,52,57,2025-08-31
2025-08-31 21:00:00,26,52,57,2025-08-31
2025-08-31 21:15:00,16,40,41,2025-08-31
2025-08-31 21:30:00,19,49,51,2025-08-31
2025-08-31 21:45:00,15,37,38,2025-08-31
2025-08-31 22:00:00,21,56,58,2025-08-31
2025-08-31 22:15:00,21,58,61,2025-08-31
2025-08-31 22:30:00,23,58,61,2025-08-31
2025-08-31 22:45:00,24,55,59,2025-08-31
2025-08-31 23:00:00,28,48,53,2025-08-31
2025-08-31 23:15:00,32,42,46,2025-08-31
2025-08-31 23:30:00,27,33,36,2025-08-31
2025-09-01 05:30:00,55,103,106,2025-09-01
2025-09-01 05:45:00,49,93,94,2025-09-01
2025-09-01 06:00:00,64,119,120,2025-09-01
2025-09-01 06:15:00,71,131,134,2025-09-01
2025-09-01 06:30:00,81,143,150,2025-09-01
2025-09-01 06:45:00,95,181,190,2025-09-01
2025-09-01 07:00:00,100,193,205,2025-09-01
2025-09-01 07:15:00,113,222,235,2025-09-01
2025-09-01 07:30:00,122,240,252,2025-09-01
2025-09-01 07:45:00,151,273,289,2025-09-01
2025-09-01 08:00:00,171,298,322,2025-09-01
2025-09-01 08:15:00,195,319,344,2025-09-01
2025-09-01 08:30:00,210,321,345,2025-09-01
2025-09-01 08:45:00,223,327,352,2025-09-01
2025-09-01 09:00:00,236,337,355,2025-09-01
2025-09-01 09:15:00,240,334,350,2025-09-01
2025-09-01 09:30:00,268,464,478,2025-09-01
2025-09-01 09:45:00,284,582,592,2025-09-01
2025-09-01 10:00:00,279,569,577,2025-09-01
2025-09-01 10:15:00,280,560,570,2025-09-01
2025-09-01 10:30:00,248,418,430,2025-09-01
2025-09-01 10:45:00,221,285,295,2025-09-01
2025-09-01 11:00:00,210,274,283,2025-09-01
2025-09-01 11:15:00,180,256,264,2025-09-01
2025-09-01 11:30:00,172,266,275,2025-09-01
2025-09-01 11:45:00,151,255,264,2025-09-01
2025-09-01 12:00:00,131,238,250,2025-09-01
2025-09-01 12:15:00,131,242,251,2025-09-01
2025-09-01 12:30:00,118,234,243,2025-09-01
2025-09-01 12:45:00,120,241,252,2025-09-01
2025-09-01 13:00:00,118,247,259,2025-09-01
2025-09-01 13:15:00,108,248,263,2025-09-01
2025-09-01 13:30:00,113,266,280,2025-09-01
2025-09-01 13:45:00,112,289,303,2025-09-01
2025-09-01 14:00:00,114,301,311,2025-09-01
2025-09-01 14:15:00,114,291,301,2025-09-01
2025-09-01 14:30:00,112,282,293,2025-09-01
2025-09-01 14:45:00,117,265,280,2025-09-01
2025-09-01 15:00:00,117,262,283,2025-09-01
2025-09-01 15:15:00,127,285,306,2025-09-01
2025-09-01 15:30:00,130,276,298,2025-09-01
2025-09-01 15:45:00,132,268,288,2025-09-01
2025-09-01 16:00:00,136,273,288,2025-09-01
2025-09-01 16:15:00,146,281,296,2025-09-01
2025-09-01 16:30:00,151,288,303,2025-09-01
2025-09-01 16:45:00,163,313,329,2025-09-01
2025-09-01 17:00:00,260,474,488,2025-09-01
2025-09-01 17:15:00,213,385,396,2025-09-01
2025-09-01 17:30:00,293,533,545,2025-09-01
2025-09-01 17:45:00,249,452,458,2025-09-01
2025-09-01 18:00:00,221,364,375,2025-09-01
2025-09-01 18:15:00,221,364,375,2025-09-01
2025-09-01 18:30:00,105,148,154,2025-09-01
2025-09-01 18:45:00,214,299,310,2025-09-01
2025-09-01 19:00:00,109,151,156,2025-09-01
2025-09-01 19:15:00,109,151,156,2025-09-01
2025-09-01 19:30:00,200,263,275,2025-09-01
2025-09-01 19:45:00,91,112,119,2025-09-01
2025-09-01 20:00:00,164,199,210,2025-09-01
2025-09-01 20:15:00,164,199,210,2025-09-01
2025-09-01 20:30:00,125,157,161,2025-09-01
2025-09-01 20:45:00,137,184,188,2025-09-01
2025-09-01 21:00:00,73,122,122,2025-09-01
2025-09-01 21:15:00,77,145,145,2025-09-01
2025-09-01 21:30:00,29,92,93,2025-09-01
2025-09-01 21:45:00,21,78,79,2025-09-01
2025-09-01 22:00:00,15,71,72,2025-09-01
2025-09-01 22:15:00,14,93,94,2025-09-01
2025-09-01 22:30:00,13,115,115,2025-09-01
2025-09-01 22:45:00,12,116,116,2025-09-01
2025-09-01 23:00:00,21,117,117,2025-09-01
2025-09-01 23:15:00,38,92,94,2025-09-01
2025-09-01 23:30:00,35,53,55,2025-09-01
2025-09-02 05:30:00,10,16,17,2025-09-02
2025-09-02 05:45:00,8,13,14,2025-09-02
2025-09-02 06:00:00,14,23,24,2025-09-02
2025-09-02 06:15:00,17,30,30,2025-09-02
2025-09-02 06:30:00,27,74,75,2025-09-02
2025-09-02 06:45:00,34,123,124,2025-09-02
2025-09-02 07:00:00,39,143,148,2025-09-02
2025-09-02 07:15:00,66,195,202,2025-09-02
2025-09-02 07:30:00,88,217,225,2025-09-02
2025-09-02 07:45:00,111,241,252,2025-09-02
2025-09-02 08:00:00,134,284,300,2025-09-02
2025-09-02 08:15:00,138,297,313,2025-09-02
2025-09-02 08:30:00,139,302,323,2025-09-02
2025-09-02 08:45:00,148,306,330,2025-09-02
2025-09-02 09:00:00,167,312,330,2025-09-02
2025-09-02 09:15:00,188,370,387,2025-09-02
2025-09-02 09:30:00,209,425,438,2025-09-02
2025-09-02 09:45:00,198,396,411,2025-09-02
2025-09-02 10:00:00,196,387,400,2025-09-02
2025-09-02 10:15:00,193,328,340,2025-09-02
2025-09-02 10:30:00,177,328,342,2025-09-02
2025-09-02 10:45:00,190,408,424,2025-09-02
2025-09-02 11:00:00,186,408,426,2025-09-02
2025-09-02 11:15:00,179,413,433,2025-09-02
2025-09-02 11:30:00,174,340,360,2025-09-02
2025-09-02 11:45:00,162,262,272,2025-09-02
2025-09-02 12:00:00,147,258,267,2025-09-02
2025-09-02 12:15:00,129,247,259,2025-09-02
2025-09-02 12:30:00,130,261,270,2025-09-02
2025-09-02 12:45:00,137,280,292,2025-09-02
2025-09-02 13:00:00,127,273,287,2025-09-02
2025-09-02 13:15:00,135,292,304,2025-09-02
2025-09-02 13:30:00,129,309,320,2025-09-02
2025-09-02 13:45:00,123,319,333,2025-09-02
2025-09-02 14:00:00,135,348,363,2025-09-02
2025-09-02 14:15:00,132,356,373,2025-09-02
2025-09-02 14:30:00,129,328,352,2025-09-02
2025-09-02 14:45:00,134,325,345,2025-09-02
2025-09-02 15:00:00,133,325,345,2025-09-02
2025-09-02 15:15:00,117,282,304,2025-09-02
2025-09-02 15:30:00,102,245,263,2025-09-02
2025-09-02 15:45:00,83,209,227,2025-09-02
2025-09-02 16:00:00,71,172,186,2025-09-02
2025-09-02 16:15:00,77,159,171,2025-09-02
2025-09-02 16:30:00,84,167,180,2025-09-02
2025-09-02 16:45:00,84,158,171,2025-09-02
2025-09-02 17:00:00,88,170,188,2025-09-02
2025-09-02 17:15:00,63,130,143,2025-09-02
2025-09-02 17:30:00,63,158,167,2025-09-02
2025-09-02 17:45:00,47,127,134,2025-09-02
2025-09-02 18:00:00,41,93,95,2025-09-02
2025-09-02 18:15:00,41,93,95,2025-09-02
2025-09-02 18:30:00,22,34,35,2025-09-02
2025-09-02 18:45:00,54,76,77,2025-09-02
2025-09-02 19:00:00,32,42,42,2025-09-02
2025-09-02 19:15:00,65,85,92,2025-09-02
2025-09-02 19:30:00,65,85,92,2025-09-02
2025-09-02 19:45:00,62,82,90,2025-09-02
2025-09-02 20:00:00,62,82,90,2025-09-02
2025-09-02 20:15:00,63,79,82,2025-09-02
2025-09-02 20:30:00,78,99,102,2025-09-02
2025-09-02 20:45:00,59,85,87,2025-09-02
2025-09-02 21:00:00,71,112,115,2025-09-02
2025-09-02 21:15:00,46,88,91,2025-09-02
2025-09-02 21:30:00,34,76,80,2025-09-02
2025-09-02 21:45:00,25,61,65,2025-09-02
2025-09-02 22:00:00,16,51,54,2025-09-02
2025-09-02 22:15:00,9,47,50,2025-09-02
2025-09-02 22:30:00,8,48,50,2025-09-02
2025-09-02 22:45:00,14,50,52,2025-09-02
2025-09-02 23:00:00,20,47,51,2025-09-02
2025-09-02 23:15:00,34,55,58,2025-09-02
2025-09-02 23:30:00,32,46,49,2025-09-02
2025-09-03 05:30:00,82,137,141,2025-09-03
2025-09-03 05:45:00,71,123,126,2025-09-03
2025-09-03 06:00:00,100,172,180,2025-09-03
2025-09-03 06:15:00,115,210,219,2025-09-03
2025-09-03 06:30:00,121,233,244,2025-09-03
2025-09-03 06:45:00,162,306,322,2025-09-03
2025-09-03 07:00:00,179,395,413,2025-09-03
2025-09-03 07:15:00,213,506,526,2025-09-03
2025-09-03 07:30:00,218,528,555,2025-09-03
2025-09-03 07:45:00,218,554,584,2025-09-03
2025-09-03 08:00:00,201,484,516,2025-09-03
2025-09-03 08:15:00,174,374,405,2025-09-03
2025-09-03 08:30:00,176,356,377,2025-09-03
2025-09-03 08:45:00,169,313,329,2025-09-03
2025-09-03 09:00:00,190,300,313,2025-09-03
2025-09-03 09:15:00,213,315,327,2025-09-03
2025-09-03 09:30:00,223,323,337,2025-09-03
2025-09-03 09:45:00,235,332,345,2025-09-03
2025-09-03 10:00:00,219,321,332,2025-09-03
2025-09-03 10:15:00,207,301,315,2025-09-03
2025-09-03 10:30:00,196,274,287,2025-09-03
2025-09-03 10:45:00,199,275,289,2025-09-03
2025-09-03 11:00:00,189,266,285,2025-09-03
2025-09-03 11:15:00,188,267,283,2025-09-03
2025-09-03 11:30:00,192,278,294,2025-09-03
2025-09-03 11:45:00,176,277,291,2025-09-03
2025-09-03 12:00:00,172,278,287,2025-09-03
2025-09-03 12:15:00,162,270,278,2025-09-03
2025-09-03 12:30:00,149,264,276,2025-09-03
2025-09-03 12:45:00,151,267,281,2025-09-03
2025-09-03 13:00:00,138,259,270,2025-09-03
2025-09-03 13:15:00,137,274,285,2025-09-03
2025-09-03 13:30:00,151,296,306,2025-09-03
2025-09-03 13:45:00,164,410,421,2025-09-03
2025-09-03 14:00:00,188,535,548,2025-09-03
2025-09-03 14:15:00,352,684,708,2025-09-03
2025-09-03 14:30:00,470,841,861,2025-09-03
2025-09-03 14:45:00,654,972,989,2025-09-03
2025-09-03 15:00:00,664,890,914,2025-09-03
2025-09-03 15:15:00,486,732,750,2025-09-03
2025-09-03 15:30:00,354,574,593,2025-09-03
2025-09-03 15:45:00,145,328,354,2025-09-03
2025-09-03 16:00:00,113,282,305,2025-09-03
2025-09-03 16:15:00,133,292,310,2025-09-03
2025-09-03 16:30:00,134,281,297,2025-09-03
2025-09-03 16:45:00,157,296,309,2025-09-03
2025-09-03 17:00:00,219,363,378,2025-09-03
2025-09-03 17:15:00,171,279,293,2025-09-03
2025-09-03 17:30:00,207,342,368,2025-09-03
2025-09-03 17:45:00,161,260,281,2025-09-03
2025-09-03 18:00:00,151,278,293,2025-09-03
2025-09-03 18:15:00,151,278,293,2025-09-03
2025-09-03 18:30:00,86,147,150,2025-09-03
2025-09-03 18:45:00,158,236,245,2025-09-03
2025-09-03 19:00:00,72,89,95,2025-09-03
2025-09-03 19:15:00,138,212,219,2025-09-03
2025-09-03 19:30:00,138,212,219,2025-09-03
2025-09-03 19:45:00,119,233,238,2025-09-03
2025-09-03 20:00:00,119,233,238,2025-09-03
2025-09-03 20:15:00,93,163,170,2025-09-03
2025-09-03 20:30:00,111,189,197,2025-09-03
2025-09-03 20:45:00,66,93,97,2025-09-03
2025-09-03 21:00:00,76,115,122,2025-09-03
2025-09-03 21:15:00,54,161,165,2025-09-03
2025-09-03 21:30:00,51,226,229,2025-09-03
2025-09-03 21:45:00,50,236,240,2025-09-03
2025-09-03 22:00:00,49,265,267,2025-09-03
2025-09-03 22:15:00,39,204,207,2025-09-03
2025-09-03 22:30:00,26,121,125,2025-09-03
2025-09-03 22:45:00,26,110,114,2025-09-03
2025-09-03 23:00:00,29,73,78,2025-09-03
2025-09-03 23:15:00,32,47,52,2025-09-03
2025-09-03 23:30:00,30,39,43,2025-09-03
2025-09-04 05:30:00,81,117,122,2025-09-04
2025-09-04 05:45:00,74,103,107,2025-09-04
2025-09-04 06:00:00,108,152,156,2025-09-04
2025-09-04 06:15:00,132,201,206,2025-09-04
2025-09-04 06:30:00,122,217,226,2025-09-04
2025-09-04 06:45:00,148,277,291,2025-09-04
2025-09-04 07:00:00,148,289,305,2025-09-04
2025-09-04 07:15:00,151,314,334,2025-09-04
2025-09-04 07:30:00,164,333,353,2025-09-04
2025-09-04 07:45:00,174,354,375,2025-09-04
2025-09-04 08:00:00,190,371,394,2025-09-04
2025-09-04 08:15:00,204,375,396,2025-09-04
2025-09-04 08:30:00,214,376,393,2025-09-04
2025-09-04 08:45:00,238,387,401,2025-09-04
2025-09-04 09:00:00,249,393,406,2025-09-04
2025-09-04 09:15:00,272,450,460,2025-09-04
2025-09-04 09:30:00,287,503,514,2025-09-04
2025-09-04 09:45:00,284,544,554,2025-09-04
2025-09-04 10:00:00,282,586,593,2025-09-04
2025-09-04 10:15:00,257,510,521,2025-09-04
2025-09-04 10:30:00,235,442,454,2025-09-04
2025-09-04 10:45:00,222,374,388,2025-09-04
2025-09-04 11:00:00,212,324,341,2025-09-04
2025-09-04 11:15:00,234,375,389,2025-09-04
2025-09-04 11:30:00,189,302,313,2025-09-04
2025-09-04 11:45:00,206,412,426,2025-09-04
2025-09-04 12:00:00,198,472,486,2025-09-04
2025-09-04 12:15:00,144,388,410,2025-09-04
2025-09-04 12:30:00,166,435,459,2025-09-04
2025-09-04 12:45:00,137,325,345,2025-09-04
2025-09-04 13:00:00,117,236,255,2025-09-04
2025-09-04 13:15:00,125,268,284,2025-09-04
2025-09-04 13:30:00,131,298,316,2025-09-04
2025-09-04 13:45:00,128,318,338,2025-09-04
2025-09-04 14:00:00,136,345,369,2025-09-04
2025-09-04 14:15:00,148,348,366,2025-09-04
2025-09-04 14:30:00,142,327,349,2025-09-04
2025-09-04 14:45:00,149,317,338,2025-09-04
2025-09-04 15:00:00,146,293,311,2025-09-04
2025-09-04 15:15:00,129,268,294,2025-09-04
2025-09-04 15:30:00,126,264,286,2025-09-04
2025-09-04 15:45:00,116,249,270,2025-09-04
2025-09-04 16:00:00,108,250,269,2025-09-04
2025-09-04 16:15:00,119,284,304,2025-09-04
2025-09-04 16:30:00,127,299,321,2025-09-04
2025-09-04 16:45:00,137,310,333,2025-09-04
2025-09-04 17:00:00,185,359,386,2025-09-04
2025-09-04 17:15:00,143,263,280,2025-09-04
2025-09-04 17:30:00,177,299,315,2025-09-04
2025-09-04 17:45:00,141,228,240,2025-09-04
2025-09-04 18:00:00,167,253,260,2025-09-04
2025-09-04 18:15:00,167,253,260,2025-09-04
2025-09-04 18:30:00,106,150,152,2025-09-04
2025-09-04 18:45:00,204,286,296,2025-09-04
2025-09-04 19:00:00,98,136,144,2025-09-04
2025-09-04 19:15:00,166,234,255,2025-09-04
2025-09-04 19:30:00,166,234,255,2025-09-04
2025-09-04 19:45:00,123,182,203,2025-09-04
2025-09-04 20:00:00,123,182,203,2025-09-04
2025-09-04 20:15:00,123,179,190,2025-09-04
2025-09-04 20:30:00,158,242,255,2025-09-04
2025-09-04 20:45:00,109,187,197,2025-09-04
2025-09-04 21:00:00,116,212,223,2025-09-04
2025-09-04 21:15:00,54,141,149,2025-09-04
2025-09-04 21:30:00,23,94,102,2025-09-04
2025-09-04 21:45:00,21,81,85,2025-09-04
2025-09-04 22:00:00,16,79,84,2025-09-04
2025-09-04 22:15:00,16,77,82,2025-09-04
2025-09-04 22:30:00,15,72,77,2025-09-04
2025-09-04 22:45:00,17,73,78,2025-09-04
2025-09-04 23:00:00,27,71,76,2025-09-04
2025-09-04 23:15:00,46,77,83,2025-09-04
2025-09-04 23:30:00,43,66,70,2025-09-04
2025-09-05 05:30:00,68,113,116,2025-09-05
2025-09-05 05:45:00,57,98,101,2025-09-05
2025-09-05 06:00:00,100,205,210,2025-09-05
2025-09-05 06:15:00,120,288,296,2025-09-05
2025-09-05 06:30:00,117,300,307,2025-09-05
2025-09-05 06:45:00,145,375,383,2025-09-05
2025-09-05 07:00:00,123,330,339,2025-09-05
2025-09-05 07:15:00,136,305,312,2025-09-05
2025-09-05 07:30:00,161,326,335,2025-09-05
2025-09-05 07:45:00,178,316,333,2025-09-05
2025-09-05 08:00:00,208,322,342,2025-09-05
2025-09-05 08:15:00,221,330,356,2025-09-05
2025-09-05 08:30:00,222,332,359,2025-09-05
2025-09-05 08:45:00,220,339,361,2025-09-05
2025-09-05 09:00:00,218,341,362,2025-09-05
2025-09-05 09:15:00,216,324,342,2025-09-05
2025-09-05 09:30:00,231,387,404,2025-09-05
2025-09-05 09:45:00,246,460,473,2025-09-05
2025-09-05 10:00:00,247,456,467,2025-09-05
2025-09-05 10:15:00,253,475,488,2025-09-05
2025-09-05 10:30:00,223,412,424,2025-09-05
2025-09-05 10:45:00,208,342,360,2025-09-05
2025-09-05 11:00:00,198,328,345,2025-09-05
2025-09-05 11:15:00,171,293,310,2025-09-05
2025-09-05 11:30:00,169,278,298,2025-09-05
2025-09-05 11:45:00,153,255,273,2025-09-05
2025-09-05 12:00:00,137,244,266,2025-09-05
2025-09-05 12:15:00,141,263,283,2025-09-05
2025-09-05 12:30:00,143,278,294,2025-09-05
2025-09-05 12:45:00,148,299,315,2025-09-05
2025-09-05 13:00:00,150,315,329,2025-09-05
2025-09-05 13:15:00,147,310,324,2025-09-05
2025-09-05 13:30:00,137,302,323,2025-09-05
2025-09-05 13:45:00,137,316,337,2025-09-05
2025-09-05 14:00:00,129,314,335,2025-09-05
2025-09-05 14:15:00,119,306,329,2025-09-05
2025-09-05 14:30:00,122,296,313,2025-09-05
2025-09-05 14:45:00,154,384,402,2025-09-05
2025-09-05 15:00:00,186,480,495,2025-09-05
2025-09-05 15:15:00,192,470,488,2025-09-05
2025-09-05 15:30:00,190,467,488,2025-09-05
2025-09-05 15:45:00,151,351,371,2025-09-05
2025-09-05 16:00:00,118,240,264,2025-09-05
2025-09-05 16:15:00,123,261,283,2025-09-05
2025-09-05 16:30:00,131,277,302,2025-09-05
2025-09-05 16:45:00,150,293,318,2025-09-05
2025-09-05 17:00:00,221,370,392,2025-09-05
2025-09-05 17:15:00,179,288,303,2025-09-05
2025-09-05 17:30:00,197,314,325,2025-09-05
2025-09-05 17:45:00,153,239,246,2025-09-05
2025-09-05 18:00:00,154,239,250,2025-09-05
2025-09-05 18:15:00,154,239,250,2025-09-05
2025-09-05 18:30:00,102,140,146,2025-09-05
2025-09-05 18:45:00,178,236,247,2025-09-05
2025-09-05 19:00:00,76,96,101,2025-09-05
2025-09-05 19:15:00,137,174,181,2025-09-05
2025-09-05 19:30:00,137,174,181,2025-09-05
2025-09-05 19:45:00,113,148,153,2025-09-05
2025-09-05 20:00:00,113,148,153,2025-09-05
2025-09-05 20:15:00,121,156,163,2025-09-05
2025-09-05 20:30:00,152,210,219,2025-09-05
2025-09-05 20:45:00,115,179,186,2025-09-05
2025-09-05 21:00:00,130,208,216,2025-09-05
2025-09-05 21:15:00,79,190,195,2025-09-05
2025-09-05 21:30:00,56,198,202,2025-09-05
2025-09-05 21:45:00,49,185,190,2025-09-05
2025-09-05 22:00:00,38,177,184,2025-09-05
2025-09-05 22:15:00,26,128,134,2025-09-05
2025-09-05 22:30:00,19,78,84,2025-09-05
2025-09-05 22:45:00,13,64,69,2025-09-05
2025-09-05 23:00:00,16,59,62,2025-09-05
2025-09-05 23:15:00,23,57,62,2025-09-05
2025-09-05 23:30:00,22,45,49,2025-09-05
2025-09-06 05:30:00,26,32,37,2025-09-06
2025-09-06 05:45:00,23,28,31,2025-09-06
2025-09-06 06:00:00,33,47,51,2025-09-06
2025-09-06 06:15:00,40,65,66,2025-09-06
2025-09-06 06:30:00,45,81,85,2025-09-06
2025-09-06 06:45:00,54,103,110,2025-09-06
2025-09-06 07:00:00,52,112,122,2025-09-06
2025-09-06 07:15:00,54,126,140,2025-09-06
2025-09-06 07:30:00,51,132,144,2025-09-06
2025-09-06 07:45:00,52,146,158,2025-09-06
2025-09-06 08:00:00,71,219,228,2025-09-06
2025-09-06 08:15:00,90,283,292,2025-09-06
2025-09-06 08:30:00,91,276,287,2025-09-06
2025-09-06 08:45:00,98,274,283,2025-09-06
2025-09-06 09:00:00,87,207,217,2025-09-06
2025-09-06 09:15:00,83,160,173,2025-09-06
2025-09-06 09:30:00,89,179,192,2025-09-06
2025-09-06 09:45:00,84,180,199,2025-09-06
2025-09-06 10:00:00,87,185,206,2025-09-06
2025-09-06 10:15:00,83,182,196,2025-09-06
2025-09-06 10:30:00,82,180,195,2025-09-06
2025-09-06 10:45:00,90,189,201,2025-09-06
2025-09-06 11:00:00,87,193,203,2025-09-06
2025-09-06 11:15:00,83,183,196,2025-09-06
2025-09-06 11:30:00,91,198,210,2025-09-06
2025-09-06 11:45:00,89,204,213,2025-09-06
2025-09-06 12:00:00,83,199,209,2025-09-06
2025-09-06 12:15:00,78,212,223,2025-09-06
2025-09-06 12:30:00,70,205,216,2025-09-06
2025-09-06 12:45:00,72,208,224,2025-09-06
2025-09-06 13:00:00,66,208,225,2025-09-06
2025-09-06 13:15:00,74,221,239,2025-09-06
2025-09-06 13:30:00,80,228,246,2025-09-06
2025-09-06 13:45:00,80,237,251,2025-09-06
2025-09-06 14:00:00,84,253,267,2025-09-06
2025-09-06 14:15:00,75,236,249,2025-09-06
2025-09-06 14:30:00,70,224,236,2025-09-06
2025-09-06 14:45:00,84,299,314,2025-09-06
2025-09-06 15:00:00,103,371,384,2025-09-06
2025-09-06 15:15:00,112,363,374,2025-09-06
2025-09-06 15:30:00,109,356,365,2025-09-06
2025-09-06 15:45:00,86,253,260,2025-09-06
2025-09-06 16:00:00,72,164,170,2025-09-06
2025-09-06 16:15:00,61,164,172,2025-09-06
2025-09-06 16:30:00,56,160,176,2025-09-06
2025-09-06 16:45:00,60,168,184,2025-09-06
2025-09-06 17:00:00,80,200,220,2025-09-06
2025-09-06 17:15:00,66,156,172,2025-09-06
2025-09-06 17:30:00,86,185,197,2025-09-06
2025-09-06 17:45:00,71,143,152,2025-09-06
2025-09-06 18:00:00,75,135,139,2025-09-06
2025-09-06 18:15:00,75,135,139,2025-09-06
2025-09-06 18:30:00,46,71,71,2025-09-06
2025-09-06 18:45:00,90,132,137,2025-09-06
2025-09-06 19:00:00,44,61,66,2025-09-06
2025-09-06 19:15:00,44,61,66,2025-09-06
2025-09-06 19:30:00,67,94,102,2025-09-06
2025-09-06 19:45:00,23,33,36,2025-09-06
2025-09-06 20:00:00,50,72,77,2025-09-06
2025-09-06 20:15:00,50,72,77,2025-09-06
2025-09-06 20:30:00,45,72,75,2025-09-06
2025-09-06 20:45:00,50,102,107,2025-09-06
2025-09-06 21:00:00,34,98,102,2025-09-06
2025-09-06 21:15:00,40,119,125,2025-09-06
2025-09-06 21:30:00,33,112,119,2025-09-06
2025-09-06 21:45:00,34,107,116,2025-09-06
2025-09-06 22:00:00,28,96,109,2025-09-06
2025-09-06 22:15:00,24,94,107,2025-09-06
2025-09-06 22:30:00,15,81,93,2025-09-06
2025-09-06 22:45:00,11,66,77,2025-09-06
2025-09-06 23:00:00,12,64,72,2025-09-06
2025-09-06 23:15:00,30,75,82,2025-09-06
2025-09-06 23:30:00,28,62,68,2025-09-06
2025-09-07 05:30:00,7,31,31,2025-09-07
2025-09-07 05:45:00,7,31,31,2025-09-07
2025-09-07 06:00:00,10,70,70,2025-09-07
2025-09-07 06:15:00,17,98,98,2025-09-07
2025-09-07 06:30:00,19,86,86,2025-09-07
2025-09-07 06:45:00,26,109,111,2025-09-07
2025-09-07 07:00:00,32,98,100,2025-09-07
2025-09-07 07:15:00,34,95,97,2025-09-07
2025-09-07 07:30:00,38,112,115,2025-09-07
2025-09-07 07:45:00,49,128,131,2025-09-07
2025-09-07 08:00:00,66,140,145,2025-09-07
2025-09-07 08:15:00,84,159,169,2025-09-07
2025-09-07 08:30:00,90,171,186,2025-09-07
2025-09-07 08:45:00,98,184,201,2025-09-07
2025-09-07 09:00:00,96,198,218,2025-09-07
2025-09-07 09:15:00,91,205,225,2025-09-07
2025-09-07 09:30:00,92,207,225,2025-09-07
2025-09-07 09:45:00,95,208,225,2025-09-07
2025-09-07 10:00:00,100,207,224,2025-09-07
2025-09-07 10:15:00,102,210,227,2025-09-07
2025-09-07 10:30:00,101,224,242,2025-09-07
2025-09-07 10:45:00,89,228,245,2025-09-07
2025-09-07 11:00:00,88,226,241,2025-09-07
2025-09-07 11:15:00,85,209,226,2025-09-07
2025-09-07 11:30:00,94,201,219,2025-09-07
2025-09-07 11:45:00,90,192,211,2025-09-07
2025-09-07 12:00:00,76,195,218,2025-09-07
2025-09-07 12:15:00,76,211,232,2025-09-07
2025-09-07 12:30:00,65,198,217,2025-09-07
2025-09-07 12:45:00,68,185,206,2025-09-07
2025-09-07 13:00:00,68,170,189,2025-09-07
2025-09-07 13:15:00,69,173,190,2025-09-07
2025-09-07 13:30:00,73,191,206,2025-09-07
2025-09-07 13:45:00,77,207,223,2025-09-07
2025-09-07 14:00:00,79,203,217,2025-09-07
2025-09-07 14:15:00,68,173,189,2025-09-07
2025-09-07 14:30:00,64,150,168,2025-09-07
2025-09-07 14:45:00,59,136,152,2025-09-07
2025-09-07 15:00:00,48,133,147,2025-09-07
2025-09-07 15:15:00,45,138,152,2025-09-07
2025-09-07 15:30:00,40,138,151,2025-09-07
2025-09-07 15:45:00,47,195,204,2025-09-07
2025-09-07 16:00:00,64,258,268,2025-09-07
2025-09-07 16:15:00,76,265,271,2025-09-07
2025-09-07 16:30:00,85,264,270,2025-09-07
2025-09-07 16:45:00,76,197,207,2025-09-07
2025-09-07 17:00:00,99,162,177,2025-09-07
2025-09-07 17:15:00,77,120,134,2025-09-07
2025-09-07 17:30:00,83,136,149,2025-09-07
2025-09-07 17:45:00,70,109,118,2025-09-07
2025-09-07 18:00:00,65,104,112,2025-09-07
2025-09-07 18:15:00,65,104,112,2025-09-07
2025-09-07 18:30:00,41,58,64,2025-09-07
2025-09-07 18:45:00,83,112,119,2025-09-07
2025-09-07 19:00:00,42,54,55,2025-09-07
2025-09-07 19:15:00,42,54,55,2025-09-07
2025-09-07 19:30:00,73,96,100,2025-09-07
2025-09-07 19:45:00,31,42,45,2025-09-07
2025-09-07 20:00:00,43,65,69,2025-09-07
2025-09-07 20:15:00,43,65,69,2025-09-07
2025-09-07 20:30:00,16,36,39,2025-09-07
2025-09-07 20:45:00,20,45,50,2025-09-07
2025-09-07 21:00:00,9,32,40,2025-09-07
2025-09-07 21:15:00,9,45,53,2025-09-07
2025-09-07 21:30:00,6,45,51,2025-09-07
2025-09-07 21:45:00,3,46,50,2025-09-07
2025-09-07 22:00:00,3,51,51,2025-09-07
2025-09-07 22:15:00,7,53,53,2025-09-07
2025-09-07 22:30:00,8,46,46,2025-09-07
2025-09-07 22:45:00,9,46,47,2025-09-07
2025-09-07 23:00:00,19,51,52,2025-09-07
2025-09-07 23:15:00,28,53,54,2025-09-07
2025-09-07 23:30:00,26,47,48,2025-09-07
2025-09-08 05:30:00,84,131,132,2025-09-08
2025-09-08 05:45:00,73,113,114,2025-09-08
2025-09-08 06:00:00,110,159,160,2025-09-08
2025-09-08 06:15:00,128,190,193,2025-09-08
2025-09-08 06:30:00,130,197,205,2025-09-08
2025-09-08 06:45:00,159,248,258,2025-09-08
2025-09-08 07:00:00,145,250,268,2025-09-08
2025-09-08 07:15:00,156,278,297,2025-09-08
2025-09-08 07:30:00,174,303,321,2025-09-08
2025-09-08 07:45:00,179,319,345,2025-09-08
2025-09-08 08:00:00,175,316,339,2025-09-08
2025-09-08 08:15:00,187,323,346,2025-09-08
2025-09-08 08:30:00,184,317,340,2025-09-08
2025-09-08 08:45:00,206,330,344,2025-09-08
2025-09-08 09:00:00,236,346,359,2025-09-08
2025-09-08 09:15:00,249,386,406,2025-09-08
2025-09-08 09:30:00,289,525,547,2025-09-08
2025-09-08 09:45:00,310,599,623,2025-09-08
2025-09-08 10:00:00,305,584,607,2025-09-08
2025-09-08 10:15:00,300,532,548,2025-09-08
2025-09-08 10:30:00,255,374,384,2025-09-08
2025-09-08 10:45:00,212,270,283,2025-09-08
2025-09-08 11:00:00,192,256,270,2025-09-08
2025-09-08 11:15:00,161,233,251,2025-09-08
2025-09-08 11:30:00,163,255,272,2025-09-08
2025-09-08 11:45:00,151,265,280,2025-09-08
2025-09-08 12:00:00,139,267,285,2025-09-08
2025-09-08 12:15:00,126,273,287,2025-09-08
2025-09-08 12:30:00,108,261,277,2025-09-08
2025-09-08 12:45:00,113,262,275,2025-09-08
2025-09-08 13:00:00,142,427,434,2025-09-08
2025-09-08 13:15:00,177,585,592,2025-09-08
2025-09-08 13:30:00,172,576,589,2025-09-08
2025-09-08 13:45:00,166,571,583,2025-09-08
2025-09-08 14:00:00,137,404,418,2025-09-08
2025-09-08 14:15:00,115,258,273,2025-09-08
2025-09-08 14:30:00,120,265,279,2025-09-08
2025-09-08 14:45:00,132,277,295,2025-09-08
2025-09-08 15:00:00,134,281,301,2025-09-08
2025-09-08 15:15:00,174,474,492,2025-09-08
2025-09-08 15:30:00,215,667,684,2025-09-08
2025-09-08 15:45:00,214,655,676,2025-09-08
2025-09-08 16:00:00,212,648,669,2025-09-08
2025-09-08 16:15:00,197,474,497,2025-09-08
2025-09-08 16:30:00,180,308,333,2025-09-08
2025-09-08 16:45:00,205,349,372,2025-09-08
2025-09-08 17:00:00,294,442,471,2025-09-08
2025-09-08 17:15:00,230,343,368,2025-09-08
2025-09-08 17:30:00,286,390,418,2025-09-08
2025-09-08 17:45:00,229,293,315,2025-09-08
2025-09-08 18:00:00,226,290,314,2025-09-08
2025-09-08 18:15:00,226,290,314,2025-09-08
2025-09-08 18:30:00,121,153,166,2025-09-08
2025-09-08 18:45:00,238,305,324,2025-09-08
2025-09-08 19:00:00,117,152,158,2025-09-08
2025-09-08 19:15:00,117,152,158,2025-09-08
2025-09-08 19:30:00,201,267,281,2025-09-08
2025-09-08 19:45:00,84,115,123,2025-09-08
2025-09-08 20:00:00,168,224,243,2025-09-08
2025-09-08 20:15:00,168,224,243,2025-09-08
2025-09-08 20:30:00,162,210,224,2025-09-08
2025-09-08 20:45:00,181,246,261,2025-09-08
2025-09-08 21:00:00,110,174,181,2025-09-08
2025-09-08 21:15:00,123,209,220,2025-09-08
2025-09-08 21:30:00,51,135,143,2025-09-08
2025-09-08 21:45:00,38,126,133,2025-09-08
2025-09-08 22:00:00,30,114,119,2025-09-08
2025-09-08 22:15:00,26,129,132,2025-09-08
2025-09-08 22:30:00,27,145,149,2025-09-08
2025-09-08 22:45:00,24,127,131,2025-09-08
2025-09-08 23:00:00,37,125,129,2025-09-08
2025-09-08 23:15:00,53,104,106,2025-09-08
2025-09-08 23:30:00,46,61,62,2025-09-08
2025-09-09 05:30:00,78,117,123,2025-09-09
2025-09-09 05:45:00,72,109,113,2025-09-09
2025-09-09 06:00:00,108,167,171,2025-09-09
2025-09-09 06:15:00,121,193,198,2025-09-09
2025-09-09 06:30:00,92,143,148,2025-09-09
2025-09-09 06:45:00,162,278,291,2025-09-09
2025-09-09 07:00:00,153,291,309,2025-09-09
2025-09-09 07:15:00,175,329,346,2025-09-09
2025-09-09 07:30:00,227,415,439,2025-09-09
2025-09-09 07:45:00,195,349,372,2025-09-09
2025-09-09 08:00:00,254,435,457,2025-09-09
2025-09-09 08:15:00,323,624,645,2025-09-09
2025-09-09 08:30:00,395,769,789,2025-09-09
2025-09-09 08:45:00,432,871,889,2025-09-09
2025-09-09 09:00:00,402,859,878,2025-09-09
2025-09-09 09:15:00,341,656,681,2025-09-09
2025-09-09 09:30:00,266,493,517,2025-09-09
2025-09-09 09:45:00,234,389,412,2025-09-09
2025-09-09 10:00:00,217,308,328,2025-09-09
2025-09-09 10:15:00,204,309,324,2025-09-09
2025-09-09 10:30:00,200,311,322,2025-09-09
2025-09-09 10:45:00,204,313,321,2025-09-09
2025-09-09 11:00:00,196,300,310,2025-09-09
2025-09-09 11:15:00,185,288,302,2025-09-09
2025-09-09 11:30:00,174,295,312,2025-09-09
2025-09-09 11:45:00,156,298,315,2025-09-09
2025-09-09 12:00:00,136,288,305,2025-09-09
2025-09-09 12:15:00,126,278,289,2025-09-09
2025-09-09 12:30:00,118,257,270,2025-09-09
2025-09-09 12:45:00,120,248,262,2025-09-09
2025-09-09 13:00:00,121,252,266,2025-09-09
2025-09-09 13:15:00,127,274,290,2025-09-09
2025-09-09 13:30:00,130,292,303,2025-09-09
2025-09-09 13:45:00,134,308,321,2025-09-09
2025-09-09 14:00:00,139,322,333,2025-09-09
2025-09-09 14:15:00,135,308,319,2025-09-09
2025-09-09 14:30:00,152,391,406,2025-09-09
2025-09-09 14:45:00,174,481,496,2025-09-09
2025-09-09 15:00:00,170,466,484,2025-09-09
2025-09-09 15:15:00,162,454,475,2025-09-09
2025-09-09 15:30:00,138,345,366,2025-09-09
2025-09-09 15:45:00,111,240,263,2025-09-09
2025-09-09 16:00:00,106,238,259,2025-09-09
2025-09-09 16:15:00,99,223,243,2025-09-09
2025-09-09 16:30:00,85,193,209,2025-09-09
2025-09-09 16:45:00,78,161,172,2025-09-09
2025-09-09 17:00:00,98,163,174,2025-09-09
2025-09-09 17:15:00,80,120,126,2025-09-09
2025-09-09 17:30:00,121,177,191,2025-09-09
2025-09-09 17:45:00,98,145,158,2025-09-09
2025-09-09 18:00:00,150,195,209,2025-09-09
2025-09-09 18:15:00,150,195,209,2025-09-09
2025-09-09 18:30:00,101,120,125,2025-09-09
2025-09-09 18:45:00,185,218,229,2025-09-09
2025-09-09 19:00:00,84,98,104,2025-09-09
2025-09-09 19:15:00,144,183,194,2025-09-09
2025-09-09 19:30:00,144,183,194,2025-09-09
2025-09-09 19:45:00,106,160,169,2025-09-09
2025-09-09 20:00:00,106,160,169,2025-09-09
2025-09-09 20:15:00,113,166,171,2025-09-09
2025-09-09 20:30:00,153,227,234,2025-09-09
2025-09-09 20:45:00,122,182,191,2025-09-09
2025-09-09 21:00:00,139,218,228,2025-09-09
2025-09-09 21:15:00,77,160,169,2025-09-09
2025-09-09 21:30:00,38,122,130,2025-09-09
2025-09-09 21:45:00,25,108,111,2025-09-09
2025-09-09 22:00:00,12,92,94,2025-09-09
2025-09-09 22:15:00,15,77,79,2025-09-09
2025-09-09 22:30:00,18,62,64,2025-09-09
2025-09-09 22:45:00,22,60,62,2025-09-09
2025-09-09 23:00:00,33,64,68,2025-09-09
2025-09-09 23:15:00,42,66,72,2025-09-09
2025-09-09 23:30:00,38,58,63,2025-09-09
2025-09-11 05:30:00,95,143,148,2025-09-11
2025-09-11 05:45:00,88,133,136,2025-09-11
2025-09-11 06:00:00,109,172,177,2025-09-11
2025-09-11 06:15:00,126,201,206,2025-09-11
2025-09-11 06:30:00,113,196,201,2025-09-11
2025-09-11 06:45:00,150,279,285,2025-09-11
2025-09-11 07:00:00,141,282,289,2025-09-11
2025-09-11 07:15:00,146,297,305,2025-09-11
2025-09-11 07:30:00,146,307,317,2025-09-11
2025-09-11 07:45:00,154,319,332,2025-09-11
2025-09-11 08:00:00,178,358,373,2025-09-11
2025-09-11 08:15:00,192,371,388,2025-09-11
2025-09-11 08:30:00,202,366,382,2025-09-11
2025-09-11 08:45:00,211,343,359,2025-09-11
2025-09-11 09:00:00,212,306,320,2025-09-11
2025-09-11 09:15:00,208,286,297,2025-09-11
2025-09-11 09:30:00,223,302,312,2025-09-11
2025-09-11 09:45:00,219,304,316,2025-09-11
2025-09-11 10:00:00,217,313,326,2025-09-11
2025-09-11 10:15:00,230,340,357,2025-09-11
2025-09-11 10:30:00,208,323,338,2025-09-11
2025-09-11 10:45:00,223,384,396,2025-09-11
2025-09-11 11:00:00,241,489,500,2025-09-11
2025-09-11 11:15:00,247,528,536,2025-09-11
2025-09-11 11:30:00,251,521,537,2025-09-11
2025-09-11 11:45:00,212,446,461,2025-09-11
2025-09-11 12:00:00,170,325,340,2025-09-11
2025-09-11 12:15:00,126,250,265,2025-09-11
2025-09-11 12:30:00,119,264,273,2025-09-11
2025-09-11 12:45:00,122,276,286,2025-09-11
2025-09-11 13:00:00,120,288,295,2025-09-11
2025-09-11 13:15:00,139,316,323,2025-09-11
2025-09-11 13:30:00,144,327,334,2025-09-11
2025-09-11 13:45:00,155,340,348,2025-09-11
2025-09-11 14:00:00,143,312,324,2025-09-11
2025-09-11 14:15:00,120,276,291,2025-09-11
2025-09-11 14:30:00,104,250,265,2025-09-11
2025-09-11 14:45:00,90,230,245,2025-09-11
2025-09-11 15:00:00,92,230,244,2025-09-11
2025-09-11 15:15:00,91,236,252,2025-09-11
2025-09-11 15:30:00,94,235,251,2025-09-11
2025-09-11 15:45:00,98,222,237,2025-09-11
2025-09-11 16:00:00,109,236,251,2025-09-11
2025-09-11 16:15:00,132,259,273,2025-09-11
2025-09-11 16:30:00,154,284,301,2025-09-11
2025-09-11 16:45:00,170,310,337,2025-09-11
2025-09-11 17:00:00,248,386,420,2025-09-11
2025-09-11 17:15:00,203,303,331,2025-09-11
2025-09-11 17:30:00,231,344,372,2025-09-11
2025-09-11 17:45:00,185,266,281,2025-09-11
2025-09-11 18:00:00,173,260,270,2025-09-11
2025-09-11 18:15:00,173,260,270,2025-09-11
2025-09-11 18:30:00,101,142,147,2025-09-11
2025-09-11 18:45:00,203,284,292,2025-09-11
2025-09-11 19:00:00,102,142,145,2025-09-11
2025-09-11 19:15:00,165,236,247,2025-09-11
2025-09-11 19:30:00,165,236,247,2025-09-11
2025-09-11 19:45:00,124,168,179,2025-09-11
2025-09-11 20:00:00,124,168,179,2025-09-11
2025-09-11 20:15:00,141,170,176,2025-09-11
2025-09-11 20:30:00,183,235,245,2025-09-11
2025-09-11 20:45:00,136,199,209,2025-09-11
2025-09-11 21:00:00,149,240,251,2025-09-11
2025-09-11 21:15:00,77,178,187,2025-09-11
2025-09-11 21:30:00,44,180,187,2025-09-11
2025-09-11 21:45:00,35,209,213,2025-09-11
2025-09-11 22:00:00,26,190,196,2025-09-11
2025-09-11 22:15:00,20,174,179,2025-09-11
2025-09-11 22:30:00,15,125,129,2025-09-11
2025-09-11 22:45:00,14,67,71,2025-09-11
2025-09-11 23:00:00,25,63,66,2025-09-11
2025-09-11 23:15:00,39,61,66,2025-09-11
2025-09-11 23:30:00,35,43,47,2025-09-11
2025-09-12 05:30:00,67,114,119,2025-09-12
2025-09-12 05:45:00,60,101,103,2025-09-12
2025-09-12 06:00:00,83,140,145,2025-09-12
2025-09-12 06:15:00,92,163,170,2025-09-12
2025-09-12 06:30:00,88,169,176,2025-09-12
2025-09-12 06:45:00,111,225,234,2025-09-12
2025-09-12 07:00:00,110,231,240,2025-09-12
2025-09-12 07:15:00,134,263,273,2025-09-12
2025-09-12 07:30:00,166,300,316,2025-09-12
2025-09-12 07:45:00,195,337,357,2025-09-12
2025-09-12 08:00:00,215,367,388,2025-09-12
2025-09-12 08:15:00,228,376,399,2025-09-12
2025-09-12 08:30:00,218,345,366,2025-09-12
2025-09-12 08:45:00,223,395,414,2025-09-12
2025-09-12 09:00:00,249,469,490,2025-09-12
2025-09-12 09:15:00,282,557,575,2025-09-12
2025-09-12 09:30:00,321,705,725,2025-09-12
2025-09-12 09:45:00,341,705,728,2025-09-12
2025-09-12 10:00:00,309,613,635,2025-09-12
2025-09-12 10:15:00,268,509,533,2025-09-12
2025-09-12 10:30:00,218,360,384,2025-09-12
2025-09-12 10:45:00,176,286,310,2025-09-12
2025-09-12 11:00:00,161,269,295,2025-09-12
2025-09-12 11:15:00,142,250,280,2025-09-12
2025-09-12 11:30:00,133,239,267,2025-09-12
2025-09-12 11:45:00,119,223,251,2025-09-12
2025-09-12 12:00:00,116,232,261,2025-09-12
2025-09-12 12:15:00,108,239,262,2025-09-12
2025-09-12 12:30:00,111,256,276,2025-09-12
2025-09-12 12:45:00,127,295,312,2025-09-12
2025-09-12 13:00:00,120,305,316,2025-09-12
2025-09-12 13:15:00,123,320,332,2025-09-12
2025-09-12 13:30:00,122,332,346,2025-09-12
2025-09-12 13:45:00,126,342,357,2025-09-12
2025-09-12 14:00:00,138,356,374,2025-09-12
2025-09-12 14:15:00,139,349,370,2025-09-12
2025-09-12 14:30:00,126,308,333,2025-09-12
2025-09-12 14:45:00,101,249,273,2025-09-12
2025-09-12 15:00:00,81,197,220,2025-09-12
2025-09-12 15:15:00,77,177,194,2025-09-12
2025-09-12 15:30:00,77,185,201,2025-09-12
2025-09-12 15:45:00,85,194,210,2025-09-12
2025-09-12 16:00:00,114,233,254,2025-09-12
2025-09-12 16:15:00,134,265,288,2025-09-12
2025-09-12 16:30:00,215,460,480,2025-09-12
2025-09-12 16:45:00,291,651,668,2025-09-12
2025-09-12 17:00:00,338,689,712,2025-09-12
2025-09-12 17:15:00,292,607,627,2025-09-12
2025-09-12 17:30:00,270,471,491,2025-09-12
2025-09-12 17:45:00,170,228,247,2025-09-12
2025-09-12 18:00:00,165,238,247,2025-09-12
2025-09-12 18:15:00,165,238,247,2025-09-12
2025-09-12 18:30:00,90,131,137,2025-09-12
2025-09-12 18:45:00,184,259,271,2025-09-12
2025-09-12 19:00:00,94,128,134,2025-09-12
2025-09-12 19:15:00,163,258,266,2025-09-12
2025-09-12 19:30:00,163,258,266,2025-09-12
2025-09-12 19:45:00,133,254,270,2025-09-12
2025-09-12 20:00:00,181,324,344,2025-09-12
2025-09-12 20:15:00,161,266,286,2025-09-12
2025-09-12 20:30:00,193,315,339,2025-09-12
2025-09-12 20:45:00,149,224,237,2025-09-12
2025-09-12 21:00:00,120,189,200,2025-09-12
2025-09-12 21:15:00,75,139,150,2025-09-12
2025-09-12 21:30:00,54,151,159,2025-09-12
2025-09-12 21:45:00,43,175,180,2025-09-12
2025-09-12 22:00:00,28,155,158,2025-09-12
2025-09-12 22:15:00,28,146,147,2025-09-12
2025-09-12 22:30:00,20,101,101,2025-09-12
2025-09-12 22:45:00,16,65,66,2025-09-12
2025-09-12 23:00:00,24,74,76,2025-09-12
2025-09-12 23:15:00,35,80,82,2025-09-12
2025-09-12 23:30:00,32,64,66,2025-09-12
2025-09-13 05:30:00,10,26,26,2025-09-13
2025-09-13 05:45:00,8,24,24,2025-09-13
2025-09-13 06:00:00,21,55,57,2025-09-13
2025-09-13 06:15:00,32,71,74,2025-09-13
2025-09-13 06:30:00,31,78,81,2025-09-13
2025-09-13 06:45:00,44,104,107,2025-09-13
2025-09-13 07:00:00,48,100,103,2025-09-13
2025-09-13 07:15:00,61,121,126,2025-09-13
2025-09-13 07:30:00,69,139,144,2025-09-13
2025-09-13 07:45:00,77,164,175,2025-09-13
2025-09-13 08:00:00,86,192,205,2025-09-13
2025-09-13 08:15:00,82,194,208,2025-09-13
2025-09-13 08:30:00,82,187,203,2025-09-13
2025-09-13 08:45:00,79,175,189,2025-09-13
2025-09-13 09:00:00,69,156,169,2025-09-13
2025-09-13 09:15:00,74,161,171,2025-09-13
2025-09-13 09:30:00,74,167,176,2025-09-13
2025-09-13 09:45:00,76,167,172,2025-09-13
2025-09-13 10:00:00,83,167,171,2025-09-13
2025-09-13 10:15:00,77,161,166,2025-09-13
2025-09-13 10:30:00,76,168,172,2025-09-13
2025-09-13 10:45:00,71,178,184,2025-09-13
2025-09-13 11:00:00,62,183,193,2025-09-13
2025-09-13 11:15:00,60,181,192,2025-09-13
2025-09-13 11:30:00,56,168,180,2025-09-13
2025-09-13 11:45:00,56,150,163,2025-09-13
2025-09-13 12:00:00,56,147,156,2025-09-13
2025-09-13 12:15:00,49,144,157,2025-09-13
2025-09-13 12:30:00,44,143,157,2025-09-13
2025-09-13 12:45:00,36,146,159,2025-09-13
2025-09-13 13:00:00,37,151,165,2025-09-13
2025-09-13 13:15:00,43,165,173,2025-09-13
2025-09-13 13:30:00,55,188,198,2025-09-13
2025-09-13 13:45:00,64,211,221,2025-09-13
2025-09-13 14:00:00,63,215,225,2025-09-13
2025-09-13 14:15:00,61,215,228,2025-09-13
2025-09-13 14:30:00,52,210,223,2025-09-13
2025-09-13 14:45:00,48,195,208,2025-09-13
2025-09-13 15:00:00,50,183,197,2025-09-13
2025-09-13 15:15:00,49,163,176,2025-09-13
2025-09-13 15:30:00,50,133,143,2025-09-13
2025-09-13 15:45:00,43,106,116,2025-09-13
2025-09-13 16:00:00,36,88,96,2025-09-13
2025-09-13 16:15:00,37,82,88,2025-09-13
2025-09-13 16:30:00,38,89,98,2025-09-13
2025-09-13 16:45:00,46,95,103,2025-09-13
2025-09-13 17:00:00,83,126,134,2025-09-13
2025-09-13 17:15:00,69,99,106,2025-09-13
2025-09-13 17:30:00,80,107,111,2025-09-13
2025-09-13 17:45:00,67,86,89,2025-09-13
2025-09-13 18:00:00,52,81,86,2025-09-13
2025-09-13 18:15:00,52,81,86,2025-09-13
2025-09-13 18:30:00,31,48,52,2025-09-13
2025-09-13 18:45:00,89,120,128,2025-09-13
2025-09-13 19:00:00,58,72,76,2025-09-13
2025-09-13 19:15:00,58,72,76,2025-09-13
2025-09-13 19:30:00,87,107,113,2025-09-13
2025-09-13 19:45:00,29,35,37,2025-09-13
2025-09-13 20:00:00,43,57,62,2025-09-13
2025-09-13 20:15:00,43,57,62,2025-09-13
2025-09-13 20:30:00,35,57,61,2025-09-13
2025-09-13 20:45:00,38,75,79,2025-09-13
2025-09-13 21:00:00,30,73,75,2025-09-13
2025-09-13 21:15:00,36,92,94,2025-09-13
2025-09-13 21:30:00,18,70,73,2025-09-13
2025-09-13 21:45:00,21,65,69,2025-09-13
2025-09-13 22:00:00,18,55,59,2025-09-13
2025-09-13 22:15:00,16,46,50,2025-09-13
2025-09-13 22:30:00,13,41,43,2025-09-13
2025-09-13 22:45:00,9,41,43,2025-09-13
2025-09-13 23:00:00,10,43,44,2025-09-13
2025-09-13 23:15:00,20,51,52,2025-09-13
2025-09-13 23:30:00,20,43,44,2025-09-13
2025-09-14 05:30:00,21,32,35,2025-09-14
2025-09-14 05:45:00,15,26,28,2025-09-14
2025-09-14 06:00:00,22,42,45,2025-09-14
2025-09-14 06:15:00,22,43,46,2025-09-14
2025-09-14 06:30:00,21,45,48,2025-09-14
2025-09-14 06:45:00,30,69,72,2025-09-14
2025-09-14 07:00:00,34,75,78,2025-09-14
2025-09-14 07:15:00,46,96,100,2025-09-14
2025-09-14 07:30:00,58,114,121,2025-09-14
2025-09-14 07:45:00,70,129,136,2025-09-14
2025-09-14 08:00:00,73,138,144,2025-09-14
2025-09-14 08:15:00,90,187,191,2025-09-14
2025-09-14 08:30:00,114,246,249,2025-09-14
2025-09-14 08:45:00,113,244,253,2025-09-14
2025-09-14 09:00:00,130,266,279,2025-09-14
2025-09-14 09:15:00,118,242,256,2025-09-14
2025-09-14 09:30:00,98,200,214,2025-09-14
2025-09-14 09:45:00,90,191,204,2025-09-14
2025-09-14 10:00:00,78,169,181,2025-09-14
2025-09-14 10:15:00,70,151,163,2025-09-14
2025-09-14 10:30:00,70,159,171,2025-09-14
2025-09-14 10:45:00,76,185,204,2025-09-14
2025-09-14 11:00:00,80,214,232,2025-09-14
2025-09-14 11:15:00,85,235,258,2025-09-14
2025-09-14 11:30:00,90,233,258,2025-09-14
2025-09-14 11:45:00,83,210,228,2025-09-14
2025-09-14 12:00:00,81,194,211,2025-09-14
2025-09-14 12:15:00,81,187,207,2025-09-14
2025-09-14 12:30:00,84,199,223,2025-09-14
2025-09-14 12:45:00,93,222,245,2025-09-14
2025-09-14 13:00:00,93,237,259,2025-09-14
2025-09-14 13:15:00,92,244,262,2025-09-14
2025-09-14 13:30:00,79,218,233,2025-09-14
2025-09-14 13:45:00,76,211,224,2025-09-14
2025-09-14 14:00:00,67,193,207,2025-09-14
2025-09-14 14:15:00,60,164,179,2025-09-14
2025-09-14 14:30:00,59,158,171,2025-09-14
2025-09-14 14:45:00,54,139,154,2025-09-14
2025-09-14 15:00:00,54,125,141,2025-09-14
2025-09-14 15:15:00,59,131,141,2025-09-14
2025-09-14 15:30:00,53,138,147,2025-09-14
2025-09-14 15:45:00,51,145,153,2025-09-14
2025-09-14 16:00:00,57,151,160,2025-09-14
2025-09-14 16:15:00,57,153,163,2025-09-14
2025-09-14 16:30:00,63,147,159,2025-09-14
2025-09-14 16:45:00,73,157,168,2025-09-14
2025-09-14 17:00:00,87,172,182,2025-09-14
2025-09-14 17:15:00,69,132,140,2025-09-14
2025-09-14 17:30:00,69,117,126,2025-09-14
2025-09-14 17:45:00,49,72,79,2025-09-14
2025-09-14 18:00:00,56,71,76,2025-09-14
2025-09-14 18:15:00,56,71,76,2025-09-14
2025-09-14 18:30:00,43,52,52,2025-09-14
2025-09-14 18:45:00,104,129,129,2025-09-14
2025-09-14 19:00:00,61,77,77,2025-09-14
2025-09-14 19:15:00,61,77,77,2025-09-14
2025-09-14 19:30:00,101,129,130,2025-09-14
2025-09-14 19:45:00,40,52,53,2025-09-14
2025-09-14 20:00:00,69,88,93,2025-09-14
2025-09-14 20:15:00,69,88,93,2025-09-14
2025-09-14 20:30:00,52,73,77,2025-09-14
2025-09-14 20:45:00,61,98,107,2025-09-14
2025-09-14 21:00:00,38,78,85,2025-09-14
2025-09-14 21:15:00,44,94,101,2025-09-14
2025-09-14 21:30:00,23,75,83,2025-09-14
2025-09-14 21:45:00,17,65,69,2025-09-14
2025-09-14 22:00:00,14,61,63,2025-09-14
2025-09-14 22:15:00,10,55,57,2025-09-14
2025-09-14 22:30:00,8,43,44,2025-09-14
2025-09-14 22:45:00,6,38,39,2025-09-14
2025-09-14 23:00:00,10,41,42,2025-09-14
2025-09-14 23:15:00,20,46,47,2025-09-14
2025-09-14 23:30:00,20,40,41,2025-09-14
2025-09-15 05:30:00,71,91,97,2025-09-15
2025-09-15 05:45:00,61,80,82,2025-09-15
2025-09-15 06:00:00,86,118,120,2025-09-15
2025-09-15 06:15:00,96,139,142,2025-09-15
2025-09-15 06:30:00,97,150,154,2025-09-15
2025-09-15 06:45:00,124,204,209,2025-09-15
2025-09-15 07:00:00,128,217,226,2025-09-15
2025-09-15 07:15:00,141,233,245,2025-09-15
2025-09-15 07:30:00,167,256,267,2025-09-15
2025-09-15 07:45:00,178,264,279,2025-09-15
2025-09-15 08:00:00,189,277,288,2025-09-15
2025-09-15 08:15:00,200,291,300,2025-09-15
2025-09-15 08:30:00,199,346,354,2025-09-15
2025-09-15 08:45:00,219,408,411,2025-09-15
2025-09-15 09:00:00,218,392,398,2025-09-15
2025-09-15 09:15:00,215,376,383,2025-09-15
2025-09-15 09:30:00,198,294,308,2025-09-15
2025-09-15 09:45:00,170,220,237,2025-09-15
2025-09-15 10:00:00,158,220,235,2025-09-15
2025-09-15 10:15:00,143,219,233,2025-09-15
2025-09-15 10:30:00,135,224,231,2025-09-15
2025-09-15 10:45:00,126,214,220,2025-09-15
2025-09-15 11:00:00,112,210,225,2025-09-15
2025-09-15 11:15:00,106,217,235,2025-09-15
2025-09-15 11:30:00,106,224,244,2025-09-15
2025-09-15 11:45:00,108,232,250,2025-09-15
2025-09-15 12:00:00,100,219,230,2025-09-15
2025-09-15 12:15:00,94,207,214,2025-09-15
2025-09-15 12:30:00,82,201,208,2025-09-15
2025-09-15 12:45:00,85,206,215,2025-09-15
2025-09-15 13:00:00,102,288,296,2025-09-15
2025-09-15 13:15:00,119,381,388,2025-09-15
2025-09-15 13:30:00,134,400,407,2025-09-15
2025-09-15 13:45:00,138,409,419,2025-09-15
2025-09-15 14:00:00,122,336,344,2025-09-15
2025-09-15 14:15:00,106,253,268,2025-09-15
2025-09-15 14:30:00,97,240,256,2025-09-15
2025-09-15 14:45:00,93,231,244,2025-09-15
2025-09-15 15:00:00,105,299,317,2025-09-15
2025-09-15 15:15:00,118,379,391,2025-09-15
2025-09-15 15:30:00,115,377,392,2025-09-15
2025-09-15 15:45:00,112,378,394,2025-09-15
2025-09-15 16:00:00,109,316,329,2025-09-15
2025-09-15 16:15:00,106,230,249,2025-09-15
2025-09-15 16:30:00,125,246,267,2025-09-15
2025-09-15 16:45:00,138,260,280,2025-09-15
2025-09-15 17:00:00,183,287,306,2025-09-15
2025-09-15 17:15:00,148,228,240,2025-09-15
2025-09-15 17:30:00,156,214,224,2025-09-15
2025-09-15 17:45:00,120,146,154,2025-09-15
2025-09-15 18:00:00,124,146,155,2025-09-15
2025-09-15 18:15:00,124,146,155,2025-09-15
2025-09-15 18:30:00,81,93,96,2025-09-15
2025-09-15 18:45:00,162,195,201,2025-09-15
2025-09-15 19:00:00,81,102,105,2025-09-15
2025-09-15 19:15:00,126,174,179,2025-09-15
2025-09-15 19:30:00,126,174,179,2025-09-15
2025-09-15 19:45:00,85,136,142,2025-09-15
2025-09-15 20:00:00,85,136,142,2025-09-15
2025-09-15 20:15:00,82,122,131,2025-09-15
2025-09-15 20:30:00,97,149,158,2025-09-15
2025-09-15 20:45:00,63,101,106,2025-09-15
2025-09-15 21:00:00,67,111,116,2025-09-15
2025-09-15 21:15:00,28,63,63,2025-09-15
2025-09-15 21:30:00,14,45,45,2025-09-15
2025-09-15 21:45:00,11,37,37,2025-09-15
2025-09-15 22:00:00,8,35,35,2025-09-15
2025-09-15 22:15:00,8,39,41,2025-09-15
2025-09-15 22:30:00,9,40,42,2025-09-15
2025-09-15 22:45:00,9,44,48,2025-09-15
2025-09-15 23:00:00,15,50,54,2025-09-15
2025-09-15 23:15:00,30,55,61,2025-09-15
2025-09-15 23:30:00,28,45,51,2025-09-15
2025-09-16 05:30:00,6,11,12,2025-09-16
2025-09-16 05:45:00,6,10,11,2025-09-16
2025-09-16 06:00:00,9,18,19,2025-09-16
2025-09-16 06:15:00,16,31,33,2025-09-16
2025-09-16 06:30:00,19,36,38,2025-09-16
2025-09-16 06:45:00,27,56,58,2025-09-16
2025-09-16 07:00:00,33,72,75,2025-09-16
2025-09-16 07:15:00,31,76,78,2025-09-16
2025-09-16 07:30:00,31,81,83,2025-09-16
2025-09-16 07:45:00,32,82,88,2025-09-16
2025-09-16 08:00:00,34,102,111,2025-09-16
2025-09-16 08:15:00,35,120,130,2025-09-16
2025-09-16 08:30:00,32,114,125,2025-09-16
2025-09-16 08:45:00,31,108,118,2025-09-16
2025-09-16 09:00:00,21,73,82,2025-09-16
2025-09-16 09:15:00,17,50,59,2025-09-16
2025-09-16 09:30:00,19,59,67,2025-09-16
2025-09-16 09:45:00,15,67,73,2025-09-16
2025-09-16 10:00:00,19,79,85,2025-09-16
2025-09-16 10:15:00,26,91,96,2025-09-16
2025-09-16 10:30:00,30,94,98,2025-09-16
2025-09-16 10:45:00,35,98,101,2025-09-16
2025-09-16 11:00:00,41,117,120,2025-09-16
2025-09-16 11:15:00,38,126,133,2025-09-16
2025-09-16 11:30:00,36,130,142,2025-09-16
2025-09-16 11:45:00,29,120,133,2025-09-16
2025-09-16 12:00:00,22,97,110,2025-09-16
2025-09-16 12:15:00,22,89,99,2025-09-16
2025-09-16 12:30:00,19,90,97,2025-09-16
2025-09-16 12:45:00,22,100,108,2025-09-16
2025-09-16 13:00:00,26,120,125,2025-09-16
2025-09-16 13:15:00,29,140,145,2025-09-16
2025-09-16 13:30:00,36,151,156,2025-09-16
2025-09-16 13:45:00,46,170,181,2025-09-16
2025-09-16 14:00:00,54,175,188,2025-09-16
2025-09-16 14:15:00,55,158,173,2025-09-16
2025-09-16 14:30:00,54,151,166,2025-09-16
2025-09-16 14:45:00,45,137,144,2025-09-16
2025-09-16 15:00:00,38,126,132,2025-09-16
2025-09-16 15:15:00,48,137,140,2025-09-16
2025-09-16 15:30:00,44,137,140,2025-09-16
2025-09-16 15:45:00,60,152,157,2025-09-16
2025-09-16 16:00:00,72,162,168,2025-09-16
2025-09-16 16:15:00,68,157,163,2025-09-16
2025-09-16 16:30:00,82,164,172,2025-09-16
2025-09-16 16:45:00,84,165,177,2025-09-16
2025-09-16 17:00:00,97,180,198,2025-09-16
2025-09-16 17:15:00,79,144,162,2025-09-16
2025-09-16 17:30:00,86,148,164,2025-09-16
2025-09-16 17:45:00,62,100,110,2025-09-16
2025-09-16 18:00:00,53,83,88,2025-09-16
2025-09-16 18:15:00,53,83,88,2025-09-16
2025-09-16 18:30:00,27,42,45,2025-09-16
2025-09-16 18:45:00,55,83,89,2025-09-16
2025-09-16 19:00:00,28,41,44,2025-09-16
2025-09-16 19:15:00,48,68,72,2025-09-16
2025-09-16 19:30:00,48,68,72,2025-09-16
2025-09-16 19:45:00,32,49,51,2025-09-16
2025-09-16 20:00:00,32,49,51,2025-09-16
2025-09-16 20:15:00,28,49,50,2025-09-16
2025-09-16 20:30:00,38,72,76,2025-09-16
2025-09-16 20:45:00,29,69,73,2025-09-16
2025-09-16 21:00:00,35,88,94,2025-09-16
2025-09-16 21:15:00,27,78,84,2025-09-16
2025-09-16 21:30:00,19,69,72,2025-09-16
2025-09-16 21:45:00,16,65,69,2025-09-16
2025-09-16 22:00:00,11,59,62,2025-09-16
2025-09-16 22:15:00,8,59,62,2025-09-16
2025-09-16 22:30:00,6,52,55,2025-09-16
2025-09-16 22:45:00,7,43,44,2025-09-16
2025-09-16 23:00:00,16,46,46,2025-09-16
2025-09-16 23:15:00,27,47,49,2025-09-16
2025-09-16 23:30:00,27,40,42,2025-09-16
2025-09-17 05:30:00,84,124,126,2025-09-17
2025-09-17 05:45:00,75,112,113,2025-09-17
2025-09-17 06:00:00,104,154,161,2025-09-17
2025-09-17 06:15:00,120,182,190,2025-09-17
2025-09-17 06:30:00,118,192,201,2025-09-17
2025-09-17 06:45:00,140,238,251,2025-09-17
2025-09-17 07:00:00,125,232,244,2025-09-17
2025-09-17 07:15:00,123,246,259,2025-09-17
2025-09-17 07:30:00,133,259,274,2025-09-17
2025-09-17 07:45:00,163,304,323,2025-09-17
2025-09-17 08:00:00,184,331,352,2025-09-17
2025-09-17 08:15:00,200,331,352,2025-09-17
2025-09-17 08:30:00,204,332,353,2025-09-17
2025-09-17 08:45:00,213,323,343,2025-09-17
2025-09-17 09:00:00,228,318,335,2025-09-17
2025-09-17 09:15:00,238,318,338,2025-09-17
2025-09-17 09:30:00,235,304,323,2025-09-17
2025-09-17 09:45:00,214,282,297,2025-09-17
2025-09-17 10:00:00,193,274,285,2025-09-17
2025-09-17 10:15:00,189,287,295,2025-09-17
2025-09-17 10:30:00,186,294,302,2025-09-17
2025-09-17 10:45:00,184,296,305,2025-09-17
2025-09-17 11:00:00,178,277,290,2025-09-17
2025-09-17 11:15:00,167,258,271,2025-09-17
2025-09-17 11:30:00,160,252,271,2025-09-17
2025-09-17 11:45:00,143,224,240,2025-09-17
2025-09-17 12:00:00,143,298,313,2025-09-17
2025-09-17 12:15:00,143,371,385,2025-09-17
2025-09-17 12:30:00,140,364,370,2025-09-17
2025-09-17 12:45:00,159,407,414,2025-09-17
2025-09-17 13:00:00,172,442,448,2025-09-17
2025-09-17 13:15:00,203,482,492,2025-09-17
2025-09-17 13:30:00,206,495,509,2025-09-17
2025-09-17 13:45:00,182,472,488,2025-09-17
2025-09-17 14:00:00,146,358,373,2025-09-17
2025-09-17 14:15:00,111,244,257,2025-09-17
2025-09-17 14:30:00,105,234,246,2025-09-17
2025-09-17 14:45:00,112,233,245,2025-09-17
2025-09-17 15:00:00,109,226,242,2025-09-17
2025-09-17 15:15:00,110,299,315,2025-09-17
2025-09-17 15:30:00,125,375,389,2025-09-17
2025-09-17 15:45:00,123,365,381,2025-09-17
2025-09-17 16:00:00,146,387,401,2025-09-17
2025-09-17 16:15:00,183,439,458,2025-09-17
2025-09-17 16:30:00,208,489,510,2025-09-17
2025-09-17 16:45:00,250,541,562,2025-09-17
2025-09-17 17:00:00,297,592,621,2025-09-17
2025-09-17 17:15:00,220,401,422,2025-09-17
2025-09-17 17:30:00,240,341,369,2025-09-17
2025-09-17 17:45:00,177,246,268,2025-09-17
2025-09-17 18:00:00,200,274,289,2025-09-17
2025-09-17 18:15:00,200,274,289,2025-09-17
2025-09-17 18:30:00,114,153,157,2025-09-17
2025-09-17 18:45:00,207,286,296,2025-09-17
2025-09-17 19:00:00,93,133,139,2025-09-17
2025-09-17 19:15:00,167,246,262,2025-09-17
2025-09-17 19:30:00,167,246,262,2025-09-17
2025-09-17 19:45:00,137,207,223,2025-09-17
2025-09-17 20:00:00,137,207,223,2025-09-17
2025-09-17 20:15:00,122,178,187,2025-09-17
2025-09-17 20:30:00,155,229,241,2025-09-17
2025-09-17 20:45:00,108,167,175,2025-09-17
2025-09-17 21:00:00,116,197,207,2025-09-17
2025-09-17 21:15:00,64,141,149,2025-09-17
2025-09-17 21:30:00,35,112,117,2025-09-17
2025-09-17 21:45:00,23,98,102,2025-09-17
2025-09-17 22:00:00,21,92,95,2025-09-17
2025-09-17 22:15:00,17,81,84,2025-09-17
2025-09-17 22:30:00,16,73,77,2025-09-17
2025-09-17 22:45:00,16,66,71,2025-09-17
2025-09-17 23:00:00,31,65,70,2025-09-17
2025-09-17 23:15:00,65,87,91,2025-09-17
2025-09-17 23:30:00,62,73,76,2025-09-17
2025-09-18 05:30:00,69,119,124,2025-09-18
2025-09-18 05:45:00,59,106,108,2025-09-18
2025-09-18 06:00:00,90,153,156,2025-09-18
2025-09-18 06:15:00,110,181,184,2025-09-18
2025-09-18 06:30:00,116,193,198,2025-09-18
2025-09-18 06:45:00,143,254,265,2025-09-18
2025-09-18 07:00:00,138,259,273,2025-09-18
2025-09-18 07:15:00,155,294,309,2025-09-18
2025-09-18 07:30:00,170,326,346,2025-09-18
2025-09-18 07:45:00,193,368,388,2025-09-18
2025-09-18 08:00:00,211,395,418,2025-09-18
2025-09-18 08:15:00,220,393,418,2025-09-18
2025-09-18 08:30:00,213,370,394,2025-09-18
2025-09-18 08:45:00,211,342,364,2025-09-18
2025-09-18 09:00:00,191,308,326,2025-09-18
2025-09-18 09:15:00,177,300,326,2025-09-18
2025-09-18 09:30:00,194,320,341,2025-09-18
2025-09-18 09:45:00,187,315,334,2025-09-18
2025-09-18 10:00:00,196,328,345,2025-09-18
2025-09-18 10:15:00,198,323,331,2025-09-18
2025-09-18 10:30:00,176,289,298,2025-09-18
2025-09-18 10:45:00,172,280,292,2025-09-18
2025-09-18 11:00:00,163,273,284,2025-09-18
2025-09-18 11:15:00,149,269,283,2025-09-18
2025-09-18 11:30:00,151,284,300,2025-09-18
2025-09-18 11:45:00,133,271,283,2025-09-18
2025-09-18 12:00:00,112,235,248,2025-09-18
2025-09-18 12:15:00,111,218,230,2025-09-18
2025-09-18 12:30:00,104,210,223,2025-09-18
2025-09-18 12:45:00,105,223,239,2025-09-18
2025-09-18 13:00:00,114,256,275,2025-09-18
2025-09-18 13:15:00,120,290,309,2025-09-18
2025-09-18 13:30:00,123,313,329,2025-09-18
2025-09-18 13:45:00,136,339,354,2025-09-18
2025-09-18 14:00:00,140,348,362,2025-09-18
2025-09-18 14:15:00,137,334,347,2025-09-18
2025-09-18 14:30:00,128,309,324,2025-09-18
2025-09-18 14:45:00,132,299,314,2025-09-18
2025-09-18 15:00:00,123,286,303,2025-09-18
2025-09-18 15:15:00,121,291,308,2025-09-18
2025-09-18 15:30:00,114,287,302,2025-09-18
2025-09-18 15:45:00,110,276,292,2025-09-18
2025-09-18 16:00:00,123,275,291,2025-09-18
2025-09-18 16:15:00,158,383,397,2025-09-18
2025-09-18 16:30:00,215,521,534,2025-09-18
2025-09-18 16:45:00,248,554,574,2025-09-18
2025-09-18 17:00:00,311,691,712,2025-09-18
2025-09-18 17:15:00,242,502,521,2025-09-18
2025-09-18 17:30:00,284,529,552,2025-09-18
2025-09-18 17:45:00,218,430,442,2025-09-18
2025-09-18 18:00:00,213,352,361,2025-09-18
2025-09-18 18:15:00,213,352,361,2025-09-18
2025-09-18 18:30:00,100,132,136,2025-09-18
2025-09-18 18:45:00,195,259,267,2025-09-18
2025-09-18 19:00:00,95,127,131,2025-09-18
2025-09-18 19:15:00,95,127,131,2025-09-18
2025-09-18 19:30:00,164,229,238,2025-09-18
2025-09-18 19:45:00,69,102,107,2025-09-18
2025-09-18 20:00:00,141,208,218,2025-09-18
2025-09-18 20:15:00,141,208,218,2025-09-18
2025-09-18 20:30:00,147,206,214,2025-09-18
2025-09-18 20:45:00,180,298,307,2025-09-18
2025-09-18 21:00:00,139,288,294,2025-09-18
2025-09-18 21:15:00,153,322,330,2025-09-18
2025-09-18 21:30:00,81,239,247,2025-09-18
2025-09-18 21:45:00,51,160,168,2025-09-18
2025-09-18 22:00:00,27,87,93,2025-09-18
2025-09-18 22:15:00,17,77,82,2025-09-18
2025-09-18 22:30:00,21,76,81,2025-09-18
2025-09-18 22:45:00,30,82,89,2025-09-18
2025-09-18 23:00:00,46,91,100,2025-09-18
2025-09-18 23:15:00,73,102,110,2025-09-18
2025-09-18 23:30:00,66,86,91,2025-09-18
2025-09-19 05:30:00,79,129,136,2025-09-19
2025-09-19 05:45:00,73,118,123,2025-09-19
2025-09-19 06:00:00,89,143,149,2025-09-19
2025-09-19 06:15:00,103,168,175,2025-09-19
2025-09-19 06:30:00,90,168,175,2025-09-19
2025-09-19 06:45:00,117,224,236,2025-09-19
2025-09-19 07:00:00,123,240,254,2025-09-19
2025-09-19 07:15:00,136,273,292,2025-09-19
2025-09-19 07:30:00,158,309,328,2025-09-19
2025-09-19 07:45:00,164,317,337,2025-09-19
2025-09-19 08:00:00,160,315,340,2025-09-19
2025-09-19 08:15:00,153,299,319,2025-09-19
2025-09-19 08:30:00,145,279,302,2025-09-19
2025-09-19 08:45:00,155,283,302,2025-09-19
2025-09-19 09:00:00,169,291,305,2025-09-19
2025-09-19 09:15:00,179,296,309,2025-09-19
2025-09-19 09:30:00,196,316,330,2025-09-19
2025-09-19 09:45:00,196,317,333,2025-09-19
2025-09-19 10:00:00,184,298,314,2025-09-19
2025-09-19 10:15:00,185,280,295,2025-09-19
2025-09-19 10:30:00,155,231,242,2025-09-19
2025-09-19 10:45:00,135,210,223,2025-09-19
2025-09-19 11:00:00,115,193,206,2025-09-19
2025-09-19 11:15:00,95,184,200,2025-09-19
2025-09-19 11:30:00,95,197,213,2025-09-19
2025-09-19 11:45:00,89,197,211,2025-09-19
2025-09-19 12:00:00,94,214,229,2025-09-19
2025-09-19 12:15:00,95,219,235,2025-09-19
2025-09-19 12:30:00,92,219,240,2025-09-19
2025-09-19 12:45:00,99,233,252,2025-09-19
2025-09-19 13:00:00,101,244,261,2025-09-19
2025-09-19 13:15:00,115,271,285,2025-09-19
2025-09-19 13:30:00,132,303,313,2025-09-19
2025-09-19 13:45:00,149,337,354,2025-09-19
2025-09-19 14:00:00,158,349,365,2025-09-19
2025-09-19 14:15:00,157,353,372,2025-09-19
2025-09-19 14:30:00,150,353,380,2025-09-19
2025-09-19 14:45:00,138,353,377,2025-09-19
2025-09-19 15:00:00,133,362,389,2025-09-19
2025-09-19 15:15:00,113,343,369,2025-09-19
2025-09-19 15:30:00,109,322,339,2025-09-19
2025-09-19 15:45:00,106,284,299,2025-09-19
2025-09-19 16:00:00,104,260,272,2025-09-19
2025-09-19 16:15:00,138,279,294,2025-09-19
2025-09-19 16:30:00,156,294,310,2025-09-19
2025-09-19 16:45:00,185,325,340,2025-09-19
2025-09-19 17:00:00,247,378,395,2025-09-19
2025-09-19 17:15:00,192,290,300,2025-09-19
2025-09-19 17:30:00,210,315,326,2025-09-19
2025-09-19 17:45:00,155,226,234,2025-09-19
2025-09-19 18:00:00,157,234,240,2025-09-19
2025-09-19 18:15:00,157,234,240,2025-09-19
2025-09-19 18:30:00,97,133,135,2025-09-19
2025-09-19 18:45:00,195,258,263,2025-09-19
2025-09-19 19:00:00,98,125,128,2025-09-19
2025-09-19 19:15:00,160,218,225,2025-09-19
2025-09-19 19:30:00,160,218,225,2025-09-19
2025-09-19 19:45:00,97,161,171,2025-09-19
2025-09-19 20:00:00,97,161,171,2025-09-19
2025-09-19 20:15:00,106,233,245,2025-09-19
2025-09-19 20:30:00,161,378,391,2025-09-19
2025-09-19 20:45:00,139,344,356,2025-09-19
2025-09-19 21:00:00,152,379,392,2025-09-19
2025-09-19 21:15:00,89,243,252,2025-09-19
2025-09-19 21:30:00,41,121,129,2025-09-19
2025-09-19 21:45:00,32,109,113,2025-09-19
2025-09-19 22:00:00,24,102,108,2025-09-19
2025-09-19 22:15:00,20,97,103,2025-09-19
2025-09-19 22:30:00,14,86,93,2025-09-19
2025-09-19 22:45:00,19,92,98,2025-09-19
2025-09-19 23:00:00,33,102,107,2025-09-19
2025-09-19 23:15:00,51,105,109,2025-09-19
2025-09-19 23:30:00,50,93,96,2025-09-19
2025-09-20 05:30:00,8,31,43,2025-09-20
2025-09-20 05:45:00,8,29,41,2025-09-20
2025-09-20 06:00:00,14,39,56,2025-09-20
2025-09-20 06:15:00,20,45,61,2025-09-20
2025-09-20 06:30:00,20,44,53,2025-09-20
2025-09-20 06:45:00,24,61,74,2025-09-20
2025-09-20 07:00:00,39,162,174,2025-09-20
2025-09-20 07:15:00,57,269,279,2025-09-20
2025-09-20 07:30:00,64,290,307,2025-09-20
2025-09-20 07:45:00,70,306,325,2025-09-20
2025-09-20 08:00:00,63,223,247,2025-09-20
2025-09-20 08:15:00,54,131,158,2025-09-20
2025-09-20 08:30:00,50,120,141,2025-09-20
2025-09-20 08:45:00,65,194,209,2025-09-20
2025-09-20 09:00:00,70,262,269,2025-09-20
2025-09-20 09:15:00,84,352,357,2025-09-20
2025-09-20 09:30:00,108,481,485,2025-09-20
2025-09-20 09:45:00,114,462,469,2025-09-20
2025-09-20 10:00:00,133,556,565,2025-09-20
2025-09-20 10:15:00,147,629,637,2025-09-20
2025-09-20 10:30:00,124,502,512,2025-09-20
2025-09-20 10:45:00,104,449,456,2025-09-20
2025-09-20 11:00:00,81,305,309,2025-09-20
2025-09-20 11:15:00,59,169,174,2025-09-20
2025-09-20 11:30:00,73,191,197,2025-09-20
2025-09-20 11:45:00,70,195,206,2025-09-20
2025-09-20 12:00:00,69,201,217,2025-09-20
2025-09-20 12:15:00,67,216,234,2025-09-20
2025-09-20 12:30:00,58,228,247,2025-09-20
2025-09-20 12:45:00,73,247,264,2025-09-20
2025-09-20 13:00:00,78,244,259,2025-09-20
2025-09-20 13:15:00,77,235,249,2025-09-20
2025-09-20 13:30:00,84,243,254,2025-09-20
2025-09-20 13:45:00,86,256,267,2025-09-20
2025-09-20 14:00:00,104,335,344,2025-09-20
2025-09-20 14:15:00,118,384,393,2025-09-20
2025-09-20 14:30:00,136,435,444,2025-09-20
2025-09-20 14:45:00,146,484,492,2025-09-20
2025-09-20 15:00:00,121,394,404,2025-09-20
2025-09-20 15:15:00,105,325,334,2025-09-20
2025-09-20 15:30:00,81,242,252,2025-09-20
2025-09-20 15:45:00,61,158,169,2025-09-20
2025-09-20 16:00:00,65,155,164,2025-09-20
2025-09-20 16:15:00,89,266,275,2025-09-20
2025-09-20 16:30:00,112,376,385,2025-09-20
2025-09-20 16:45:00,115,384,397,2025-09-20
2025-09-20 17:00:00,135,408,420,2025-09-20
2025-09-20 17:15:00,94,255,265,2025-09-20
2025-09-20 17:30:00,80,152,162,2025-09-20
2025-09-20 17:45:00,62,108,111,2025-09-20
2025-09-20 18:00:00,66,108,116,2025-09-20
2025-09-20 18:15:00,66,108,116,2025-09-20
2025-09-20 18:30:00,43,65,71,2025-09-20
2025-09-20 18:45:00,84,130,150,2025-09-20
2025-09-20 19:00:00,41,65,79,2025-09-20
2025-09-20 19:15:00,41,65,79,2025-09-20
2025-09-20 19:30:00,71,113,129,2025-09-20
2025-09-20 19:45:00,30,48,50,2025-09-20
2025-09-20 20:00:00,47,79,82,2025-09-20
2025-09-20 20:15:00,47,79,82,2025-09-20
2025-09-20 20:30:00,37,96,97,2025-09-20
2025-09-20 20:45:00,52,155,156,2025-09-20
2025-09-20 21:00:00,37,138,140,2025-09-20
2025-09-20 21:15:00,44,159,161,2025-09-20
2025-09-20 21:30:00,27,115,118,2025-09-20
2025-09-20 21:45:00,14,75,81,2025-09-20
2025-09-20 22:00:00,18,84,88,2025-09-20
2025-09-20 22:15:00,13,80,85,2025-09-20
2025-09-20 22:30:00,13,74,78,2025-09-20
2025-09-20 22:45:00,12,71,72,2025-09-20
2025-09-20 23:00:00,10,61,62,2025-09-20
2025-09-20 23:15:00,24,61,61,2025-09-20
2025-09-20 23:30:00,21,46,46,2025-09-20
2025-09-21 05:30:00,15,23,24,2025-09-21
2025-09-21 05:45:00,15,23,23,2025-09-21
2025-09-21 06:00:00,18,36,36,2025-09-21
2025-09-21 06:15:00,26,51,51,2025-09-21
2025-09-21 06:30:00,25,51,51,2025-09-21
2025-09-21 06:45:00,34,75,75,2025-09-21
2025-09-21 07:00:00,43,90,90,2025-09-21
2025-09-21 07:15:00,51,101,104,2025-09-21
2025-09-21 07:30:00,63,117,120,2025-09-21
2025-09-21 07:45:00,69,127,132,2025-09-21
2025-09-21 08:00:00,73,137,143,2025-09-21
2025-09-21 08:15:00,78,158,162,2025-09-21
2025-09-21 08:30:00,77,172,180,2025-09-21
2025-09-21 08:45:00,93,190,202,2025-09-21
2025-09-21 09:00:00,128,314,328,2025-09-21
2025-09-21 09:15:00,169,434,451,2025-09-21
2025-09-21 09:30:00,209,550,567,2025-09-21
2025-09-21 09:45:00,235,659,673,2025-09-21
2025-09-21 10:00:00,205,541,558,2025-09-21
2025-09-21 10:15:00,163,417,437,2025-09-21
2025-09-21 10:30:00,121,300,319,2025-09-21
2025-09-21 10:45:00,88,201,221,2025-09-21
2025-09-21 11:00:00,79,201,216,2025-09-21
2025-09-21 11:15:00,79,209,220,2025-09-21
2025-09-21 11:30:00,89,225,235,2025-09-21
2025-09-21 11:45:00,89,213,223,2025-09-21
2025-09-21 12:00:00,97,214,228,2025-09-21
2025-09-21 12:15:00,90,207,224,2025-09-21
2025-09-21 12:30:00,93,212,229,2025-09-21
2025-09-21 12:45:00,129,285,302,2025-09-21
2025-09-21 13:00:00,173,399,415,2025-09-21
2025-09-21 13:15:00,223,482,503,2025-09-21
2025-09-21 13:30:00,222,482,505,2025-09-21
2025-09-21 13:45:00,190,422,444,2025-09-21
2025-09-21 14:00:00,150,312,334,2025-09-21
2025-09-21 14:15:00,107,235,251,2025-09-21
2025-09-21 14:30:00,88,201,218,2025-09-21
2025-09-21 14:45:00,66,152,167,2025-09-21
2025-09-21 15:00:00,54,196,207,2025-09-21
2025-09-21 15:15:00,57,249,255,2025-09-21
2025-09-21 15:30:00,79,321,325,2025-09-21
2025-09-21 15:45:00,100,410,414,2025-09-21
2025-09-21 16:00:00,83,323,329,2025-09-21
2025-09-21 16:15:00,78,247,253,2025-09-21
2025-09-21 16:30:00,62,175,179,2025-09-21
2025-09-21 16:45:00,52,102,105,2025-09-21
2025-09-21 17:00:00,98,153,156,2025-09-21
2025-09-21 17:15:00,77,122,125,2025-09-21
2025-09-21 17:30:00,100,144,148,2025-09-21
2025-09-21 17:45:00,83,114,118,2025-09-21
2025-09-21 18:00:00,80,100,103,2025-09-21
2025-09-21 18:15:00,80,100,103,2025-09-21
2025-09-21 18:30:00,45,51,52,2025-09-21
2025-09-21 18:45:00,93,111,115,2025-09-21
2025-09-21 19:00:00,48,60,63,2025-09-21
2025-09-21 19:15:00,48,60,63,2025-09-21
2025-09-21 19:30:00,81,108,114,2025-09-21
2025-09-21 19:45:00,33,48,51,2025-09-21
2025-09-21 20:00:00,51,84,90,2025-09-21
2025-09-21 20:15:00,51,84,90,2025-09-21
2025-09-21 20:30:00,29,70,74,2025-09-21
2025-09-21 20:45:00,34,89,94,2025-09-21
2025-09-21 21:00:00,20,67,70,2025-09-21
2025-09-21 21:15:00,25,99,103,2025-09-21
2025-09-21 21:30:00,20,112,115,2025-09-21
2025-09-21 21:45:00,21,125,128,2025-09-21
2025-09-21 22:00:00,22,122,125,2025-09-21
2025-09-21 22:15:00,19,97,99,2025-09-21
2025-09-21 22:30:00,16,61,64,2025-09-21
2025-09-21 22:45:00,18,45,47,2025-09-21
2025-09-21 23:00:00,31,58,59,2025-09-21
2025-09-21 23:15:00,43,68,70,2025-09-21
2025-09-21 23:30:00,40,57,58,2025-09-21
2025-09-22 05:30:00,96,194,201,2025-09-22
2025-09-22 05:45:00,84,154,158,2025-09-22
2025-09-22 06:00:00,124,177,182,2025-09-22
2025-09-22 06:15:00,150,211,221,2025-09-22
2025-09-22 06:30:00,156,225,236,2025-09-22
2025-09-22 06:45:00,194,283,297,2025-09-22
2025-09-22 07:00:00,194,294,314,2025-09-22
2025-09-22 07:15:00,202,317,336,2025-09-22
2025-09-22 07:30:00,200,329,346,2025-09-22
2025-09-22 07:45:00,200,361,381,2025-09-22
2025-09-22 08:00:00,188,373,391,2025-09-22
2025-09-22 08:15:00,183,364,382,2025-09-22
2025-09-22 08:30:00,177,345,364,2025-09-22
2025-09-22 08:45:00,186,323,342,2025-09-22
2025-09-22 09:00:00,186,290,305,2025-09-22
2025-09-22 09:15:00,185,277,296,2025-09-22
2025-09-22 09:30:00,202,370,387,2025-09-22
2025-09-22 09:45:00,211,461,474,2025-09-22
2025-09-22 10:00:00,205,447,461,2025-09-22
2025-09-22 10:15:00,210,445,453,2025-09-22
2025-09-22 10:30:00,190,341,353,2025-09-22
2025-09-22 10:45:00,172,246,260,2025-09-22
2025-09-22 11:00:00,175,266,279,2025-09-22
2025-09-22 11:15:00,161,260,277,2025-09-22
2025-09-22 11:30:00,154,257,271,2025-09-22
2025-09-22 11:45:00,143,243,256,2025-09-22
2025-09-22 12:00:00,121,218,233,2025-09-22
2025-09-22 12:15:00,124,225,236,2025-09-22
2025-09-22 12:30:00,124,242,252,2025-09-22
2025-09-22 12:45:00,135,271,281,2025-09-22
2025-09-22 13:00:00,158,399,407,2025-09-22
2025-09-22 13:15:00,172,512,521,2025-09-22
2025-09-22 13:30:00,169,508,521,2025-09-22
2025-09-22 13:45:00,161,512,529,2025-09-22
2025-09-22 14:00:00,150,416,436,2025-09-22
2025-09-22 14:15:00,125,313,336,2025-09-22
2025-09-22 14:30:00,130,327,349,2025-09-22
2025-09-22 14:45:00,127,316,334,2025-09-22
2025-09-22 15:00:00,122,312,329,2025-09-22
2025-09-22 15:15:00,122,312,328,2025-09-22
2025-09-22 15:30:00,114,301,319,2025-09-22
2025-09-22 15:45:00,108,300,321,2025-09-22
2025-09-22 16:00:00,113,301,321,2025-09-22
2025-09-22 16:15:00,136,311,330,2025-09-22
2025-09-22 16:30:00,159,331,347,2025-09-22
2025-09-22 16:45:00,184,347,364,2025-09-22
2025-09-22 17:00:00,230,386,406,2025-09-22
2025-09-22 17:15:00,176,296,312,2025-09-22
2025-09-22 17:30:00,196,321,341,2025-09-22
2025-09-22 17:45:00,150,234,247,2025-09-22
2025-09-22 18:00:00,169,259,270,2025-09-22
2025-09-22 18:15:00,169,259,270,2025-09-22
2025-09-22 18:30:00,105,147,151,2025-09-22
2025-09-22 18:45:00,204,277,286,2025-09-22
2025-09-22 19:00:00,99,130,135,2025-09-22
2025-09-22 19:15:00,153,213,224,2025-09-22
2025-09-22 19:30:00,153,213,224,2025-09-22
2025-09-22 19:45:00,113,160,167,2025-09-22
2025-09-22 20:00:00,113,160,167,2025-09-22
2025-09-22 20:15:00,113,146,155,2025-09-22
2025-09-22 20:30:00,166,267,283,2025-09-22
2025-09-22 20:45:00,131,292,309,2025-09-22
2025-09-22 21:00:00,155,342,364,2025-09-22
2025-09-22 21:15:00,115,338,352,2025-09-22
2025-09-22 21:30:00,80,284,291,2025-09-22
2025-09-22 21:45:00,58,196,202,2025-09-22
2025-09-22 22:00:00,36,161,164,2025-09-22
2025-09-22 22:15:00,27,115,119,2025-09-22
2025-09-22 22:30:00,9,59,64,2025-09-22
2025-09-22 22:45:00,9,58,62,2025-09-22
2025-09-22 23:00:00,8,52,54,2025-09-22
2025-09-22 23:15:00,6,38,39,2025-09-22
2025-09-22 23:30:00,6,27,27,2025-09-22
2025-09-23 05:30:00,91,139,142,2025-09-23
2025-09-23 05:45:00,76,117,120,2025-09-23
2025-09-23 06:00:00,99,150,156,2025-09-23
2025-09-23 06:15:00,106,172,176,2025-09-23
2025-09-23 06:30:00,102,184,190,2025-09-23
2025-09-23 06:45:00,123,239,250,2025-09-23
2025-09-23 07:00:00,116,240,258,2025-09-23
2025-09-23 07:15:00,117,257,278,2025-09-23
2025-09-23 07:30:00,134,293,318,2025-09-23
2025-09-23 07:45:00,152,325,347,2025-09-23
2025-09-23 08:00:00,166,360,378,2025-09-23
2025-09-23 08:15:00,191,388,405,2025-09-23
2025-09-23 08:30:00,178,353,373,2025-09-23
2025-09-23 08:45:00,184,333,354,2025-09-23
2025-09-23 09:00:00,194,311,332,2025-09-23
2025-09-23 09:15:00,189,291,314,2025-09-23
2025-09-23 09:30:00,208,317,337,2025-09-23
2025-09-23 09:45:00,207,330,350,2025-09-23
2025-09-23 10:00:00,204,335,352,2025-09-23
2025-09-23 10:15:00,211,336,350,2025-09-23
2025-09-23 10:30:00,183,290,300,2025-09-23
2025-09-23 10:45:00,172,261,270,2025-09-23
2025-09-23 11:00:00,167,248,254,2025-09-23
2025-09-23 11:15:00,148,228,237,2025-09-23
2025-09-23 11:30:00,157,241,256,2025-09-23
2025-09-23 11:45:00,154,245,262,2025-09-23
2025-09-23 12:00:00,132,237,259,2025-09-23
2025-09-23 12:15:00,123,242,263,2025-09-23
2025-09-23 12:30:00,117,247,266,2025-09-23
2025-09-23 12:45:00,113,252,275,2025-09-23
2025-09-23 13:00:00,118,270,291,2025-09-23
2025-09-23 13:15:00,110,276,299,2025-09-23
2025-09-23 13:30:00,105,286,306,2025-09-23
2025-09-23 13:45:00,104,295,314,2025-09-23
2025-09-23 14:00:00,96,275,296,2025-09-23
2025-09-23 14:15:00,105,272,290,2025-09-23
2025-09-23 14:30:00,106,263,283,2025-09-23
2025-09-23 14:45:00,107,258,274,2025-09-23
2025-09-23 15:00:00,103,254,267,2025-09-23
2025-09-23 15:15:00,111,255,269,2025-09-23
2025-09-23 15:30:00,105,252,266,2025-09-23
2025-09-23 15:45:00,116,260,276,2025-09-23
2025-09-23 16:00:00,137,270,290,2025-09-23
2025-09-23 16:15:00,151,294,318,2025-09-23
2025-09-23 16:30:00,167,323,347,2025-09-23
2025-09-23 16:45:00,188,350,373,2025-09-23
2025-09-23 17:00:00,247,428,462,2025-09-23
2025-09-23 17:15:00,193,332,358,2025-09-23
2025-09-23 17:30:00,238,365,395,2025-09-23
2025-09-23 17:45:00,180,266,292,2025-09-23
2025-09-23 18:00:00,161,225,241,2025-09-23
2025-09-23 18:15:00,161,225,241,2025-09-23
2025-09-23 18:30:00,83,104,111,2025-09-23
2025-09-23 18:45:00,173,207,225,2025-09-23
2025-09-23 19:00:00,90,103,114,2025-09-23
2025-09-23 19:15:00,153,184,202,2025-09-23
2025-09-23 19:30:00,153,184,202,2025-09-23
2025-09-23 19:45:00,106,149,159,2025-09-23
2025-09-23 20:00:00,106,149,159,2025-09-23
2025-09-23 20:15:00,85,135,140,2025-09-23
2025-09-23 20:30:00,125,193,202,2025-09-23
2025-09-23 20:45:00,103,195,202,2025-09-23
2025-09-23 21:00:00,127,270,280,2025-09-23
2025-09-23 21:15:00,103,275,285,2025-09-23
2025-09-23 21:30:00,72,276,284,2025-09-23
2025-09-23 21:45:00,58,228,237,2025-09-23
2025-09-23 22:00:00,39,181,188,2025-09-23
2025-09-23 22:15:00,25,131,136,2025-09-23
2025-09-23 22:30:00,21,87,91,2025-09-23
2025-09-23 22:45:00,19,80,84,2025-09-23
2025-09-23 23:00:00,41,85,90,2025-09-23
2025-09-23 23:15:00,71,99,106,2025-09-23
2025-09-23 23:30:00,66,84,90,2025-09-23
2025-09-24 05:30:00,93,137,139,2025-09-24
2025-09-24 05:45:00,80,119,120,2025-09-24
2025-09-24 06:00:00,106,155,156,2025-09-24
2025-09-24 06:15:00,104,160,165,2025-09-24
2025-09-24 06:30:00,103,168,175,2025-09-24
2025-09-24 06:45:00,125,221,230,2025-09-24
2025-09-24 07:00:00,105,219,233,2025-09-24
2025-09-24 07:15:00,123,256,266,2025-09-24
2025-09-24 07:30:00,142,300,313,2025-09-24
2025-09-24 07:45:00,168,345,360,2025-09-24
2025-09-24 08:00:00,189,367,380,2025-09-24
2025-09-24 08:15:00,209,396,418,2025-09-24
2025-09-24 08:30:00,209,379,398,2025-09-24
2025-09-24 08:45:00,224,441,459,2025-09-24
2025-09-24 09:00:00,261,543,560,2025-09-24
2025-09-24 09:15:00,267,522,534,2025-09-24
2025-09-24 09:30:00,267,507,522,2025-09-24
2025-09-24 09:45:00,245,409,427,2025-09-24
2025-09-24 10:00:00,235,420,444,2025-09-24
2025-09-24 10:15:00,254,543,571,2025-09-24
2025-09-24 10:30:00,236,529,559,2025-09-24
2025-09-24 10:45:00,232,535,561,2025-09-24
2025-09-24 11:00:00,194,405,428,2025-09-24
2025-09-24 11:15:00,161,274,292,2025-09-24
2025-09-24 11:30:00,175,292,309,2025-09-24
2025-09-24 11:45:00,170,278,297,2025-09-24
2025-09-24 12:00:00,218,411,424,2025-09-24
2025-09-24 12:15:00,248,583,596,2025-09-24
2025-09-24 12:30:00,259,640,652,2025-09-24
2025-09-24 12:45:00,256,643,659,2025-09-24
2025-09-24 13:00:00,194,507,526,2025-09-24
2025-09-24 13:15:00,152,338,358,2025-09-24
2025-09-24 13:30:00,120,269,290,2025-09-24
2025-09-24 13:45:00,126,294,311,2025-09-24
2025-09-24 14:00:00,128,308,327,2025-09-24
2025-09-24 14:15:00,129,322,341,2025-09-24
2025-09-24 14:30:00,131,330,347,2025-09-24
2025-09-24 14:45:00,164,406,419,2025-09-24
2025-09-24 15:00:00,224,558,567,2025-09-24
2025-09-24 15:15:00,254,624,637,2025-09-24
2025-09-24 15:30:00,254,616,631,2025-09-24
2025-09-24 15:45:00,210,520,541,2025-09-24
2025-09-24 16:00:00,149,353,378,2025-09-24
2025-09-24 16:15:00,122,271,290,2025-09-24
2025-09-24 16:30:00,137,279,297,2025-09-24
2025-09-24 16:45:00,160,300,316,2025-09-24
2025-09-24 17:00:00,217,364,396,2025-09-24
2025-09-24 17:15:00,177,288,318,2025-09-24
2025-09-24 17:30:00,205,337,371,2025-09-24
2025-09-24 17:45:00,158,254,284,2025-09-24
2025-09-24 18:00:00,177,268,284,2025-09-24
2025-09-24 18:15:00,177,268,284,2025-09-24
2025-09-24 18:30:00,107,148,155,2025-09-24
2025-09-24 18:45:00,202,270,294,2025-09-24
2025-09-24 19:00:00,95,122,139,2025-09-24
2025-09-24 19:15:00,95,122,139,2025-09-24
2025-09-24 19:30:00,183,234,258,2025-09-24
2025-09-24 19:45:00,88,112,119,2025-09-24
2025-09-24 20:00:00,160,211,221,2025-09-24
2025-09-24 20:15:00,160,211,221,2025-09-24
2025-09-24 20:30:00,134,185,189,2025-09-24
2025-09-24 20:45:00,165,239,253,2025-09-24
2025-09-24 21:00:00,131,204,222,2025-09-24
2025-09-24 21:15:00,150,244,269,2025-09-24
2025-09-24 21:30:00,95,189,216,2025-09-24
2025-09-24 21:45:00,70,158,176,2025-09-24
2025-09-24 22:00:00,43,118,133,2025-09-24
2025-09-24 22:15:00,32,100,109,2025-09-24
2025-09-24 22:30:00,34,113,119,2025-09-24
2025-09-24 22:45:00,41,147,153,2025-09-24
2025-09-24 23:00:00,47,156,159,2025-09-24
2025-09-24 23:15:00,63,160,163,2025-09-24
2025-09-24 23:30:00,54,116,119,2025-09-24
2025-09-25 05:30:00,123,385,389,2025-09-25
2025-09-25 05:45:00,107,308,311,2025-09-25
2025-09-25 06:00:00,152,327,330,2025-09-25
2025-09-25 06:15:00,153,304,308,2025-09-25
2025-09-25 06:30:00,139,244,250,2025-09-25
2025-09-25 06:45:00,160,307,318,2025-09-25
2025-09-25 07:00:00,123,285,302,2025-09-25
2025-09-25 07:15:00,129,297,313,2025-09-25
2025-09-25 07:30:00,154,404,420,2025-09-25
2025-09-25 07:45:00,196,520,535,2025-09-25
2025-09-25 08:00:00,206,514,531,2025-09-25
2025-09-25 08:15:00,227,537,555,2025-09-25
2025-09-25 08:30:00,209,437,459,2025-09-25
2025-09-25 08:45:00,193,401,420,2025-09-25
2025-09-25 09:00:00,220,485,498,2025-09-25
2025-09-25 09:15:00,209,450,464,2025-09-25
2025-09-25 09:30:00,218,444,457,2025-09-25
2025-09-25 09:45:00,215,362,379,2025-09-25
2025-09-25 10:00:00,199,270,295,2025-09-25
2025-09-25 10:15:00,201,285,309,2025-09-25
2025-09-25 10:30:00,187,288,310,2025-09-25
2025-09-25 10:45:00,178,289,308,2025-09-25
2025-09-25 11:00:00,168,289,300,2025-09-25
2025-09-25 11:15:00,156,270,282,2025-09-25
2025-09-25 11:30:00,158,258,267,2025-09-25
2025-09-25 11:45:00,148,246,256,2025-09-25
2025-09-25 12:00:00,126,223,233,2025-09-25
2025-09-25 12:15:00,127,240,249,2025-09-25
2025-09-25 12:30:00,113,246,257,2025-09-25
2025-09-25 12:45:00,113,248,257,2025-09-25
2025-09-25 13:00:00,109,257,264,2025-09-25
2025-09-25 13:15:00,104,264,269,2025-09-25
2025-09-25 13:30:00,114,273,276,2025-09-25
2025-09-25 13:45:00,108,282,290,2025-09-25
2025-09-25 14:00:00,114,284,294,2025-09-25
2025-09-25 14:15:00,98,247,260,2025-09-25
2025-09-25 14:30:00,83,223,239,2025-09-25
2025-09-25 14:45:00,93,251,262,2025-09-25
2025-09-25 15:00:00,94,276,289,2025-09-25
2025-09-25 15:15:00,87,255,268,2025-09-25
2025-09-25 15:30:00,86,249,261,2025-09-25
2025-09-25 15:45:00,79,220,232,2025-09-25
2025-09-25 16:00:00,77,189,198,2025-09-25
2025-09-25 16:15:00,94,211,217,2025-09-25
2025-09-25 16:30:00,109,230,234,2025-09-25
2025-09-25 16:45:00,139,262,269,2025-09-25
2025-09-25 17:00:00,204,345,354,2025-09-25
2025-09-25 17:15:00,174,293,301,2025-09-25
2025-09-25 17:30:00,211,354,370,2025-09-25
2025-09-25 17:45:00,159,262,274,2025-09-25
2025-09-25 18:00:00,155,251,266,2025-09-25
2025-09-25 18:15:00,155,251,266,2025-09-25
2025-09-25 18:30:00,88,130,136,2025-09-25
2025-09-25 18:45:00,182,251,268,2025-09-25
2025-09-25 19:00:00,94,121,132,2025-09-25
2025-09-25 19:15:00,168,218,235,2025-09-25
2025-09-25 19:30:00,168,218,235,2025-09-25
2025-09-25 19:45:00,74,97,103,2025-09-25
2025-09-25 20:00:00,118,165,176,2025-09-25
2025-09-25 20:15:00,94,142,156,2025-09-25
2025-09-25 20:30:00,135,203,223,2025-09-25
2025-09-25 20:45:00,158,245,267,2025-09-25
2025-09-25 21:00:00,132,215,236,2025-09-25
2025-09-25 21:15:00,89,167,183,2025-09-25
2025-09-25 21:30:00,58,134,146,2025-09-25
2025-09-25 21:45:00,41,115,127,2025-09-25
2025-09-25 22:00:00,27,96,106,2025-09-25
2025-09-25 22:15:00,22,83,91,2025-09-25
2025-09-25 22:30:00,16,70,77,2025-09-25
2025-09-25 22:45:00,15,61,67,2025-09-25
2025-09-25 23:00:00,31,69,74,2025-09-25
2025-09-25 23:15:00,55,85,88,2025-09-25
2025-09-25 23:30:00,51,70,72,2025-09-25
2025-09-26 05:30:00,83,115,122,2025-09-26
2025-09-26 05:45:00,71,102,105,2025-09-26
2025-09-26 06:00:00,92,142,144,2025-09-26
2025-09-26 06:15:00,108,167,172,2025-09-26
2025-09-26 06:30:00,98,156,162,2025-09-26
2025-09-26 06:45:00,124,207,215,2025-09-26
2025-09-26 07:00:00,132,221,233,2025-09-26
2025-09-26 07:15:00,173,341,350,2025-09-26
2025-09-26 07:30:00,220,469,479,2025-09-26
2025-09-26 07:45:00,236,509,523,2025-09-26
2025-09-26 08:00:00,237,530,545,2025-09-26
2025-09-26 08:15:00,244,528,550,2025-09-26
2025-09-26 08:30:00,240,510,529,2025-09-26
2025-09-26 08:45:00,256,501,522,2025-09-26
2025-09-26 09:00:00,268,486,503,2025-09-26
2025-09-26 09:15:00,240,387,404,2025-09-26
2025-09-26 09:30:00,225,357,376,2025-09-26
2025-09-26 09:45:00,214,398,413,2025-09-26
2025-09-26 10:00:00,216,449,465,2025-09-26
2025-09-26 10:15:00,240,518,530,2025-09-26
2025-09-26 10:30:00,227,454,468,2025-09-26
2025-09-26 10:45:00,212,387,399,2025-09-26
2025-09-26 11:00:00,192,323,334,2025-09-26
2025-09-26 11:15:00,164,264,276,2025-09-26
2025-09-26 11:30:00,154,273,289,2025-09-26
2025-09-26 11:45:00,154,283,298,2025-09-26
2025-09-26 12:00:00,139,262,278,2025-09-26
2025-09-26 12:15:00,123,238,253,2025-09-26
2025-09-26 12:30:00,125,235,244,2025-09-26
2025-09-26 12:45:00,119,234,247,2025-09-26
2025-09-26 13:00:00,121,276,288,2025-09-26
2025-09-26 13:15:00,126,315,329,2025-09-26
2025-09-26 13:30:00,120,318,334,2025-09-26
2025-09-26 13:45:00,126,329,344,2025-09-26
2025-09-26 14:00:00,124,306,322,2025-09-26
2025-09-26 14:15:00,120,279,293,2025-09-26
2025-09-26 14:30:00,148,371,384,2025-09-26
2025-09-26 14:45:00,167,464,476,2025-09-26
2025-09-26 15:00:00,173,534,553,2025-09-26
2025-09-26 15:15:00,180,597,616,2025-09-26
2025-09-26 15:30:00,151,491,511,2025-09-26
2025-09-26 15:45:00,121,372,396,2025-09-26
2025-09-26 16:00:00,97,271,285,2025-09-26
2025-09-26 16:15:00,73,181,196,2025-09-26
2025-09-26 16:30:00,65,173,186,2025-09-26
2025-09-26 16:45:00,58,181,190,2025-09-26
2025-09-26 17:00:00,85,233,250,2025-09-26
2025-09-26 17:15:00,69,193,206,2025-09-26
2025-09-26 17:30:00,96,229,247,2025-09-26
2025-09-26 17:45:00,82,171,186,2025-09-26
2025-09-26 18:00:00,138,250,261,2025-09-26
2025-09-26 18:15:00,138,250,261,2025-09-26
2025-09-26 18:30:00,96,171,175,2025-09-26
2025-09-26 18:45:00,197,350,361,2025-09-26
2025-09-26 19:00:00,101,179,186,2025-09-26
2025-09-26 19:15:00,167,270,284,2025-09-26
2025-09-26 19:30:00,167,270,284,2025-09-26
2025-09-26 19:45:00,116,155,166,2025-09-26
2025-09-26 20:00:00,116,155,166,2025-09-26
2025-09-26 20:15:00,117,144,153,2025-09-26
2025-09-26 20:30:00,152,196,206,2025-09-26
2025-09-26 20:45:00,118,167,174,2025-09-26
2025-09-26 21:00:00,137,200,207,2025-09-26
2025-09-26 21:15:00,87,147,149,2025-09-26
2025-09-26 21:30:00,57,117,121,2025-09-26
2025-09-26 21:45:00,50,105,112,2025-09-26
2025-09-26 22:00:00,41,93,101,2025-09-26
2025-09-26 22:15:00,30,110,119,2025-09-26
2025-09-26 22:30:00,28,125,131,2025-09-26
2025-09-26 22:45:00,21,112,115,2025-09-26
2025-09-26 23:00:00,14,103,105,2025-09-26
2025-09-26 23:15:00,19,75,76,2025-09-26
2025-09-26 23:30:00,16,38,39,2025-09-26
2025-09-27 05:30:00,14,23,34,2025-09-27
2025-09-27 05:45:00,13,21,32,2025-09-27
2025-09-27 06:00:00,23,35,52,2025-09-27
2025-09-27 06:15:00,38,58,74,2025-09-27
2025-09-27 06:30:00,42,68,80,2025-09-27
2025-09-27 06:45:00,55,97,112,2025-09-27
2025-09-27 07:00:00,63,123,138,2025-09-27
2025-09-27 07:15:00,61,139,161,2025-09-27
2025-09-27 07:30:00,71,166,189,2025-09-27
2025-09-27 07:45:00,80,186,208,2025-09-27
2025-09-27 08:00:00,83,201,218,2025-09-27
2025-09-27 08:15:00,88,199,209,2025-09-27
2025-09-27 08:30:00,97,205,213,2025-09-27
2025-09-27 08:45:00,105,278,288,2025-09-27
2025-09-27 09:00:00,113,334,347,2025-09-27
2025-09-27 09:15:00,121,336,354,2025-09-27
2025-09-27 09:30:00,112,324,341,2025-09-27
2025-09-27 09:45:00,98,244,261,2025-09-27
2025-09-27 10:00:00,91,181,196,2025-09-27
2025-09-27 10:15:00,82,183,194,2025-09-27
2025-09-27 10:30:00,74,179,190,2025-09-27
2025-09-27 10:45:00,71,181,190,2025-09-27
2025-09-27 11:00:00,70,179,187,2025-09-27
2025-09-27 11:15:00,66,167,172,2025-09-27
2025-09-27 11:30:00,82,239,244,2025-09-27
2025-09-27 11:45:00,90,296,301,2025-09-27
2025-09-27 12:00:00,78,288,297,2025-09-27
2025-09-27 12:15:00,77,300,308,2025-09-27
2025-09-27 12:30:00,70,239,249,2025-09-27
2025-09-27 12:45:00,57,182,196,2025-09-27
2025-09-27 13:00:00,65,197,207,2025-09-27
2025-09-27 13:15:00,71,213,227,2025-09-27
2025-09-27 13:30:00,71,236,249,2025-09-27
2025-09-27 13:45:00,82,255,263,2025-09-27
2025-09-27 14:00:00,79,247,257,2025-09-27
2025-09-27 14:15:00,70,229,235,2025-09-27
2025-09-27 14:30:00,64,267,275,2025-09-27
2025-09-27 14:45:00,62,304,314,2025-09-27
2025-09-27 15:00:00,50,275,285,2025-09-27
2025-09-27 15:15:00,50,260,270,2025-09-27
2025-09-27 15:30:00,38,179,185,2025-09-27
2025-09-27 15:45:00,25,100,103,2025-09-27
2025-09-27 16:00:00,25,111,111,2025-09-27
2025-09-27 16:15:00,20,120,121,2025-09-27
2025-09-27 16:30:00,27,118,120,2025-09-27
2025-09-27 16:45:00,29,112,114,2025-09-27
2025-09-27 17:00:00,53,118,122,2025-09-27
2025-09-27 17:15:00,44,77,80,2025-09-27
2025-09-27 17:30:00,50,75,77,2025-09-27
2025-09-27 17:45:00,44,60,62,2025-09-27
2025-09-27 18:00:00,53,67,68,2025-09-27
2025-09-27 18:15:00,53,67,68,2025-09-27
2025-09-27 18:30:00,38,45,46,2025-09-27
2025-09-27 18:45:00,76,98,104,2025-09-27
2025-09-27 19:00:00,38,53,58,2025-09-27
2025-09-27 19:15:00,38,53,58,2025-09-27
2025-09-27 19:30:00,57,96,102,2025-09-27
2025-09-27 19:45:00,19,43,44,2025-09-27
2025-09-27 20:00:00,30,70,72,2025-09-27
2025-09-27 20:15:00,30,70,72,2025-09-27
2025-09-27 20:30:00,24,45,46,2025-09-27
2025-09-27 20:45:00,29,58,59,2025-09-27
2025-09-27 21:00:00,22,48,49,2025-09-27
2025-09-27 21:15:00,27,63,64,2025-09-27
2025-09-27 21:30:00,18,56,57,2025-09-27
2025-09-27 21:45:00,17,54,55,2025-09-27
2025-09-27 22:00:00,18,47,48,2025-09-27
2025-09-27 22:15:00,25,52,53,2025-09-27
2025-09-27 22:30:00,26,55,57,2025-09-27
2025-09-27 22:45:00,28,78,82,2025-09-27
2025-09-27 23:00:00,30,102,105,2025-09-27
2025-09-27 23:15:00,33,100,103,2025-09-27
2025-09-27 23:30:00,28,86,88,2025-09-27
2025-09-28 05:30:00,32,56,60,2025-09-28
2025-09-28 05:45:00,29,50,51,2025-09-28
2025-09-28 06:00:00,43,76,77,2025-09-28
2025-09-28 06:15:00,53,106,108,2025-09-28
2025-09-28 06:30:00,44,110,111,2025-09-28
2025-09-28 06:45:00,65,146,149,2025-09-28
2025-09-28 07:00:00,72,153,156,2025-09-28
2025-09-28 07:15:00,81,152,157,2025-09-28
2025-09-28 07:30:00,93,149,154,2025-09-28
2025-09-28 07:45:00,92,159,163,2025-09-28
2025-09-28 08:00:00,97,176,180,2025-09-28
2025-09-28 08:15:00,100,184,187,2025-09-28
2025-09-28 08:30:00,98,186,193,2025-09-28
2025-09-28 08:45:00,99,188,198,2025-09-28
2025-09-28 09:00:00,92,181,194,2025-09-28
2025-09-28 09:15:00,92,191,206,2025-09-28
2025-09-28 09:30:00,101,206,223,2025-09-28
2025-09-28 09:45:00,100,198,214,2025-09-28
2025-09-28 10:00:00,102,190,206,2025-09-28
2025-09-28 10:15:00,106,190,206,2025-09-28
2025-09-28 10:30:00,96,182,199,2025-09-28
2025-09-28 10:45:00,104,195,212,2025-09-28
2025-09-28 11:00:00,131,281,301,2025-09-28
2025-09-28 11:15:00,146,348,365,2025-09-28
2025-09-28 11:30:00,154,356,370,2025-09-28
2025-09-28 11:45:00,161,401,414,2025-09-28
2025-09-28 12:00:00,143,373,384,2025-09-28
2025-09-28 12:15:00,112,301,316,2025-09-28
2025-09-28 12:30:00,109,305,320,2025-09-28
2025-09-28 12:45:00,97,258,273,2025-09-28
2025-09-28 13:00:00,118,339,351,2025-09-28
2025-09-28 13:15:00,162,468,476,2025-09-28
2025-09-28 13:30:00,158,451,464,2025-09-28
2025-09-28 13:45:00,160,453,470,2025-09-28
2025-09-28 14:00:00,120,317,336,2025-09-28
2025-09-28 14:15:00,76,182,202,2025-09-28
2025-09-28 14:30:00,70,185,197,2025-09-28
2025-09-28 14:45:00,66,182,193,2025-09-28
2025-09-28 15:00:00,63,174,184,2025-09-28
2025-09-28 15:15:00,66,174,183,2025-09-28
2025-09-28 15:30:00,69,175,184,2025-09-28
2025-09-28 15:45:00,65,169,175,2025-09-28
2025-09-28 16:00:00,79,176,183,2025-09-28
2025-09-28 16:15:00,78,166,175,2025-09-28
2025-09-28 16:30:00,87,173,181,2025-09-28
2025-09-28 16:45:00,89,169,180,2025-09-28
2025-09-28 17:00:00,109,186,195,2025-09-28
2025-09-28 17:15:00,90,151,157,2025-09-28
2025-09-28 17:30:00,103,154,162,2025-09-28
2025-09-28 17:45:00,84,114,117,2025-09-28
2025-09-28 18:00:00,95,127,132,2025-09-28
2025-09-28 18:15:00,95,127,132,2025-09-28
2025-09-28 18:30:00,58,76,79,2025-09-28
2025-09-28 18:45:00,111,148,153,2025-09-28
2025-09-28 19:00:00,53,72,74,2025-09-28
2025-09-28 19:15:00,53,72,74,2025-09-28
2025-09-28 19:30:00,88,115,118,2025-09-28
2025-09-28 19:45:00,35,43,44,2025-09-28
2025-09-28 20:00:00,65,80,84,2025-09-28
2025-09-28 20:15:00,65,80,84,2025-09-28
2025-09-28 20:30:00,52,107,114,2025-09-28
2025-09-28 20:45:00,63,165,174,2025-09-28
2025-09-28 21:00:00,40,170,179,2025-09-28
2025-09-28 21:15:00,44,208,217,2025-09-28
2025-09-28 21:30:00,27,175,183,2025-09-28
2025-09-28 21:45:00,21,153,160,2025-09-28
2025-09-28 22:00:00,15,126,131,2025-09-28
2025-09-28 22:15:00,16,107,113,2025-09-28
2025-09-28 22:30:00,12,75,78,2025-09-28
2025-09-28 22:45:00,13,48,51,2025-09-28
2025-09-28 23:00:00,25,52,55,2025-09-28
2025-09-28 23:15:00,31,48,50,2025-09-28
2025-09-28 23:30:00,30,43,45,2025-09-28
2025-09-29 05:30:00,81,258,260,2025-09-29
2025-09-29 05:45:00,71,214,216,2025-09-29
2025-09-29 06:00:00,105,229,234,2025-09-29
2025-09-29 06:15:00,120,215,219,2025-09-29
2025-09-29 06:30:00,126,200,208,2025-09-29
2025-09-29 06:45:00,152,264,273,2025-09-29
2025-09-29 07:00:00,144,264,274,2025-09-29
2025-09-29 07:15:00,148,268,285,2025-09-29
2025-09-29 07:30:00,146,253,268,2025-09-29
2025-09-29 07:45:00,152,245,262,2025-09-29
2025-09-29 08:00:00,174,340,360,2025-09-29
2025-09-29 08:15:00,215,456,470,2025-09-29
2025-09-29 08:30:00,230,471,486,2025-09-29
2025-09-29 08:45:00,248,488,504,2025-09-29
2025-09-29 09:00:00,255,462,476,2025-09-29
2025-09-29 09:15:00,255,428,443,2025-09-29
2025-09-29 09:30:00,263,479,498,2025-09-29
2025-09-29 09:45:00,280,532,551,2025-09-29
2025-09-29 10:00:00,265,463,480,2025-09-29
2025-09-29 10:15:00,243,391,412,2025-09-29
2025-09-29 10:30:00,223,324,341,2025-09-29
2025-09-29 10:45:00,195,259,275,2025-09-29
2025-09-29 11:00:00,192,270,286,2025-09-29
2025-09-29 11:15:00,176,269,279,2025-09-29
2025-09-29 11:30:00,172,274,284,2025-09-29
2025-09-29 11:45:00,159,268,279,2025-09-29
2025-09-29 12:00:00,127,233,249,2025-09-29
2025-09-29 12:15:00,122,228,245,2025-09-29
2025-09-29 12:30:00,119,237,251,2025-09-29
2025-09-29 12:45:00,127,257,272,2025-09-29
2025-09-29 13:00:00,143,300,308,2025-09-29
2025-09-29 13:15:00,155,328,336,2025-09-29
2025-09-29 13:30:00,150,333,345,2025-09-29
2025-09-29 13:45:00,147,340,349,2025-09-29
2025-09-29 14:00:00,134,316,329,2025-09-29
2025-09-29 14:15:00,118,292,305,2025-09-29
2025-09-29 14:30:00,115,280,293,2025-09-29
2025-09-29 14:45:00,115,274,291,2025-09-29
2025-09-29 15:00:00,140,379,395,2025-09-29
2025-09-29 15:15:00,173,480,497,2025-09-29
2025-09-29 15:30:00,173,472,495,2025-09-29
2025-09-29 15:45:00,177,468,488,2025-09-29
2025-09-29 16:00:00,192,479,496,2025-09-29
2025-09-29 16:15:00,209,510,527,2025-09-29
2025-09-29 16:30:00,226,544,563,2025-09-29
2025-09-29 16:45:00,261,589,609,2025-09-29
2025-09-29 17:00:00,308,551,585,2025-09-29
2025-09-29 17:15:00,226,351,382,2025-09-29
2025-09-29 17:30:00,262,368,396,2025-09-29
2025-09-29 17:45:00,192,251,275,2025-09-29
2025-09-29 18:00:00,198,264,277,2025-09-29
2025-09-29 18:15:00,198,264,277,2025-09-29
2025-09-29 18:30:00,120,158,162,2025-09-29
2025-09-29 18:45:00,227,299,310,2025-09-29
2025-09-29 19:00:00,107,141,148,2025-09-29
2025-09-29 19:15:00,163,228,253,2025-09-29
2025-09-29 19:30:00,163,228,253,2025-09-29
2025-09-29 19:45:00,124,196,216,2025-09-29
2025-09-29 20:00:00,124,196,216,2025-09-29
2025-09-29 20:15:00,138,213,218,2025-09-29
2025-09-29 20:30:00,191,289,299,2025-09-29
2025-09-29 20:45:00,146,219,233,2025-09-29
2025-09-29 21:00:00,171,262,278,2025-09-29
2025-09-29 21:15:00,112,189,203,2025-09-29
2025-09-29 21:30:00,65,169,179,2025-09-29
2025-09-29 21:45:00,47,181,185,2025-09-29
2025-09-29 22:00:00,34,185,188,2025-09-29
2025-09-29 22:15:00,35,203,205,2025-09-29
2025-09-29 22:30:00,31,159,161,2025-09-29
2025-09-29 22:45:00,34,120,123,2025-09-29
2025-09-29 23:00:00,45,98,100,2025-09-29
2025-09-29 23:15:00,52,70,77,2025-09-29
2025-09-29 23:30:00,50,58,64,2025-09-29
2025-09-30 05:30:00,108,162,167,2025-09-30
2025-09-30 05:45:00,81,131,134,2025-09-30
2025-09-30 06:00:00,117,186,193,2025-09-30
2025-09-30 06:15:00,119,196,207,2025-09-30
2025-09-30 06:30:00,112,191,207,2025-09-30
2025-09-30 06:45:00,137,251,269,2025-09-30
2025-09-30 07:00:00,116,241,258,2025-09-30
2025-09-30 07:15:00,130,292,311,2025-09-30
2025-09-30 07:30:00,150,344,361,2025-09-30
2025-09-30 07:45:00,164,363,381,2025-09-30
2025-09-30 08:00:00,181,379,400,2025-09-30
2025-09-30 08:15:00,196,353,373,2025-09-30
2025-09-30 08:30:00,184,301,322,2025-09-30
2025-09-30 08:45:00,194,299,322,2025-09-30
2025-09-30 09:00:00,204,300,321,2025-09-30
2025-09-30 09:15:00,241,381,402,2025-09-30
2025-09-30 09:30:00,299,567,589,2025-09-30
2025-09-30 09:45:00,336,684,709,2025-09-30
2025-09-30 10:00:00,326,662,687,2025-09-30
2025-09-30 10:15:00,289,575,599,2025-09-30
2025-09-30 10:30:00,233,391,414,2025-09-30
2025-09-30 10:45:00,177,248,266,2025-09-30
2025-09-30 11:00:00,161,237,254,2025-09-30
2025-09-30 11:15:00,163,255,270,2025-09-30
2025-09-30 11:30:00,162,269,281,2025-09-30
2025-09-30 11:45:00,151,264,276,2025-09-30
2025-09-30 12:00:00,146,266,276,2025-09-30
2025-09-30 12:15:00,130,261,270,2025-09-30
2025-09-30 12:30:00,116,261,271,2025-09-30
2025-09-30 12:45:00,119,278,289,2025-09-30
2025-09-30 13:00:00,124,288,300,2025-09-30
2025-09-30 13:15:00,122,289,304,2025-09-30
2025-09-30 13:30:00,122,294,308,2025-09-30
2025-09-30 13:45:00,132,313,328,2025-09-30
2025-09-30 14:00:00,123,317,332,2025-09-30
2025-09-30 14:15:00,116,316,332,2025-09-30
2025-09-30 14:30:00,118,308,327,2025-09-30
2025-09-30 14:45:00,114,288,304,2025-09-30
2025-09-30 15:00:00,117,278,296,2025-09-30
2025-09-30 15:15:00,115,267,282,2025-09-30
2025-09-30 15:30:00,111,257,271,2025-09-30
2025-09-30 15:45:00,165,443,457,2025-09-30
2025-09-30 16:00:00,214,620,630,2025-09-30
2025-09-30 16:15:00,252,647,664,2025-09-30
2025-09-30 16:30:00,315,800,820,2025-09-30
2025-09-30 16:45:00,330,773,796,2025-09-30
2025-09-30 17:00:00,353,683,714,2025-09-30
2025-09-30 17:15:00,286,586,607,2025-09-30
2025-09-30 17:30:00,203,375,390,2025-09-30
2025-09-30 17:45:00,178,271,289,2025-09-30
2025-09-30 18:00:00,176,252,266,2025-09-30
2025-09-30 18:15:00,176,252,266,2025-09-30
2025-09-30 18:30:00,176,252,266,2025-09-30
2025-09-30 18:45:00,239,310,320,2025-09-30
2025-09-30 19:00:00,135,175,179,2025-09-30
2025-09-30 19:15:00,135,175,179,2025-09-30
2025-09-30 19:30:00,225,334,351,2025-09-30
2025-09-30 19:45:00,90,159,172,2025-09-30
2025-09-30 20:00:00,90,159,172,2025-09-30
2025-09-30 20:15:00,186,314,344,2025-09-30
2025-09-30 20:30:00,150,273,294,2025-09-30
2025-09-30 20:45:00,150,273,294,2025-09-30
2025-09-30 21:00:00,191,378,402,2025-09-30
2025-09-30 21:15:00,109,296,305,2025-09-30
2025-09-30 21:30:00,65,246,252,2025-09-30
2025-09-30 21:45:00,69,267,275,2025-09-30
2025-09-30 22:00:00,33,182,187,2025-09-30
2025-09-30 22:15:00,24,125,130,2025-09-30
2025-09-30 22:30:00,16,67,71,2025-09-30
2025-09-30 22:45:00,20,69,71,2025-09-30
2025-09-30 23:00:00,37,84,87,2025-09-30
2025-09-30 23:15:00,66,105,108,2025-09-30
2025-09-30 23:30:00,64,95,98,2025-09-30
2025-10-01 05:30:00,98,199,205,2025-10-01
2025-10-01 05:45:00,87,183,187,2025-10-01
2025-10-01 06:00:00,141,299,304,2025-10-01
2025-10-01 06:15:00,159,328,335,2025-10-01
2025-10-01 06:30:00,162,289,299,2025-10-01
2025-10-01 06:45:00,196,346,364,2025-10-01
2025-10-01 07:00:00,156,260,288,2025-10-01
2025-10-01 07:15:00,165,280,306,2025-10-01
2025-10-01 07:30:00,188,381,408,2025-10-01
2025-10-01 07:45:00,228,508,528,2025-10-01
2025-10-01 08:00:00,242,533,551,2025-10-01
2025-10-01 08:15:00,264,547,569,2025-10-01
2025-10-01 08:30:00,249,452,476,2025-10-01
2025-10-01 08:45:00,226,339,364,2025-10-01
2025-10-01 09:00:00,248,351,370,2025-10-01
2025-10-01 09:15:00,236,343,359,2025-10-01
2025-10-01 09:30:00,236,340,350,2025-10-01
2025-10-01 09:45:00,236,340,353,2025-10-01
2025-10-01 10:00:00,228,324,339,2025-10-01
2025-10-01 10:15:00,222,312,332,2025-10-01
2025-10-01 10:30:00,211,316,337,2025-10-01
2025-10-01 10:45:00,202,314,330,2025-10-01
2025-10-01 11:00:00,187,296,314,2025-10-01
2025-10-01 11:15:00,182,287,301,2025-10-01
2025-10-01 11:30:00,180,279,291,2025-10-01
2025-10-01 11:45:00,161,267,282,2025-10-01
2025-10-01 12:00:00,149,272,282,2025-10-01
2025-10-01 12:15:00,132,265,273,2025-10-01
2025-10-01 12:30:00,122,254,264,2025-10-01
2025-10-01 12:45:00,128,270,281,2025-10-01
2025-10-01 13:00:00,128,287,300,2025-10-01
2025-10-01 13:15:00,137,304,319,2025-10-01
2025-10-01 13:30:00,139,310,325,2025-10-01
2025-10-01 13:45:00,137,300,316,2025-10-01
2025-10-01 14:00:00,133,279,296,2025-10-01
2025-10-01 14:15:00,117,257,275,2025-10-01
2025-10-01 14:30:00,108,247,269,2025-10-01
2025-10-01 14:45:00,111,259,280,2025-10-01
2025-10-01 15:00:00,117,280,298,2025-10-01
2025-10-01 15:15:00,120,283,302,2025-10-01
2025-10-01 15:30:00,125,286,303,2025-10-01
2025-10-01 15:45:00,122,279,297,2025-10-01
2025-10-01 16:00:00,127,282,305,2025-10-01
2025-10-01 16:15:00,146,306,329,2025-10-01
2025-10-01 16:30:00,164,336,360,2025-10-01
2025-10-01 16:45:00,202,391,418,2025-10-01
2025-10-01 17:00:00,247,440,473,2025-10-01
2025-10-01 17:15:00,200,353,380,2025-10-01
2025-10-01 17:30:00,234,396,427,2025-10-01
2025-10-01 17:45:00,169,273,296,2025-10-01
2025-10-01 18:00:00,190,298,315,2025-10-01
2025-10-01 18:15:00,190,298,315,2025-10-01
2025-10-01 18:30:00,111,167,174,2025-10-01
2025-10-01 18:45:00,198,301,317,2025-10-01
2025-10-01 19:00:00,87,134,143,2025-10-01
2025-10-01 19:15:00,148,228,241,2025-10-01
2025-10-01 19:30:00,148,228,241,2025-10-01
2025-10-01 19:45:00,104,159,174,2025-10-01
2025-10-01 20:00:00,104,159,174,2025-10-01
2025-10-01 20:15:00,91,135,153,2025-10-01
2025-10-01 20:30:00,135,201,223,2025-10-01
2025-10-01 20:45:00,117,184,195,2025-10-01
2025-10-01 21:00:00,154,242,257,2025-10-01
2025-10-01 21:15:00,136,256,266,2025-10-01
2025-10-01 21:30:00,112,289,297,2025-10-01
2025-10-01 21:45:00,99,301,311,2025-10-01
2025-10-01 22:00:00,66,271,279,2025-10-01
2025-10-01 22:15:00,43,208,216,2025-10-01
2025-10-01 22:30:00,27,120,126,2025-10-01
2025-10-01 22:45:00,17,67,72,2025-10-01
2025-10-01 23:00:00,30,59,62,2025-10-01
2025-10-01 23:15:00,47,63,64,2025-10-01
2025-10-01 23:30:00,43,52,53,2025-10-01
2025-10-02 05:30:00,77,129,135,2025-10-02
2025-10-02 05:45:00,68,115,119,2025-10-02
2025-10-02 06:00:00,96,152,153,2025-10-02
2025-10-02 06:15:00,108,178,182,2025-10-02
2025-10-02 06:30:00,103,188,192,2025-10-02
2025-10-02 06:45:00,138,253,262,2025-10-02
2025-10-02 07:00:00,128,251,267,2025-10-02
2025-10-02 07:15:00,149,270,289,2025-10-02
2025-10-02 07:30:00,180,303,326,2025-10-02
2025-10-02 07:45:00,196,330,355,2025-10-02
2025-10-02 08:00:00,225,361,386,2025-10-02
2025-10-02 08:15:00,247,389,411,2025-10-02
2025-10-02 08:30:00,256,450,473,2025-10-02
2025-10-02 08:45:00,273,507,524,2025-10-02
2025-10-02 09:00:00,262,488,507,2025-10-02
2025-10-02 09:15:00,261,471,489,2025-10-02
2025-10-02 09:30:00,247,388,406,2025-10-02
2025-10-02 09:45:00,222,311,330,2025-10-02
2025-10-02 10:00:00,216,307,320,2025-10-02
2025-10-02 10:15:00,200,294,309,2025-10-02
2025-10-02 10:30:00,187,280,292,2025-10-02
2025-10-02 10:45:00,189,277,292,2025-10-02
2025-10-02 11:00:00,187,275,293,2025-10-02
2025-10-02 11:15:00,168,261,275,2025-10-02
2025-10-02 11:30:00,170,263,282,2025-10-02
2025-10-02 11:45:00,147,231,252,2025-10-02
2025-10-02 12:00:00,128,221,238,2025-10-02
2025-10-02 12:15:00,118,224,243,2025-10-02
2025-10-02 12:30:00,111,238,252,2025-10-02
2025-10-02 12:45:00,117,268,278,2025-10-02
2025-10-02 13:00:00,119,267,278,2025-10-02
2025-10-02 13:15:00,162,377,385,2025-10-02
2025-10-02 13:30:00,183,462,471,2025-10-02
2025-10-02 13:45:00,179,468,482,2025-10-02
2025-10-02 14:00:00,178,487,506,2025-10-02
2025-10-02 14:15:00,139,383,404,2025-10-02
2025-10-02 14:30:00,114,293,314,2025-10-02
2025-10-02 14:45:00,107,271,286,2025-10-02
2025-10-02 15:00:00,115,262,271,2025-10-02
2025-10-02 15:15:00,108,251,260,2025-10-02
2025-10-02 15:30:00,100,249,258,2025-10-02
2025-10-02 15:45:00,117,277,286,2025-10-02
2025-10-02 16:00:00,118,280,292,2025-10-02
2025-10-02 16:15:00,144,307,320,2025-10-02
2025-10-02 16:30:00,175,327,340,2025-10-02
2025-10-02 16:45:00,214,358,376,2025-10-02
2025-10-02 17:00:00,273,427,446,2025-10-02
2025-10-02 17:15:00,224,341,357,2025-10-02
2025-10-02 17:30:00,248,374,393,2025-10-02
2025-10-02 17:45:00,175,264,276,2025-10-02
2025-10-02 18:00:00,174,252,264,2025-10-02
2025-10-02 18:15:00,174,252,264,2025-10-02
2025-10-02 18:30:00,99,135,141,2025-10-02
2025-10-02 18:45:00,204,281,293,2025-10-02
2025-10-02 19:00:00,105,146,152,2025-10-02
2025-10-02 19:15:00,162,239,254,2025-10-02
2025-10-02 19:30:00,162,239,254,2025-10-02
2025-10-02 19:45:00,115,176,189,2025-10-02
2025-10-02 20:00:00,115,176,189,2025-10-02
2025-10-02 20:15:00,126,173,177,2025-10-02
2025-10-02 20:30:00,161,229,233,2025-10-02
2025-10-02 20:45:00,119,183,185,2025-10-02
2025-10-02 21:00:00,126,212,217,2025-10-02
2025-10-02 21:15:00,64,153,159,2025-10-02
2025-10-02 21:30:00,32,124,131,2025-10-02
2025-10-02 21:45:00,20,109,114,2025-10-02
2025-10-02 22:00:00,22,103,106,2025-10-02
2025-10-02 22:15:00,28,92,95,2025-10-02
2025-10-02 22:30:00,32,80,82,2025-10-02
2025-10-02 22:45:00,33,73,75,2025-10-02
2025-10-02 23:00:00,43,77,80,2025-10-02
2025-10-02 23:15:00,55,85,89,2025-10-02
2025-10-02 23:30:00,48,70,74,2025-10-02
2025-10-03 05:30:00,92,128,130,2025-10-03
2025-10-03 05:45:00,79,111,111,2025-10-03
2025-10-03 06:00:00,120,169,172,2025-10-03
2025-10-03 06:15:00,140,214,222,2025-10-03
2025-10-03 06:30:00,147,241,251,2025-10-03
2025-10-03 06:45:00,173,298,311,2025-10-03
2025-10-03 07:00:00,163,296,311,2025-10-03
2025-10-03 07:15:00,176,302,316,2025-10-03
2025-10-03 07:30:00,180,300,316,2025-10-03
2025-10-03 07:45:00,201,330,349,2025-10-03
2025-10-03 08:00:00,207,340,356,2025-10-03
2025-10-03 08:15:00,212,343,361,2025-10-03
2025-10-03 08:30:00,209,328,343,2025-10-03
2025-10-03 08:45:00,220,382,393,2025-10-03
2025-10-03 09:00:00,245,446,455,2025-10-03
2025-10-03 09:15:00,258,449,456,2025-10-03
2025-10-03 09:30:00,270,470,480,2025-10-03
2025-10-03 09:45:00,254,391,405,2025-10-03
2025-10-03 10:00:00,214,296,313,2025-10-03
2025-10-03 10:15:00,198,296,311,2025-10-03
2025-10-03 10:30:00,177,282,298,2025-10-03
2025-10-03 10:45:00,177,292,306,2025-10-03
2025-10-03 11:00:00,179,306,320,2025-10-03
2025-10-03 11:15:00,169,301,316,2025-10-03
2025-10-03 11:30:00,177,309,325,2025-10-03
2025-10-03 11:45:00,163,298,313,2025-10-03
2025-10-03 12:00:00,148,285,298,2025-10-03
2025-10-03 12:15:00,142,272,284,2025-10-03
2025-10-03 12:30:00,132,251,261,2025-10-03
2025-10-03 12:45:00,150,267,277,2025-10-03
2025-10-03 13:00:00,155,283,296,2025-10-03
2025-10-03 13:15:00,154,314,328,2025-10-03
2025-10-03 13:30:00,150,349,366,2025-10-03
2025-10-03 13:45:00,134,362,378,2025-10-03
2025-10-03 14:00:00,131,379,391,2025-10-03
2025-10-03 14:15:00,125,368,382,2025-10-03
2025-10-03 14:30:00,128,362,373,2025-10-03
2025-10-03 14:45:00,119,341,357,2025-10-03
2025-10-03 15:00:00,116,324,342,2025-10-03
2025-10-03 15:15:00,114,319,336,2025-10-03
2025-10-03 15:30:00,109,302,321,2025-10-03
2025-10-03 15:45:00,114,301,319,2025-10-03
2025-10-03 16:00:00,109,288,309,2025-10-03
2025-10-03 16:15:00,114,281,300,2025-10-03
2025-10-03 16:30:00,127,290,305,2025-10-03
2025-10-03 16:45:00,144,298,314,2025-10-03
2025-10-03 17:00:00,202,342,361,2025-10-03
2025-10-03 17:15:00,166,265,282,2025-10-03
2025-10-03 17:30:00,196,289,310,2025-10-03
2025-10-03 17:45:00,153,213,227,2025-10-03
2025-10-03 18:00:00,143,204,217,2025-10-03
2025-10-03 18:15:00,143,204,217,2025-10-03
2025-10-03 18:30:00,74,105,112,2025-10-03
2025-10-03 18:45:00,157,220,234,2025-10-03
2025-10-03 19:00:00,83,115,122,2025-10-03
2025-10-03 19:15:00,141,197,210,2025-10-03
2025-10-03 19:30:00,141,197,210,2025-10-03
2025-10-03 19:45:00,110,151,161,2025-10-03
2025-10-03 20:00:00,110,151,161,2025-10-03
2025-10-03 20:15:00,122,160,166,2025-10-03
2025-10-03 20:30:00,164,221,228,2025-10-03
2025-10-03 20:45:00,133,189,197,2025-10-03
2025-10-03 21:00:00,159,234,244,2025-10-03
2025-10-03 21:15:00,99,174,183,2025-10-03
2025-10-03 21:30:00,64,141,152,2025-10-03
2025-10-03 21:45:00,45,123,130,2025-10-03
2025-10-03 22:00:00,22,95,100,2025-10-03
2025-10-03 22:15:00,17,83,87,2025-10-03
2025-10-03 22:30:00,14,71,73,2025-10-03
2025-10-03 22:45:00,22,75,77,2025-10-03
2025-10-03 23:00:00,36,83,86,2025-10-03
2025-10-03 23:15:00,60,95,102,2025-10-03
2025-10-03 23:30:00,56,79,85,2025-10-03
2025-10-04 05:30:00,16,28,31,2025-10-04
2025-10-04 05:45:00,14,25,26,2025-10-04
2025-10-04 06:00:00,29,40,42,2025-10-04
2025-10-04 06:15:00,37,53,55,2025-10-04
2025-10-04 06:30:00,43,72,75,2025-10-04
2025-10-04 06:45:00,55,105,108,2025-10-04
2025-10-04 07:00:00,51,117,120,2025-10-04
2025-10-04 07:15:00,56,125,131,2025-10-04
2025-10-04 07:30:00,66,134,140,2025-10-04
2025-10-04 07:45:00,68,139,145,2025-10-04
2025-10-04 08:00:00,72,150,156,2025-10-04
2025-10-04 08:15:00,77,173,178,2025-10-04
2025-10-04 08:30:00,72,184,189,2025-10-04
2025-10-04 08:45:00,77,192,198,2025-10-04
2025-10-04 09:00:00,80,200,207,2025-10-04
2025-10-04 09:15:00,92,215,223,2025-10-04
2025-10-04 09:30:00,89,201,210,2025-10-04
2025-10-04 09:45:00,84,190,201,2025-10-04
2025-10-04 10:00:00,81,186,196,2025-10-04
2025-10-04 10:15:00,69,171,180,2025-10-04
2025-10-04 10:30:00,72,182,190,2025-10-04
2025-10-04 10:45:00,79,194,200,2025-10-04
2025-10-04 11:00:00,85,192,198,2025-10-04
2025-10-04 11:15:00,87,190,194,2025-10-04
2025-10-04 11:30:00,85,188,191,2025-10-04
2025-10-04 11:45:00,77,192,197,2025-10-04
2025-10-04 12:00:00,70,203,209,2025-10-04
2025-10-04 12:15:00,57,198,207,2025-10-04
2025-10-04 12:30:00,56,207,220,2025-10-04
2025-10-04 12:45:00,57,200,214,2025-10-04
2025-10-04 13:00:00,50,186,200,2025-10-04
2025-10-04 13:15:00,65,209,226,2025-10-04
2025-10-04 13:30:00,66,207,225,2025-10-04
2025-10-04 13:45:00,65,207,222,2025-10-04
2025-10-04 14:00:00,68,211,226,2025-10-04
2025-10-04 14:15:00,61,204,217,2025-10-04
2025-10-04 14:30:00,73,218,226,2025-10-04
2025-10-04 14:45:00,82,228,237,2025-10-04
2025-10-04 15:00:00,84,224,234,2025-10-04
2025-10-04 15:15:00,91,270,280,2025-10-04
2025-10-04 15:30:00,93,311,322,2025-10-04
2025-10-04 15:45:00,81,285,299,2025-10-04
2025-10-04 16:00:00,78,273,285,2025-10-04
2025-10-04 16:15:00,69,204,215,2025-10-04
2025-10-04 16:30:00,64,139,151,2025-10-04
2025-10-04 16:45:00,105,245,255,2025-10-04
2025-10-04 17:00:00,173,433,450,2025-10-04
2025-10-04 17:15:00,156,395,409,2025-10-04
2025-10-04 17:30:00,134,357,368,2025-10-04
2025-10-04 17:45:00,147,358,376,2025-10-04
2025-10-04 18:00:00,113,195,209,2025-10-04
2025-10-04 18:15:00,113,195,209,2025-10-04
2025-10-04 18:30:00,113,195,209,2025-10-04
2025-10-04 18:45:00,99,122,131,2025-10-04
2025-10-04 19:00:00,50,62,67,2025-10-04
2025-10-04 19:15:00,50,62,67,2025-10-04
2025-10-04 19:30:00,87,120,127,2025-10-04
2025-10-04 19:45:00,37,58,60,2025-10-04
2025-10-04 20:00:00,68,106,111,2025-10-04
2025-10-04 20:15:00,68,106,111,2025-10-04
2025-10-04 20:30:00,47,71,76,2025-10-04
2025-10-04 20:45:00,54,84,90,2025-10-04
2025-10-04 21:00:00,30,50,55,2025-10-04
2025-10-04 21:15:00,37,62,68,2025-10-04
2025-10-04 21:30:00,27,48,53,2025-10-04
2025-10-04 21:45:00,22,46,52,2025-10-04
2025-10-04 22:00:00,21,51,56,2025-10-04
2025-10-04 22:15:00,23,55,61,2025-10-04
2025-10-04 22:30:00,24,80,87,2025-10-04
2025-10-04 22:45:00,34,111,116,2025-10-04
2025-10-04 23:00:00,39,108,113,2025-10-04
2025-10-04 23:15:00,50,112,117,2025-10-04
2025-10-04 23:30:00,43,78,81,2025-10-04
2025-10-05 05:30:00,30,42,42,2025-10-05
2025-10-05 05:45:00,28,39,39,2025-10-05
2025-10-05 06:00:00,29,44,44,2025-10-05
2025-10-05 06:15:00,30,50,50,2025-10-05
2025-10-05 06:30:00,27,55,56,2025-10-05
2025-10-05 06:45:00,33,73,74,2025-10-05
2025-10-05 07:00:00,40,91,92,2025-10-05
2025-10-05 07:15:00,49,114,116,2025-10-05
2025-10-05 07:30:00,64,137,138,2025-10-05
2025-10-05 07:45:00,75,163,169,2025-10-05
2025-10-05 08:00:00,92,197,208,2025-10-05
2025-10-05 08:15:00,96,200,215,2025-10-05
2025-10-05 08:30:00,90,183,200,2025-10-05
2025-10-05 08:45:00,100,189,203,2025-10-05
2025-10-05 09:00:00,92,179,192,2025-10-05
2025-10-05 09:15:00,99,192,202,2025-10-05
2025-10-05 09:30:00,108,225,234,2025-10-05
2025-10-05 09:45:00,99,224,235,2025-10-05
2025-10-05 10:00:00,94,217,228,2025-10-05
2025-10-05 10:15:00,95,225,237,2025-10-05
2025-10-05 10:30:00,83,210,226,2025-10-05
2025-10-05 10:45:00,82,220,236,2025-10-05
2025-10-05 11:00:00,88,239,256,2025-10-05
2025-10-05 11:15:00,76,226,249,2025-10-05
2025-10-05 11:30:00,86,244,268,2025-10-05
2025-10-05 11:45:00,89,244,267,2025-10-05
2025-10-05 12:00:00,89,238,257,2025-10-05
2025-10-05 12:15:00,88,232,248,2025-10-05
2025-10-05 12:30:00,83,210,227,2025-10-05
2025-10-05 12:45:00,92,202,223,2025-10-05
2025-10-05 13:00:00,87,177,199,2025-10-05
2025-10-05 13:15:00,91,173,193,2025-10-05
2025-10-05 13:30:00,98,188,203,2025-10-05
2025-10-05 13:45:00,91,186,199,2025-10-05
2025-10-05 14:00:00,85,186,199,2025-10-05
2025-10-05 14:15:00,80,181,194,2025-10-05
2025-10-05 14:30:00,68,162,175,2025-10-05
2025-10-05 14:45:00,60,150,163,2025-10-05
2025-10-05 15:00:00,57,143,155,2025-10-05
2025-10-05 15:15:00,56,148,157,2025-10-05
2025-10-05 15:30:00,59,151,159,2025-10-05
2025-10-05 15:45:00,59,150,158,2025-10-05
2025-10-05 16:00:00,73,170,178,2025-10-05
2025-10-05 16:15:00,84,176,187,2025-10-05
2025-10-05 16:30:00,87,181,194,2025-10-05
2025-10-05 16:45:00,95,190,200,2025-10-05
2025-10-05 17:00:00,101,184,197,2025-10-05
2025-10-05 17:15:00,74,135,144,2025-10-05
2025-10-05 17:30:00,67,111,118,2025-10-05
2025-10-05 17:45:00,45,66,71,2025-10-05
2025-10-05 18:00:00,41,59,61,2025-10-05
2025-10-05 18:15:00,41,59,61,2025-10-05
2025-10-05 18:30:00,29,39,40,2025-10-05
2025-10-05 18:45:00,68,88,90,2025-10-05
2025-10-05 19:00:00,39,49,50,2025-10-05
2025-10-05 19:15:00,39,49,50,2025-10-05
2025-10-05 19:30:00,67,91,92,2025-10-05
2025-10-05 19:45:00,28,42,42,2025-10-05
2025-10-05 20:00:00,52,81,85,2025-10-05
2025-10-05 20:15:00,72,120,124,2025-10-05
2025-10-05 20:30:00,52,101,107,2025-10-05
2025-10-05 20:45:00,56,114,121,2025-10-05
2025-10-05 21:00:00,39,94,97,2025-10-05
2025-10-05 21:15:00,28,74,77,2025-10-05
2025-10-05 21:30:00,23,63,65,2025-10-05
2025-10-05 21:45:00,20,64,66,2025-10-05
2025-10-05 22:00:00,16,58,60,2025-10-05
2025-10-05 22:15:00,8,44,46,2025-10-05
2025-10-05 22:30:00,9,39,40,2025-10-05
2025-10-05 22:45:00,11,30,30,2025-10-05
2025-10-05 23:00:00,23,35,35,2025-10-05
2025-10-05 23:15:00,35,44,45,2025-10-05
2025-10-05 23:30:00,31,37,38,2025-10-05
2025-10-06 05:30:00,76,127,130,2025-10-06
2025-10-06 05:45:00,66,113,115,2025-10-06
2025-10-06 06:00:00,90,173,175,2025-10-06
2025-10-06 06:15:00,103,219,228,2025-10-06
2025-10-06 06:30:00,114,235,245,2025-10-06
2025-10-06 06:45:00,143,289,303,2025-10-06
2025-10-06 07:00:00,143,274,295,2025-10-06
2025-10-06 07:15:00,157,276,291,2025-10-06
2025-10-06 07:30:00,163,282,301,2025-10-06
2025-10-06 07:45:00,176,310,329,2025-10-06
2025-10-06 08:00:00,184,329,348,2025-10-06
2025-10-06 08:15:00,205,347,364,2025-10-06
2025-10-06 08:30:00,209,351,369,2025-10-06
2025-10-06 08:45:00,209,335,352,2025-10-06
2025-10-06 09:00:00,219,322,334,2025-10-06
2025-10-06 09:15:00,203,298,313,2025-10-06
2025-10-06 09:30:00,210,333,343,2025-10-06
2025-10-06 09:45:00,214,370,381,2025-10-06
2025-10-06 10:00:00,209,419,428,2025-10-06
2025-10-06 10:15:00,222,482,491,2025-10-06
2025-10-06 10:30:00,209,432,445,2025-10-06
2025-10-06 10:45:00,205,395,407,2025-10-06
2025-10-06 11:00:00,183,316,331,2025-10-06
2025-10-06 11:15:00,174,301,315,2025-10-06
2025-10-06 11:30:00,185,358,367,2025-10-06
2025-10-06 11:45:00,168,332,341,2025-10-06
2025-10-06 12:00:00,152,321,330,2025-10-06
2025-10-06 12:15:00,134,270,279,2025-10-06
2025-10-06 12:30:00,116,219,229,2025-10-06
2025-10-06 12:45:00,122,235,246,2025-10-06
2025-10-06 13:00:00,129,253,261,2025-10-06
2025-10-06 13:15:00,137,271,279,2025-10-06
2025-10-06 13:30:00,130,281,290,2025-10-06
2025-10-06 13:45:00,116,292,301,2025-10-06
2025-10-06 14:00:00,103,284,294,2025-10-06
2025-10-06 14:15:00,81,254,263,2025-10-06
2025-10-06 14:30:00,64,226,236,2025-10-06
2025-10-06 14:45:00,76,222,234,2025-10-06
2025-10-06 15:00:00,84,232,244,2025-10-06
2025-10-06 15:15:00,90,249,266,2025-10-06
2025-10-06 15:30:00,108,268,286,2025-10-06
2025-10-06 15:45:00,109,270,283,2025-10-06
2025-10-06 16:00:00,125,284,298,2025-10-06
2025-10-06 16:15:00,141,300,318,2025-10-06
2025-10-06 16:30:00,150,305,324,2025-10-06
2025-10-06 16:45:00,169,323,346,2025-10-06
2025-10-06 17:00:00,222,392,415,2025-10-06
2025-10-06 17:15:00,181,305,318,2025-10-06
2025-10-06 17:30:00,218,354,368,2025-10-06
2025-10-06 17:45:00,169,271,280,2025-10-06
2025-10-06 18:00:00,162,240,254,2025-10-06
2025-10-06 18:15:00,162,240,254,2025-10-06
2025-10-06 18:30:00,88,118,126,2025-10-06
2025-10-06 18:45:00,135,183,199,2025-10-06
2025-10-06 19:00:00,47,65,73,2025-10-06
2025-10-06 19:15:00,70,95,104,2025-10-06
2025-10-06 19:30:00,70,95,104,2025-10-06
2025-10-06 19:45:00,49,60,62,2025-10-06
2025-10-06 20:00:00,49,60,62,2025-10-06
2025-10-06 20:15:00,84,131,134,2025-10-06
2025-10-06 20:30:00,131,222,226,2025-10-06
2025-10-06 20:45:00,127,218,221,2025-10-06
2025-10-06 21:00:00,141,236,239,2025-10-06
2025-10-06 21:15:00,88,167,169,2025-10-06
2025-10-06 21:30:00,43,123,124,2025-10-06
2025-10-06 21:45:00,26,121,123,2025-10-06
2025-10-06 22:00:00,17,132,135,2025-10-06
2025-10-06 22:15:00,15,128,130,2025-10-06
2025-10-06 22:30:00,14,86,88,2025-10-06
2025-10-06 22:45:00,14,72,73,2025-10-06
2025-10-06 23:00:00,24,63,63,2025-10-06
2025-10-06 23:15:00,42,59,61,2025-10-06
2025-10-06 23:30:00,41,54,56,2025-10-06
2025-10-07 05:30:00,101,167,176,2025-10-07
2025-10-07 05:45:00,90,146,149,2025-10-07
2025-10-07 06:00:00,132,235,239,2025-10-07
2025-10-07 06:15:00,156,308,315,2025-10-07
2025-10-07 06:30:00,152,317,325,2025-10-07
2025-10-07 06:45:00,181,380,390,2025-10-07
2025-10-07 07:00:00,156,337,354,2025-10-07
2025-10-07 07:15:00,164,344,365,2025-10-07
2025-10-07 07:30:00,172,372,393,2025-10-07
2025-10-07 07:45:00,178,392,416,2025-10-07
2025-10-07 08:00:00,187,402,422,2025-10-07
2025-10-07 08:15:00,204,394,412,2025-10-07
2025-10-07 08:30:00,203,364,387,2025-10-07
2025-10-07 08:45:00,212,349,372,2025-10-07
2025-10-07 09:00:00,221,329,350,2025-10-07
2025-10-07 09:15:00,218,343,365,2025-10-07
2025-10-07 09:30:00,239,398,418,2025-10-07
2025-10-07 09:45:00,245,399,417,2025-10-07
2025-10-07 10:00:00,238,397,415,2025-10-07
2025-10-07 10:15:00,227,359,373,2025-10-07
2025-10-07 10:30:00,200,297,307,2025-10-07
2025-10-07 10:45:00,197,307,318,2025-10-07
2025-10-07 11:00:00,199,370,383,2025-10-07
2025-10-07 11:15:00,197,417,432,2025-10-07
2025-10-07 11:30:00,212,428,449,2025-10-07
2025-10-07 11:45:00,187,394,416,2025-10-07
2025-10-07 12:00:00,156,311,331,2025-10-07
2025-10-07 12:15:00,138,241,258,2025-10-07
2025-10-07 12:30:00,122,223,232,2025-10-07
2025-10-07 12:45:00,127,232,242,2025-10-07
2025-10-07 13:00:00,128,239,248,2025-10-07
2025-10-07 13:15:00,119,249,261,2025-10-07
2025-10-07 13:30:00,101,251,264,2025-10-07
2025-10-07 13:45:00,105,264,277,2025-10-07
2025-10-07 14:00:00,117,271,284,2025-10-07
2025-10-07 14:15:00,130,268,283,2025-10-07
2025-10-07 14:30:00,146,274,291,2025-10-07
2025-10-07 14:45:00,146,267,286,2025-10-07
2025-10-07 15:00:00,154,339,364,2025-10-07
2025-10-07 15:15:00,162,415,438,2025-10-07
2025-10-07 15:30:00,153,408,431,2025-10-07
2025-10-07 15:45:00,151,419,443,2025-10-07
2025-10-07 16:00:00,142,362,382,2025-10-07
2025-10-07 16:15:00,132,297,321,2025-10-07
2025-10-07 16:30:00,143,310,336,2025-10-07
2025-10-07 16:45:00,162,333,362,2025-10-07
2025-10-07 17:00:00,228,402,433,2025-10-07
2025-10-07 17:15:00,189,321,344,2025-10-07
2025-10-07 17:30:00,233,385,411,2025-10-07
2025-10-07 17:45:00,185,291,305,2025-10-07
2025-10-07 18:00:00,164,254,270,2025-10-07
2025-10-07 18:15:00,164,254,270,2025-10-07
2025-10-07 18:30:00,86,123,131,2025-10-07
2025-10-07 18:45:00,207,263,276,2025-10-07
2025-10-07 19:00:00,121,140,145,2025-10-07
2025-10-07 19:15:00,186,229,241,2025-10-07
2025-10-07 19:30:00,186,229,241,2025-10-07
2025-10-07 19:45:00,119,167,180,2025-10-07
2025-10-07 20:00:00,119,167,180,2025-10-07
2025-10-07 20:15:00,122,170,178,2025-10-07
2025-10-07 20:30:00,170,241,252,2025-10-07
2025-10-07 20:45:00,144,208,216,2025-10-07
2025-10-07 21:00:00,170,306,314,2025-10-07
2025-10-07 21:15:00,119,306,313,2025-10-07
2025-10-07 21:30:00,78,302,308,2025-10-07
2025-10-07 21:45:00,53,317,320,2025-10-07
2025-10-07 22:00:00,28,233,237,2025-10-07
2025-10-07 22:15:00,13,160,165,2025-10-07
2025-10-07 22:30:00,11,115,118,2025-10-07
2025-10-07 22:45:00,16,73,76,2025-10-07
2025-10-07 23:00:00,30,83,87,2025-10-07
2025-10-07 23:15:00,53,94,100,2025-10-07
2025-10-07 23:30:00,48,72,78,2025-10-07
2025-10-08 05:30:00,43,103,106,2025-10-08
2025-10-08 05:45:00,39,92,92,2025-10-08
2025-10-08 06:00:00,88,159,163,2025-10-08
2025-10-08 06:15:00,114,209,219,2025-10-08
2025-10-08 06:30:00,115,234,248,2025-10-08
2025-10-08 06:45:00,141,307,327,2025-10-08
2025-10-08 07:00:00,136,315,339,2025-10-08
2025-10-08 07:15:00,154,327,345,2025-10-08
2025-10-08 07:30:00,175,332,348,2025-10-08
2025-10-08 07:45:00,199,346,360,2025-10-08
2025-10-08 08:00:00,192,333,344,2025-10-08
2025-10-08 08:15:00,207,351,368,2025-10-08
2025-10-08 08:30:00,214,356,373,2025-10-08
2025-10-08 08:45:00,210,341,358,2025-10-08
2025-10-08 09:00:00,234,349,364,2025-10-08
2025-10-08 09:15:00,240,394,406,2025-10-08
2025-10-08 09:30:00,248,454,466,2025-10-08
2025-10-08 09:45:00,246,447,458,2025-10-08
2025-10-08 10:00:00,244,442,451,2025-10-08
2025-10-08 10:15:00,228,368,378,2025-10-08
2025-10-08 10:30:00,216,295,304,2025-10-08
2025-10-08 10:45:00,220,297,305,2025-10-08
2025-10-08 11:00:00,215,298,308,2025-10-08
2025-10-08 11:15:00,199,291,303,2025-10-08
2025-10-08 11:30:00,185,289,309,2025-10-08
2025-10-08 11:45:00,159,269,290,2025-10-08
2025-10-08 12:00:00,124,225,247,2025-10-08
2025-10-08 12:15:00,117,238,255,2025-10-08
2025-10-08 12:30:00,108,241,249,2025-10-08
2025-10-08 12:45:00,109,240,246,2025-10-08
2025-10-08 13:00:00,119,279,284,2025-10-08
2025-10-08 13:15:00,132,361,368,2025-10-08
2025-10-08 13:30:00,146,438,445,2025-10-08
2025-10-08 13:45:00,154,453,463,2025-10-08
2025-10-08 14:00:00,147,430,439,2025-10-08
2025-10-08 14:15:00,125,320,329,2025-10-08
2025-10-08 14:30:00,95,199,213,2025-10-08
2025-10-08 14:45:00,83,167,179,2025-10-08
2025-10-08 15:00:00,78,145,156,2025-10-08
2025-10-08 15:15:00,79,131,142,2025-10-08
2025-10-08 15:30:00,84,139,147,2025-10-08
2025-10-08 15:45:00,92,161,169,2025-10-08
2025-10-08 16:00:00,97,178,186,2025-10-08
2025-10-08 16:15:00,101,187,195,2025-10-08
2025-10-08 16:30:00,112,204,212,2025-10-08
2025-10-08 16:45:00,112,204,214,2025-10-08
2025-10-08 17:00:00,127,211,222,2025-10-08
2025-10-08 17:15:00,99,164,172,2025-10-08
2025-10-08 17:30:00,111,167,176,2025-10-08
2025-10-08 17:45:00,84,116,121,2025-10-08
2025-10-08 18:00:00,94,121,128,2025-10-08
2025-10-08 18:15:00,94,121,128,2025-10-08
2025-10-08 18:30:00,53,64,68,2025-10-08
2025-10-08 18:45:00,129,154,160,2025-10-08
2025-10-08 19:00:00,76,90,92,2025-10-08
2025-10-08 19:15:00,128,157,162,2025-10-08
2025-10-08 19:30:00,128,157,162,2025-10-08
2025-10-08 19:45:00,52,67,70,2025-10-08
2025-10-08 20:00:00,91,117,121,2025-10-08
2025-10-08 20:15:00,81,102,104,2025-10-08
2025-10-08 20:30:00,97,130,132,2025-10-08
2025-10-08 20:45:00,104,146,149,2025-10-08
2025-10-08 21:00:00,69,105,107,2025-10-08
2025-10-08 21:15:00,29,62,65,2025-10-08
2025-10-08 21:30:00,15,43,46,2025-10-08
2025-10-08 21:45:00,13,40,42,2025-10-08
2025-10-08 22:00:00,9,36,38,2025-10-08
2025-10-08 22:15:00,8,30,31,2025-10-08
2025-10-08 22:30:00,10,32,34,2025-10-08
2025-10-08 22:45:00,14,39,41,2025-10-08
2025-10-08 23:00:00,16,43,46,2025-10-08
2025-10-08 23:15:00,21,48,51,2025-10-08
2025-10-08 23:30:00,17,37,39,2025-10-08
2025-10-09 05:30:00,92,141,145,2025-10-09
2025-10-09 05:45:00,78,121,123,2025-10-09
2025-10-09 06:00:00,103,159,164,2025-10-09
2025-10-09 06:15:00,119,199,206,2025-10-09
2025-10-09 06:30:00,83,147,152,2025-10-09
2025-10-09 06:45:00,139,290,300,2025-10-09
2025-10-09 07:00:00,132,301,311,2025-10-09
2025-10-09 07:15:00,135,308,319,2025-10-09
2025-10-09 07:30:00,180,394,407,2025-10-09
2025-10-09 07:45:00,223,379,390,2025-10-09
2025-10-09 08:00:00,183,295,303,2025-10-09
2025-10-09 08:15:00,144,214,219,2025-10-09
2025-10-09 08:30:00,166,248,259,2025-10-09
2025-10-09 08:45:00,141,219,235,2025-10-09
2025-10-09 09:00:00,197,302,322,2025-10-09
2025-10-09 09:15:00,257,388,414,2025-10-09
2025-10-09 09:30:00,253,353,373,2025-10-09
2025-10-09 09:45:00,259,448,462,2025-10-09
2025-10-09 10:00:00,287,562,580,2025-10-09
2025-10-09 10:15:00,281,548,565,2025-10-09
2025-10-09 10:30:00,254,519,536,2025-10-09
2025-10-09 10:45:00,214,391,410,2025-10-09
2025-10-09 11:00:00,187,275,286,2025-10-09
2025-10-09 11:15:00,171,267,277,2025-10-09
2025-10-09 11:30:00,175,276,288,2025-10-09
2025-10-09 11:45:00,173,269,279,2025-10-09
2025-10-09 12:00:00,158,257,271,2025-10-09
2025-10-09 12:15:00,163,266,278,2025-10-09
2025-10-09 12:30:00,152,259,268,2025-10-09
2025-10-09 12:45:00,155,271,284,2025-10-09
2025-10-09 13:00:00,158,282,293,2025-10-09
2025-10-09 13:15:00,163,297,311,2025-10-09
2025-10-09 13:30:00,164,314,333,2025-10-09
2025-10-09 13:45:00,156,311,327,2025-10-09
2025-10-09 14:00:00,145,291,309,2025-10-09
2025-10-09 14:15:00,131,269,286,2025-10-09
2025-10-09 14:30:00,119,242,254,2025-10-09
2025-10-09 14:45:00,106,229,242,2025-10-09
2025-10-09 15:00:00,99,235,249,2025-10-09
2025-10-09 15:15:00,102,238,251,2025-10-09
2025-10-09 15:30:00,97,232,248,2025-10-09
2025-10-09 15:45:00,97,222,241,2025-10-09
2025-10-09 16:00:00,92,209,225,2025-10-09
2025-10-09 16:15:00,95,224,239,2025-10-09
2025-10-09 16:30:00,117,263,281,2025-10-09
2025-10-09 16:45:00,150,312,326,2025-10-09
2025-10-09 17:00:00,227,398,415,2025-10-09
2025-10-09 17:15:00,187,314,329,2025-10-09
2025-10-09 17:30:00,203,329,348,2025-10-09
2025-10-09 17:45:00,150,235,251,2025-10-09
2025-10-09 18:00:00,157,244,259,2025-10-09
2025-10-09 18:15:00,157,244,259,2025-10-09
2025-10-09 18:30:00,106,148,152,2025-10-09
2025-10-09 18:45:00,220,292,303,2025-10-09
2025-10-09 19:00:00,114,144,151,2025-10-09
2025-10-09 19:15:00,191,247,259,2025-10-09
2025-10-09 19:30:00,191,247,259,2025-10-09
2025-10-09 19:45:00,77,103,108,2025-10-09
2025-10-09 20:00:00,112,164,177,2025-10-09
2025-10-09 20:15:00,82,125,135,2025-10-09
2025-10-09 20:30:00,118,178,190,2025-10-09
2025-10-09 20:45:00,136,220,233,2025-10-09
2025-10-09 21:00:00,121,238,247,2025-10-09
2025-10-09 21:15:00,89,239,247,2025-10-09
2025-10-09 21:30:00,56,197,205,2025-10-09
2025-10-09 21:45:00,41,166,174,2025-10-09
2025-10-09 22:00:00,23,98,103,2025-10-09
2025-10-09 22:15:00,14,48,52,2025-10-09
2025-10-09 22:30:00,21,52,55,2025-10-09
2025-10-09 22:45:00,32,61,64,2025-10-09
2025-10-09 23:00:00,65,90,98,2025-10-09
2025-10-09 23:15:00,84,101,112,2025-10-09
2025-10-09 23:30:00,74,86,96,2025-10-09
2025-10-10 05:30:00,67,122,126,2025-10-10
2025-10-10 05:45:00,59,106,108,2025-10-10
2025-10-10 06:00:00,83,152,156,2025-10-10
2025-10-10 06:15:00,98,190,195,2025-10-10
2025-10-10 06:30:00,110,209,216,2025-10-10
2025-10-10 06:45:00,142,270,280,2025-10-10
2025-10-10 07:00:00,150,281,295,2025-10-10
2025-10-10 07:15:00,166,297,312,2025-10-10
2025-10-10 07:30:00,231,462,476,2025-10-10
2025-10-10 07:45:00,311,646,663,2025-10-10
2025-10-10 08:00:00,342,673,697,2025-10-10
2025-10-10 08:15:00,355,672,698,2025-10-10
2025-10-10 08:30:00,292,491,521,2025-10-10
2025-10-10 08:45:00,221,309,336,2025-10-10
2025-10-10 09:00:00,199,276,291,2025-10-10
2025-10-10 09:15:00,184,261,274,2025-10-10
2025-10-10 09:30:00,188,276,287,2025-10-10
2025-10-10 09:45:00,179,270,286,2025-10-10
2025-10-10 10:00:00,165,258,278,2025-10-10
2025-10-10 10:15:00,176,273,293,2025-10-10
2025-10-10 10:30:00,170,267,287,2025-10-10
2025-10-10 10:45:00,169,261,279,2025-10-10
2025-10-10 11:00:00,169,259,274,2025-10-10
2025-10-10 11:15:00,154,247,262,2025-10-10
2025-10-10 11:30:00,139,244,262,2025-10-10
2025-10-10 11:45:00,130,243,255,2025-10-10
2025-10-10 12:00:00,115,229,241,2025-10-10
2025-10-10 12:15:00,97,205,219,2025-10-10
2025-10-10 12:30:00,99,200,209,2025-10-10
2025-10-10 12:45:00,108,208,218,2025-10-10
2025-10-10 13:00:00,122,223,234,2025-10-10
2025-10-10 13:15:00,131,239,248,2025-10-10
2025-10-10 13:30:00,116,230,237,2025-10-10
2025-10-10 13:45:00,104,224,234,2025-10-10
2025-10-10 14:00:00,93,228,237,2025-10-10
2025-10-10 14:15:00,94,241,254,2025-10-10
2025-10-10 14:30:00,100,242,258,2025-10-10
2025-10-10 14:45:00,124,350,365,2025-10-10
2025-10-10 15:00:00,138,447,462,2025-10-10
2025-10-10 15:15:00,137,447,460,2025-10-10
2025-10-10 15:30:00,141,465,477,2025-10-10
2025-10-10 15:45:00,129,375,388,2025-10-10
2025-10-10 16:00:00,144,364,377,2025-10-10
2025-10-10 16:15:00,173,440,454,2025-10-10
2025-10-10 16:30:00,184,434,450,2025-10-10
2025-10-10 16:45:00,195,430,446,2025-10-10
2025-10-10 17:00:00,222,384,402,2025-10-10
2025-10-10 17:15:00,162,235,248,2025-10-10
2025-10-10 17:30:00,146,213,226,2025-10-10
2025-10-10 17:45:00,104,147,156,2025-10-10
2025-10-10 18:00:00,79,112,123,2025-10-10
2025-10-10 18:15:00,79,112,123,2025-10-10
2025-10-10 18:30:00,59,73,80,2025-10-10
2025-10-10 18:45:00,121,152,166,2025-10-10
2025-10-10 19:00:00,62,79,86,2025-10-10
2025-10-10 19:15:00,114,160,169,2025-10-10
2025-10-10 19:30:00,114,160,169,2025-10-10
2025-10-10 19:45:00,94,151,155,2025-10-10
2025-10-10 20:00:00,94,151,155,2025-10-10
2025-10-10 20:15:00,97,144,146,2025-10-10
2025-10-10 20:30:00,137,199,202,2025-10-10
2025-10-10 20:45:00,114,165,167,2025-10-10
2025-10-10 21:00:00,128,199,203,2025-10-10
2025-10-10 21:15:00,82,152,157,2025-10-10
2025-10-10 21:30:00,46,120,125,2025-10-10
2025-10-10 21:45:00,29,101,106,2025-10-10
2025-10-10 22:00:00,19,83,87,2025-10-10
2025-10-10 22:15:00,19,73,77,2025-10-10
2025-10-10 22:30:00,22,61,65,2025-10-10
2025-10-10 22:45:00,38,66,72,2025-10-10
2025-10-10 23:00:00,65,86,93,2025-10-10
2025-10-10 23:15:00,77,92,98,2025-10-10
2025-10-10 23:30:00,70,81,86,2025-10-10
2025-10-11 05:30:00,10,18,19,2025-10-11
2025-10-11 05:45:00,7,14,15,2025-10-11
2025-10-11 06:00:00,14,56,56,2025-10-11
2025-10-11 06:15:00,21,97,99,2025-10-11
2025-10-11 06:30:00,21,104,110,2025-10-11
2025-10-11 06:45:00,26,123,131,2025-10-11
2025-10-11 07:00:00,40,120,128,2025-10-11
2025-10-11 07:15:00,57,156,164,2025-10-11
2025-10-11 07:30:00,68,199,204,2025-10-11
2025-10-11 07:45:00,74,208,212,2025-10-11
2025-10-11 08:00:00,77,260,269,2025-10-11
2025-10-11 08:15:00,77,272,281,2025-10-11
2025-10-11 08:30:00,73,243,251,2025-10-11
2025-10-11 08:45:00,87,261,270,2025-10-11
2025-10-11 09:00:00,90,222,228,2025-10-11
2025-10-11 09:15:00,94,189,197,2025-10-11
2025-10-11 09:30:00,102,201,211,2025-10-11
2025-10-11 09:45:00,88,179,189,2025-10-11
2025-10-11 10:00:00,85,171,181,2025-10-11
2025-10-11 10:15:00,101,280,288,2025-10-11
2025-10-11 10:30:00,120,392,402,2025-10-11
2025-10-11 10:45:00,130,410,424,2025-10-11
2025-10-11 11:00:00,144,479,493,2025-10-11
2025-10-11 11:15:00,129,425,441,2025-10-11
2025-10-11 11:30:00,104,310,326,2025-10-11
2025-10-11 11:45:00,98,306,319,2025-10-11
2025-10-11 12:00:00,77,241,252,2025-10-11
2025-10-11 12:15:00,66,184,192,2025-10-11
2025-10-11 12:30:00,64,191,198,2025-10-11
2025-10-11 12:45:00,67,195,205,2025-10-11
2025-10-11 13:00:00,65,190,202,2025-10-11
2025-10-11 13:15:00,68,199,211,2025-10-11
2025-10-11 13:30:00,74,216,230,2025-10-11
2025-10-11 13:45:00,69,223,237,2025-10-11
2025-10-11 14:00:00,70,223,235,2025-10-11
2025-10-11 14:15:00,74,207,222,2025-10-11
2025-10-11 14:30:00,100,318,332,2025-10-11
2025-10-11 14:45:00,137,451,462,2025-10-11
2025-10-11 15:00:00,161,569,584,2025-10-11
2025-10-11 15:15:00,171,681,695,2025-10-11
2025-10-11 15:30:00,139,557,572,2025-10-11
2025-10-11 15:45:00,99,421,437,2025-10-11
2025-10-11 16:00:00,95,353,369,2025-10-11
2025-10-11 16:15:00,98,292,305,2025-10-11
2025-10-11 16:30:00,104,290,302,2025-10-11
2025-10-11 16:45:00,115,301,316,2025-10-11
2025-10-11 17:00:00,133,292,307,2025-10-11
2025-10-11 17:15:00,93,191,206,2025-10-11
2025-10-11 17:30:00,107,199,216,2025-10-11
2025-10-11 17:45:00,86,142,152,2025-10-11
2025-10-11 18:00:00,79,122,132,2025-10-11
2025-10-11 18:15:00,79,122,132,2025-10-11
2025-10-11 18:30:00,47,66,70,2025-10-11
2025-10-11 18:45:00,88,128,140,2025-10-11
2025-10-11 19:00:00,41,62,70,2025-10-11
2025-10-11 19:15:00,41,62,70,2025-10-11
2025-10-11 19:30:00,71,109,119,2025-10-11
2025-10-11 19:45:00,30,47,49,2025-10-11
2025-10-11 20:00:00,56,85,93,2025-10-11
2025-10-11 20:15:00,56,85,93,2025-10-11
2025-10-11 20:30:00,45,67,76,2025-10-11
2025-10-11 20:45:00,51,82,93,2025-10-11
2025-10-11 21:00:00,34,68,78,2025-10-11
2025-10-11 21:15:00,39,96,106,2025-10-11
2025-10-11 21:30:00,24,93,101,2025-10-11
2025-10-11 21:45:00,20,91,99,2025-10-11
2025-10-11 22:00:00,19,81,84,2025-10-11
2025-10-11 22:15:00,19,65,69,2025-10-11
2025-10-11 22:30:00,17,49,52,2025-10-11
2025-10-11 22:45:00,17,44,47,2025-10-11
2025-10-11 23:00:00,23,50,53,2025-10-11
2025-10-11 23:15:00,36,60,65,2025-10-11
2025-10-11 23:30:00,34,50,55,2025-10-11
2025-10-12 05:30:00,17,44,47,2025-10-12
2025-10-12 05:45:00,14,37,37,2025-10-12
2025-10-12 06:00:00,24,44,44,2025-10-12
2025-10-12 06:15:00,27,45,45,2025-10-12
2025-10-12 06:30:00,33,50,50,2025-10-12
2025-10-12 06:45:00,43,69,70,2025-10-12
2025-10-12 07:00:00,52,83,86,2025-10-12
2025-10-12 07:15:00,60,96,101,2025-10-12
2025-10-12 07:30:00,63,109,116,2025-10-12
2025-10-12 07:45:00,66,119,129,2025-10-12
2025-10-12 08:00:00,68,128,139,2025-10-12
2025-10-12 08:15:00,73,137,149,2025-10-12
2025-10-12 08:30:00,76,141,153,2025-10-12
2025-10-12 08:45:00,87,156,166,2025-10-12
2025-10-12 09:00:00,92,169,178,2025-10-12
2025-10-12 09:15:00,95,189,197,2025-10-12
2025-10-12 09:30:00,86,195,209,2025-10-12
2025-10-12 09:45:00,77,198,212,2025-10-12
2025-10-12 10:00:00,77,200,214,2025-10-12
2025-10-12 10:15:00,78,190,206,2025-10-12
2025-10-12 10:30:00,86,207,222,2025-10-12
2025-10-12 10:45:00,88,217,233,2025-10-12
2025-10-12 11:00:00,78,206,224,2025-10-12
2025-10-12 11:15:00,83,209,226,2025-10-12
2025-10-12 11:30:00,88,200,217,2025-10-12
2025-10-12 11:45:00,83,186,203,2025-10-12
2025-10-12 12:00:00,81,192,210,2025-10-12
2025-10-12 12:15:00,79,207,227,2025-10-12
2025-10-12 12:30:00,91,226,244,2025-10-12
2025-10-12 12:45:00,98,224,245,2025-10-12
2025-10-12 13:00:00,105,226,249,2025-10-12
2025-10-12 13:15:00,102,220,243,2025-10-12
2025-10-12 13:30:00,97,208,232,2025-10-12
2025-10-12 13:45:00,111,234,253,2025-10-12
2025-10-12 14:00:00,106,234,254,2025-10-12
2025-10-12 14:15:00,94,214,230,2025-10-12
2025-10-12 14:30:00,75,193,207,2025-10-12
2025-10-12 14:45:00,57,161,181,2025-10-12
2025-10-12 15:00:00,51,141,155,2025-10-12
2025-10-12 15:15:00,58,148,162,2025-10-12
2025-10-12 15:30:00,65,161,171,2025-10-12
2025-10-12 15:45:00,68,173,181,2025-10-12
2025-10-12 16:00:00,73,184,195,2025-10-12
2025-10-12 16:15:00,77,193,207,2025-10-12
2025-10-12 16:30:00,86,201,219,2025-10-12
2025-10-12 16:45:00,101,253,270,2025-10-12
2025-10-12 17:00:00,156,347,361,2025-10-12
2025-10-12 17:15:00,132,292,302,2025-10-12
2025-10-12 17:30:00,148,305,318,2025-10-12
2025-10-12 17:45:00,115,206,215,2025-10-12
2025-10-12 18:00:00,99,139,149,2025-10-12
2025-10-12 18:15:00,99,139,149,2025-10-12
2025-10-12 18:30:00,58,75,78,2025-10-12
2025-10-12 18:45:00,117,146,151,2025-10-12
2025-10-12 19:00:00,59,71,73,2025-10-12
2025-10-12 19:15:00,59,71,73,2025-10-12
2025-10-12 19:30:00,101,124,133,2025-10-12
2025-10-12 19:45:00,42,53,60,2025-10-12
2025-10-12 20:00:00,69,98,110,2025-10-12
2025-10-12 20:15:00,69,98,110,2025-10-12
2025-10-12 20:30:00,48,89,95,2025-10-12
2025-10-12 20:45:00,48,89,95,2025-10-12
2025-10-12 21:00:00,41,84,87,2025-10-12
2025-10-12 21:15:00,50,102,108,2025-10-12
2025-10-12 21:30:00,36,73,78,2025-10-12
2025-10-12 21:45:00,39,89,94,2025-10-12
2025-10-12 22:00:00,26,69,74,2025-10-12
2025-10-12 22:15:00,24,68,71,2025-10-12
2025-10-12 22:30:00,29,75,78,2025-10-12
2025-10-12 22:45:00,33,71,76,2025-10-12
2025-10-12 23:00:00,45,73,78,2025-10-12
2025-10-12 23:15:00,49,68,73,2025-10-12
2025-10-12 23:30:00,37,46,51,2025-10-12
2025-10-13 05:30:00,74,118,122,2025-10-13
2025-10-13 05:45:00,63,97,100,2025-10-13
2025-10-13 06:00:00,108,149,154,2025-10-13
2025-10-13 06:15:00,125,185,191,2025-10-13
2025-10-13 06:30:00,94,144,149,2025-10-13
2025-10-13 06:45:00,151,257,265,2025-10-13
2025-10-13 07:00:00,128,250,261,2025-10-13
2025-10-13 07:15:00,155,281,295,2025-10-13
2025-10-13 07:30:00,196,353,372,2025-10-13
2025-10-13 07:45:00,186,323,343,2025-10-13
2025-10-13 08:00:00,205,343,363,2025-10-13
2025-10-13 08:15:00,212,347,364,2025-10-13
2025-10-13 08:30:00,211,328,343,2025-10-13
2025-10-13 08:45:00,222,322,338,2025-10-13
2025-10-13 09:00:00,235,323,336,2025-10-13
2025-10-13 09:15:00,235,322,339,2025-10-13
2025-10-13 09:30:00,247,349,368,2025-10-13
2025-10-13 09:45:00,233,343,362,2025-10-13
2025-10-13 10:00:00,220,331,352,2025-10-13
2025-10-13 10:15:00,211,311,328,2025-10-13
2025-10-13 10:30:00,206,344,360,2025-10-13
2025-10-13 10:45:00,205,385,400,2025-10-13
2025-10-13 11:00:00,193,367,384,2025-10-13
2025-10-13 11:15:00,188,366,384,2025-10-13
2025-10-13 11:30:00,178,315,335,2025-10-13
2025-10-13 11:45:00,156,252,276,2025-10-13
2025-10-13 12:00:00,140,249,278,2025-10-13
2025-10-13 12:15:00,128,245,272,2025-10-13
2025-10-13 12:30:00,112,230,252,2025-10-13
2025-10-13 12:45:00,121,241,256,2025-10-13
2025-10-13 13:00:00,151,301,307,2025-10-13
2025-10-13 13:15:00,185,443,450,2025-10-13
2025-10-13 13:30:00,220,551,560,2025-10-13
2025-10-13 13:45:00,220,552,570,2025-10-13
2025-10-13 14:00:00,195,498,519,2025-10-13
2025-10-13 14:15:00,157,354,374,2025-10-13
2025-10-13 14:30:00,125,275,294,2025-10-13
2025-10-13 14:45:00,119,290,303,2025-10-13
2025-10-13 15:00:00,118,289,303,2025-10-13
2025-10-13 15:15:00,117,291,307,2025-10-13
2025-10-13 15:30:00,116,274,294,2025-10-13
2025-10-13 15:45:00,121,264,284,2025-10-13
2025-10-13 16:00:00,134,284,301,2025-10-13
2025-10-13 16:15:00,162,327,346,2025-10-13
2025-10-13 16:30:00,190,365,384,2025-10-13
2025-10-13 16:45:00,227,398,420,2025-10-13
2025-10-13 17:00:00,283,453,479,2025-10-13
2025-10-13 17:15:00,221,341,361,2025-10-13
2025-10-13 17:30:00,237,362,393,2025-10-13
2025-10-13 17:45:00,171,263,287,2025-10-13
2025-10-13 18:00:00,185,274,293,2025-10-13
2025-10-13 18:15:00,185,274,293,2025-10-13
2025-10-13 18:30:00,118,156,158,2025-10-13
2025-10-13 18:45:00,233,340,347,2025-10-13
2025-10-13 19:00:00,115,184,189,2025-10-13
2025-10-13 19:15:00,115,184,189,2025-10-13
2025-10-13 19:30:00,223,358,367,2025-10-13
2025-10-13 19:45:00,108,174,178,2025-10-13
2025-10-13 20:00:00,181,284,294,2025-10-13
2025-10-13 20:15:00,262,396,410,2025-10-13
2025-10-13 20:30:00,197,280,291,2025-10-13
2025-10-13 20:45:00,208,307,320,2025-10-13
2025-10-13 21:00:00,151,243,255,2025-10-13
2025-10-13 21:15:00,90,213,221,2025-10-13
2025-10-13 21:30:00,70,225,233,2025-10-13
2025-10-13 21:45:00,65,216,223,2025-10-13
2025-10-13 22:00:00,54,190,192,2025-10-13
2025-10-13 22:15:00,42,130,132,2025-10-13
2025-10-13 22:30:00,26,77,82,2025-10-13
2025-10-13 22:45:00,39,84,91,2025-10-13
2025-10-13 23:00:00,75,108,122,2025-10-13
2025-10-13 23:15:00,96,118,140,2025-10-13
2025-10-13 23:30:00,89,101,119,2025-10-13
2025-10-14 05:30:00,83,142,147,2025-10-14
2025-10-14 05:45:00,75,128,130,2025-10-14
2025-10-14 06:00:00,102,167,170,2025-10-14
2025-10-14 06:15:00,120,201,208,2025-10-14
2025-10-14 06:30:00,124,226,234,2025-10-14
2025-10-14 06:45:00,142,285,298,2025-10-14
2025-10-14 07:00:00,119,274,292,2025-10-14
2025-10-14 07:15:00,125,282,298,2025-10-14
2025-10-14 07:30:00,134,285,307,2025-10-14
2025-10-14 07:45:00,159,305,326,2025-10-14
2025-10-14 08:00:00,183,318,338,2025-10-14
2025-10-14 08:15:00,210,329,352,2025-10-14
2025-10-14 08:30:00,202,306,325,2025-10-14
2025-10-14 08:45:00,211,305,322,2025-10-14
2025-10-14 09:00:00,219,315,332,2025-10-14
2025-10-14 09:15:00,208,314,332,2025-10-14
2025-10-14 09:30:00,217,329,349,2025-10-14
2025-10-14 09:45:00,208,320,339,2025-10-14
2025-10-14 10:00:00,199,305,323,2025-10-14
2025-10-14 10:15:00,196,299,310,2025-10-14
2025-10-14 10:30:00,183,290,297,2025-10-14
2025-10-14 10:45:00,171,276,286,2025-10-14
2025-10-14 11:00:00,155,258,266,2025-10-14
2025-10-14 11:15:00,144,242,252,2025-10-14
2025-10-14 11:30:00,154,243,254,2025-10-14
2025-10-14 11:45:00,149,237,245,2025-10-14
2025-10-14 12:00:00,143,238,245,2025-10-14
2025-10-14 12:15:00,129,232,240,2025-10-14
2025-10-14 12:30:00,109,226,233,2025-10-14
2025-10-14 12:45:00,117,245,253,2025-10-14
2025-10-14 13:00:00,129,250,259,2025-10-14
2025-10-14 13:15:00,163,374,383,2025-10-14
2025-10-14 13:30:00,198,506,514,2025-10-14
2025-10-14 13:45:00,196,514,524,2025-10-14
2025-10-14 14:00:00,185,521,534,2025-10-14
2025-10-14 14:15:00,170,420,433,2025-10-14
2025-10-14 14:30:00,142,297,313,2025-10-14
2025-10-14 14:45:00,145,295,311,2025-10-14
2025-10-14 15:00:00,145,296,312,2025-10-14
2025-10-14 15:15:00,131,290,312,2025-10-14
2025-10-14 15:30:00,120,280,302,2025-10-14
2025-10-14 15:45:00,116,269,292,2025-10-14
2025-10-14 16:00:00,159,383,423,2025-10-14
2025-10-14 16:15:00,210,516,552,2025-10-14
2025-10-14 16:30:00,247,566,610,2025-10-14
2025-10-14 16:45:00,284,624,670,2025-10-14
2025-10-14 17:00:00,357,712,740,2025-10-14
2025-10-14 17:15:00,275,506,529,2025-10-14
2025-10-14 17:30:00,340,642,657,2025-10-14
2025-10-14 17:45:00,272,521,529,2025-10-14
2025-10-14 18:00:00,242,403,416,2025-10-14
2025-10-14 18:15:00,242,403,416,2025-10-14
2025-10-14 18:30:00,120,160,170,2025-10-14
2025-10-14 18:45:00,231,304,320,2025-10-14
2025-10-14 19:00:00,111,144,150,2025-10-14
2025-10-14 19:15:00,111,144,150,2025-10-14
2025-10-14 19:30:00,183,246,264,2025-10-14
2025-10-14 19:45:00,72,102,114,2025-10-14
2025-10-14 20:00:00,143,200,216,2025-10-14
2025-10-14 20:15:00,143,200,216,2025-10-14
2025-10-14 20:30:00,132,269,275,2025-10-14
2025-10-14 20:45:00,173,417,426,2025-10-14
2025-10-14 21:00:00,113,349,360,2025-10-14
2025-10-14 21:15:00,123,383,399,2025-10-14
2025-10-14 21:30:00,68,239,255,2025-10-14
2025-10-14 21:45:00,29,111,125,2025-10-14
2025-10-14 22:00:00,24,104,113,2025-10-14
2025-10-14 22:15:00,15,82,88,2025-10-14
2025-10-14 22:30:00,16,69,73,2025-10-14
2025-10-14 22:45:00,27,69,77,2025-10-14
2025-10-14 23:00:00,52,82,100,2025-10-14
2025-10-14 23:15:00,86,106,132,2025-10-14
2025-10-14 23:30:00,79,92,118,2025-10-14
2025-10-15 05:30:00,77,148,156,2025-10-15
2025-10-15 05:45:00,71,133,138,2025-10-15
2025-10-15 06:00:00,96,162,170,2025-10-15
2025-10-15 06:15:00,112,183,195,2025-10-15
2025-10-15 06:30:00,78,126,134,2025-10-15
2025-10-15 06:45:00,139,268,283,2025-10-15
2025-10-15 07:00:00,132,275,295,2025-10-15
2025-10-15 07:15:00,143,291,312,2025-10-15
2025-10-15 07:30:00,192,370,395,2025-10-15
2025-10-15 07:45:00,171,295,322,2025-10-15
2025-10-15 08:00:00,230,431,450,2025-10-15
2025-10-15 08:15:00,284,562,576,2025-10-15
2025-10-15 08:30:00,287,560,574,2025-10-15
2025-10-15 08:45:00,300,569,578,2025-10-15
2025-10-15 09:00:00,269,452,464,2025-10-15
2025-10-15 09:15:00,241,342,359,2025-10-15
2025-10-15 09:30:00,246,405,422,2025-10-15
2025-10-15 09:45:00,261,477,491,2025-10-15
2025-10-15 10:00:00,253,463,478,2025-10-15
2025-10-15 10:15:00,234,447,460,2025-10-15
2025-10-15 10:30:00,212,369,386,2025-10-15
2025-10-15 10:45:00,180,286,304,2025-10-15
2025-10-15 11:00:00,167,293,313,2025-10-15
2025-10-15 11:15:00,152,280,303,2025-10-15
2025-10-15 11:30:00,165,288,306,2025-10-15
2025-10-15 11:45:00,154,272,290,2025-10-15
2025-10-15 12:00:00,133,234,250,2025-10-15
2025-10-15 12:15:00,127,222,232,2025-10-15
2025-10-15 12:30:00,113,221,229,2025-10-15
2025-10-15 12:45:00,113,224,231,2025-10-15
2025-10-15 13:00:00,119,237,240,2025-10-15
2025-10-15 13:15:00,150,337,341,2025-10-15
2025-10-15 13:30:00,185,498,503,2025-10-15
2025-10-15 13:45:00,222,612,619,2025-10-15
2025-10-15 14:00:00,232,633,649,2025-10-15
2025-10-15 14:15:00,210,566,584,2025-10-15
2025-10-15 14:30:00,168,416,439,2025-10-15
2025-10-15 14:45:00,133,327,351,2025-10-15
2025-10-15 15:00:00,126,311,331,2025-10-15
2025-10-15 15:15:00,130,295,315,2025-10-15
2025-10-15 15:30:00,135,291,312,2025-10-15
2025-10-15 15:45:00,158,309,330,2025-10-15
2025-10-15 16:00:00,229,504,524,2025-10-15
2025-10-15 16:15:00,294,687,707,2025-10-15
2025-10-15 16:30:00,295,678,696,2025-10-15
2025-10-15 16:45:00,288,663,685,2025-10-15
2025-10-15 17:00:00,285,543,568,2025-10-15
2025-10-15 17:15:00,176,286,307,2025-10-15
2025-10-15 17:30:00,227,347,370,2025-10-15
2025-10-15 17:45:00,184,267,282,2025-10-15
2025-10-15 18:00:00,186,274,286,2025-10-15
2025-10-15 18:15:00,186,274,286,2025-10-15
2025-10-15 18:30:00,102,146,150,2025-10-15
2025-10-15 18:45:00,214,303,313,2025-10-15
2025-10-15 19:00:00,112,157,163,2025-10-15
2025-10-15 19:15:00,112,157,163,2025-10-15
2025-10-15 19:30:00,177,256,268,2025-10-15
2025-10-15 19:45:00,65,99,105,2025-10-15
2025-10-15 20:00:00,157,212,225,2025-10-15
2025-10-15 20:15:00,157,212,225,2025-10-15
2025-10-15 20:30:00,150,189,200,2025-10-15
2025-10-15 20:45:00,168,222,248,2025-10-15
2025-10-15 21:00:00,94,146,171,2025-10-15
2025-10-15 21:15:00,114,232,259,2025-10-15
2025-10-15 21:30:00,80,264,288,2025-10-15
2025-10-15 21:45:00,80,283,293,2025-10-15
2025-10-15 22:00:00,69,263,270,2025-10-15
2025-10-15 22:15:00,60,201,206,2025-10-15
2025-10-15 22:30:00,51,136,140,2025-10-15
2025-10-15 22:45:00,60,136,141,2025-10-15
2025-10-15 23:00:00,97,189,193,2025-10-15
2025-10-15 23:15:00,117,219,224,2025-10-15
2025-10-15 23:30:00,102,176,181,2025-10-15
2025-10-16 05:30:00,122,215,221,2025-10-16
2025-10-16 05:45:00,111,198,203,2025-10-16
2025-10-16 06:00:00,149,234,240,2025-10-16
2025-10-16 06:15:00,158,246,254,2025-10-16
2025-10-16 06:30:00,117,187,192,2025-10-16
2025-10-16 06:45:00,191,322,334,2025-10-16
2025-10-16 07:00:00,165,316,332,2025-10-16
2025-10-16 07:15:00,190,419,434,2025-10-16
2025-10-16 07:30:00,251,586,606,2025-10-16
2025-10-16 07:45:00,235,553,573,2025-10-16
2025-10-16 08:00:00,243,543,563,2025-10-16
2025-10-16 08:15:00,246,461,482,2025-10-16
2025-10-16 08:30:00,227,371,389,2025-10-16
2025-10-16 08:45:00,220,347,363,2025-10-16
2025-10-16 09:00:00,241,358,370,2025-10-16
2025-10-16 09:15:00,225,336,347,2025-10-16
2025-10-16 09:30:00,239,362,373,2025-10-16
2025-10-16 09:45:00,237,388,395,2025-10-16
2025-10-16 10:00:00,213,368,381,2025-10-16
2025-10-16 10:15:00,218,365,381,2025-10-16
2025-10-16 10:30:00,211,334,350,2025-10-16
2025-10-16 10:45:00,204,297,314,2025-10-16
2025-10-16 11:00:00,215,305,320,2025-10-16
2025-10-16 11:15:00,208,306,319,2025-10-16
2025-10-16 11:30:00,205,300,317,2025-10-16
2025-10-16 11:45:00,191,279,297,2025-10-16
2025-10-16 12:00:00,159,248,264,2025-10-16
2025-10-16 12:15:00,137,244,260,2025-10-16
2025-10-16 12:30:00,113,237,253,2025-10-16
2025-10-16 12:45:00,109,252,271,2025-10-16
2025-10-16 13:00:00,101,260,282,2025-10-16
2025-10-16 13:15:00,101,261,281,2025-10-16
2025-10-16 13:30:00,102,272,290,2025-10-16
2025-10-16 13:45:00,111,285,302,2025-10-16
2025-10-16 14:00:00,130,302,318,2025-10-16
2025-10-16 14:15:00,132,304,322,2025-10-16
2025-10-16 14:30:00,141,307,325,2025-10-16
2025-10-16 14:45:00,137,297,312,2025-10-16
2025-10-16 15:00:00,124,275,288,2025-10-16
2025-10-16 15:15:00,118,252,266,2025-10-16
2025-10-16 15:30:00,112,239,252,2025-10-16
2025-10-16 15:45:00,103,246,262,2025-10-16
2025-10-16 16:00:00,104,266,284,2025-10-16
2025-10-16 16:15:00,133,309,324,2025-10-16
2025-10-16 16:30:00,157,350,371,2025-10-16
2025-10-16 16:45:00,204,389,412,2025-10-16
2025-10-16 17:00:00,280,448,467,2025-10-16
2025-10-16 17:15:00,225,352,369,2025-10-16
2025-10-16 17:30:00,245,353,366,2025-10-16
2025-10-16 17:45:00,178,243,249,2025-10-16
2025-10-16 18:00:00,191,323,331,2025-10-16
2025-10-16 18:15:00,191,323,331,2025-10-16
2025-10-16 18:30:00,121,221,224,2025-10-16
2025-10-16 18:45:00,254,444,451,2025-10-16
2025-10-16 19:00:00,133,223,227,2025-10-16
2025-10-16 19:15:00,133,223,227,2025-10-16
2025-10-16 19:30:00,201,310,320,2025-10-16
2025-10-16 19:45:00,68,87,93,2025-10-16
2025-10-16 20:00:00,138,178,190,2025-10-16
2025-10-16 20:15:00,138,178,190,2025-10-16
2025-10-16 20:30:00,141,183,190,2025-10-16
2025-10-16 20:45:00,159,225,237,2025-10-16
2025-10-16 21:00:00,115,181,189,2025-10-16
2025-10-16 21:15:00,127,207,217,2025-10-16
2025-10-16 21:30:00,64,133,142,2025-10-16
2025-10-16 21:45:00,49,104,109,2025-10-16
2025-10-16 22:00:00,28,71,75,2025-10-16
2025-10-16 22:15:00,28,70,72,2025-10-16
2025-10-16 22:30:00,26,86,89,2025-10-16
2025-10-16 22:45:00,37,113,125,2025-10-16
2025-10-16 23:00:00,62,136,154,2025-10-16
2025-10-16 23:15:00,74,137,157,2025-10-16
2025-10-16 23:30:00,68,103,122,2025-10-16
2025-10-17 05:30:00,74,123,127,2025-10-17
2025-10-17 05:45:00,59,106,109,2025-10-17
2025-10-17 06:00:00,83,145,149,2025-10-17
2025-10-17 06:15:00,96,165,171,2025-10-17
2025-10-17 06:30:00,99,173,180,2025-10-17
2025-10-17 06:45:00,122,245,257,2025-10-17
2025-10-17 07:00:00,123,273,285,2025-10-17
2025-10-17 07:15:00,135,301,312,2025-10-17
2025-10-17 07:30:00,152,334,349,2025-10-17
2025-10-17 07:45:00,168,344,358,2025-10-17
2025-10-17 08:00:00,177,338,354,2025-10-17
2025-10-17 08:15:00,186,326,346,2025-10-17
2025-10-17 08:30:00,183,298,319,2025-10-17
2025-10-17 08:45:00,180,278,299,2025-10-17
2025-10-17 09:00:00,209,341,361,2025-10-17
2025-10-17 09:15:00,235,409,426,2025-10-17
2025-10-17 09:30:00,245,419,435,2025-10-17
2025-10-17 09:45:00,252,424,441,2025-10-17
2025-10-17 10:00:00,230,371,385,2025-10-17
2025-10-17 10:15:00,231,357,370,2025-10-17
2025-10-17 10:30:00,252,391,402,2025-10-17
2025-10-17 10:45:00,252,388,399,2025-10-17
2025-10-17 11:00:00,241,368,379,2025-10-17
2025-10-17 11:15:00,210,319,332,2025-10-17
2025-10-17 11:30:00,174,272,289,2025-10-17
2025-10-17 11:45:00,163,271,285,2025-10-17
2025-10-17 12:00:00,143,257,274,2025-10-17
2025-10-17 12:15:00,122,233,246,2025-10-17
2025-10-17 12:30:00,110,227,236,2025-10-17
2025-10-17 12:45:00,110,240,248,2025-10-17
2025-10-17 13:00:00,113,263,270,2025-10-17
2025-10-17 13:15:00,135,304,315,2025-10-17
2025-10-17 13:30:00,160,418,431,2025-10-17
2025-10-17 13:45:00,183,520,538,2025-10-17
2025-10-17 14:00:00,188,524,547,2025-10-17
2025-10-17 14:15:00,180,516,538,2025-10-17
2025-10-17 14:30:00,158,420,444,2025-10-17
2025-10-17 14:45:00,134,315,341,2025-10-17
2025-10-17 15:00:00,131,301,328,2025-10-17
2025-10-17 15:15:00,120,285,312,2025-10-17
2025-10-17 15:30:00,136,380,404,2025-10-17
2025-10-17 15:45:00,139,472,514,2025-10-17
2025-10-17 16:00:00,153,501,539,2025-10-17
2025-10-17 16:15:00,176,528,565,2025-10-17
2025-10-17 16:30:00,184,451,491,2025-10-17
2025-10-17 16:45:00,201,381,403,2025-10-17
2025-10-17 17:00:00,261,424,444,2025-10-17
2025-10-17 17:15:00,209,329,347,2025-10-17
2025-10-17 17:30:00,244,376,390,2025-10-17
2025-10-17 17:45:00,193,281,287,2025-10-17
2025-10-17 18:00:00,226,350,361,2025-10-17
2025-10-17 18:15:00,226,350,361,2025-10-17
2025-10-17 18:30:00,142,220,228,2025-10-17
2025-10-17 18:45:00,283,426,440,2025-10-17
2025-10-17 19:00:00,141,206,212,2025-10-17
2025-10-17 19:15:00,205,292,301,2025-10-17
2025-10-17 19:30:00,205,292,301,2025-10-17
2025-10-17 19:45:00,119,164,171,2025-10-17
2025-10-17 20:00:00,119,164,171,2025-10-17
2025-10-17 20:15:00,129,177,185,2025-10-17
2025-10-17 20:30:00,170,245,259,2025-10-17
2025-10-17 20:45:00,130,200,213,2025-10-17
2025-10-17 21:00:00,144,227,243,2025-10-17
2025-10-17 21:15:00,79,154,167,2025-10-17
2025-10-17 21:30:00,41,104,115,2025-10-17
2025-10-17 21:45:00,29,88,98,2025-10-17
2025-10-17 22:00:00,21,80,88,2025-10-17
2025-10-17 22:15:00,18,73,81,2025-10-17
2025-10-17 22:30:00,23,73,77,2025-10-17
2025-10-17 22:45:00,32,77,81,2025-10-17
2025-10-17 23:00:00,56,101,105,2025-10-17
2025-10-17 23:15:00,76,114,119,2025-10-17
2025-10-17 23:30:00,68,96,101,2025-10-17
2025-10-18 05:30:00,17,36,36,2025-10-18
2025-10-18 05:45:00,16,35,35,2025-10-18
2025-10-18 06:00:00,25,52,53,2025-10-18
2025-10-18 06:15:00,27,59,61,2025-10-18
2025-10-18 06:30:00,25,56,62,2025-10-18
2025-10-18 06:45:00,35,73,81,2025-10-18
2025-10-18 07:00:00,39,85,95,2025-10-18
2025-10-18 07:15:00,47,104,120,2025-10-18
2025-10-18 07:30:00,52,118,130,2025-10-18
2025-10-18 07:45:00,54,144,156,2025-10-18
2025-10-18 08:00:00,56,156,165,2025-10-18
2025-10-18 08:15:00,61,157,160,2025-10-18
2025-10-18 08:30:00,68,164,169,2025-10-18
2025-10-18 08:45:00,84,209,220,2025-10-18
2025-10-18 09:00:00,97,304,317,2025-10-18
2025-10-18 09:15:00,116,381,395,2025-10-18
2025-10-18 09:30:00,120,394,409,2025-10-18
2025-10-18 09:45:00,107,335,343,2025-10-18
2025-10-18 10:00:00,90,228,239,2025-10-18
2025-10-18 10:15:00,66,152,163,2025-10-18
2025-10-18 10:30:00,52,128,137,2025-10-18
2025-10-18 10:45:00,51,137,149,2025-10-18
2025-10-18 11:00:00,54,140,147,2025-10-18
2025-10-18 11:15:00,58,142,152,2025-10-18
2025-10-18 11:30:00,68,171,182,2025-10-18
2025-10-18 11:45:00,67,180,190,2025-10-18
2025-10-18 12:00:00,77,203,216,2025-10-18
2025-10-18 12:15:00,76,221,229,2025-10-18
2025-10-18 12:30:00,70,219,231,2025-10-18
2025-10-18 12:45:00,73,227,239,2025-10-18
2025-10-18 13:00:00,69,228,240,2025-10-18
2025-10-18 13:15:00,71,222,240,2025-10-18
2025-10-18 13:30:00,98,316,330,2025-10-18
2025-10-18 13:45:00,122,409,422,2025-10-18
2025-10-18 14:00:00,117,404,419,2025-10-18
2025-10-18 14:15:00,108,403,416,2025-10-18
2025-10-18 14:30:00,93,309,322,2025-10-18
2025-10-18 14:45:00,91,284,297,2025-10-18
2025-10-18 15:00:00,114,353,362,2025-10-18
2025-10-18 15:15:00,115,346,357,2025-10-18
2025-10-18 15:30:00,100,339,352,2025-10-18
2025-10-18 15:45:00,71,253,267,2025-10-18
2025-10-18 16:00:00,52,171,184,2025-10-18
2025-10-18 16:15:00,53,168,180,2025-10-18
2025-10-18 16:30:00,59,168,179,2025-10-18
2025-10-18 16:45:00,64,170,182,2025-10-18
2025-10-18 17:00:00,92,201,220,2025-10-18
2025-10-18 17:15:00,78,158,172,2025-10-18
2025-10-18 17:30:00,64,114,125,2025-10-18
2025-10-18 17:45:00,83,134,147,2025-10-18
2025-10-18 18:00:00,84,168,178,2025-10-18
2025-10-18 18:15:00,84,168,178,2025-10-18
2025-10-18 18:30:00,84,168,178,2025-10-18
2025-10-18 18:45:00,126,240,249,2025-10-18
2025-10-18 19:00:00,75,131,136,2025-10-18
2025-10-18 19:15:00,75,131,136,2025-10-18
2025-10-18 19:30:00,105,183,191,2025-10-18
2025-10-18 19:45:00,30,52,55,2025-10-18
2025-10-18 20:00:00,30,52,55,2025-10-18
2025-10-18 20:15:00,63,100,106,2025-10-18
2025-10-18 20:30:00,33,48,51,2025-10-18
2025-10-18 20:45:00,46,75,82,2025-10-18
2025-10-18 21:00:00,51,97,105,2025-10-18
2025-10-18 21:15:00,27,71,77,2025-10-18
2025-10-18 21:30:00,29,91,102,2025-10-18
2025-10-18 21:45:00,19,89,96,2025-10-18
2025-10-18 22:00:00,24,88,96,2025-10-18
2025-10-18 22:15:00,24,82,92,2025-10-18
2025-10-18 22:30:00,28,74,80,2025-10-18
2025-10-18 22:45:00,30,66,74,2025-10-18
2025-10-18 23:00:00,32,69,76,2025-10-18
2025-10-18 23:15:00,39,72,77,2025-10-18
2025-10-18 23:30:00,33,60,64,2025-10-18
2025-10-19 05:30:00,23,33,34,2025-10-19
2025-10-19 05:45:00,21,30,31,2025-10-19
2025-10-19 06:00:00,23,36,38,2025-10-19
2025-10-19 06:15:00,27,40,42,2025-10-19
2025-10-19 06:30:00,24,36,37,2025-10-19
2025-10-19 06:45:00,34,56,57,2025-10-19
2025-10-19 07:00:00,49,76,76,2025-10-19
2025-10-19 07:15:00,57,96,96,2025-10-19
2025-10-19 07:30:00,59,118,118,2025-10-19
2025-10-19 07:45:00,60,140,142,2025-10-19
2025-10-19 08:00:00,55,145,148,2025-10-19
2025-10-19 08:15:00,63,155,158,2025-10-19
2025-10-19 08:30:00,64,154,161,2025-10-19
2025-10-19 08:45:00,71,158,165,2025-10-19
2025-10-19 09:00:00,81,177,184,2025-10-19
2025-10-19 09:15:00,77,186,202,2025-10-19
2025-10-19 09:30:00,84,205,219,2025-10-19
2025-10-19 09:45:00,84,212,228,2025-10-19
2025-10-19 10:00:00,81,212,230,2025-10-19
2025-10-19 10:15:00,84,217,226,2025-10-19
2025-10-19 10:30:00,82,209,224,2025-10-19
2025-10-19 10:45:00,84,205,221,2025-10-19
2025-10-19 11:00:00,81,206,223,2025-10-19
2025-10-19 11:15:00,83,222,242,2025-10-19
2025-10-19 11:30:00,85,231,246,2025-10-19
2025-10-19 11:45:00,85,230,247,2025-10-19
2025-10-19 12:00:00,93,237,255,2025-10-19
2025-10-19 12:15:00,90,217,239,2025-10-19
2025-10-19 12:30:00,84,196,221,2025-10-19
2025-10-19 12:45:00,85,194,214,2025-10-19
2025-10-19 13:00:00,80,195,214,2025-10-19
2025-10-19 13:15:00,84,208,226,2025-10-19
2025-10-19 13:30:00,90,216,230,2025-10-19
2025-10-19 13:45:00,87,216,234,2025-10-19
2025-10-19 14:00:00,78,193,210,2025-10-19
2025-10-19 14:15:00,68,176,192,2025-10-19
2025-10-19 14:30:00,61,187,203,2025-10-19
2025-10-19 14:45:00,57,191,205,2025-10-19
2025-10-19 15:00:00,59,193,207,2025-10-19
2025-10-19 15:15:00,62,200,210,2025-10-19
2025-10-19 15:30:00,61,201,212,2025-10-19
2025-10-19 15:45:00,63,200,209,2025-10-19
2025-10-19 16:00:00,84,213,223,2025-10-19
2025-10-19 16:15:00,92,212,224,2025-10-19
2025-10-19 16:30:00,100,199,212,2025-10-19
2025-10-19 16:45:00,104,190,205,2025-10-19
2025-10-19 17:00:00,136,227,243,2025-10-19
2025-10-19 17:15:00,107,173,186,2025-10-19
2025-10-19 17:30:00,129,191,202,2025-10-19
2025-10-19 17:45:00,109,151,158,2025-10-19
2025-10-19 18:00:00,99,131,138,2025-10-19
2025-10-19 18:15:00,99,131,138,2025-10-19
2025-10-19 18:30:00,57,72,77,2025-10-19
2025-10-19 18:45:00,110,143,151,2025-10-19
2025-10-19 19:00:00,53,71,74,2025-10-19
2025-10-19 19:15:00,53,71,74,2025-10-19
2025-10-19 19:30:00,82,120,132,2025-10-19
2025-10-19 19:45:00,29,49,58,2025-10-19
2025-10-19 20:00:00,29,49,58,2025-10-19
2025-10-19 20:15:00,73,110,120,2025-10-19
2025-10-19 20:30:00,44,61,62,2025-10-19
2025-10-19 20:45:00,61,92,94,2025-10-19
2025-10-19 21:00:00,71,122,126,2025-10-19
2025-10-19 21:15:00,32,84,87,2025-10-19
2025-10-19 21:30:00,33,96,99,2025-10-19
2025-10-19 21:45:00,21,81,86,2025-10-19
2025-10-19 22:00:00,16,73,76,2025-10-19
2025-10-19 22:15:00,12,62,66,2025-10-19
2025-10-19 22:30:00,16,59,63,2025-10-19
2025-10-19 22:45:00,18,58,59,2025-10-19
2025-10-19 23:00:00,32,59,61,2025-10-19
2025-10-19 23:15:00,42,58,59,2025-10-19
2025-10-19 23:30:00,37,49,50,2025-10-19
2025-10-20 05:30:00,103,183,190,2025-10-20
2025-10-20 05:45:00,91,167,173,2025-10-20
2025-10-20 06:00:00,116,170,179,2025-10-20
2025-10-20 06:15:00,121,170,183,2025-10-20
2025-10-20 06:30:00,126,200,215,2025-10-20
2025-10-20 06:45:00,167,308,326,2025-10-20
2025-10-20 07:00:00,173,395,414,2025-10-20
2025-10-20 07:15:00,195,463,479,2025-10-20
2025-10-20 07:30:00,201,484,503,2025-10-20
2025-10-20 07:45:00,200,454,474,2025-10-20
2025-10-20 08:00:00,186,402,424,2025-10-20
2025-10-20 08:15:00,178,354,380,2025-10-20
2025-10-20 08:30:00,183,321,345,2025-10-20
2025-10-20 08:45:00,183,296,319,2025-10-20
2025-10-20 09:00:00,201,304,323,2025-10-20
2025-10-20 09:15:00,199,311,323,2025-10-20
2025-10-20 09:30:00,199,312,325,2025-10-20
2025-10-20 09:45:00,193,309,322,2025-10-20
2025-10-20 10:00:00,172,262,274,2025-10-20
2025-10-20 10:15:00,176,240,254,2025-10-20
2025-10-20 10:30:00,160,230,240,2025-10-20
2025-10-20 10:45:00,153,226,237,2025-10-20
2025-10-20 11:00:00,146,217,226,2025-10-20
2025-10-20 11:15:00,127,197,202,2025-10-20
2025-10-20 11:30:00,134,199,207,2025-10-20
2025-10-20 11:45:00,131,191,197,2025-10-20
2025-10-20 12:00:00,108,172,181,2025-10-20
2025-10-20 12:15:00,110,179,191,2025-10-20
2025-10-20 12:30:00,97,181,192,2025-10-20
2025-10-20 12:45:00,98,220,231,2025-10-20
2025-10-20 13:00:00,103,249,257,2025-10-20
2025-10-20 13:15:00,91,255,264,2025-10-20
2025-10-20 13:30:00,92,292,302,2025-10-20
2025-10-20 13:45:00,93,326,335,2025-10-20
2025-10-20 14:00:00,94,362,374,2025-10-20
2025-10-20 14:15:00,88,399,409,2025-10-20
2025-10-20 14:30:00,72,377,386,2025-10-20
2025-10-20 14:45:00,55,290,302,2025-10-20
2025-10-20 15:00:00,42,222,234,2025-10-20
2025-10-20 15:15:00,39,164,177,2025-10-20
2025-10-20 15:30:00,49,136,149,2025-10-20
2025-10-20 15:45:00,71,173,183,2025-10-20
2025-10-20 16:00:00,96,203,213,2025-10-20
2025-10-20 16:15:00,133,243,256,2025-10-20
2025-10-20 16:30:00,163,301,314,2025-10-20
2025-10-20 16:45:00,179,335,352,2025-10-20
2025-10-20 17:00:00,255,416,435,2025-10-20
2025-10-20 17:15:00,206,337,350,2025-10-20
2025-10-20 17:30:00,232,352,365,2025-10-20
2025-10-20 17:45:00,185,257,265,2025-10-20
2025-10-20 18:00:00,188,266,280,2025-10-20
2025-10-20 18:15:00,188,266,280,2025-10-20
2025-10-20 18:30:00,116,155,166,2025-10-20
2025-10-20 18:45:00,232,292,309,2025-10-20
2025-10-20 19:00:00,116,137,143,2025-10-20
2025-10-20 19:15:00,116,137,143,2025-10-20
2025-10-20 19:30:00,182,220,230,2025-10-20
2025-10-20 19:45:00,66,83,87,2025-10-20
2025-10-20 20:00:00,141,181,189,2025-10-20
2025-10-20 20:15:00,141,181,189,2025-10-20
2025-10-20 20:30:00,130,179,183,2025-10-20
2025-10-20 20:45:00,143,217,223,2025-10-20
2025-10-20 21:00:00,74,143,147,2025-10-20
2025-10-20 21:15:00,83,170,174,2025-10-20
2025-10-20 21:30:00,30,109,114,2025-10-20
2025-10-20 21:45:00,18,87,90,2025-10-20
2025-10-20 22:00:00,15,77,79,2025-10-20
2025-10-20 22:15:00,10,64,68,2025-10-20
2025-10-20 22:30:00,16,60,65,2025-10-20
2025-10-20 22:45:00,35,68,74,2025-10-20
2025-10-20 23:00:00,75,102,112,2025-10-20
2025-10-20 23:15:00,93,113,121,2025-10-20
2025-10-20 23:30:00,85,97,103,2025-10-20
2025-10-21 05:30:00,91,141,156,2025-10-21
2025-10-21 05:45:00,77,121,130,2025-10-21
2025-10-21 06:00:00,107,173,184,2025-10-21
2025-10-21 06:15:00,85,136,145,2025-10-21
2025-10-21 06:30:00,91,157,165,2025-10-21
2025-10-21 06:45:00,133,239,249,2025-10-21
2025-10-21 07:00:00,128,252,261,2025-10-21
2025-10-21 07:15:00,169,334,349,2025-10-21
2025-10-21 07:30:00,178,347,362,2025-10-21
2025-10-21 07:45:00,193,362,382,2025-10-21
2025-10-21 08:00:00,192,354,377,2025-10-21
2025-10-21 08:15:00,219,376,398,2025-10-21
2025-10-21 08:30:00,217,362,386,2025-10-21
2025-10-21 08:45:00,208,345,366,2025-10-21
2025-10-21 09:00:00,229,353,373,2025-10-21
2025-10-21 09:15:00,234,353,373,2025-10-21
2025-10-21 09:30:00,249,368,387,2025-10-21
2025-10-21 09:45:00,243,358,380,2025-10-21
2025-10-21 10:00:00,233,349,375,2025-10-21
2025-10-21 10:15:00,214,317,344,2025-10-21
2025-10-21 10:30:00,195,295,319,2025-10-21
2025-10-21 10:45:00,197,296,316,2025-10-21
2025-10-21 11:00:00,200,292,306,2025-10-21
2025-10-21 11:15:00,184,286,304,2025-10-21
2025-10-21 11:30:00,194,306,328,2025-10-21
2025-10-21 11:45:00,187,308,333,2025-10-21
2025-10-21 12:00:00,164,297,324,2025-10-21
2025-10-21 12:15:00,161,291,309,2025-10-21
2025-10-21 12:30:00,127,252,267,2025-10-21
2025-10-21 12:45:00,127,253,264,2025-10-21
2025-10-21 13:00:00,138,271,278,2025-10-21
2025-10-21 13:15:00,146,300,309,2025-10-21
2025-10-21 13:30:00,159,324,331,2025-10-21
2025-10-21 13:45:00,169,434,441,2025-10-21
2025-10-21 14:00:00,170,525,532,2025-10-21
2025-10-21 14:15:00,163,504,517,2025-10-21
2025-10-21 14:30:00,157,494,511,2025-10-21
2025-10-21 14:45:00,137,374,393,2025-10-21
2025-10-21 15:00:00,118,252,273,2025-10-21
2025-10-21 15:15:00,119,253,270,2025-10-21
2025-10-21 15:30:00,125,259,277,2025-10-21
2025-10-21 15:45:00,136,269,286,2025-10-21
2025-10-21 16:00:00,156,299,319,2025-10-21
2025-10-21 16:15:00,191,341,366,2025-10-21
2025-10-21 16:30:00,214,370,400,2025-10-21
2025-10-21 16:45:00,234,409,447,2025-10-21
2025-10-21 17:00:00,298,483,531,2025-10-21
2025-10-21 17:15:00,226,372,410,2025-10-21
2025-10-21 17:30:00,263,395,437,2025-10-21
2025-10-21 17:45:00,205,282,313,2025-10-21
2025-10-21 18:00:00,207,259,290,2025-10-21
2025-10-21 18:15:00,207,259,290,2025-10-21
2025-10-21 18:30:00,118,143,159,2025-10-21
2025-10-21 18:45:00,231,287,307,2025-10-21
2025-10-21 19:00:00,113,144,148,2025-10-21
2025-10-21 19:15:00,113,144,148,2025-10-21
2025-10-21 19:30:00,180,244,256,2025-10-21
2025-10-21 19:45:00,67,100,108,2025-10-21
2025-10-21 20:00:00,67,100,108,2025-10-21
2025-10-21 20:15:00,159,218,229,2025-10-21
2025-10-21 20:30:00,148,210,214,2025-10-21
2025-10-21 20:45:00,148,210,214,2025-10-21
2025-10-21 21:00:00,166,264,270,2025-10-21
2025-10-21 21:15:00,89,181,185,2025-10-21
2025-10-21 21:30:00,44,114,119,2025-10-21
2025-10-21 21:45:00,46,130,135,2025-10-21
2025-10-21 22:00:00,32,98,103,2025-10-21
2025-10-21 22:15:00,18,78,82,2025-10-21
2025-10-21 22:30:00,14,70,72,2025-10-21
2025-10-21 22:45:00,32,80,86,2025-10-21
2025-10-21 23:00:00,73,105,116,2025-10-21
2025-10-21 23:15:00,97,116,132,2025-10-21
2025-10-21 23:30:00,90,99,115,2025-10-21
2025-10-22 05:30:00,107,171,174,2025-10-22
2025-10-22 05:45:00,94,152,154,2025-10-22
2025-10-22 06:00:00,127,197,201,2025-10-22
2025-10-22 06:15:00,104,158,162,2025-10-22
2025-10-22 06:30:00,102,156,160,2025-10-22
2025-10-22 06:45:00,153,250,257,2025-10-22
2025-10-22 07:00:00,136,256,265,2025-10-22
2025-10-22 07:15:00,177,353,369,2025-10-22
2025-10-22 07:30:00,190,391,406,2025-10-22
2025-10-22 07:45:00,190,401,422,2025-10-22
2025-10-22 08:00:00,201,412,434,2025-10-22
2025-10-22 08:15:00,223,423,444,2025-10-22
2025-10-22 08:30:00,219,398,421,2025-10-22
2025-10-22 08:45:00,210,358,375,2025-10-22
2025-10-22 09:00:00,236,367,382,2025-10-22
2025-10-22 09:15:00,232,349,361,2025-10-22
2025-10-22 09:30:00,245,348,368,2025-10-22
2025-10-22 09:45:00,249,349,369,2025-10-22
2025-10-22 10:00:00,248,438,461,2025-10-22
2025-10-22 10:15:00,262,544,568,2025-10-22
2025-10-22 10:30:00,237,531,546,2025-10-22
2025-10-22 10:45:00,232,538,554,2025-10-22
2025-10-22 11:00:00,200,416,431,2025-10-22
2025-10-22 11:15:00,166,286,300,2025-10-22
2025-10-22 11:30:00,161,273,288,2025-10-22
2025-10-22 11:45:00,152,262,278,2025-10-22
2025-10-22 12:00:00,176,383,397,2025-10-22
2025-10-22 12:15:00,201,509,525,2025-10-22
2025-10-22 12:30:00,198,510,540,2025-10-22
2025-10-22 12:45:00,192,510,540,2025-10-22
2025-10-22 13:00:00,157,386,416,2025-10-22
2025-10-22 13:15:00,120,269,296,2025-10-22
2025-10-22 13:30:00,119,298,313,2025-10-22
2025-10-22 13:45:00,123,308,323,2025-10-22
2025-10-22 14:00:00,117,299,317,2025-10-22
2025-10-22 14:15:00,122,302,323,2025-10-22
2025-10-22 14:30:00,121,293,313,2025-10-22
2025-10-22 14:45:00,126,301,319,2025-10-22
2025-10-22 15:00:00,137,315,329,2025-10-22
2025-10-22 15:15:00,150,315,326,2025-10-22
2025-10-22 15:30:00,176,398,409,2025-10-22
2025-10-22 15:45:00,194,481,492,2025-10-22
2025-10-22 16:00:00,212,593,607,2025-10-22
2025-10-22 16:15:00,243,716,733,2025-10-22
2025-10-22 16:30:00,283,723,747,2025-10-22
2025-10-22 16:45:00,333,779,808,2025-10-22
2025-10-22 17:00:00,395,789,845,2025-10-22
2025-10-22 17:15:00,319,588,639,2025-10-22
2025-10-22 17:30:00,307,551,596,2025-10-22
2025-10-22 17:45:00,204,333,370,2025-10-22
2025-10-22 18:00:00,204,284,294,2025-10-22
2025-10-22 18:15:00,204,284,294,2025-10-22
2025-10-22 18:30:00,122,154,159,2025-10-22
2025-10-22 18:45:00,235,292,302,2025-10-22
2025-10-22 19:00:00,113,138,143,2025-10-22
2025-10-22 19:15:00,113,138,143,2025-10-22
2025-10-22 19:30:00,194,245,259,2025-10-22
2025-10-22 19:45:00,81,107,116,2025-10-22
2025-10-22 20:00:00,145,194,207,2025-10-22
2025-10-22 20:15:00,145,194,207,2025-10-22
2025-10-22 20:30:00,115,164,171,2025-10-22
2025-10-22 20:45:00,141,217,230,2025-10-22
2025-10-22 21:00:00,105,181,191,2025-10-22
2025-10-22 21:15:00,117,214,228,2025-10-22
2025-10-22 21:30:00,77,165,177,2025-10-22
2025-10-22 21:45:00,56,135,141,2025-10-22
2025-10-22 22:00:00,31,105,112,2025-10-22
2025-10-22 22:15:00,22,91,94,2025-10-22
2025-10-22 22:30:00,25,88,92,2025-10-22
2025-10-22 22:45:00,33,86,91,2025-10-22
2025-10-22 23:00:00,76,117,122,2025-10-22
2025-10-22 23:15:00,102,128,135,2025-10-22
2025-10-22 23:30:00,88,103,108,2025-10-22
2025-10-23 05:30:00,84,127,130,2025-10-23
2025-10-23 05:45:00,76,114,116,2025-10-23
2025-10-23 06:00:00,117,169,170,2025-10-23
2025-10-23 06:15:00,98,140,141,2025-10-23
2025-10-23 06:30:00,106,164,169,2025-10-23
2025-10-23 06:45:00,173,287,302,2025-10-23
2025-10-23 07:00:00,131,261,282,2025-10-23
2025-10-23 07:15:00,176,352,375,2025-10-23
2025-10-23 07:30:00,198,390,418,2025-10-23
2025-10-23 07:45:00,180,357,384,2025-10-23
2025-10-23 08:00:00,216,388,418,2025-10-23
2025-10-23 08:15:00,234,394,423,2025-10-23
2025-10-23 08:30:00,221,359,382,2025-10-23
2025-10-23 08:45:00,243,421,440,2025-10-23
2025-10-23 09:00:00,269,491,505,2025-10-23
2025-10-23 09:15:00,297,539,555,2025-10-23
2025-10-23 09:30:00,410,702,717,2025-10-23
2025-10-23 09:45:00,476,727,739,2025-10-23
2025-10-23 10:00:00,567,755,769,2025-10-23
2025-10-23 10:15:00,610,759,771,2025-10-23
2025-10-23 10:30:00,541,623,636,2025-10-23
2025-10-23 10:45:00,607,666,686,2025-10-23
2025-10-23 11:00:00,554,620,646,2025-10-23
2025-10-23 11:15:00,458,530,560,2025-10-23
2025-10-23 11:30:00,402,489,516,2025-10-23
2025-10-23 11:45:00,220,317,336,2025-10-23
2025-10-23 12:00:00,122,219,228,2025-10-23
2025-10-23 12:15:00,111,213,222,2025-10-23
2025-10-23 12:30:00,100,211,226,2025-10-23
2025-10-23 12:45:00,102,231,250,2025-10-23
2025-10-23 13:00:00,106,247,266,2025-10-23
2025-10-23 13:15:00,112,261,277,2025-10-23
2025-10-23 13:30:00,105,256,268,2025-10-23
2025-10-23 13:45:00,102,237,250,2025-10-23
2025-10-23 14:00:00,107,258,272,2025-10-23
2025-10-23 14:15:00,112,281,297,2025-10-23
2025-10-23 14:30:00,122,283,301,2025-10-23
2025-10-23 14:45:00,137,306,323,2025-10-23
2025-10-23 15:00:00,142,306,323,2025-10-23
2025-10-23 15:15:00,137,293,313,2025-10-23
2025-10-23 15:30:00,132,302,324,2025-10-23
2025-10-23 15:45:00,135,309,334,2025-10-23
2025-10-23 16:00:00,154,331,359,2025-10-23
2025-10-23 16:15:00,187,369,395,2025-10-23
2025-10-23 16:30:00,214,393,419,2025-10-23
2025-10-23 16:45:00,232,421,451,2025-10-23
2025-10-23 17:00:00,264,456,496,2025-10-23
2025-10-23 17:15:00,198,341,376,2025-10-23
2025-10-23 17:30:00,244,481,516,2025-10-23
2025-10-23 17:45:00,188,374,397,2025-10-23
2025-10-23 18:00:00,225,482,493,2025-10-23
2025-10-23 18:15:00,225,482,493,2025-10-23
2025-10-23 18:30:00,127,251,256,2025-10-23
2025-10-23 18:45:00,236,392,402,2025-10-23
2025-10-23 19:00:00,109,141,146,2025-10-23
2025-10-23 19:15:00,183,246,259,2025-10-23
2025-10-23 19:30:00,183,246,259,2025-10-23
2025-10-23 19:45:00,136,185,200,2025-10-23
2025-10-23 20:00:00,136,185,200,2025-10-23
2025-10-23 20:15:00,118,151,161,2025-10-23
2025-10-23 20:30:00,170,225,244,2025-10-23
2025-10-23 20:45:00,125,187,204,2025-10-23
2025-10-23 21:00:00,149,229,249,2025-10-23
2025-10-23 21:15:00,135,294,311,2025-10-23
2025-10-23 21:30:00,128,382,391,2025-10-23
2025-10-23 21:45:00,129,391,400,2025-10-23
2025-10-23 22:00:00,111,367,373,2025-10-23
2025-10-23 22:15:00,77,255,262,2025-10-23
2025-10-23 22:30:00,42,114,121,2025-10-23
2025-10-23 22:45:00,33,79,83,2025-10-23
2025-10-23 23:00:00,59,103,109,2025-10-23
2025-10-23 23:15:00,81,115,120,2025-10-23
2025-10-23 23:30:00,71,94,98,2025-10-23
2025-10-24 05:30:00,99,166,173,2025-10-24
2025-10-24 05:45:00,87,146,151,2025-10-24
2025-10-24 06:00:00,106,180,184,2025-10-24
2025-10-24 06:15:00,125,208,213,2025-10-24
2025-10-24 06:30:00,89,146,151,2025-10-24
2025-10-24 06:45:00,138,243,255,2025-10-24
2025-10-24 07:00:00,128,248,262,2025-10-24
2025-10-24 07:15:00,142,275,289,2025-10-24
2025-10-24 07:30:00,185,360,383,2025-10-24
2025-10-24 07:45:00,184,354,376,2025-10-24
2025-10-24 08:00:00,204,365,390,2025-10-24
2025-10-24 08:15:00,209,362,387,2025-10-24
2025-10-24 08:30:00,199,343,364,2025-10-24
2025-10-24 08:45:00,201,334,356,2025-10-24
2025-10-24 09:00:00,206,327,345,2025-10-24
2025-10-24 09:15:00,208,322,340,2025-10-24
2025-10-24 09:30:00,232,343,361,2025-10-24
2025-10-24 09:45:00,226,336,354,2025-10-24
2025-10-24 10:00:00,205,318,339,2025-10-24
2025-10-24 10:15:00,194,300,319,2025-10-24
2025-10-24 10:30:00,170,268,283,2025-10-24
2025-10-24 10:45:00,163,252,263,2025-10-24
2025-10-24 11:00:00,171,259,271,2025-10-24
2025-10-24 11:15:00,164,268,281,2025-10-24
2025-10-24 11:30:00,170,285,299,2025-10-24
2025-10-24 11:45:00,162,289,302,2025-10-24
2025-10-24 12:00:00,145,281,291,2025-10-24
2025-10-24 12:15:00,134,268,277,2025-10-24
2025-10-24 12:30:00,114,253,265,2025-10-24
2025-10-24 12:45:00,112,259,275,2025-10-24
2025-10-24 13:00:00,109,270,287,2025-10-24
2025-10-24 13:15:00,117,300,319,2025-10-24
2025-10-24 13:30:00,134,334,355,2025-10-24
2025-10-24 13:45:00,147,361,381,2025-10-24
2025-10-24 14:00:00,156,377,398,2025-10-24
2025-10-24 14:15:00,151,373,395,2025-10-24
2025-10-24 14:30:00,136,354,377,2025-10-24
2025-10-24 14:45:00,123,332,356,2025-10-24
2025-10-24 15:00:00,115,327,347,2025-10-24
2025-10-24 15:15:00,111,315,334,2025-10-24
2025-10-24 15:30:00,120,310,323,2025-10-24
2025-10-24 15:45:00,118,295,307,2025-10-24
2025-10-24 16:00:00,133,284,300,2025-10-24
2025-10-24 16:15:00,155,311,328,2025-10-24
2025-10-24 16:30:00,162,330,355,2025-10-24
2025-10-24 16:45:00,195,361,393,2025-10-24
2025-10-24 17:00:00,235,419,458,2025-10-24
2025-10-24 17:15:00,184,315,349,2025-10-24
2025-10-24 17:30:00,209,341,377,2025-10-24
2025-10-24 17:45:00,151,251,275,2025-10-24
2025-10-24 18:00:00,165,256,299,2025-10-24
2025-10-24 18:15:00,165,256,299,2025-10-24
2025-10-24 18:30:00,103,144,175,2025-10-24
2025-10-24 18:45:00,221,297,332,2025-10-24
2025-10-24 19:00:00,118,153,157,2025-10-24
2025-10-24 19:15:00,118,153,157,2025-10-24
2025-10-24 19:30:00,178,238,248,2025-10-24
2025-10-24 19:45:00,60,85,91,2025-10-24
2025-10-24 20:00:00,146,196,209,2025-10-24
2025-10-24 20:15:00,146,196,209,2025-10-24
2025-10-24 20:30:00,150,206,219,2025-10-24
2025-10-24 20:45:00,172,253,267,2025-10-24
2025-10-24 21:00:00,111,188,200,2025-10-24
2025-10-24 21:15:00,125,225,239,2025-10-24
2025-10-24 21:30:00,72,161,170,2025-10-24
2025-10-24 21:45:00,55,134,144,2025-10-24
2025-10-24 22:00:00,33,105,113,2025-10-24
2025-10-24 22:15:00,36,124,131,2025-10-24
2025-10-24 22:30:00,41,167,175,2025-10-24
2025-10-24 22:45:00,51,201,208,2025-10-24
2025-10-24 23:00:00,74,224,231,2025-10-24
2025-10-24 23:15:00,91,207,215,2025-10-24
2025-10-24 23:30:00,75,133,139,2025-10-24
2025-10-25 05:30:00,14,36,37,2025-10-25
2025-10-25 05:45:00,14,34,34,2025-10-25
2025-10-25 06:00:00,22,45,45,2025-10-25
2025-10-25 06:15:00,34,62,64,2025-10-25
2025-10-25 06:30:00,38,71,74,2025-10-25
2025-10-25 06:45:00,61,142,150,2025-10-25
2025-10-25 07:00:00,77,207,219,2025-10-25
2025-10-25 07:15:00,84,226,242,2025-10-25
2025-10-25 07:30:00,84,232,250,2025-10-25
2025-10-25 07:45:00,77,204,219,2025-10-25
2025-10-25 08:00:00,65,162,178,2025-10-25
2025-10-25 08:15:00,52,143,154,2025-10-25
2025-10-25 08:30:00,43,130,138,2025-10-25
2025-10-25 08:45:00,32,112,122,2025-10-25
2025-10-25 09:00:00,27,108,118,2025-10-25
2025-10-25 09:15:00,33,119,128,2025-10-25
2025-10-25 09:30:00,40,190,202,2025-10-25
2025-10-25 09:45:00,50,267,277,2025-10-25
2025-10-25 10:00:00,56,267,273,2025-10-25
2025-10-25 10:15:00,53,259,265,2025-10-25
2025-10-25 10:30:00,57,210,216,2025-10-25
2025-10-25 10:45:00,54,152,158,2025-10-25
2025-10-25 11:00:00,60,170,178,2025-10-25
2025-10-25 11:15:00,58,192,203,2025-10-25
2025-10-25 11:30:00,55,206,215,2025-10-25
2025-10-25 11:45:00,52,194,202,2025-10-25
2025-10-25 12:00:00,49,171,177,2025-10-25
2025-10-25 12:15:00,51,156,160,2025-10-25
2025-10-25 12:30:00,49,137,143,2025-10-25
2025-10-25 12:45:00,52,139,147,2025-10-25
2025-10-25 13:00:00,55,158,165,2025-10-25
2025-10-25 13:15:00,60,179,187,2025-10-25
2025-10-25 13:30:00,70,227,234,2025-10-25
2025-10-25 13:45:00,72,266,274,2025-10-25
2025-10-25 14:00:00,69,265,277,2025-10-25
2025-10-25 14:15:00,65,251,266,2025-10-25
2025-10-25 14:30:00,59,215,230,2025-10-25
2025-10-25 14:45:00,59,191,207,2025-10-25
2025-10-25 15:00:00,56,198,212,2025-10-25
2025-10-25 15:15:00,55,214,224,2025-10-25
2025-10-25 15:30:00,51,219,229,2025-10-25
2025-10-25 15:45:00,45,212,218,2025-10-25
2025-10-25 16:00:00,51,215,219,2025-10-25
2025-10-25 16:15:00,62,216,223,2025-10-25
2025-10-25 16:30:00,72,216,223,2025-10-25
2025-10-25 16:45:00,75,214,230,2025-10-25
2025-10-25 17:00:00,96,223,241,2025-10-25
2025-10-25 17:15:00,72,161,175,2025-10-25
2025-10-25 17:30:00,102,214,232,2025-10-25
2025-10-25 17:45:00,91,174,182,2025-10-25
2025-10-25 18:00:00,113,225,236,2025-10-25
2025-10-25 18:15:00,113,225,236,2025-10-25
2025-10-25 18:30:00,63,120,125,2025-10-25
2025-10-25 18:45:00,124,224,243,2025-10-25
2025-10-25 19:00:00,61,104,118,2025-10-25
2025-10-25 19:15:00,61,104,118,2025-10-25
2025-10-25 19:30:00,114,195,213,2025-10-25
2025-10-25 19:45:00,53,91,95,2025-10-25
2025-10-25 20:00:00,105,172,185,2025-10-25
2025-10-25 20:15:00,105,172,185,2025-10-25
2025-10-25 20:30:00,82,142,159,2025-10-25
2025-10-25 20:45:00,111,196,222,2025-10-25
2025-10-25 21:00:00,89,161,191,2025-10-25
2025-10-25 21:15:00,115,207,242,2025-10-25
2025-10-25 21:30:00,105,192,226,2025-10-25
2025-10-25 21:45:00,86,172,203,2025-10-25
2025-10-25 22:00:00,73,172,199,2025-10-25
2025-10-25 22:15:00,64,164,189,2025-10-25
2025-10-25 22:30:00,51,139,164,2025-10-25
2025-10-25 22:45:00,53,138,162,2025-10-25
2025-10-25 23:00:00,44,115,131,2025-10-25
2025-10-25 23:15:00,48,102,120,2025-10-25
2025-10-25 23:30:00,41,81,92,2025-10-25
2025-10-26 05:30:00,22,34,37,2025-10-26
2025-10-26 05:45:00,17,25,28,2025-10-26
2025-10-26 06:00:00,27,33,36,2025-10-26
2025-10-26 06:15:00,28,35,36,2025-10-26
2025-10-26 06:30:00,25,34,34,2025-10-26
2025-10-26 06:45:00,31,45,46,2025-10-26
2025-10-26 07:00:00,31,54,55,2025-10-26
2025-10-26 07:15:00,40,78,80,2025-10-26
2025-10-26 07:30:00,48,104,106,2025-10-26
2025-10-26 07:45:00,56,127,130,2025-10-26
2025-10-26 08:00:00,62,142,146,2025-10-26
2025-10-26 08:15:00,61,147,152,2025-10-26
2025-10-26 08:30:00,58,140,147,2025-10-26
2025-10-26 08:45:00,58,151,158,2025-10-26
2025-10-26 09:00:00,51,153,160,2025-10-26
2025-10-26 09:15:00,61,158,166,2025-10-26
2025-10-26 09:30:00,80,233,239,2025-10-26
2025-10-26 09:45:00,102,296,302,2025-10-26
2025-10-26 10:00:00,105,293,301,2025-10-26
2025-10-26 10:15:00,104,293,300,2025-10-26
2025-10-26 10:30:00,96,232,241,2025-10-26
2025-10-26 10:45:00,80,169,183,2025-10-26
2025-10-26 11:00:00,84,180,193,2025-10-26
2025-10-26 11:15:00,75,178,195,2025-10-26
2025-10-26 11:30:00,85,237,255,2025-10-26
2025-10-26 11:45:00,94,287,298,2025-10-26
2025-10-26 12:00:00,95,280,291,2025-10-26
2025-10-26 12:15:00,106,291,303,2025-10-26
2025-10-26 12:30:00,99,238,247,2025-10-26
2025-10-26 12:45:00,100,205,217,2025-10-26
2025-10-26 13:00:00,106,219,231,2025-10-26
2025-10-26 13:15:00,103,220,227,2025-10-26
2025-10-26 13:30:00,102,229,237,2025-10-26
2025-10-26 13:45:00,92,215,229,2025-10-26
2025-10-26 14:00:00,93,212,225,2025-10-26
2025-10-26 14:15:00,94,204,218,2025-10-26
2025-10-26 14:30:00,101,247,261,2025-10-26
2025-10-26 14:45:00,112,305,314,2025-10-26
2025-10-26 15:00:00,104,300,311,2025-10-26
2025-10-26 15:15:00,101,299,310,2025-10-26
2025-10-26 15:30:00,83,234,246,2025-10-26
2025-10-26 15:45:00,70,168,182,2025-10-26
2025-10-26 16:00:00,77,184,201,2025-10-26
2025-10-26 16:15:00,75,199,220,2025-10-26
2025-10-26 16:30:00,85,257,279,2025-10-26
2025-10-26 16:45:00,91,311,332,2025-10-26
2025-10-26 17:00:00,102,317,343,2025-10-26
2025-10-26 17:15:00,83,257,276,2025-10-26
2025-10-26 17:30:00,62,165,181,2025-10-26
2025-10-26 17:45:00,75,142,155,2025-10-26
2025-10-26 18:00:00,104,165,171,2025-10-26
2025-10-26 18:15:00,104,165,171,2025-10-26
2025-10-26 18:30:00,104,165,171,2025-10-26
2025-10-26 18:45:00,132,195,205,2025-10-26
2025-10-26 19:00:00,65,101,107,2025-10-26
2025-10-26 19:15:00,65,101,107,2025-10-26
2025-10-26 19:30:00,106,174,182,2025-10-26
2025-10-26 19:45:00,41,73,75,2025-10-26
2025-10-26 20:00:00,41,73,75,2025-10-26
2025-10-26 20:15:00,95,147,156,2025-10-26
2025-10-26 20:30:00,54,74,81,2025-10-26
2025-10-26 20:45:00,72,109,119,2025-10-26
2025-10-26 21:00:00,72,109,119,2025-10-26
2025-10-26 21:15:00,27,66,72,2025-10-26
2025-10-26 21:30:00,39,102,111,2025-10-26
2025-10-26 21:45:00,33,96,104,2025-10-26
2025-10-26 22:00:00,44,120,130,2025-10-26
2025-10-26 22:15:00,45,109,117,2025-10-26
2025-10-26 22:30:00,42,89,94,2025-10-26
2025-10-26 22:45:00,42,76,84,2025-10-26
2025-10-26 23:00:00,46,70,77,2025-10-26
2025-10-26 23:15:00,47,63,73,2025-10-26
2025-10-26 23:30:00,38,47,57,2025-10-26
2025-10-27 05:30:00,129,207,211,2025-10-27
2025-10-27 05:45:00,118,194,198,2025-10-27
2025-10-27 06:00:00,177,311,316,2025-10-27
2025-10-27 06:15:00,231,474,482,2025-10-27
2025-10-27 06:30:00,166,349,354,2025-10-27
2025-10-27 06:45:00,282,611,624,2025-10-27
2025-10-27 07:00:00,221,524,544,2025-10-27
2025-10-27 07:15:00,205,430,451,2025-10-27
2025-10-27 07:30:00,281,606,630,2025-10-27
2025-10-27 07:45:00,246,521,537,2025-10-27
2025-10-27 08:00:00,301,625,642,2025-10-27
2025-10-27 08:15:00,332,701,717,2025-10-27
2025-10-27 08:30:00,305,600,619,2025-10-27
2025-10-27 08:45:00,304,574,596,2025-10-27
2025-10-27 09:00:00,323,603,617,2025-10-27
2025-10-27 09:15:00,335,615,630,2025-10-27
2025-10-27 09:30:00,357,668,686,2025-10-27
2025-10-27 09:45:00,325,590,609,2025-10-27
2025-10-27 10:00:00,281,473,493,2025-10-27
2025-10-27 10:15:00,237,366,386,2025-10-27
2025-10-27 10:30:00,206,306,322,2025-10-27
2025-10-27 10:45:00,202,303,318,2025-10-27
2025-10-27 11:00:00,202,347,361,2025-10-27
2025-10-27 11:15:00,190,378,394,2025-10-27
2025-10-27 11:30:00,187,367,381,2025-10-27
2025-10-27 11:45:00,173,350,362,2025-10-27
2025-10-27 12:00:00,143,279,289,2025-10-27
2025-10-27 12:15:00,135,241,250,2025-10-27
2025-10-27 12:30:00,130,251,261,2025-10-27
2025-10-27 12:45:00,127,251,263,2025-10-27
2025-10-27 13:00:00,132,260,273,2025-10-27
2025-10-27 13:15:00,133,262,273,2025-10-27
2025-10-27 13:30:00,133,279,290,2025-10-27
2025-10-27 13:45:00,135,322,333,2025-10-27
2025-10-27 14:00:00,131,341,354,2025-10-27
2025-10-27 14:15:00,124,342,356,2025-10-27
2025-10-27 14:30:00,118,323,336,2025-10-27
2025-10-27 14:45:00,114,284,300,2025-10-27
2025-10-27 15:00:00,111,260,283,2025-10-27
2025-10-27 15:15:00,111,253,277,2025-10-27
2025-10-27 15:30:00,116,253,276,2025-10-27
2025-10-27 15:45:00,130,263,288,2025-10-27
2025-10-27 16:00:00,178,404,437,2025-10-27
2025-10-27 16:15:00,246,557,586,2025-10-27
2025-10-27 16:30:00,263,571,607,2025-10-27
2025-10-27 16:45:00,284,610,641,2025-10-27
2025-10-27 17:00:00,318,571,594,2025-10-27
2025-10-27 17:15:00,218,348,370,2025-10-27
2025-10-27 17:30:00,248,393,413,2025-10-27
2025-10-27 17:45:00,188,287,304,2025-10-27
2025-10-27 18:00:00,192,278,290,2025-10-27
2025-10-27 18:15:00,192,278,290,2025-10-27
2025-10-27 18:30:00,114,154,159,2025-10-27
2025-10-27 18:45:00,229,364,371,2025-10-27
2025-10-27 19:00:00,115,210,212,2025-10-27
2025-10-27 19:15:00,115,210,212,2025-10-27
2025-10-27 19:30:00,235,417,424,2025-10-27
2025-10-27 19:45:00,120,207,212,2025-10-27
2025-10-27 20:00:00,205,315,325,2025-10-27
2025-10-27 20:15:00,205,315,325,2025-10-27
2025-10-27 20:30:00,144,188,199,2025-10-27
2025-10-27 20:45:00,164,229,240,2025-10-27
2025-10-27 21:00:00,95,156,163,2025-10-27
2025-10-27 21:15:00,105,181,189,2025-10-27
2025-10-27 21:30:00,51,130,134,2025-10-27
2025-10-27 21:45:00,36,116,121,2025-10-27
2025-10-27 22:00:00,31,111,115,2025-10-27
2025-10-27 22:15:00,27,111,115,2025-10-27
2025-10-27 22:30:00,34,107,110,2025-10-27
2025-10-27 22:45:00,45,106,110,2025-10-27
2025-10-27 23:00:00,74,137,142,2025-10-27
2025-10-27 23:15:00,84,145,150,2025-10-27
2025-10-27 23:30:00,72,120,124,2025-10-27
2025-10-28 05:30:00,103,161,169,2025-10-28
2025-10-28 05:45:00,91,145,151,2025-10-28
2025-10-28 06:00:00,116,195,198,2025-10-28
2025-10-28 06:15:00,155,333,336,2025-10-28
2025-10-28 06:30:00,121,272,274,2025-10-28
2025-10-28 06:45:00,220,523,534,2025-10-28
2025-10-28 07:00:00,224,529,550,2025-10-28
2025-10-28 07:15:00,217,442,466,2025-10-28
2025-10-28 07:30:00,291,545,577,2025-10-28
2025-10-28 07:45:00,253,402,430,2025-10-28
2025-10-28 08:00:00,269,432,455,2025-10-28
2025-10-28 08:15:00,277,434,455,2025-10-28
2025-10-28 08:30:00,253,405,420,2025-10-28
2025-10-28 08:45:00,236,372,384,2025-10-28
2025-10-28 09:00:00,232,355,364,2025-10-28
2025-10-28 09:15:00,230,350,360,2025-10-28
2025-10-28 09:30:00,236,349,366,2025-10-28
2025-10-28 09:45:00,242,345,365,2025-10-28
2025-10-28 10:00:00,233,320,346,2025-10-28
2025-10-28 10:15:00,232,317,345,2025-10-28
2025-10-28 10:30:00,215,310,331,2025-10-28
2025-10-28 10:45:00,208,309,329,2025-10-28
2025-10-28 11:00:00,213,317,333,2025-10-28
2025-10-28 11:15:00,205,354,367,2025-10-28
2025-10-28 11:30:00,215,413,431,2025-10-28
2025-10-28 11:45:00,190,389,406,2025-10-28
2025-10-28 12:00:00,150,352,370,2025-10-28
2025-10-28 12:15:00,127,288,304,2025-10-28
2025-10-28 12:30:00,103,230,241,2025-10-28
2025-10-28 12:45:00,117,256,266,2025-10-28
2025-10-28 13:00:00,146,360,368,2025-10-28
2025-10-28 13:15:00,166,459,472,2025-10-28
2025-10-28 13:30:00,184,478,497,2025-10-28
2025-10-28 13:45:00,189,498,516,2025-10-28
2025-10-28 14:00:00,161,408,429,2025-10-28
2025-10-28 14:15:00,132,309,329,2025-10-28
2025-10-28 14:30:00,106,281,296,2025-10-28
2025-10-28 14:45:00,97,259,280,2025-10-28
2025-10-28 15:00:00,121,283,305,2025-10-28
2025-10-28 15:15:00,135,305,327,2025-10-28
2025-10-28 15:30:00,153,336,361,2025-10-28
2025-10-28 15:45:00,154,343,365,2025-10-28
2025-10-28 16:00:00,148,352,371,2025-10-28
2025-10-28 16:15:00,166,370,387,2025-10-28
2025-10-28 16:30:00,174,360,379,2025-10-28
2025-10-28 16:45:00,197,372,394,2025-10-28
2025-10-28 17:00:00,269,427,455,2025-10-28
2025-10-28 17:15:00,212,324,349,2025-10-28
2025-10-28 17:30:00,256,370,400,2025-10-28
2025-10-28 17:45:00,204,281,304,2025-10-28
2025-10-28 18:00:00,197,265,289,2025-10-28
2025-10-28 18:15:00,197,265,289,2025-10-28
2025-10-28 18:30:00,110,140,151,2025-10-28
2025-10-28 18:45:00,210,273,301,2025-10-28
2025-10-28 19:00:00,100,133,150,2025-10-28
2025-10-28 19:15:00,100,133,150,2025-10-28
2025-10-28 19:30:00,190,251,272,2025-10-28
2025-10-28 19:45:00,90,118,122,2025-10-28
2025-10-28 20:00:00,90,118,122,2025-10-28
2025-10-28 20:15:00,185,229,237,2025-10-28
2025-10-28 20:30:00,95,111,115,2025-10-28
2025-10-28 20:45:00,141,168,180,2025-10-28
2025-10-28 21:00:00,175,284,299,2025-10-28
2025-10-28 21:15:00,107,288,303,2025-10-28
2025-10-28 21:30:00,112,314,331,2025-10-28
2025-10-28 21:45:00,71,281,292,2025-10-28
2025-10-28 22:00:00,45,195,207,2025-10-28
2025-10-28 22:15:00,25,105,113,2025-10-28
2025-10-28 22:30:00,33,102,108,2025-10-28
2025-10-28 22:45:00,40,99,104,2025-10-28
2025-10-28 23:00:00,57,101,104,2025-10-28
2025-10-28 23:15:00,62,92,97,2025-10-28
2025-10-28 23:30:00,49,69,74,2025-10-28
2025-10-29 05:30:00,129,339,346,2025-10-29
2025-10-29 05:45:00,116,318,324,2025-10-29
2025-10-29 06:00:00,145,331,340,2025-10-29
2025-10-29 06:15:00,107,205,212,2025-10-29
2025-10-29 06:30:00,107,163,169,2025-10-29
2025-10-29 06:45:00,175,264,273,2025-10-29
2025-10-29 07:00:00,162,253,261,2025-10-29
2025-10-29 07:15:00,220,340,360,2025-10-29
2025-10-29 07:30:00,229,361,383,2025-10-29
2025-10-29 07:45:00,213,343,368,2025-10-29
2025-10-29 08:00:00,239,372,399,2025-10-29
2025-10-29 08:15:00,254,393,413,2025-10-29
2025-10-29 08:30:00,257,384,410,2025-10-29
2025-10-29 08:45:00,265,393,416,2025-10-29
2025-10-29 09:00:00,256,377,402,2025-10-29
2025-10-29 09:15:00,249,359,388,2025-10-29
2025-10-29 09:30:00,249,369,393,2025-10-29
2025-10-29 09:45:00,232,357,385,2025-10-29
2025-10-29 10:00:00,208,331,357,2025-10-29
2025-10-29 10:15:00,193,316,339,2025-10-29
2025-10-29 10:30:00,174,287,308,2025-10-29
2025-10-29 10:45:00,167,263,278,2025-10-29
2025-10-29 11:00:00,178,273,289,2025-10-29
2025-10-29 11:15:00,168,273,286,2025-10-29
2025-10-29 11:30:00,166,270,281,2025-10-29
2025-10-29 11:45:00,157,259,270,2025-10-29
2025-10-29 12:00:00,129,228,234,2025-10-29
2025-10-29 12:15:00,119,209,214,2025-10-29
2025-10-29 12:30:00,109,193,201,2025-10-29
2025-10-29 12:45:00,165,363,372,2025-10-29
2025-10-29 13:00:00,217,580,593,2025-10-29
2025-10-29 13:15:00,261,684,700,2025-10-29
2025-10-29 13:30:00,259,724,742,2025-10-29
2025-10-29 13:45:00,198,590,614,2025-10-29
2025-10-29 14:00:00,155,400,422,2025-10-29
2025-10-29 14:15:00,121,336,359,2025-10-29
2025-10-29 14:30:00,126,348,369,2025-10-29
2025-10-29 14:45:00,135,351,367,2025-10-29
2025-10-29 15:00:00,143,358,376,2025-10-29
2025-10-29 15:15:00,135,338,355,2025-10-29
2025-10-29 15:30:00,135,305,325,2025-10-29
2025-10-29 15:45:00,133,285,311,2025-10-29
2025-10-29 16:00:00,133,298,324,2025-10-29
2025-10-29 16:15:00,160,335,366,2025-10-29
2025-10-29 16:30:00,176,366,395,2025-10-29
2025-10-29 16:45:00,215,417,448,2025-10-29
2025-10-29 17:00:00,290,479,526,2025-10-29
2025-10-29 17:15:00,230,366,403,2025-10-29
2025-10-29 17:30:00,268,393,435,2025-10-29
2025-10-29 17:45:00,200,278,309,2025-10-29
2025-10-29 18:00:00,190,263,283,2025-10-29
2025-10-29 18:15:00,190,263,283,2025-10-29
2025-10-29 18:30:00,107,142,152,2025-10-29
2025-10-29 18:45:00,231,295,311,2025-10-29
2025-10-29 19:00:00,124,153,159,2025-10-29
2025-10-29 19:15:00,124,153,159,2025-10-29
2025-10-29 19:30:00,221,326,337,2025-10-29
2025-10-29 19:45:00,97,173,178,2025-10-29
2025-10-29 20:00:00,97,173,178,2025-10-29
2025-10-29 20:15:00,193,342,352,2025-10-29
2025-10-29 20:30:00,131,233,246,2025-10-29
2025-10-29 20:45:00,131,233,246,2025-10-29
2025-10-29 21:00:00,149,279,298,2025-10-29
2025-10-29 21:15:00,69,146,165,2025-10-29
2025-10-29 21:30:00,45,111,124,2025-10-29
2025-10-29 21:45:00,50,129,147,2025-10-29
2025-10-29 22:00:00,42,106,119,2025-10-29
2025-10-29 22:15:00,32,87,99,2025-10-29
2025-10-29 22:30:00,25,67,77,2025-10-29
2025-10-29 22:45:00,22,58,69,2025-10-29
2025-10-29 23:00:00,17,48,77,2025-10-29
2025-10-29 23:15:00,18,41,85,2025-10-29
2025-10-29 23:30:00,14,32,76,2025-10-29
2025-10-30 05:30:00,124,209,220,2025-10-30
2025-10-30 05:45:00,95,177,184,2025-10-30
2025-10-30 06:00:00,129,212,217,2025-10-30
2025-10-30 06:15:00,152,225,234,2025-10-30
2025-10-30 06:30:00,107,157,164,2025-10-30
2025-10-30 06:45:00,202,380,391,2025-10-30
2025-10-30 07:00:00,209,463,478,2025-10-30
2025-10-30 07:15:00,230,493,509,2025-10-30
2025-10-30 07:30:00,288,591,615,2025-10-30
2025-10-30 07:45:00,250,481,512,2025-10-30
2025-10-30 08:00:00,236,417,451,2025-10-30
2025-10-30 08:15:00,248,439,474,2025-10-30
2025-10-30 08:30:00,230,411,445,2025-10-30
2025-10-30 08:45:00,228,372,401,2025-10-30
2025-10-30 09:00:00,241,350,379,2025-10-30
2025-10-30 09:15:00,261,410,432,2025-10-30
2025-10-30 09:30:00,307,505,525,2025-10-30
2025-10-30 09:45:00,301,517,539,2025-10-30
2025-10-30 10:00:00,284,517,535,2025-10-30
2025-10-30 10:15:00,255,430,454,2025-10-30
2025-10-30 10:30:00,219,344,368,2025-10-30
2025-10-30 10:45:00,208,331,352,2025-10-30
2025-10-30 11:00:00,209,334,361,2025-10-30
2025-10-30 11:15:00,193,386,410,2025-10-30
2025-10-30 11:30:00,196,446,471,2025-10-30
2025-10-30 11:45:00,190,435,462,2025-10-30
2025-10-30 12:00:00,159,412,433,2025-10-30
2025-10-30 12:15:00,153,367,385,2025-10-30
2025-10-30 12:30:00,134,311,328,2025-10-30
2025-10-30 12:45:00,145,411,430,2025-10-30
2025-10-30 13:00:00,165,503,524,2025-10-30
2025-10-30 13:15:00,155,495,520,2025-10-30
2025-10-30 13:30:00,150,500,523,2025-10-30
2025-10-30 13:45:00,153,433,450,2025-10-30
2025-10-30 14:00:00,139,344,362,2025-10-30
2025-10-30 14:15:00,139,331,350,2025-10-30
2025-10-30 14:30:00,136,300,320,2025-10-30
2025-10-30 14:45:00,119,267,286,2025-10-30
2025-10-30 15:00:00,118,259,278,2025-10-30
2025-10-30 15:15:00,117,246,261,2025-10-30
2025-10-30 15:30:00,114,247,261,2025-10-30
2025-10-30 15:45:00,121,262,275,2025-10-30
2025-10-30 16:00:00,161,380,392,2025-10-30
2025-10-30 16:15:00,205,505,516,2025-10-30
2025-10-30 16:30:00,255,631,647,2025-10-30
2025-10-30 16:45:00,283,724,747,2025-10-30
2025-10-30 17:00:00,307,673,710,2025-10-30
2025-10-30 17:15:00,233,489,524,2025-10-30
2025-10-30 17:30:00,227,431,470,2025-10-30
2025-10-30 17:45:00,163,261,292,2025-10-30
2025-10-30 18:00:00,171,282,311,2025-10-30
2025-10-30 18:15:00,171,282,311,2025-10-30
2025-10-30 18:30:00,104,156,173,2025-10-30
2025-10-30 18:45:00,233,412,452,2025-10-30
2025-10-30 19:00:00,129,256,279,2025-10-30
2025-10-30 19:15:00,129,256,279,2025-10-30
2025-10-30 19:30:00,258,506,535,2025-10-30
2025-10-30 19:45:00,129,250,256,2025-10-30
2025-10-30 20:00:00,129,250,256,2025-10-30
2025-10-30 20:15:00,199,351,372,2025-10-30
2025-10-30 20:30:00,118,173,195,2025-10-30
2025-10-30 20:45:00,118,173,195,2025-10-30
2025-10-30 21:00:00,151,229,261,2025-10-30
2025-10-30 21:15:00,96,163,182,2025-10-30
2025-10-30 21:30:00,59,115,129,2025-10-30
2025-10-30 21:45:00,66,135,151,2025-10-30
2025-10-30 22:00:00,43,103,111,2025-10-30
2025-10-30 22:15:00,29,85,92,2025-10-30
2025-10-30 22:30:00,21,82,91,2025-10-30
2025-10-30 22:45:00,19,84,104,2025-10-30
2025-10-30 23:00:00,16,80,131,2025-10-30
2025-10-30 23:15:00,24,78,162,2025-10-30
2025-10-30 23:30:00,21,57,137,2025-10-30
2025-10-31 05:30:00,100,172,177,2025-10-31
2025-10-31 05:45:00,86,157,159,2025-10-31
2025-10-31 06:00:00,108,178,181,2025-10-31
2025-10-31 06:15:00,118,180,184,2025-10-31
2025-10-31 06:30:00,134,201,207,2025-10-31
2025-10-31 06:45:00,166,261,269,2025-10-31
2025-10-31 07:00:00,158,264,280,2025-10-31
2025-10-31 07:15:00,186,309,326,2025-10-31
2025-10-31 07:30:00,204,334,353,2025-10-31
2025-10-31 07:45:00,220,357,380,2025-10-31
2025-10-31 08:00:00,244,393,414,2025-10-31
2025-10-31 08:15:00,255,394,416,2025-10-31
2025-10-31 08:30:00,236,365,387,2025-10-31
2025-10-31 08:45:00,242,361,384,2025-10-31
2025-10-31 09:00:00,238,339,357,2025-10-31
2025-10-31 09:15:00,230,316,331,2025-10-31
2025-10-31 09:30:00,237,320,336,2025-10-31
2025-10-31 09:45:00,222,307,322,2025-10-31
2025-10-31 10:00:00,220,300,318,2025-10-31
2025-10-31 10:15:00,214,301,320,2025-10-31
2025-10-31 10:30:00,195,298,314,2025-10-31
2025-10-31 10:45:00,188,297,311,2025-10-31
2025-10-31 11:00:00,171,283,297,2025-10-31
2025-10-31 11:15:00,160,284,300,2025-10-31
2025-10-31 11:30:00,175,296,311,2025-10-31
2025-10-31 11:45:00,175,283,300,2025-10-31
2025-10-31 12:00:00,163,274,293,2025-10-31
2025-10-31 12:15:00,151,264,282,2025-10-31
2025-10-31 12:30:00,128,241,260,2025-10-31
2025-10-31 12:45:00,123,245,261,2025-10-31
2025-10-31 13:00:00,132,272,284,2025-10-31
2025-10-31 13:15:00,130,281,294,2025-10-31
2025-10-31 13:30:00,124,277,293,2025-10-31
2025-10-31 13:45:00,122,295,312,2025-10-31
2025-10-31 14:00:00,108,299,317,2025-10-31
2025-10-31 14:15:00,103,290,310,2025-10-31
2025-10-31 14:30:00,111,313,330,2025-10-31
2025-10-31 14:45:00,112,326,344,2025-10-31
2025-10-31 15:00:00,123,338,357,2025-10-31
2025-10-31 15:15:00,153,468,482,2025-10-31
2025-10-31 15:30:00,195,583,598,2025-10-31
2025-10-31 15:45:00,193,560,576,2025-10-31
2025-10-31 16:00:00,191,537,558,2025-10-31
2025-10-31 16:15:00,177,422,451,2025-10-31
2025-10-31 16:30:00,139,308,342,2025-10-31
2025-10-31 16:45:00,177,348,382,2025-10-31
2025-10-31 17:00:00,241,405,433,2025-10-31
2025-10-31 17:15:00,197,320,339,2025-10-31
2025-10-31 17:30:00,163,241,251,2025-10-31
2025-10-31 17:45:00,160,230,242,2025-10-31
2025-10-31 18:00:00,150,221,239,2025-10-31
2025-10-31 18:15:00,150,221,239,2025-10-31
2025-10-31 18:30:00,150,221,239,2025-10-31
2025-10-31 18:45:00,204,275,287,2025-10-31
2025-10-31 19:00:00,113,147,149,2025-10-31
2025-10-31 19:15:00,113,147,149,2025-10-31
2025-10-31 19:30:00,200,312,320,2025-10-31
2025-10-31 19:45:00,87,165,171,2025-10-31
2025-10-31 20:00:00,87,165,171,2025-10-31
2025-10-31 20:15:00,173,332,342,2025-10-31
2025-10-31 20:30:00,139,281,289,2025-10-31
2025-10-31 20:45:00,139,281,289,2025-10-31
2025-10-31 21:00:00,178,373,382,2025-10-31
2025-10-31 21:15:00,109,277,284,2025-10-31
2025-10-31 21:30:00,75,242,245,2025-10-31
2025-10-31 21:45:00,81,271,278,2025-10-31
2025-10-31 22:00:00,53,213,221,2025-10-31
2025-10-31 22:15:00,41,170,179,2025-10-31
2025-10-31 22:30:00,28,116,126,2025-10-31
2025-10-31 22:45:00,30,109,118,2025-10-31
2025-10-31 23:00:00,45,110,118,2025-10-31
2025-10-31 23:15:00,70,115,122,2025-10-31
2025-10-31 23:30:00,64,90,96,2025-10-31
2025-11-01 05:30:00,28,104,106,2025-11-01
2025-11-01 05:45:00,23,94,94,2025-11-01
2025-11-01 06:00:00,28,76,76,2025-11-01
2025-11-01 06:15:00,28,53,54,2025-11-01
2025-11-01 06:30:00,28,59,60,2025-11-01
2025-11-01 06:45:00,36,85,86,2025-11-01
2025-11-01 07:00:00,39,92,94,2025-11-01
2025-11-01 07:15:00,49,107,110,2025-11-01
2025-11-01 07:30:00,51,109,114,2025-11-01
2025-11-01 07:45:00,56,119,126,2025-11-01
2025-11-01 08:00:00,58,133,140,2025-11-01
2025-11-01 08:15:00,55,134,140,2025-11-01
2025-11-01 08:30:00,57,136,140,2025-11-01
2025-11-01 08:45:00,65,139,145,2025-11-01
2025-11-01 09:00:00,70,138,146,2025-11-01
2025-11-01 09:15:00,79,152,159,2025-11-01
2025-11-01 09:30:00,94,170,179,2025-11-01
2025-11-01 09:45:00,98,181,187,2025-11-01
2025-11-01 10:00:00,103,202,209,2025-11-01
2025-11-01 10:15:00,101,210,221,2025-11-01
2025-11-01 10:30:00,95,219,229,2025-11-01
2025-11-01 10:45:00,104,234,246,2025-11-01
2025-11-01 11:00:00,131,335,344,2025-11-01
2025-11-01 11:15:00,150,428,434,2025-11-01
2025-11-01 11:30:00,141,411,422,2025-11-01
2025-11-01 11:45:00,119,393,402,2025-11-01
2025-11-01 12:00:00,88,285,295,2025-11-01
2025-11-01 12:15:00,61,185,196,2025-11-01
2025-11-01 12:30:00,68,212,219,2025-11-01
2025-11-01 12:45:00,79,234,245,2025-11-01
2025-11-01 13:00:00,78,238,249,2025-11-01
2025-11-01 13:15:00,83,250,265,2025-11-01
2025-11-01 13:30:00,93,252,267,2025-11-01
2025-11-01 13:45:00,97,245,262,2025-11-01
2025-11-01 14:00:00,113,318,335,2025-11-01
2025-11-01 14:15:00,128,386,400,2025-11-01
2025-11-01 14:30:00,110,362,378,2025-11-01
2025-11-01 14:45:00,101,349,362,2025-11-01
2025-11-01 15:00:00,91,282,295,2025-11-01
2025-11-01 15:15:00,76,212,229,2025-11-01
2025-11-01 15:30:00,83,226,241,2025-11-01
2025-11-01 15:45:00,90,239,256,2025-11-01
2025-11-01 16:00:00,82,228,247,2025-11-01
2025-11-01 16:15:00,77,215,233,2025-11-01
2025-11-01 16:30:00,72,211,230,2025-11-01
2025-11-01 16:45:00,64,204,221,2025-11-01
2025-11-01 17:00:00,88,218,236,2025-11-01
2025-11-01 17:15:00,72,173,185,2025-11-01
2025-11-01 17:30:00,59,121,130,2025-11-01
2025-11-01 17:45:00,80,132,139,2025-11-01
2025-11-01 18:00:00,90,144,153,2025-11-01
2025-11-01 18:15:00,90,144,153,2025-11-01
2025-11-01 18:30:00,90,144,153,2025-11-01
2025-11-01 18:45:00,98,157,169,2025-11-01
2025-11-01 19:00:00,46,79,84,2025-11-01
2025-11-01 19:15:00,46,79,84,2025-11-01
2025-11-01 19:30:00,66,127,139,2025-11-01
2025-11-01 19:45:00,20,48,55,2025-11-01
2025-11-01 20:00:00,20,48,55,2025-11-01
2025-11-01 20:15:00,43,87,97,2025-11-01
2025-11-01 20:30:00,23,39,42,2025-11-01
2025-11-01 20:45:00,30,67,72,2025-11-01
2025-11-01 21:00:00,43,138,143,2025-11-01
2025-11-01 21:15:00,31,165,169,2025-11-01
2025-11-01 21:30:00,37,191,197,2025-11-01
2025-11-01 21:45:00,38,186,193,2025-11-01
2025-11-01 22:00:00,29,130,137,2025-11-01
2025-11-01 22:15:00,24,81,88,2025-11-01
2025-11-01 22:30:00,27,79,86,2025-11-01
2025-11-01 22:45:00,31,89,97,2025-11-01
2025-11-01 23:00:00,49,148,157,2025-11-01
2025-11-01 23:15:00,71,200,209,2025-11-01
2025-11-01 23:30:00,62,176,183,2025-11-01
2025-11-02 05:30:00,14,22,23,2025-11-02
2025-11-02 05:45:00,10,18,19,2025-11-02
2025-11-02 06:00:00,21,33,34,2025-11-02
2025-11-02 06:15:00,30,48,49,2025-11-02
2025-11-02 06:30:00,32,58,59,2025-11-02
2025-11-02 06:45:00,47,79,81,2025-11-02
2025-11-02 07:00:00,52,84,86,2025-11-02
2025-11-02 07:15:00,54,87,91,2025-11-02
2025-11-02 07:30:00,58,89,93,2025-11-02
2025-11-02 07:45:00,64,105,109,2025-11-02
2025-11-02 08:00:00,64,123,132,2025-11-02
2025-11-02 08:15:00,78,144,153,2025-11-02
2025-11-02 08:30:00,80,152,162,2025-11-02
2025-11-02 08:45:00,80,156,166,2025-11-02
2025-11-02 09:00:00,90,160,166,2025-11-02
2025-11-02 09:15:00,80,162,171,2025-11-02
2025-11-02 09:30:00,86,189,198,2025-11-02
2025-11-02 09:45:00,84,195,208,2025-11-02
2025-11-02 10:00:00,84,206,221,2025-11-02
2025-11-02 10:15:00,96,226,237,2025-11-02
2025-11-02 10:30:00,103,228,239,2025-11-02
2025-11-02 10:45:00,106,235,247,2025-11-02
2025-11-02 11:00:00,105,245,260,2025-11-02
2025-11-02 11:15:00,103,245,262,2025-11-02
2025-11-02 11:30:00,96,239,259,2025-11-02
2025-11-02 11:45:00,89,237,257,2025-11-02
2025-11-02 12:00:00,88,240,262,2025-11-02
2025-11-02 12:15:00,85,228,252,2025-11-02
2025-11-02 12:30:00,85,221,249,2025-11-02
2025-11-02 12:45:00,89,209,236,2025-11-02
2025-11-02 13:00:00,88,179,201,2025-11-02
2025-11-02 13:15:00,79,166,186,2025-11-02
2025-11-02 13:30:00,73,172,185,2025-11-02
2025-11-02 13:45:00,75,192,203,2025-11-02
2025-11-02 14:00:00,66,198,211,2025-11-02
2025-11-02 14:15:00,75,203,220,2025-11-02
2025-11-02 14:30:00,79,201,217,2025-11-02
2025-11-02 14:45:00,77,197,213,2025-11-02
2025-11-02 15:00:00,87,212,224,2025-11-02
2025-11-02 15:15:00,80,211,220,2025-11-02
2025-11-02 15:30:00,83,244,254,2025-11-02
2025-11-02 15:45:00,84,263,273,2025-11-02
2025-11-02 16:00:00,81,244,254,2025-11-02
2025-11-02 16:15:00,93,255,265,2025-11-02
2025-11-02 16:30:00,108,267,277,2025-11-02
2025-11-02 16:45:00,133,293,303,2025-11-02
2025-11-02 17:00:00,179,344,358,2025-11-02
2025-11-02 17:15:00,151,289,299,2025-11-02
2025-11-02 17:30:00,147,254,269,2025-11-02
2025-11-02 17:45:00,102,153,165,2025-11-02
2025-11-02 18:00:00,86,136,151,2025-11-02
2025-11-02 18:15:00,86,136,151,2025-11-02
2025-11-02 18:30:00,53,76,84,2025-11-02
2025-11-02 18:45:00,106,152,165,2025-11-02
2025-11-02 19:00:00,53,76,81,2025-11-02
2025-11-02 19:15:00,53,76,81,2025-11-02
2025-11-02 19:30:00,89,135,144,2025-11-02
2025-11-02 19:45:00,36,59,63,2025-11-02
2025-11-02 20:00:00,36,59,63,2025-11-02
2025-11-02 20:15:00,79,118,124,2025-11-02
2025-11-02 20:30:00,43,59,61,2025-11-02
2025-11-02 20:45:00,62,95,99,2025-11-02
2025-11-02 21:00:00,74,144,150,2025-11-02
2025-11-02 21:15:00,31,85,89,2025-11-02
2025-11-02 21:30:00,45,134,142,2025-11-02
2025-11-02 21:45:00,28,108,114,2025-11-02
2025-11-02 22:00:00,19,75,81,2025-11-02
2025-11-02 22:15:00,24,90,96,2025-11-02
2025-11-02 22:30:00,11,47,51,2025-11-02
2025-11-02 22:45:00,20,52,56,2025-11-02
2025-11-02 23:00:00,28,50,53,2025-11-02
2025-11-02 23:15:00,37,52,57,2025-11-02
2025-11-02 23:30:00,36,46,49,2025-11-02
2025-11-03 05:30:00,124,183,188,2025-11-03
2025-11-03 05:45:00,107,162,164,2025-11-03
2025-11-03 06:00:00,146,204,207,2025-11-03
2025-11-03 06:15:00,175,236,243,2025-11-03
2025-11-03 06:30:00,127,171,177,2025-11-03
2025-11-03 06:45:00,212,307,323,2025-11-03
2025-11-03 07:00:00,195,301,327,2025-11-03
2025-11-03 07:15:00,203,316,345,2025-11-03
2025-11-03 07:30:00,260,401,438,2025-11-03
2025-11-03 07:45:00,228,349,380,2025-11-03
2025-11-03 08:00:00,260,381,405,2025-11-03
2025-11-03 08:15:00,265,384,408,2025-11-03
2025-11-03 08:30:00,259,375,397,2025-11-03
2025-11-03 08:45:00,263,376,400,2025-11-03
2025-11-03 09:00:00,241,349,370,2025-11-03
2025-11-03 09:15:00,233,336,352,2025-11-03
2025-11-03 09:30:00,233,335,349,2025-11-03
2025-11-03 09:45:00,222,315,324,2025-11-03
2025-11-03 10:00:00,210,297,309,2025-11-03
2025-11-03 10:15:00,218,304,316,2025-11-03
2025-11-03 10:30:00,212,295,305,2025-11-03
2025-11-03 10:45:00,207,288,304,2025-11-03
2025-11-03 11:00:00,207,286,303,2025-11-03
2025-11-03 11:15:00,178,256,273,2025-11-03
2025-11-03 11:30:00,166,244,265,2025-11-03
2025-11-03 11:45:00,156,235,251,2025-11-03
2025-11-03 12:00:00,141,224,237,2025-11-03
2025-11-03 12:15:00,140,225,240,2025-11-03
2025-11-03 12:30:00,136,230,242,2025-11-03
2025-11-03 12:45:00,133,247,262,2025-11-03
2025-11-03 13:00:00,132,268,288,2025-11-03
2025-11-03 13:15:00,136,287,310,2025-11-03
2025-11-03 13:30:00,142,303,328,2025-11-03
2025-11-03 13:45:00,148,316,342,2025-11-03
2025-11-03 14:00:00,142,314,339,2025-11-03
2025-11-03 14:15:00,135,316,338,2025-11-03
2025-11-03 14:30:00,136,323,343,2025-11-03
2025-11-03 14:45:00,136,318,339,2025-11-03
2025-11-03 15:00:00,134,313,336,2025-11-03
2025-11-03 15:15:00,144,322,343,2025-11-03
2025-11-03 15:30:00,166,445,481,2025-11-03
2025-11-03 15:45:00,188,569,618,2025-11-03
2025-11-03 16:00:00,206,573,616,2025-11-03
2025-11-03 16:15:00,229,591,633,2025-11-03
2025-11-03 16:30:00,222,478,507,2025-11-03
2025-11-03 16:45:00,234,383,400,2025-11-03
2025-11-03 17:00:00,298,453,472,2025-11-03
2025-11-03 17:15:00,230,343,361,2025-11-03
2025-11-03 17:30:00,254,367,395,2025-11-03
2025-11-03 17:45:00,186,264,284,2025-11-03
2025-11-03 18:00:00,192,268,290,2025-11-03
2025-11-03 18:15:00,192,268,290,2025-11-03
2025-11-03 18:30:00,117,152,159,2025-11-03
2025-11-03 18:45:00,243,305,323,2025-11-03
2025-11-03 19:00:00,126,153,164,2025-11-03
2025-11-03 19:15:00,126,153,164,2025-11-03
2025-11-03 19:30:00,204,256,274,2025-11-03
2025-11-03 19:45:00,78,103,110,2025-11-03
2025-11-03 20:00:00,78,103,110,2025-11-03
2025-11-03 20:15:00,156,199,213,2025-11-03
2025-11-03 20:30:00,128,165,179,2025-11-03
2025-11-03 20:45:00,128,165,179,2025-11-03
2025-11-03 21:00:00,158,225,242,2025-11-03
2025-11-03 21:15:00,90,173,186,2025-11-03
2025-11-03 21:30:00,44,138,145,2025-11-03
2025-11-03 21:45:00,48,162,171,2025-11-03
2025-11-03 22:00:00,20,119,125,2025-11-03
2025-11-03 22:15:00,15,96,101,2025-11-03
2025-11-03 22:30:00,17,79,88,2025-11-03
2025-11-03 22:45:00,27,74,92,2025-11-03
2025-11-03 23:00:00,52,88,122,2025-11-03
2025-11-03 23:15:00,71,93,138,2025-11-03
2025-11-03 23:30:00,65,76,116,2025-11-03
2025-11-04 05:30:00,156,362,368,2025-11-04
2025-11-04 05:45:00,146,348,352,2025-11-04
2025-11-04 06:00:00,205,479,484,2025-11-04
2025-11-04 06:15:00,176,402,406,2025-11-04
2025-11-04 06:30:00,180,314,323,2025-11-04
2025-11-04 06:45:00,218,375,387,2025-11-04
2025-11-04 07:00:00,177,253,269,2025-11-04
2025-11-04 07:15:00,232,341,363,2025-11-04
2025-11-04 07:30:00,203,318,341,2025-11-04
2025-11-04 07:45:00,222,350,375,2025-11-04
2025-11-04 08:00:00,241,381,406,2025-11-04
2025-11-04 08:15:00,258,403,429,2025-11-04
2025-11-04 08:30:00,257,399,424,2025-11-04
2025-11-04 08:45:00,252,384,409,2025-11-04
2025-11-04 09:00:00,235,347,372,2025-11-04
2025-11-04 09:15:00,234,375,396,2025-11-04
2025-11-04 09:30:00,250,436,457,2025-11-04
2025-11-04 09:45:00,252,431,450,2025-11-04
2025-11-04 10:00:00,245,418,432,2025-11-04
2025-11-04 10:15:00,231,353,372,2025-11-04
2025-11-04 10:30:00,201,272,294,2025-11-04
2025-11-04 10:45:00,183,257,280,2025-11-04
2025-11-04 11:00:00,182,269,297,2025-11-04
2025-11-04 11:15:00,159,269,294,2025-11-04
2025-11-04 11:30:00,150,276,297,2025-11-04
2025-11-04 11:45:00,146,273,294,2025-11-04
2025-11-04 12:00:00,131,250,269,2025-11-04
2025-11-04 12:15:00,153,326,342,2025-11-04
2025-11-04 12:30:00,172,408,421,2025-11-04
2025-11-04 12:45:00,181,436,449,2025-11-04
2025-11-04 13:00:00,188,479,493,2025-11-04
2025-11-04 13:15:00,173,423,440,2025-11-04
2025-11-04 13:30:00,149,351,370,2025-11-04
2025-11-04 13:45:00,132,342,362,2025-11-04
2025-11-04 14:00:00,129,323,343,2025-11-04
2025-11-04 14:15:00,128,305,324,2025-11-04
2025-11-04 14:30:00,129,287,309,2025-11-04
2025-11-04 14:45:00,146,290,308,2025-11-04
2025-11-04 15:00:00,160,292,313,2025-11-04
2025-11-04 15:15:00,167,295,316,2025-11-04
2025-11-04 15:30:00,171,306,329,2025-11-04
2025-11-04 15:45:00,160,300,332,2025-11-04
2025-11-04 16:00:00,148,290,322,2025-11-04
2025-11-04 16:15:00,157,305,339,2025-11-04
2025-11-04 16:30:00,174,332,364,2025-11-04
2025-11-04 16:45:00,206,361,391,2025-11-04
2025-11-04 17:00:00,270,435,471,2025-11-04
2025-11-04 17:15:00,214,342,372,2025-11-04
2025-11-04 17:30:00,257,384,413,2025-11-04
2025-11-04 17:45:00,195,284,305,2025-11-04
2025-11-04 18:00:00,188,271,301,2025-11-04
2025-11-04 18:15:00,188,271,301,2025-11-04
2025-11-04 18:30:00,97,133,156,2025-11-04
2025-11-04 18:45:00,242,318,343,2025-11-04
2025-11-04 19:00:00,145,185,187,2025-11-04
2025-11-04 19:15:00,145,185,187,2025-11-04
2025-11-04 19:30:00,230,300,314,2025-11-04
2025-11-04 19:45:00,85,115,127,2025-11-04
2025-11-04 20:00:00,85,115,127,2025-11-04
2025-11-04 20:15:00,181,225,244,2025-11-04
2025-11-04 20:30:00,145,177,189,2025-11-04
2025-11-04 20:45:00,145,177,189,2025-11-04
2025-11-04 21:00:00,149,201,217,2025-11-04
2025-11-04 21:15:00,68,126,137,2025-11-04
2025-11-04 21:30:00,27,86,93,2025-11-04
2025-11-04 21:45:00,31,106,113,2025-11-04
2025-11-04 22:00:00,36,104,110,2025-11-04
2025-11-04 22:15:00,29,88,92,2025-11-04
2025-11-04 22:30:00,27,78,94,2025-11-04
2025-11-04 22:45:00,30,76,108,2025-11-04
2025-11-04 23:00:00,43,85,149,2025-11-04
2025-11-04 23:15:00,50,85,170,2025-11-04
2025-11-04 23:30:00,44,68,140,2025-11-04
2025-11-05 05:30:00,109,159,167,2025-11-05
2025-11-05 05:45:00,98,141,147,2025-11-05
2025-11-05 06:00:00,139,206,216,2025-11-05
2025-11-05 06:15:00,115,171,180,2025-11-05
2025-11-05 06:30:00,120,187,198,2025-11-05
2025-11-05 06:45:00,188,288,307,2025-11-05
2025-11-05 07:00:00,175,289,310,2025-11-05
2025-11-05 07:15:00,232,394,423,2025-11-05
2025-11-05 07:30:00,235,404,434,2025-11-05
2025-11-05 07:45:00,235,408,442,2025-11-05
2025-11-05 08:00:00,240,399,431,2025-11-05
2025-11-05 08:15:00,248,392,420,2025-11-05
2025-11-05 08:30:00,255,388,412,2025-11-05
2025-11-05 08:45:00,282,494,510,2025-11-05
2025-11-05 09:00:00,316,612,626,2025-11-05
2025-11-05 09:15:00,328,621,636,2025-11-05
2025-11-05 09:30:00,322,610,629,2025-11-05
2025-11-05 09:45:00,266,469,488,2025-11-05
2025-11-05 10:00:00,220,339,357,2025-11-05
2025-11-05 10:15:00,195,311,328,2025-11-05
2025-11-05 10:30:00,187,309,322,2025-11-05
2025-11-05 10:45:00,194,314,328,2025-11-05
2025-11-05 11:00:00,216,368,381,2025-11-05
2025-11-05 11:15:00,237,484,495,2025-11-05
2025-11-05 11:30:00,246,538,551,2025-11-05
2025-11-05 11:45:00,233,518,528,2025-11-05
2025-11-05 12:00:00,195,448,459,2025-11-05
2025-11-05 12:15:00,158,338,350,2025-11-05
2025-11-05 12:30:00,131,277,291,2025-11-05
2025-11-05 12:45:00,128,284,296,2025-11-05
2025-11-05 13:00:00,128,292,306,2025-11-05
2025-11-05 13:15:00,136,299,312,2025-11-05
2025-11-05 13:30:00,140,314,326,2025-11-05
2025-11-05 13:45:00,142,330,345,2025-11-05
2025-11-05 14:00:00,182,447,461,2025-11-05
2025-11-05 14:15:00,202,537,554,2025-11-05
2025-11-05 14:30:00,190,513,531,2025-11-05
2025-11-05 14:45:00,193,510,532,2025-11-05
2025-11-05 15:00:00,183,478,501,2025-11-05
2025-11-05 15:15:00,174,448,470,2025-11-05
2025-11-05 15:30:00,185,460,482,2025-11-05
2025-11-05 15:45:00,178,452,475,2025-11-05
2025-11-05 16:00:00,169,391,415,2025-11-05
2025-11-05 16:15:00,161,341,369,2025-11-05
2025-11-05 16:30:00,172,363,391,2025-11-05
2025-11-05 16:45:00,206,402,427,2025-11-05
2025-11-05 17:00:00,250,443,478,2025-11-05
2025-11-05 17:15:00,203,341,368,2025-11-05
2025-11-05 17:30:00,246,376,403,2025-11-05
2025-11-05 17:45:00,184,270,292,2025-11-05
2025-11-05 18:00:00,212,295,309,2025-11-05
2025-11-05 18:15:00,212,295,309,2025-11-05
2025-11-05 18:30:00,127,165,172,2025-11-05
2025-11-05 18:45:00,260,332,345,2025-11-05
2025-11-05 19:00:00,133,167,173,2025-11-05
2025-11-05 19:15:00,133,167,173,2025-11-05
2025-11-05 19:30:00,241,358,369,2025-11-05
2025-11-05 19:45:00,108,191,196,2025-11-05
2025-11-05 20:00:00,108,191,196,2025-11-05
2025-11-05 20:15:00,229,384,394,2025-11-05
2025-11-05 20:30:00,121,193,198,2025-11-05
2025-11-05 20:45:00,162,251,260,2025-11-05
2025-11-05 21:00:00,172,279,289,2025-11-05
2025-11-05 21:15:00,66,123,133,2025-11-05
2025-11-05 21:30:00,74,148,159,2025-11-05
2025-11-05 21:45:00,38,108,118,2025-11-05
2025-11-05 22:00:00,33,100,109,2025-11-05
2025-11-05 22:15:00,26,83,87,2025-11-05
2025-11-05 22:30:00,27,76,81,2025-11-05
2025-11-05 22:45:00,33,74,92,2025-11-05
2025-11-05 23:00:00,52,83,123,2025-11-05
2025-11-05 23:15:00,59,82,142,2025-11-05
2025-11-05 23:30:00,50,64,122,2025-11-05
2025-11-06 05:30:00,90,123,130,2025-11-06
2025-11-06 05:45:00,82,111,115,2025-11-06
2025-11-06 06:00:00,124,172,179,2025-11-06
2025-11-06 06:15:00,105,145,150,2025-11-06
2025-11-06 06:30:00,118,176,181,2025-11-06
2025-11-06 06:45:00,206,320,337,2025-11-06
2025-11-06 07:00:00,193,324,345,2025-11-06
2025-11-06 07:15:00,241,420,448,2025-11-06
2025-11-06 07:30:00,260,452,482,2025-11-06
2025-11-06 07:45:00,225,405,430,2025-11-06
2025-11-06 08:00:00,230,412,437,2025-11-06
2025-11-06 08:15:00,253,430,458,2025-11-06
2025-11-06 08:30:00,238,401,431,2025-11-06
2025-11-06 08:45:00,223,367,397,2025-11-06
2025-11-06 09:00:00,222,348,375,2025-11-06
2025-11-06 09:15:00,215,319,344,2025-11-06
2025-11-06 09:30:00,229,315,335,2025-11-06
2025-11-06 09:45:00,238,310,326,2025-11-06
2025-11-06 10:00:00,224,287,301,2025-11-06
2025-11-06 10:15:00,209,274,288,2025-11-06
2025-11-06 10:30:00,189,264,280,2025-11-06
2025-11-06 10:45:00,172,262,277,2025-11-06
2025-11-06 11:00:00,204,357,373,2025-11-06
2025-11-06 11:15:00,223,498,508,2025-11-06
2025-11-06 11:30:00,247,587,599,2025-11-06
2025-11-06 11:45:00,247,584,597,2025-11-06
2025-11-06 12:00:00,197,485,502,2025-11-06
2025-11-06 12:15:00,166,350,369,2025-11-06
2025-11-06 12:30:00,125,253,274,2025-11-06
2025-11-06 12:45:00,134,269,295,2025-11-06
2025-11-06 13:00:00,139,288,313,2025-11-06
2025-11-06 13:15:00,138,302,330,2025-11-06
2025-11-06 13:30:00,148,338,362,2025-11-06
2025-11-06 13:45:00,157,366,393,2025-11-06
2025-11-06 14:00:00,165,366,389,2025-11-06
2025-11-06 14:15:00,170,362,384,2025-11-06
2025-11-06 14:30:00,161,339,362,2025-11-06
2025-11-06 14:45:00,178,418,433,2025-11-06
2025-11-06 15:00:00,207,522,538,2025-11-06
2025-11-06 15:15:00,205,524,546,2025-11-06
2025-11-06 15:30:00,210,530,554,2025-11-06
2025-11-06 15:45:00,173,416,444,2025-11-06
2025-11-06 16:00:00,154,324,352,2025-11-06
2025-11-06 16:15:00,168,336,361,2025-11-06
2025-11-06 16:30:00,189,360,388,2025-11-06
2025-11-06 16:45:00,219,399,437,2025-11-06
2025-11-06 17:00:00,294,482,523,2025-11-06
2025-11-06 17:15:00,241,380,412,2025-11-06
2025-11-06 17:30:00,303,497,528,2025-11-06
2025-11-06 17:45:00,245,396,410,2025-11-06
2025-11-06 18:00:00,264,466,478,2025-11-06
2025-11-06 18:15:00,264,466,478,2025-11-06
2025-11-06 18:30:00,147,246,250,2025-11-06
2025-11-06 18:45:00,279,415,434,2025-11-06
2025-11-06 19:00:00,132,169,184,2025-11-06
2025-11-06 19:15:00,132,169,184,2025-11-06
2025-11-06 19:30:00,231,301,323,2025-11-06
2025-11-06 19:45:00,99,132,139,2025-11-06
2025-11-06 20:00:00,99,132,139,2025-11-06
2025-11-06 20:15:00,179,248,264,2025-11-06
2025-11-06 20:30:00,128,198,208,2025-11-06
2025-11-06 20:45:00,128,198,208,2025-11-06
2025-11-06 21:00:00,145,237,249,2025-11-06
2025-11-06 21:15:00,70,144,147,2025-11-06
2025-11-06 21:30:00,29,81,83,2025-11-06
2025-11-06 21:45:00,30,93,96,2025-11-06
2025-11-06 22:00:00,16,69,71,2025-11-06
2025-11-06 22:15:00,18,65,67,2025-11-06
2025-11-06 22:30:00,16,61,71,2025-11-06
2025-11-06 22:45:00,22,64,82,2025-11-06
2025-11-06 23:00:00,40,77,120,2025-11-06
2025-11-06 23:15:00,46,74,134,2025-11-06
2025-11-06 23:30:00,41,59,111,2025-11-06
2025-11-07 05:30:00,89,174,181,2025-11-07
2025-11-07 05:45:00,82,164,167,2025-11-07
2025-11-07 06:00:00,98,172,175,2025-11-07
2025-11-07 06:15:00,115,181,185,2025-11-07
2025-11-07 06:30:00,118,196,204,2025-11-07
2025-11-07 06:45:00,141,262,273,2025-11-07
2025-11-07 07:00:00,139,293,311,2025-11-07
2025-11-07 07:15:00,145,317,337,2025-11-07
2025-11-07 07:30:00,152,336,356,2025-11-07
2025-11-07 07:45:00,187,375,398,2025-11-07
2025-11-07 08:00:00,224,391,411,2025-11-07
2025-11-07 08:15:00,252,407,433,2025-11-07
2025-11-07 08:30:00,244,380,405,2025-11-07
2025-11-07 08:45:00,233,343,365,2025-11-07
2025-11-07 09:00:00,221,329,350,2025-11-07
2025-11-07 09:15:00,214,364,381,2025-11-07
2025-11-07 09:30:00,248,443,463,2025-11-07
2025-11-07 09:45:00,252,449,472,2025-11-07
2025-11-07 10:00:00,248,440,464,2025-11-07
2025-11-07 10:15:00,253,404,425,2025-11-07
2025-11-07 10:30:00,217,326,345,2025-11-07
2025-11-07 10:45:00,204,318,338,2025-11-07
2025-11-07 11:00:00,202,322,344,2025-11-07
2025-11-07 11:15:00,176,295,314,2025-11-07
2025-11-07 11:30:00,187,316,337,2025-11-07
2025-11-07 11:45:00,181,321,337,2025-11-07
2025-11-07 12:00:00,164,300,311,2025-11-07
2025-11-07 12:15:00,157,303,315,2025-11-07
2025-11-07 12:30:00,143,295,305,2025-11-07
2025-11-07 12:45:00,140,289,302,2025-11-07
2025-11-07 13:00:00,143,299,315,2025-11-07
2025-11-07 13:15:00,148,314,333,2025-11-07
2025-11-07 13:30:00,154,342,361,2025-11-07
2025-11-07 13:45:00,153,354,370,2025-11-07
2025-11-07 14:00:00,144,359,372,2025-11-07
2025-11-07 14:15:00,136,353,366,2025-11-07
2025-11-07 14:30:00,128,326,342,2025-11-07
2025-11-07 14:45:00,126,323,345,2025-11-07
2025-11-07 15:00:00,120,320,347,2025-11-07
2025-11-07 15:15:00,121,327,359,2025-11-07
2025-11-07 15:30:00,117,335,363,2025-11-07
2025-11-07 15:45:00,125,349,375,2025-11-07
2025-11-07 16:00:00,143,362,384,2025-11-07
2025-11-07 16:15:00,158,357,376,2025-11-07
2025-11-07 16:30:00,171,352,374,2025-11-07
2025-11-07 16:45:00,209,380,400,2025-11-07
2025-11-07 17:00:00,266,436,470,2025-11-07
2025-11-07 17:15:00,214,345,373,2025-11-07
2025-11-07 17:30:00,257,388,416,2025-11-07
2025-11-07 17:45:00,185,272,296,2025-11-07
2025-11-07 18:00:00,196,267,281,2025-11-07
2025-11-07 18:15:00,196,267,281,2025-11-07
2025-11-07 18:30:00,114,144,151,2025-11-07
2025-11-07 18:45:00,217,283,300,2025-11-07
2025-11-07 19:00:00,103,139,149,2025-11-07
2025-11-07 19:15:00,103,139,149,2025-11-07
2025-11-07 19:30:00,173,246,260,2025-11-07
2025-11-07 19:45:00,70,107,111,2025-11-07
2025-11-07 20:00:00,153,212,221,2025-11-07
2025-11-07 20:15:00,153,212,221,2025-11-07
2025-11-07 20:30:00,139,181,195,2025-11-07
2025-11-07 20:45:00,165,230,250,2025-11-07
2025-11-07 21:00:00,90,157,175,2025-11-07
2025-11-07 21:15:00,106,193,213,2025-11-07
2025-11-07 21:30:00,66,181,194,2025-11-07
2025-11-07 21:45:00,60,203,211,2025-11-07
2025-11-07 22:00:00,58,200,206,2025-11-07
2025-11-07 22:15:00,52,197,202,2025-11-07
2025-11-07 22:30:00,37,150,161,2025-11-07
2025-11-07 22:45:00,22,96,118,2025-11-07
2025-11-07 23:00:00,20,82,134,2025-11-07
2025-11-07 23:15:00,26,71,148,2025-11-07
2025-11-07 23:30:00,25,54,123,2025-11-07
2025-11-08 05:30:00,10,49,63,2025-11-08
2025-11-08 05:45:00,5,42,52,2025-11-08
2025-11-08 06:00:00,12,90,101,2025-11-08
2025-11-08 06:15:00,22,139,151,2025-11-08
2025-11-08 06:30:00,25,141,153,2025-11-08
2025-11-08 06:45:00,36,160,175,2025-11-08
2025-11-08 07:00:00,43,125,139,2025-11-08
2025-11-08 07:15:00,51,99,114,2025-11-08
2025-11-08 07:30:00,61,124,142,2025-11-08
2025-11-08 07:45:00,69,145,161,2025-11-08
2025-11-08 08:00:00,80,158,175,2025-11-08
2025-11-08 08:15:00,81,162,178,2025-11-08
2025-11-08 08:30:00,84,161,173,2025-11-08
2025-11-08 08:45:00,75,150,169,2025-11-08
2025-11-08 09:00:00,71,155,170,2025-11-08
2025-11-08 09:15:00,77,159,172,2025-11-08
2025-11-08 09:30:00,72,150,165,2025-11-08
2025-11-08 09:45:00,73,152,164,2025-11-08
2025-11-08 10:00:00,66,141,156,2025-11-08
2025-11-08 10:15:00,59,139,154,2025-11-08
2025-11-08 10:30:00,60,152,167,2025-11-08
2025-11-08 10:45:00,61,163,174,2025-11-08
2025-11-08 11:00:00,69,182,193,2025-11-08
2025-11-08 11:15:00,81,203,212,2025-11-08
2025-11-08 11:30:00,122,334,343,2025-11-08
2025-11-08 11:45:00,162,450,459,2025-11-08
2025-11-08 12:00:00,157,436,448,2025-11-08
2025-11-08 12:15:00,144,421,437,2025-11-08
2025-11-08 12:30:00,104,304,319,2025-11-08
2025-11-08 12:45:00,66,195,214,2025-11-08
2025-11-08 13:00:00,61,202,215,2025-11-08
2025-11-08 13:15:00,66,211,221,2025-11-08
2025-11-08 13:30:00,72,205,215,2025-11-08
2025-11-08 13:45:00,75,212,225,2025-11-08
2025-11-08 14:00:00,81,223,236,2025-11-08
2025-11-08 14:15:00,78,224,237,2025-11-08
2025-11-08 14:30:00,73,220,235,2025-11-08
2025-11-08 14:45:00,81,211,218,2025-11-08
2025-11-08 15:00:00,83,198,207,2025-11-08
2025-11-08 15:15:00,82,186,193,2025-11-08
2025-11-08 15:30:00,77,181,187,2025-11-08
2025-11-08 15:45:00,70,187,193,2025-11-08
2025-11-08 16:00:00,65,189,195,2025-11-08
2025-11-08 16:15:00,80,197,207,2025-11-08
2025-11-08 16:30:00,98,262,272,2025-11-08
2025-11-08 16:45:00,116,317,333,2025-11-08
2025-11-08 17:00:00,171,392,407,2025-11-08
2025-11-08 17:15:00,136,336,347,2025-11-08
2025-11-08 17:30:00,107,230,238,2025-11-08
2025-11-08 17:45:00,128,235,240,2025-11-08
2025-11-08 18:00:00,107,192,199,2025-11-08
2025-11-08 18:15:00,107,192,199,2025-11-08
2025-11-08 18:30:00,107,192,199,2025-11-08
2025-11-08 18:45:00,106,160,171,2025-11-08
2025-11-08 19:00:00,56,81,88,2025-11-08
2025-11-08 19:15:00,56,81,88,2025-11-08
2025-11-08 19:30:00,84,127,134,2025-11-08
2025-11-08 19:45:00,28,46,46,2025-11-08
2025-11-08 20:00:00,28,46,46,2025-11-08
2025-11-08 20:15:00,48,81,82,2025-11-08
2025-11-08 20:30:00,20,35,36,2025-11-08
2025-11-08 20:45:00,29,57,58,2025-11-08
2025-11-08 21:00:00,35,82,83,2025-11-08
2025-11-08 21:15:00,18,68,69,2025-11-08
2025-11-08 21:30:00,33,139,142,2025-11-08
2025-11-08 21:45:00,38,181,185,2025-11-08
2025-11-08 22:00:00,37,166,172,2025-11-08
2025-11-08 22:15:00,41,161,168,2025-11-08
2025-11-08 22:30:00,33,106,111,2025-11-08
2025-11-08 22:45:00,25,58,63,2025-11-08
2025-11-08 23:00:00,35,72,77,2025-11-08
2025-11-08 23:15:00,41,72,75,2025-11-08
2025-11-08 23:30:00,34,56,59,2025-11-08
2025-11-09 05:30:00,26,36,38,2025-11-09
2025-11-09 05:45:00,20,29,30,2025-11-09
2025-11-09 06:00:00,31,43,44,2025-11-09
2025-11-09 06:15:00,37,48,49,2025-11-09
2025-11-09 06:30:00,43,54,55,2025-11-09
2025-11-09 06:45:00,56,84,87,2025-11-09
2025-11-09 07:00:00,56,99,103,2025-11-09
2025-11-09 07:15:00,72,125,130,2025-11-09
2025-11-09 07:30:00,73,141,145,2025-11-09
2025-11-09 07:45:00,85,168,173,2025-11-09
2025-11-09 08:00:00,100,193,199,2025-11-09
2025-11-09 08:15:00,85,197,207,2025-11-09
2025-11-09 08:30:00,84,202,213,2025-11-09
2025-11-09 08:45:00,92,203,214,2025-11-09
2025-11-09 09:00:00,89,205,218,2025-11-09
2025-11-09 09:15:00,130,280,291,2025-11-09
2025-11-09 09:30:00,165,381,396,2025-11-09
2025-11-09 09:45:00,174,426,443,2025-11-09
2025-11-09 10:00:00,172,435,451,2025-11-09
2025-11-09 10:15:00,147,386,404,2025-11-09
2025-11-09 10:30:00,124,296,312,2025-11-09
2025-11-09 10:45:00,100,259,278,2025-11-09
2025-11-09 11:00:00,109,268,286,2025-11-09
2025-11-09 11:15:00,132,320,335,2025-11-09
2025-11-09 11:30:00,166,401,417,2025-11-09
2025-11-09 11:45:00,171,383,398,2025-11-09
2025-11-09 12:00:00,162,362,383,2025-11-09
2025-11-09 12:15:00,138,299,319,2025-11-09
2025-11-09 12:30:00,115,286,305,2025-11-09
2025-11-09 12:45:00,134,364,379,2025-11-09
2025-11-09 13:00:00,146,378,392,2025-11-09
2025-11-09 13:15:00,157,386,400,2025-11-09
2025-11-09 13:30:00,167,374,390,2025-11-09
2025-11-09 13:45:00,166,354,370,2025-11-09
2025-11-09 14:00:00,151,329,343,2025-11-09
2025-11-09 14:15:00,136,322,337,2025-11-09
2025-11-09 14:30:00,101,258,272,2025-11-09
2025-11-09 14:45:00,81,200,215,2025-11-09
2025-11-09 15:00:00,80,218,233,2025-11-09
2025-11-09 15:15:00,77,216,234,2025-11-09
2025-11-09 15:30:00,79,215,234,2025-11-09
2025-11-09 15:45:00,71,208,231,2025-11-09
2025-11-09 16:00:00,74,233,262,2025-11-09
2025-11-09 16:15:00,83,269,295,2025-11-09
2025-11-09 16:30:00,79,255,281,2025-11-09
2025-11-09 16:45:00,91,269,288,2025-11-09
2025-11-09 17:00:00,130,272,284,2025-11-09
2025-11-09 17:15:00,101,179,189,2025-11-09
2025-11-09 17:30:00,91,151,156,2025-11-09
2025-11-09 17:45:00,102,154,164,2025-11-09
2025-11-09 18:00:00,80,128,139,2025-11-09
2025-11-09 18:15:00,80,128,139,2025-11-09
2025-11-09 18:30:00,80,128,139,2025-11-09
2025-11-09 18:45:00,90,140,148,2025-11-09
2025-11-09 19:00:00,46,70,73,2025-11-09
2025-11-09 19:15:00,46,70,73,2025-11-09
2025-11-09 19:30:00,92,140,144,2025-11-09
2025-11-09 19:45:00,46,70,71,2025-11-09
2025-11-09 20:00:00,46,70,71,2025-11-09
2025-11-09 20:15:00,75,116,118,2025-11-09
2025-11-09 20:30:00,29,46,47,2025-11-09
2025-11-09 20:45:00,42,68,71,2025-11-09
2025-11-09 21:00:00,58,140,143,2025-11-09
2025-11-09 21:15:00,29,94,96,2025-11-09
2025-11-09 21:30:00,48,170,172,2025-11-09
2025-11-09 21:45:00,37,157,157,2025-11-09
2025-11-09 22:00:00,27,98,99,2025-11-09
2025-11-09 22:15:00,29,105,106,2025-11-09
2025-11-09 22:30:00,20,42,45,2025-11-09
2025-11-09 22:45:00,26,46,51,2025-11-09
2025-11-09 23:00:00,32,51,57,2025-11-09
2025-11-09 23:15:00,35,52,58,2025-11-09
2025-11-09 23:30:00,25,39,43,2025-11-09
2025-11-10 05:30:00,81,120,128,2025-11-10
2025-11-10 05:45:00,64,102,108,2025-11-10
2025-11-10 06:00:00,107,160,164,2025-11-10
2025-11-10 06:15:00,90,130,134,2025-11-10
2025-11-10 06:30:00,92,141,147,2025-11-10
2025-11-10 06:45:00,162,251,268,2025-11-10
2025-11-10 07:00:00,149,253,281,2025-11-10
2025-11-10 07:15:00,198,344,379,2025-11-10
2025-11-10 07:30:00,207,365,401,2025-11-10
2025-11-10 07:45:00,184,344,375,2025-11-10
2025-11-10 08:00:00,197,356,380,2025-11-10
2025-11-10 08:15:00,207,348,374,2025-11-10
2025-11-10 08:30:00,217,335,359,2025-11-10
2025-11-10 08:45:00,209,303,332,2025-11-10
2025-11-10 09:00:00,226,305,335,2025-11-10
2025-11-10 09:15:00,236,308,339,2025-11-10
2025-11-10 09:30:00,248,364,393,2025-11-10
2025-11-10 09:45:00,261,418,444,2025-11-10
2025-11-10 10:00:00,228,389,411,2025-11-10
2025-11-10 10:15:00,205,385,401,2025-11-10
2025-11-10 10:30:00,176,324,346,2025-11-10
2025-11-10 10:45:00,164,273,287,2025-11-10
2025-11-10 11:00:00,175,277,292,2025-11-10
2025-11-10 11:15:00,163,249,264,2025-11-10
2025-11-10 11:30:00,166,253,269,2025-11-10
2025-11-10 11:45:00,159,255,275,2025-11-10
2025-11-10 12:00:00,144,245,264,2025-11-10
2025-11-10 12:15:00,156,262,280,2025-11-10
2025-11-10 12:30:00,145,251,266,2025-11-10
2025-11-10 12:45:00,149,259,274,2025-11-10
2025-11-10 13:00:00,160,290,303,2025-11-10
2025-11-10 13:15:00,162,309,320,2025-11-10
2025-11-10 13:30:00,169,330,343,2025-11-10
2025-11-10 13:45:00,156,334,346,2025-11-10
2025-11-10 14:00:00,136,305,320,2025-11-10
2025-11-10 14:15:00,115,264,282,2025-11-10
2025-11-10 14:30:00,110,252,265,2025-11-10
2025-11-10 14:45:00,115,253,267,2025-11-10
2025-11-10 15:00:00,118,255,268,2025-11-10
2025-11-10 15:15:00,127,273,287,2025-11-10
2025-11-10 15:30:00,139,342,358,2025-11-10
2025-11-10 15:45:00,154,407,426,2025-11-10
2025-11-10 16:00:00,163,433,455,2025-11-10
2025-11-10 16:15:00,184,468,494,2025-11-10
2025-11-10 16:30:00,183,413,445,2025-11-10
2025-11-10 16:45:00,196,366,400,2025-11-10
2025-11-10 17:00:00,254,403,461,2025-11-10
2025-11-10 17:15:00,197,301,350,2025-11-10
2025-11-10 17:30:00,247,348,397,2025-11-10
2025-11-10 17:45:00,190,255,295,2025-11-10
2025-11-10 18:00:00,219,296,310,2025-11-10
2025-11-10 18:15:00,219,296,310,2025-11-10
2025-11-10 18:30:00,130,172,176,2025-11-10
2025-11-10 18:45:00,253,333,341,2025-11-10
2025-11-10 19:00:00,123,161,165,2025-11-10
2025-11-10 19:15:00,123,161,165,2025-11-10
2025-11-10 19:30:00,221,314,325,2025-11-10
2025-11-10 19:45:00,98,153,160,2025-11-10
2025-11-10 20:00:00,98,153,160,2025-11-10
2025-11-10 20:15:00,198,299,313,2025-11-10
2025-11-10 20:30:00,100,146,153,2025-11-10
2025-11-10 20:45:00,144,204,217,2025-11-10
2025-11-10 21:00:00,166,285,299,2025-11-10
2025-11-10 21:15:00,80,210,218,2025-11-10
2025-11-10 21:30:00,94,288,297,2025-11-10
2025-11-10 21:45:00,67,307,310,2025-11-10
2025-11-10 22:00:00,48,234,236,2025-11-10
2025-11-10 22:15:00,41,178,180,2025-11-10
2025-11-10 22:30:00,38,119,120,2025-11-10
2025-11-10 22:45:00,42,69,72,2025-11-10
2025-11-10 23:00:00,81,106,110,2025-11-10
2025-11-10 23:15:00,88,106,109,2025-11-10
2025-11-10 23:30:00,77,87,90,2025-11-10
2025-11-11 05:30:00,95,129,135,2025-11-11
2025-11-11 05:45:00,85,118,119,2025-11-11
2025-11-11 06:00:00,143,197,198,2025-11-11
2025-11-11 06:15:00,119,160,161,2025-11-11
2025-11-11 06:30:00,141,203,211,2025-11-11
2025-11-11 06:45:00,230,355,373,2025-11-11
2025-11-11 07:00:00,198,333,358,2025-11-11
2025-11-11 07:15:00,266,437,468,2025-11-11
2025-11-11 07:30:00,266,440,470,2025-11-11
2025-11-11 07:45:00,221,373,401,2025-11-11
2025-11-11 08:00:00,244,400,424,2025-11-11
2025-11-11 08:15:00,235,392,420,2025-11-11
2025-11-11 08:30:00,235,383,409,2025-11-11
2025-11-11 08:45:00,269,511,530,2025-11-11
2025-11-11 09:00:00,284,615,636,2025-11-11
2025-11-11 09:15:00,298,607,624,2025-11-11
2025-11-11 09:30:00,291,587,602,2025-11-11
2025-11-11 09:45:00,258,441,459,2025-11-11
2025-11-11 10:00:00,225,300,316,2025-11-11
2025-11-11 10:15:00,203,282,296,2025-11-11
2025-11-11 10:30:00,203,289,305,2025-11-11
2025-11-11 10:45:00,202,293,308,2025-11-11
2025-11-11 11:00:00,207,301,316,2025-11-11
2025-11-11 11:15:00,200,302,319,2025-11-11
2025-11-11 11:30:00,194,305,326,2025-11-11
2025-11-11 11:45:00,182,297,318,2025-11-11
2025-11-11 12:00:00,158,274,296,2025-11-11
2025-11-11 12:15:00,159,282,298,2025-11-11
2025-11-11 12:30:00,147,278,289,2025-11-11
2025-11-11 12:45:00,150,290,302,2025-11-11
2025-11-11 13:00:00,155,309,316,2025-11-11
2025-11-11 13:15:00,149,309,322,2025-11-11
2025-11-11 13:30:00,149,311,322,2025-11-11
2025-11-11 13:45:00,149,307,316,2025-11-11
2025-11-11 14:00:00,134,305,321,2025-11-11
2025-11-11 14:15:00,136,320,331,2025-11-11
2025-11-11 14:30:00,126,315,330,2025-11-11
2025-11-11 14:45:00,126,334,350,2025-11-11
2025-11-11 15:00:00,137,336,349,2025-11-11
2025-11-11 15:15:00,137,321,335,2025-11-11
2025-11-11 15:30:00,164,413,427,2025-11-11
2025-11-11 15:45:00,177,485,499,2025-11-11
2025-11-11 16:00:00,175,479,491,2025-11-11
2025-11-11 16:15:00,182,494,509,2025-11-11
2025-11-11 16:30:00,169,414,427,2025-11-11
2025-11-11 16:45:00,161,326,342,2025-11-11
2025-11-11 17:00:00,227,387,407,2025-11-11
2025-11-11 17:15:00,179,293,308,2025-11-11
2025-11-11 17:30:00,220,336,369,2025-11-11
2025-11-11 17:45:00,180,262,289,2025-11-11
2025-11-11 18:00:00,189,291,319,2025-11-11
2025-11-11 18:15:00,189,291,319,2025-11-11
2025-11-11 18:30:00,113,167,174,2025-11-11
2025-11-11 18:45:00,230,329,340,2025-11-11
2025-11-11 19:00:00,117,162,166,2025-11-11
2025-11-11 19:15:00,117,162,166,2025-11-11
2025-11-11 19:30:00,221,301,312,2025-11-11
2025-11-11 19:45:00,104,139,146,2025-11-11
2025-11-11 20:00:00,104,139,146,2025-11-11
2025-11-11 20:15:00,197,259,273,2025-11-11
2025-11-11 20:30:00,138,187,197,2025-11-11
2025-11-11 20:45:00,138,187,197,2025-11-11
2025-11-11 21:00:00,162,228,240,2025-11-11
2025-11-11 21:15:00,77,133,139,2025-11-11
2025-11-11 21:30:00,38,90,95,2025-11-11
2025-11-11 21:45:00,44,110,116,2025-11-11
2025-11-11 22:00:00,26,91,98,2025-11-11
2025-11-11 22:15:00,24,90,96,2025-11-11
2025-11-11 22:30:00,22,86,90,2025-11-11
2025-11-11 22:45:00,21,83,86,2025-11-11
2025-11-11 23:00:00,15,67,68,2025-11-11
2025-11-11 23:15:00,11,47,48,2025-11-11
2025-11-11 23:30:00,7,27,28,2025-11-11
2025-11-12 05:30:00,140,256,261,2025-11-12
2025-11-12 05:45:00,133,245,247,2025-11-12
2025-11-12 06:00:00,207,461,466,2025-11-12
2025-11-12 06:15:00,187,433,437,2025-11-12
2025-11-12 06:30:00,186,403,412,2025-11-12
2025-11-12 06:45:00,244,496,515,2025-11-12
2025-11-12 07:00:00,199,334,357,2025-11-12
2025-11-12 07:15:00,277,443,467,2025-11-12
2025-11-12 07:30:00,249,388,414,2025-11-12
2025-11-12 07:45:00,249,392,417,2025-11-12
2025-11-12 08:00:00,262,416,440,2025-11-12
2025-11-12 08:15:00,253,412,442,2025-11-12
2025-11-12 08:30:00,243,389,419,2025-11-12
2025-11-12 08:45:00,246,377,401,2025-11-12
2025-11-12 09:00:00,259,387,407,2025-11-12
2025-11-12 09:15:00,254,383,402,2025-11-12
2025-11-12 09:30:00,275,396,416,2025-11-12
2025-11-12 09:45:00,259,376,399,2025-11-12
2025-11-12 10:00:00,238,385,411,2025-11-12
2025-11-12 10:15:00,252,442,465,2025-11-12
2025-11-12 10:30:00,231,437,455,2025-11-12
2025-11-12 10:45:00,216,434,450,2025-11-12
2025-11-12 11:00:00,228,510,523,2025-11-12
2025-11-12 11:15:00,221,559,575,2025-11-12
2025-11-12 11:30:00,217,544,568,2025-11-12
2025-11-12 11:45:00,218,534,562,2025-11-12
2025-11-12 12:00:00,202,541,576,2025-11-12
2025-11-12 12:15:00,196,561,591,2025-11-12
2025-11-12 12:30:00,195,567,588,2025-11-12
2025-11-12 12:45:00,201,591,609,2025-11-12
2025-11-12 13:00:00,189,461,473,2025-11-12
2025-11-12 13:15:00,163,302,318,2025-11-12
2025-11-12 13:30:00,152,304,325,2025-11-12
2025-11-12 13:45:00,137,301,319,2025-11-12
2025-11-12 14:00:00,127,296,316,2025-11-12
2025-11-12 14:15:00,125,312,331,2025-11-12
2025-11-12 14:30:00,122,305,322,2025-11-12
2025-11-12 14:45:00,127,310,334,2025-11-12
2025-11-12 15:00:00,127,315,341,2025-11-12
2025-11-12 15:15:00,128,310,337,2025-11-12
2025-11-12 15:30:00,127,315,340,2025-11-12
2025-11-12 15:45:00,137,314,336,2025-11-12
2025-11-12 16:00:00,156,323,343,2025-11-12
2025-11-12 16:15:00,182,359,383,2025-11-12
2025-11-12 16:30:00,196,383,415,2025-11-12
2025-11-12 16:45:00,213,416,450,2025-11-12
2025-11-12 17:00:00,256,470,521,2025-11-12
2025-11-12 17:15:00,192,355,397,2025-11-12
2025-11-12 17:30:00,228,375,411,2025-11-12
2025-11-12 17:45:00,174,265,293,2025-11-12
2025-11-12 18:00:00,203,279,292,2025-11-12
2025-11-12 18:15:00,203,279,292,2025-11-12
2025-11-12 18:30:00,125,160,168,2025-11-12
2025-11-12 18:45:00,263,327,343,2025-11-12
2025-11-12 19:00:00,138,167,175,2025-11-12
2025-11-12 19:15:00,138,167,175,2025-11-12
2025-11-12 19:30:00,232,289,304,2025-11-12
2025-11-12 19:45:00,94,122,129,2025-11-12
2025-11-12 20:00:00,94,122,129,2025-11-12
2025-11-12 20:15:00,193,247,261,2025-11-12
2025-11-12 20:30:00,99,125,132,2025-11-12
2025-11-12 20:45:00,123,165,176,2025-11-12
2025-11-12 21:00:00,132,184,196,2025-11-12
2025-11-12 21:15:00,39,81,87,2025-11-12
2025-11-12 21:30:00,51,126,132,2025-11-12
2025-11-12 21:45:00,34,121,124,2025-11-12
2025-11-12 22:00:00,33,124,128,2025-11-12
2025-11-12 22:15:00,30,121,124,2025-11-12
2025-11-12 22:30:00,25,97,106,2025-11-12
2025-11-12 22:45:00,30,84,104,2025-11-12
2025-11-12 23:00:00,50,98,144,2025-11-12
2025-11-12 23:15:00,56,92,151,2025-11-12
2025-11-12 23:30:00,49,71,124,2025-11-12
2025-11-13 05:30:00,98,136,142,2025-11-13
2025-11-13 05:45:00,81,117,123,2025-11-13
2025-11-13 06:00:00,108,161,168,2025-11-13
2025-11-13 06:15:00,89,130,135,2025-11-13
2025-11-13 06:30:00,92,146,151,2025-11-13
2025-11-13 06:45:00,135,222,233,2025-11-13
2025-11-13 07:00:00,128,234,245,2025-11-13
2025-11-13 07:15:00,179,332,350,2025-11-13
2025-11-13 07:30:00,191,357,382,2025-11-13
2025-11-13 07:45:00,190,359,384,2025-11-13
2025-11-13 08:00:00,218,380,408,2025-11-13
2025-11-13 08:15:00,229,392,422,2025-11-13
2025-11-13 08:30:00,228,394,421,2025-11-13
2025-11-13 08:45:00,250,421,447,2025-11-13
2025-11-13 09:00:00,252,422,447,2025-11-13
2025-11-13 09:15:00,251,405,425,2025-11-13
2025-11-13 09:30:00,260,398,414,2025-11-13
2025-11-13 09:45:00,250,369,385,2025-11-13
2025-11-13 10:00:00,221,332,347,2025-11-13
2025-11-13 10:15:00,224,330,343,2025-11-13
2025-11-13 10:30:00,208,306,322,2025-11-13
2025-11-13 10:45:00,199,300,315,2025-11-13
2025-11-13 11:00:00,198,297,311,2025-11-13
2025-11-13 11:15:00,178,278,295,2025-11-13
2025-11-13 11:30:00,178,293,309,2025-11-13
2025-11-13 11:45:00,159,285,300,2025-11-13
2025-11-13 12:00:00,146,287,298,2025-11-13
2025-11-13 12:15:00,144,299,310,2025-11-13
2025-11-13 12:30:00,132,287,299,2025-11-13
2025-11-13 12:45:00,142,303,315,2025-11-13
2025-11-13 13:00:00,146,318,334,2025-11-13
2025-11-13 13:15:00,133,309,323,2025-11-13
2025-11-13 13:30:00,115,294,309,2025-11-13
2025-11-13 13:45:00,94,274,289,2025-11-13
2025-11-13 14:00:00,70,257,275,2025-11-13
2025-11-13 14:15:00,74,283,301,2025-11-13
2025-11-13 14:30:00,88,306,320,2025-11-13
2025-11-13 14:45:00,101,311,328,2025-11-13
2025-11-13 15:00:00,147,408,421,2025-11-13
2025-11-13 15:15:00,174,476,486,2025-11-13
2025-11-13 15:30:00,188,478,494,2025-11-13
2025-11-13 15:45:00,202,492,506,2025-11-13
2025-11-13 16:00:00,192,416,432,2025-11-13
2025-11-13 16:15:00,197,351,369,2025-11-13
2025-11-13 16:30:00,204,348,371,2025-11-13
2025-11-13 16:45:00,219,362,390,2025-11-13
2025-11-13 17:00:00,267,411,450,2025-11-13
2025-11-13 17:15:00,202,307,344,2025-11-13
2025-11-13 17:30:00,228,355,395,2025-11-13
2025-11-13 17:45:00,171,264,295,2025-11-13
2025-11-13 18:00:00,192,279,298,2025-11-13
2025-11-13 18:15:00,192,279,298,2025-11-13
2025-11-13 18:30:00,119,158,162,2025-11-13
2025-11-13 18:45:00,260,338,350,2025-11-13
2025-11-13 19:00:00,141,180,188,2025-11-13
2025-11-13 19:15:00,141,180,188,2025-11-13
2025-11-13 19:30:00,239,310,330,2025-11-13
2025-11-13 19:45:00,98,130,142,2025-11-13
2025-11-13 20:00:00,98,130,142,2025-11-13
2025-11-13 20:15:00,194,242,260,2025-11-13
2025-11-13 20:30:00,96,112,118,2025-11-13
2025-11-13 20:45:00,128,164,178,2025-11-13
2025-11-13 21:00:00,138,198,214,2025-11-13
2025-11-13 21:15:00,56,117,128,2025-11-13
2025-11-13 21:30:00,61,137,151,2025-11-13
2025-11-13 21:45:00,31,101,110,2025-11-13
2025-11-13 22:00:00,26,91,98,2025-11-13
2025-11-13 22:15:00,16,87,94,2025-11-13
2025-11-13 22:30:00,17,88,92,2025-11-13
2025-11-13 22:45:00,28,100,102,2025-11-13
2025-11-13 23:00:00,57,125,129,2025-11-13
2025-11-13 23:15:00,77,127,131,2025-11-13
2025-11-13 23:30:00,71,106,110,2025-11-13
2025-11-14 05:30:00,89,139,143,2025-11-14
2025-11-14 05:45:00,84,126,129,2025-11-14
2025-11-14 06:00:00,130,185,189,2025-11-14
2025-11-14 06:15:00,159,227,236,2025-11-14
2025-11-14 06:30:00,167,242,251,2025-11-14
2025-11-14 06:45:00,195,302,316,2025-11-14
2025-11-14 07:00:00,187,305,325,2025-11-14
2025-11-14 07:15:00,189,317,338,2025-11-14
2025-11-14 07:30:00,189,332,359,2025-11-14
2025-11-14 07:45:00,213,373,399,2025-11-14
2025-11-14 08:00:00,213,378,403,2025-11-14
2025-11-14 08:15:00,226,383,412,2025-11-14
2025-11-14 08:30:00,216,359,389,2025-11-14
2025-11-14 08:45:00,212,345,374,2025-11-14
2025-11-14 09:00:00,218,339,364,2025-11-14
2025-11-14 09:15:00,210,324,341,2025-11-14
2025-11-14 09:30:00,222,337,347,2025-11-14
2025-11-14 09:45:00,211,313,325,2025-11-14
2025-11-14 10:00:00,191,288,299,2025-11-14
2025-11-14 10:15:00,193,295,309,2025-11-14
2025-11-14 10:30:00,168,266,281,2025-11-14
2025-11-14 10:45:00,152,259,273,2025-11-14
2025-11-14 11:00:00,143,260,276,2025-11-14
2025-11-14 11:15:00,119,252,264,2025-11-14
2025-11-14 11:30:00,136,292,301,2025-11-14
2025-11-14 11:45:00,141,302,310,2025-11-14
2025-11-14 12:00:00,137,299,308,2025-11-14
2025-11-14 12:15:00,136,286,296,2025-11-14
2025-11-14 12:30:00,115,245,260,2025-11-14
2025-11-14 12:45:00,113,234,249,2025-11-14
2025-11-14 13:00:00,108,239,253,2025-11-14
2025-11-14 13:15:00,108,269,283,2025-11-14
2025-11-14 13:30:00,111,306,318,2025-11-14
2025-11-14 13:45:00,115,332,345,2025-11-14
2025-11-14 14:00:00,137,420,435,2025-11-14
2025-11-14 14:15:00,174,508,521,2025-11-14
2025-11-14 14:30:00,188,495,516,2025-11-14
2025-11-14 14:45:00,203,495,519,2025-11-14
2025-11-14 15:00:00,223,530,553,2025-11-14
2025-11-14 15:15:00,231,541,565,2025-11-14
2025-11-14 15:30:00,264,629,649,2025-11-14
2025-11-14 15:45:00,298,783,801,2025-11-14
2025-11-14 16:00:00,309,758,775,2025-11-14
2025-11-14 16:15:00,277,648,674,2025-11-14
2025-11-14 16:30:00,246,575,602,2025-11-14
2025-11-14 16:45:00,219,443,469,2025-11-14
2025-11-14 17:00:00,249,436,462,2025-11-14
2025-11-14 17:15:00,202,355,371,2025-11-14
2025-11-14 17:30:00,230,380,398,2025-11-14
2025-11-14 17:45:00,180,277,291,2025-11-14
2025-11-14 18:00:00,166,243,265,2025-11-14
2025-11-14 18:15:00,166,243,265,2025-11-14
2025-11-14 18:30:00,99,131,143,2025-11-14
2025-11-14 18:45:00,192,253,280,2025-11-14
2025-11-14 19:00:00,93,122,137,2025-11-14
2025-11-14 19:15:00,93,122,137,2025-11-14
2025-11-14 19:30:00,180,239,255,2025-11-14
2025-11-14 19:45:00,87,117,118,2025-11-14
2025-11-14 20:00:00,158,209,215,2025-11-14
2025-11-14 20:15:00,158,209,215,2025-11-14
2025-11-14 20:30:00,104,146,153,2025-11-14
2025-11-14 20:45:00,113,182,191,2025-11-14
2025-11-14 21:00:00,55,131,138,2025-11-14
2025-11-14 21:15:00,66,165,172,2025-11-14
2025-11-14 21:30:00,36,133,140,2025-11-14
2025-11-14 21:45:00,32,117,123,2025-11-14
2025-11-14 22:00:00,23,93,97,2025-11-14
2025-11-14 22:15:00,19,81,85,2025-11-14
2025-11-14 22:30:00,27,100,103,2025-11-14
2025-11-14 22:45:00,33,120,122,2025-11-14
2025-11-14 23:00:00,49,137,140,2025-11-14
2025-11-14 23:15:00,69,150,153,2025-11-14
2025-11-14 23:30:00,58,109,111,2025-11-14
2025-11-15 05:30:00,20,33,36,2025-11-15
2025-11-15 05:45:00,16,27,29,2025-11-15
2025-11-15 06:00:00,20,36,38,2025-11-15
2025-11-15 06:15:00,27,51,53,2025-11-15
2025-11-15 06:30:00,30,66,67,2025-11-15
2025-11-15 06:45:00,48,99,102,2025-11-15
2025-11-15 07:00:00,55,109,115,2025-11-15
2025-11-15 07:15:00,62,123,130,2025-11-15
2025-11-15 07:30:00,70,135,142,2025-11-15
2025-11-15 07:45:00,66,140,145,2025-11-15
2025-11-15 08:00:00,77,157,159,2025-11-15
2025-11-15 08:15:00,77,151,153,2025-11-15
2025-11-15 08:30:00,70,140,143,2025-11-15
2025-11-15 08:45:00,73,145,149,2025-11-15
2025-11-15 09:00:00,73,149,155,2025-11-15
2025-11-15 09:15:00,78,164,173,2025-11-15
2025-11-15 09:30:00,102,246,255,2025-11-15
2025-11-15 09:45:00,118,306,316,2025-11-15
2025-11-15 10:00:00,124,310,329,2025-11-15
2025-11-15 10:15:00,128,321,341,2025-11-15
2025-11-15 10:30:00,109,255,277,2025-11-15
2025-11-15 10:45:00,104,220,245,2025-11-15
2025-11-15 11:00:00,93,229,244,2025-11-15
2025-11-15 11:15:00,85,227,242,2025-11-15
2025-11-15 11:30:00,83,236,251,2025-11-15
2025-11-15 11:45:00,72,213,228,2025-11-15
2025-11-15 12:00:00,72,192,211,2025-11-15
2025-11-15 12:15:00,87,249,266,2025-11-15
2025-11-15 12:30:00,115,318,331,2025-11-15
2025-11-15 12:45:00,121,321,336,2025-11-15
2025-11-15 13:00:00,127,350,363,2025-11-15
2025-11-15 13:15:00,111,310,323,2025-11-15
2025-11-15 13:30:00,88,249,267,2025-11-15
2025-11-15 13:45:00,90,271,284,2025-11-15
2025-11-15 14:00:00,84,273,287,2025-11-15
2025-11-15 14:15:00,81,263,279,2025-11-15
2025-11-15 14:30:00,79,258,273,2025-11-15
2025-11-15 14:45:00,80,251,268,2025-11-15
2025-11-15 15:00:00,103,303,320,2025-11-15
2025-11-15 15:15:00,124,350,370,2025-11-15
2025-11-15 15:30:00,123,331,356,2025-11-15
2025-11-15 15:45:00,117,311,336,2025-11-15
2025-11-15 16:00:00,91,228,251,2025-11-15
2025-11-15 16:15:00,71,160,178,2025-11-15
2025-11-15 16:30:00,74,162,174,2025-11-15
2025-11-15 16:45:00,72,153,165,2025-11-15
2025-11-15 17:00:00,97,185,199,2025-11-15
2025-11-15 17:15:00,79,144,155,2025-11-15
2025-11-15 17:30:00,60,105,113,2025-11-15
2025-11-15 17:45:00,84,175,182,2025-11-15
2025-11-15 18:00:00,91,198,203,2025-11-15
2025-11-15 18:15:00,91,198,203,2025-11-15
2025-11-15 18:30:00,91,198,203,2025-11-15
2025-11-15 18:45:00,85,141,153,2025-11-15
2025-11-15 19:00:00,36,47,57,2025-11-15
2025-11-15 19:15:00,36,47,57,2025-11-15
2025-11-15 19:30:00,64,120,130,2025-11-15
2025-11-15 19:45:00,28,73,73,2025-11-15
2025-11-15 20:00:00,28,73,73,2025-11-15
2025-11-15 20:15:00,58,154,155,2025-11-15
2025-11-15 20:30:00,30,81,82,2025-11-15
2025-11-15 20:45:00,38,110,112,2025-11-15
2025-11-15 21:00:00,43,132,136,2025-11-15
2025-11-15 21:15:00,24,82,86,2025-11-15
2025-11-15 21:30:00,31,104,108,2025-11-15
2025-11-15 21:45:00,27,88,93,2025-11-15
2025-11-15 22:00:00,29,83,87,2025-11-15
2025-11-15 22:15:00,27,80,84,2025-11-15
2025-11-15 22:30:00,25,79,87,2025-11-15
2025-11-15 22:45:00,24,77,84,2025-11-15
2025-11-15 23:00:00,27,94,100,2025-11-15
2025-11-15 23:15:00,34,102,108,2025-11-15
2025-11-15 23:30:00,29,81,83,2025-11-15
2025-11-16 05:30:00,14,45,45,2025-11-16
2025-11-16 05:45:00,12,41,41,2025-11-16
2025-11-16 06:00:00,23,62,62,2025-11-16
2025-11-16 06:15:00,29,65,65,2025-11-16
2025-11-16 06:30:00,32,57,57,2025-11-16
2025-11-16 06:45:00,46,83,86,2025-11-16
2025-11-16 07:00:00,49,90,93,2025-11-16
2025-11-16 07:15:00,60,114,119,2025-11-16
2025-11-16 07:30:00,64,128,133,2025-11-16
2025-11-16 07:45:00,69,145,149,2025-11-16
2025-11-16 08:00:00,75,181,190,2025-11-16
2025-11-16 08:15:00,77,211,219,2025-11-16
2025-11-16 08:30:00,75,207,216,2025-11-16
2025-11-16 08:45:00,101,247,256,2025-11-16
2025-11-16 09:00:00,151,360,368,2025-11-16
2025-11-16 09:15:00,196,450,460,2025-11-16
2025-11-16 09:30:00,237,577,588,2025-11-16
2025-11-16 09:45:00,236,637,647,2025-11-16
2025-11-16 10:00:00,187,507,523,2025-11-16
2025-11-16 10:15:00,147,409,425,2025-11-16
2025-11-16 10:30:00,106,295,315,2025-11-16
2025-11-16 10:45:00,89,208,230,2025-11-16
2025-11-16 11:00:00,90,207,225,2025-11-16
2025-11-16 11:15:00,88,206,225,2025-11-16
2025-11-16 11:30:00,102,223,242,2025-11-16
2025-11-16 11:45:00,97,216,234,2025-11-16
2025-11-16 12:00:00,99,218,233,2025-11-16
2025-11-16 12:15:00,94,213,227,2025-11-16
2025-11-16 12:30:00,95,222,233,2025-11-16
2025-11-16 12:45:00,98,233,245,2025-11-16
2025-11-16 13:00:00,100,238,252,2025-11-16
2025-11-16 13:15:00,110,248,267,2025-11-16
2025-11-16 13:30:00,107,240,257,2025-11-16
2025-11-16 13:45:00,98,231,250,2025-11-16
2025-11-16 14:00:00,90,222,241,2025-11-16
2025-11-16 14:15:00,81,211,226,2025-11-16
2025-11-16 14:30:00,68,195,213,2025-11-16
2025-11-16 14:45:00,71,188,204,2025-11-16
2025-11-16 15:00:00,64,176,190,2025-11-16
2025-11-16 15:15:00,63,172,184,2025-11-16
2025-11-16 15:30:00,74,229,239,2025-11-16
2025-11-16 15:45:00,79,278,287,2025-11-16
2025-11-16 16:00:00,84,284,293,2025-11-16
2025-11-16 16:15:00,86,287,296,2025-11-16
2025-11-16 16:30:00,77,229,236,2025-11-16
2025-11-16 16:45:00,77,187,192,2025-11-16
2025-11-16 17:00:00,110,212,218,2025-11-16
2025-11-16 17:15:00,87,160,164,2025-11-16
2025-11-16 17:30:00,99,162,167,2025-11-16
2025-11-16 17:45:00,75,111,116,2025-11-16
2025-11-16 18:00:00,65,99,105,2025-11-16
2025-11-16 18:15:00,65,99,105,2025-11-16
2025-11-16 18:30:00,40,58,63,2025-11-16
2025-11-16 18:45:00,92,132,142,2025-11-16
2025-11-16 19:00:00,52,74,79,2025-11-16
2025-11-16 19:15:00,52,74,79,2025-11-16
2025-11-16 19:30:00,80,119,126,2025-11-16
2025-11-16 19:45:00,28,45,47,2025-11-16
2025-11-16 20:00:00,28,45,47,2025-11-16
2025-11-16 20:15:00,59,87,93,2025-11-16
2025-11-16 20:30:00,31,42,46,2025-11-16
2025-11-16 20:45:00,36,57,67,2025-11-16
2025-11-16 21:00:00,42,78,91,2025-11-16
2025-11-16 21:15:00,27,86,96,2025-11-16
2025-11-16 21:30:00,44,129,139,2025-11-16
2025-11-16 21:45:00,47,129,133,2025-11-16
2025-11-16 22:00:00,47,122,123,2025-11-16
2025-11-16 22:15:00,34,79,80,2025-11-16
2025-11-16 22:30:00,21,44,47,2025-11-16
2025-11-16 22:45:00,18,40,45,2025-11-16
2025-11-16 23:00:00,23,43,50,2025-11-16
2025-11-16 23:15:00,30,49,57,2025-11-16
2025-11-16 23:30:00,26,41,47,2025-11-16
2025-11-17 05:30:00,7,28,29,2025-11-17
2025-11-17 05:45:00,7,27,28,2025-11-17
2025-11-17 06:00:00,13,46,46,2025-11-17
2025-11-17 06:15:00,10,39,39,2025-11-17
2025-11-17 06:30:00,19,43,43,2025-11-17
2025-11-17 06:45:00,33,69,70,2025-11-17
2025-11-17 07:00:00,35,68,69,2025-11-17
2025-11-17 07:15:00,41,89,90,2025-11-17
2025-11-17 07:30:00,39,94,96,2025-11-17
2025-11-17 07:45:00,36,97,99,2025-11-17
2025-11-17 08:00:00,40,105,109,2025-11-17
2025-11-17 08:15:00,51,118,123,2025-11-17
2025-11-17 08:30:00,53,126,134,2025-11-17
2025-11-17 08:45:00,58,133,142,2025-11-17
2025-11-17 09:00:00,75,158,166,2025-11-17
2025-11-17 09:15:00,80,167,175,2025-11-17
2025-11-17 09:30:00,84,167,172,2025-11-17
2025-11-17 09:45:00,81,165,169,2025-11-17
2025-11-17 10:00:00,63,146,151,2025-11-17
2025-11-17 10:15:00,61,142,150,2025-11-17
2025-11-17 10:30:00,69,158,165,2025-11-17
2025-11-17 10:45:00,70,171,177,2025-11-17
2025-11-17 11:00:00,78,181,187,2025-11-17
2025-11-17 11:15:00,69,196,201,2025-11-17
2025-11-17 11:30:00,63,216,224,2025-11-17
2025-11-17 11:45:00,55,201,210,2025-11-17
2025-11-17 12:00:00,53,186,199,2025-11-17
2025-11-17 12:15:00,42,132,142,2025-11-17
2025-11-17 12:30:00,52,123,133,2025-11-17
2025-11-17 12:45:00,66,147,158,2025-11-17
2025-11-17 13:00:00,64,173,180,2025-11-17
2025-11-17 13:15:00,78,226,235,2025-11-17
2025-11-17 13:30:00,73,220,227,2025-11-17
2025-11-17 13:45:00,73,219,227,2025-11-17
2025-11-17 14:00:00,79,215,224,2025-11-17
2025-11-17 14:15:00,89,211,219,2025-11-17
2025-11-17 14:30:00,83,198,205,2025-11-17
2025-11-17 14:45:00,75,206,214,2025-11-17
2025-11-17 15:00:00,70,220,229,2025-11-17
2025-11-17 15:15:00,62,212,222,2025-11-17
2025-11-17 15:30:00,63,217,228,2025-11-17
2025-11-17 15:45:00,64,193,204,2025-11-17
2025-11-17 16:00:00,67,172,183,2025-11-17
2025-11-17 16:15:00,74,188,198,2025-11-17
2025-11-17 16:30:00,70,190,205,2025-11-17
2025-11-17 16:45:00,71,186,199,2025-11-17
2025-11-17 17:00:00,98,211,223,2025-11-17
2025-11-17 17:15:00,75,154,165,2025-11-17
2025-11-17 17:30:00,93,162,171,2025-11-17
2025-11-17 17:45:00,79,127,134,2025-11-17
2025-11-17 18:00:00,68,117,122,2025-11-17
2025-11-17 18:15:00,68,117,122,2025-11-17
2025-11-17 18:30:00,36,60,61,2025-11-17
2025-11-17 18:45:00,72,119,124,2025-11-17
2025-11-17 19:00:00,36,59,63,2025-11-17
2025-11-17 19:15:00,36,59,63,2025-11-17
2025-11-17 19:30:00,55,99,110,2025-11-17
2025-11-17 19:45:00,19,40,47,2025-11-17
2025-11-17 20:00:00,19,40,47,2025-11-17
2025-11-17 20:15:00,41,84,93,2025-11-17
2025-11-17 20:30:00,32,96,99,2025-11-17
2025-11-17 20:45:00,32,96,99,2025-11-17
2025-11-17 21:00:00,41,142,145,2025-11-17
2025-11-17 21:15:00,23,114,118,2025-11-17
2025-11-17 21:30:00,22,79,84,2025-11-17
2025-11-17 21:45:00,24,87,93,2025-11-17
2025-11-17 22:00:00,20,54,60,2025-11-17
2025-11-17 22:15:00,22,50,53,2025-11-17
2025-11-17 22:30:00,19,47,49,2025-11-17
2025-11-17 22:45:00,19,46,47,2025-11-17
2025-11-17 23:00:00,21,42,43,2025-11-17
2025-11-17 23:15:00,19,36,37,2025-11-17
2025-11-17 23:30:00,13,22,22,2025-11-17
2025-11-18 05:30:00,111,172,177,2025-11-18
2025-11-18 05:45:00,96,150,154,2025-11-18
2025-11-18 06:00:00,137,214,223,2025-11-18
2025-11-18 06:15:00,111,173,180,2025-11-18
2025-11-18 06:30:00,123,193,203,2025-11-18
2025-11-18 06:45:00,197,349,363,2025-11-18
2025-11-18 07:00:00,171,331,349,2025-11-18
2025-11-18 07:15:00,240,444,466,2025-11-18
2025-11-18 07:30:00,254,457,477,2025-11-18
2025-11-18 07:45:00,237,402,428,2025-11-18
2025-11-18 08:00:00,273,442,468,2025-11-18
2025-11-18 08:15:00,271,435,463,2025-11-18
2025-11-18 08:30:00,261,415,447,2025-11-18
2025-11-18 08:45:00,266,399,424,2025-11-18
2025-11-18 09:00:00,255,368,390,2025-11-18
2025-11-18 09:15:00,258,359,378,2025-11-18
2025-11-18 09:30:00,252,358,376,2025-11-18
2025-11-18 09:45:00,242,350,367,2025-11-18
2025-11-18 10:00:00,214,315,327,2025-11-18
2025-11-18 10:15:00,188,282,294,2025-11-18
2025-11-18 10:30:00,169,257,265,2025-11-18
2025-11-18 10:45:00,148,232,242,2025-11-18
2025-11-18 11:00:00,164,254,267,2025-11-18
2025-11-18 11:15:00,158,253,266,2025-11-18
2025-11-18 11:30:00,160,254,268,2025-11-18
2025-11-18 11:45:00,157,260,273,2025-11-18
2025-11-18 12:00:00,140,255,269,2025-11-18
2025-11-18 12:15:00,133,263,277,2025-11-18
2025-11-18 12:30:00,125,264,280,2025-11-18
2025-11-18 12:45:00,125,262,281,2025-11-18
2025-11-18 13:00:00,112,241,257,2025-11-18
2025-11-18 13:15:00,114,247,262,2025-11-18
2025-11-18 13:30:00,176,332,348,2025-11-18
2025-11-18 13:45:00,148,276,286,2025-11-18
2025-11-18 14:00:00,123,222,230,2025-11-18
2025-11-18 14:15:00,90,145,151,2025-11-18
2025-11-18 14:30:00,0,0,0,2025-11-18
2025-11-18 14:45:00,0,0,0,2025-11-18
2025-11-18 15:00:00,35,84,88,2025-11-18
2025-11-18 15:15:00,71,164,175,2025-11-18
2025-11-18 15:30:00,115,320,335,2025-11-18
2025-11-18 15:45:00,158,475,494,2025-11-18
2025-11-18 16:00:00,177,484,511,2025-11-18
2025-11-18 16:15:00,206,520,547,2025-11-18
2025-11-18 16:30:00,205,458,488,2025-11-18
2025-11-18 16:45:00,215,390,427,2025-11-18
2025-11-18 17:00:00,279,453,488,2025-11-18
2025-11-18 17:15:00,214,337,365,2025-11-18
2025-11-18 17:30:00,242,366,396,2025-11-18
2025-11-18 17:45:00,189,279,298,2025-11-18
2025-11-18 18:00:00,164,258,277,2025-11-18
2025-11-18 18:15:00,164,258,277,2025-11-18
2025-11-18 18:30:00,93,135,145,2025-11-18
2025-11-18 18:45:00,219,297,312,2025-11-18
2025-11-18 19:00:00,126,162,167,2025-11-18
2025-11-18 19:15:00,126,162,167,2025-11-18
2025-11-18 19:30:00,242,359,368,2025-11-18
2025-11-18 19:45:00,116,197,201,2025-11-18
2025-11-18 20:00:00,116,197,201,2025-11-18
2025-11-18 20:15:00,249,454,460,2025-11-18
2025-11-18 20:30:00,133,257,259,2025-11-18
2025-11-18 20:45:00,218,425,430,2025-11-18
2025-11-18 21:00:00,237,475,481,2025-11-18
2025-11-18 21:15:00,109,246,251,2025-11-18
2025-11-18 21:30:00,114,265,271,2025-11-18
2025-11-18 21:45:00,32,115,118,2025-11-18
2025-11-18 22:00:00,19,82,86,2025-11-18
2025-11-18 22:15:00,17,63,67,2025-11-18
2025-11-18 22:30:00,18,56,73,2025-11-18
2025-11-18 22:45:00,17,47,83,2025-11-18
2025-11-18 23:00:00,15,43,109,2025-11-18
2025-11-18 23:15:00,19,44,128,2025-11-18
2025-11-18 23:30:00,13,32,102,2025-11-18
2025-11-19 05:30:00,151,250,256,2025-11-19
2025-11-19 05:45:00,131,226,231,2025-11-19
2025-11-19 06:00:00,161,250,257,2025-11-19
2025-11-19 06:15:00,132,182,188,2025-11-19
2025-11-19 06:30:00,119,185,194,2025-11-19
2025-11-19 06:45:00,181,300,313,2025-11-19
2025-11-19 07:00:00,153,304,323,2025-11-19
2025-11-19 07:15:00,210,429,451,2025-11-19
2025-11-19 07:30:00,226,466,483,2025-11-19
2025-11-19 07:45:00,231,465,491,2025-11-19
2025-11-19 08:00:00,258,474,502,2025-11-19
2025-11-19 08:15:00,273,455,489,2025-11-19
2025-11-19 08:30:00,255,405,443,2025-11-19
2025-11-19 08:45:00,242,368,399,2025-11-19
2025-11-19 09:00:00,273,480,505,2025-11-19
2025-11-19 09:15:00,290,588,616,2025-11-19
2025-11-19 09:30:00,313,608,647,2025-11-19
2025-11-19 09:45:00,313,601,637,2025-11-19
2025-11-19 10:00:00,275,501,536,2025-11-19
2025-11-19 10:15:00,272,438,466,2025-11-19
2025-11-19 10:30:00,240,407,425,2025-11-19
2025-11-19 10:45:00,226,410,429,2025-11-19
2025-11-19 11:00:00,218,370,388,2025-11-19
2025-11-19 11:15:00,188,360,374,2025-11-19
2025-11-19 11:30:00,210,437,447,2025-11-19
2025-11-19 11:45:00,200,412,422,2025-11-19
2025-11-19 12:00:00,171,385,400,2025-11-19
2025-11-19 12:15:00,150,309,330,2025-11-19
2025-11-19 12:30:00,119,223,246,2025-11-19
2025-11-19 12:45:00,126,246,269,2025-11-19
2025-11-19 13:00:00,145,348,365,2025-11-19
2025-11-19 13:15:00,159,457,469,2025-11-19
2025-11-19 13:30:00,169,507,519,2025-11-19
2025-11-19 13:45:00,165,520,533,2025-11-19
2025-11-19 14:00:00,180,543,561,2025-11-19
2025-11-19 14:15:00,187,551,570,2025-11-19
2025-11-19 14:30:00,199,614,634,2025-11-19
2025-11-19 14:45:00,224,695,712,2025-11-19
2025-11-19 15:00:00,210,591,606,2025-11-19
2025-11-19 15:15:00,191,499,518,2025-11-19
2025-11-19 15:30:00,175,431,449,2025-11-19
2025-11-19 15:45:00,154,355,373,2025-11-19
2025-11-19 16:00:00,150,360,377,2025-11-19
2025-11-19 16:15:00,167,380,399,2025-11-19
2025-11-19 16:30:00,173,389,406,2025-11-19
2025-11-19 16:45:00,204,411,433,2025-11-19
2025-11-19 17:00:00,271,475,495,2025-11-19
2025-11-19 17:15:00,217,365,376,2025-11-19
2025-11-19 17:30:00,242,359,395,2025-11-19
2025-11-19 17:45:00,174,248,277,2025-11-19
2025-11-19 18:00:00,200,274,306,2025-11-19
2025-11-19 18:15:00,200,274,306,2025-11-19
2025-11-19 18:30:00,137,174,179,2025-11-19
2025-11-19 18:45:00,243,320,339,2025-11-19
2025-11-19 19:00:00,106,146,160,2025-11-19
2025-11-19 19:15:00,106,146,160,2025-11-19
2025-11-19 19:30:00,192,268,292,2025-11-19
2025-11-19 19:45:00,86,122,132,2025-11-19
2025-11-19 20:00:00,165,238,251,2025-11-19
2025-11-19 20:15:00,165,238,251,2025-11-19
2025-11-19 20:30:00,123,190,197,2025-11-19
2025-11-19 20:45:00,123,190,197,2025-11-19
2025-11-19 21:00:00,65,123,128,2025-11-19
2025-11-19 21:15:00,74,154,160,2025-11-19
2025-11-19 21:30:00,39,109,112,2025-11-19
2025-11-19 21:45:00,46,135,139,2025-11-19
2025-11-19 22:00:00,30,106,109,2025-11-19
2025-11-19 22:15:00,25,95,99,2025-11-19
2025-11-19 22:30:00,17,78,90,2025-11-19
2025-11-19 22:45:00,12,58,88,2025-11-19
2025-11-19 23:00:00,15,49,114,2025-11-19
2025-11-19 23:15:00,19,39,131,2025-11-19
2025-11-19 23:30:00,18,27,110,2025-11-19
2025-11-20 05:30:00,97,146,150,2025-11-20
2025-11-20 05:45:00,85,129,133,2025-11-20
2025-11-20 06:00:00,120,168,178,2025-11-20
2025-11-20 06:15:00,139,191,204,2025-11-20
2025-11-20 06:30:00,101,136,148,2025-11-20
2025-11-20 06:45:00,194,293,314,2025-11-20
2025-11-20 07:00:00,199,324,351,2025-11-20
2025-11-20 07:15:00,236,379,410,2025-11-20
2025-11-20 07:30:00,297,493,530,2025-11-20
2025-11-20 07:45:00,257,448,484,2025-11-20
2025-11-20 08:00:00,270,464,493,2025-11-20
2025-11-20 08:15:00,259,458,488,2025-11-20
2025-11-20 08:30:00,252,433,460,2025-11-20
2025-11-20 08:45:00,253,466,488,2025-11-20
2025-11-20 09:00:00,259,514,534,2025-11-20
2025-11-20 09:15:00,249,491,505,2025-11-20
2025-11-20 09:30:00,250,483,498,2025-11-20
2025-11-20 09:45:00,234,404,419,2025-11-20
2025-11-20 10:00:00,200,309,326,2025-11-20
2025-11-20 10:15:00,210,317,334,2025-11-20
2025-11-20 10:30:00,204,316,332,2025-11-20
2025-11-20 10:45:00,211,319,337,2025-11-20
2025-11-20 11:00:00,218,324,341,2025-11-20
2025-11-20 11:15:00,200,313,330,2025-11-20
2025-11-20 11:30:00,188,296,316,2025-11-20
2025-11-20 11:45:00,167,274,291,2025-11-20
2025-11-20 12:00:00,139,248,263,2025-11-20
2025-11-20 12:15:00,124,232,247,2025-11-20
2025-11-20 12:30:00,118,242,254,2025-11-20
2025-11-20 12:45:00,126,273,287,2025-11-20
2025-11-20 13:00:00,137,298,316,2025-11-20
2025-11-20 13:15:00,146,317,339,2025-11-20
2025-11-20 13:30:00,141,317,336,2025-11-20
2025-11-20 13:45:00,141,327,348,2025-11-20
2025-11-20 14:00:00,134,332,349,2025-11-20
2025-11-20 14:15:00,121,329,344,2025-11-20
2025-11-20 14:30:00,124,337,357,2025-11-20
2025-11-20 14:45:00,126,324,338,2025-11-20
2025-11-20 15:00:00,141,330,346,2025-11-20
2025-11-20 15:15:00,165,349,365,2025-11-20
2025-11-20 15:30:00,169,342,356,2025-11-20
2025-11-20 15:45:00,170,343,366,2025-11-20
2025-11-20 16:00:00,168,346,368,2025-11-20
2025-11-20 16:15:00,170,348,373,2025-11-20
2025-11-20 16:30:00,190,374,406,2025-11-20
2025-11-20 16:45:00,216,402,433,2025-11-20
2025-11-20 17:00:00,288,473,508,2025-11-20
2025-11-20 17:15:00,232,370,396,2025-11-20
2025-11-20 17:30:00,279,422,448,2025-11-20
2025-11-20 17:45:00,218,318,336,2025-11-20
2025-11-20 18:00:00,216,306,341,2025-11-20
2025-11-20 18:15:00,216,306,341,2025-11-20
2025-11-20 18:30:00,116,154,179,2025-11-20
2025-11-20 18:45:00,257,326,358,2025-11-20
2025-11-20 19:00:00,141,172,179,2025-11-20
2025-11-20 19:15:00,141,172,179,2025-11-20
2025-11-20 19:30:00,244,309,322,2025-11-20
2025-11-20 19:45:00,103,137,143,2025-11-20
2025-11-20 20:00:00,188,251,271,2025-11-20
2025-11-20 20:15:00,188,251,271,2025-11-20
2025-11-20 20:30:00,122,177,206,2025-11-20
2025-11-20 20:45:00,122,177,206,2025-11-20
2025-11-20 21:00:00,66,124,145,2025-11-20
2025-11-20 21:15:00,87,167,190,2025-11-20
2025-11-20 21:30:00,55,123,135,2025-11-20
2025-11-20 21:45:00,60,147,159,2025-11-20
2025-11-20 22:00:00,37,119,128,2025-11-20
2025-11-20 22:15:00,26,102,110,2025-11-20
2025-11-20 22:30:00,32,135,153,2025-11-20
2025-11-20 22:45:00,38,166,202,2025-11-20
2025-11-20 23:00:00,41,157,224,2025-11-20
2025-11-20 23:15:00,44,155,237,2025-11-20
2025-11-20 23:30:00,33,103,171,2025-11-20
2025-11-21 05:30:00,82,123,127,2025-11-21
2025-11-21 05:45:00,73,111,113,2025-11-21
2025-11-21 06:00:00,114,166,170,2025-11-21
2025-11-21 06:15:00,135,194,199,2025-11-21
2025-11-21 06:30:00,156,215,224,2025-11-21
2025-11-21 06:45:00,193,276,288,2025-11-21
2025-11-21 07:00:00,186,281,296,2025-11-21
2025-11-21 07:15:00,203,324,349,2025-11-21
2025-11-21 07:30:00,202,356,381,2025-11-21
2025-11-21 07:45:00,218,392,420,2025-11-21
2025-11-21 08:00:00,250,480,508,2025-11-21
2025-11-21 08:15:00,285,555,575,2025-11-21
2025-11-21 08:30:00,275,518,537,2025-11-21
2025-11-21 08:45:00,281,512,530,2025-11-21
2025-11-21 09:00:00,260,428,445,2025-11-21
2025-11-21 09:15:00,234,336,355,2025-11-21
2025-11-21 09:30:00,245,343,362,2025-11-21
2025-11-21 09:45:00,223,316,336,2025-11-21
2025-11-21 10:00:00,204,299,318,2025-11-21
2025-11-21 10:15:00,197,305,320,2025-11-21
2025-11-21 10:30:00,183,296,309,2025-11-21
2025-11-21 10:45:00,177,288,297,2025-11-21
2025-11-21 11:00:00,173,286,298,2025-11-21
2025-11-21 11:15:00,152,265,279,2025-11-21
2025-11-21 11:30:00,161,331,346,2025-11-21
2025-11-21 11:45:00,169,399,416,2025-11-21
2025-11-21 12:00:00,155,393,415,2025-11-21
2025-11-21 12:15:00,154,404,423,2025-11-21
2025-11-21 12:30:00,127,334,352,2025-11-21
2025-11-21 12:45:00,119,287,308,2025-11-21
2025-11-21 13:00:00,117,292,304,2025-11-21
2025-11-21 13:15:00,119,291,305,2025-11-21
2025-11-21 13:30:00,133,322,340,2025-11-21
2025-11-21 13:45:00,132,330,350,2025-11-21
2025-11-21 14:00:00,143,340,363,2025-11-21
2025-11-21 14:15:00,129,334,361,2025-11-21
2025-11-21 14:30:00,121,316,341,2025-11-21
2025-11-21 14:45:00,118,312,332,2025-11-21
2025-11-21 15:00:00,109,318,339,2025-11-21
2025-11-21 15:15:00,117,329,347,2025-11-21
2025-11-21 15:30:00,115,319,340,2025-11-21
2025-11-21 15:45:00,115,302,325,2025-11-21
2025-11-21 16:00:00,118,288,310,2025-11-21
2025-11-21 16:15:00,129,302,323,2025-11-21
2025-11-21 16:30:00,151,333,351,2025-11-21
2025-11-21 16:45:00,181,363,381,2025-11-21
2025-11-21 17:00:00,256,434,453,2025-11-21
2025-11-21 17:15:00,212,336,352,2025-11-21
2025-11-21 17:30:00,245,367,388,2025-11-21
2025-11-21 17:45:00,188,273,288,2025-11-21
2025-11-21 18:00:00,181,265,281,2025-11-21
2025-11-21 18:15:00,181,265,281,2025-11-21
2025-11-21 18:30:00,104,142,149,2025-11-21
2025-11-21 18:45:00,198,269,291,2025-11-21
2025-11-21 19:00:00,94,127,142,2025-11-21
2025-11-21 19:15:00,94,127,142,2025-11-21
2025-11-21 19:30:00,191,254,278,2025-11-21
2025-11-21 19:45:00,97,127,136,2025-11-21
2025-11-21 20:00:00,181,236,248,2025-11-21
2025-11-21 20:15:00,181,236,248,2025-11-21
2025-11-21 20:30:00,157,275,280,2025-11-21
2025-11-21 20:45:00,200,407,412,2025-11-21
2025-11-21 21:00:00,131,336,345,2025-11-21
2025-11-21 21:15:00,139,373,384,2025-11-21
2025-11-21 21:30:00,73,239,254,2025-11-21
2025-11-21 21:45:00,31,126,143,2025-11-21
2025-11-21 22:00:00,23,111,122,2025-11-21
2025-11-21 22:15:00,23,93,103,2025-11-21
2025-11-21 22:30:00,23,84,94,2025-11-21
2025-11-21 22:45:00,28,88,113,2025-11-21
2025-11-21 23:00:00,27,83,140,2025-11-21
2025-11-21 23:15:00,54,105,164,2025-11-21
2025-11-21 23:30:00,47,82,135,2025-11-21
2025-11-22 05:30:00,11,38,40,2025-11-22
2025-11-22 05:45:00,9,33,33,2025-11-22
2025-11-22 06:00:00,14,80,80,2025-11-22
2025-11-22 06:15:00,21,126,126,2025-11-22
2025-11-22 06:30:00,30,135,135,2025-11-22
2025-11-22 06:45:00,41,159,162,2025-11-22
2025-11-22 07:00:00,51,137,142,2025-11-22
2025-11-22 07:15:00,65,130,137,2025-11-22
2025-11-22 07:30:00,60,140,149,2025-11-22
2025-11-22 07:45:00,59,152,160,2025-11-22
2025-11-22 08:00:00,63,163,172,2025-11-22
2025-11-22 08:15:00,58,154,163,2025-11-22
2025-11-22 08:30:00,66,166,175,2025-11-22
2025-11-22 08:45:00,99,283,292,2025-11-22
2025-11-22 09:00:00,118,383,389,2025-11-22
2025-11-22 09:15:00,112,384,392,2025-11-22
2025-11-22 09:30:00,118,387,394,2025-11-22
2025-11-22 09:45:00,106,346,352,2025-11-22
2025-11-22 10:00:00,104,317,327,2025-11-22
2025-11-22 10:15:00,114,319,328,2025-11-22
2025-11-22 10:30:00,118,380,388,2025-11-22
2025-11-22 10:45:00,117,379,388,2025-11-22
2025-11-22 11:00:00,106,313,321,2025-11-22
2025-11-22 11:15:00,134,432,440,2025-11-22
2025-11-22 11:30:00,154,477,487,2025-11-22
2025-11-22 11:45:00,135,398,411,2025-11-22
2025-11-22 12:00:00,123,402,416,2025-11-22
2025-11-22 12:15:00,94,302,315,2025-11-22
2025-11-22 12:30:00,69,202,219,2025-11-22
2025-11-22 12:45:00,89,285,298,2025-11-22
2025-11-22 13:00:00,104,344,360,2025-11-22
2025-11-22 13:15:00,104,351,373,2025-11-22
2025-11-22 13:30:00,107,373,390,2025-11-22
2025-11-22 13:45:00,95,326,345,2025-11-22
2025-11-22 14:00:00,78,278,295,2025-11-22
2025-11-22 14:15:00,74,269,280,2025-11-22
2025-11-22 14:30:00,60,241,252,2025-11-22
2025-11-22 14:45:00,56,218,230,2025-11-22
2025-11-22 15:00:00,63,195,205,2025-11-22
2025-11-22 15:15:00,69,192,204,2025-11-22
2025-11-22 15:30:00,78,195,209,2025-11-22
2025-11-22 15:45:00,81,191,208,2025-11-22
2025-11-22 16:00:00,88,203,220,2025-11-22
2025-11-22 16:15:00,96,211,226,2025-11-22
2025-11-22 16:30:00,97,211,228,2025-11-22
2025-11-22 16:45:00,99,215,229,2025-11-22
2025-11-22 17:00:00,150,341,353,2025-11-22
2025-11-22 17:15:00,119,277,287,2025-11-22
2025-11-22 17:30:00,99,226,231,2025-11-22
2025-11-22 17:45:00,155,359,363,2025-11-22
2025-11-22 18:00:00,76,178,181,2025-11-22
2025-11-22 18:15:00,132,254,265,2025-11-22
2025-11-22 18:30:00,132,254,265,2025-11-22
2025-11-22 18:45:00,56,76,84,2025-11-22
2025-11-22 19:00:00,100,135,147,2025-11-22
2025-11-22 19:15:00,44,59,63,2025-11-22
2025-11-22 19:30:00,44,59,63,2025-11-22
2025-11-22 19:45:00,74,105,113,2025-11-22
2025-11-22 20:00:00,30,46,50,2025-11-22
2025-11-22 20:15:00,30,46,50,2025-11-22
2025-11-22 20:30:00,50,85,94,2025-11-22
2025-11-22 20:45:00,20,39,44,2025-11-22
2025-11-22 21:00:00,27,60,67,2025-11-22
2025-11-22 21:15:00,27,60,67,2025-11-22
2025-11-22 21:30:00,19,72,75,2025-11-22
2025-11-22 21:45:00,22,115,118,2025-11-22
2025-11-22 22:00:00,20,113,117,2025-11-22
2025-11-22 22:15:00,26,130,135,2025-11-22
2025-11-22 22:30:00,16,91,95,2025-11-22
2025-11-22 22:45:00,24,72,79,2025-11-22
2025-11-22 23:00:00,29,72,78,2025-11-22
2025-11-22 23:15:00,37,71,76,2025-11-22
2025-11-22 23:30:00,35,59,64,2025-11-22
2025-11-23 05:30:00,21,57,59,2025-11-23
2025-11-23 05:45:00,19,55,55,2025-11-23
2025-11-23 06:00:00,26,52,52,2025-11-23
2025-11-23 06:15:00,29,47,48,2025-11-23
2025-11-23 06:30:00,33,59,60,2025-11-23
2025-11-23 06:45:00,45,77,78,2025-11-23
2025-11-23 07:00:00,50,115,117,2025-11-23
2025-11-23 07:15:00,58,157,158,2025-11-23
2025-11-23 07:30:00,57,164,168,2025-11-23
2025-11-23 07:45:00,63,189,196,2025-11-23
2025-11-23 08:00:00,76,182,188,2025-11-23
2025-11-23 08:15:00,81,165,172,2025-11-23
2025-11-23 08:30:00,96,213,219,2025-11-23
2025-11-23 08:45:00,105,251,256,2025-11-23
2025-11-23 09:00:00,96,260,268,2025-11-23
2025-11-23 09:15:00,95,274,285,2025-11-23
2025-11-23 09:30:00,90,243,258,2025-11-23
2025-11-23 09:45:00,78,202,222,2025-11-23
2025-11-23 10:00:00,82,194,213,2025-11-23
2025-11-23 10:15:00,87,193,213,2025-11-23
2025-11-23 10:30:00,83,202,218,2025-11-23
2025-11-23 10:45:00,86,220,232,2025-11-23
2025-11-23 11:00:00,93,234,251,2025-11-23
2025-11-23 11:15:00,120,330,346,2025-11-23
2025-11-23 11:30:00,167,436,453,2025-11-23
2025-11-23 11:45:00,159,413,435,2025-11-23
2025-11-23 12:00:00,140,397,414,2025-11-23
2025-11-23 12:15:00,114,317,333,2025-11-23
2025-11-23 12:30:00,72,208,224,2025-11-23
2025-11-23 12:45:00,81,211,224,2025-11-23
2025-11-23 13:00:00,90,216,234,2025-11-23
2025-11-23 13:15:00,86,208,228,2025-11-23
2025-11-23 13:30:00,83,208,226,2025-11-23
2025-11-23 13:45:00,81,220,234,2025-11-23
2025-11-23 14:00:00,80,222,234,2025-11-23
2025-11-23 14:15:00,69,201,214,2025-11-23
2025-11-23 14:30:00,61,184,197,2025-11-23
2025-11-23 14:45:00,53,165,180,2025-11-23
2025-11-23 15:00:00,49,157,169,2025-11-23
2025-11-23 15:15:00,47,149,156,2025-11-23
2025-11-23 15:30:00,47,150,158,2025-11-23
2025-11-23 15:45:00,48,160,166,2025-11-23
2025-11-23 16:00:00,51,167,176,2025-11-23
2025-11-23 16:15:00,69,190,200,2025-11-23
2025-11-23 16:30:00,77,187,199,2025-11-23
2025-11-23 16:45:00,91,190,206,2025-11-23
2025-11-23 17:00:00,139,234,250,2025-11-23
2025-11-23 17:15:00,111,176,190,2025-11-23
2025-11-23 17:30:00,92,141,151,2025-11-23
2025-11-23 17:45:00,102,157,168,2025-11-23
2025-11-23 18:00:00,91,138,147,2025-11-23
2025-11-23 18:15:00,91,138,147,2025-11-23
2025-11-23 18:30:00,91,138,147,2025-11-23
2025-11-23 18:45:00,119,154,161,2025-11-23
2025-11-23 19:00:00,62,76,80,2025-11-23
2025-11-23 19:15:00,62,76,80,2025-11-23
2025-11-23 19:30:00,103,127,137,2025-11-23
2025-11-23 19:45:00,41,51,57,2025-11-23
2025-11-23 20:00:00,41,51,57,2025-11-23
2025-11-23 20:15:00,78,103,114,2025-11-23
2025-11-23 20:30:00,37,52,57,2025-11-23
2025-11-23 20:45:00,45,79,84,2025-11-23
2025-11-23 21:00:00,45,79,84,2025-11-23
2025-11-23 21:15:00,15,52,54,2025-11-23
2025-11-23 21:30:00,17,67,70,2025-11-23
2025-11-23 21:45:00,11,51,55,2025-11-23
2025-11-23 22:00:00,16,65,69,2025-11-23
2025-11-23 22:15:00,20,62,66,2025-11-23
2025-11-23 22:30:00,32,68,71,2025-11-23
2025-11-23 22:45:00,38,69,75,2025-11-23
2025-11-23 23:00:00,44,79,87,2025-11-23
2025-11-23 23:15:00,38,72,78,2025-11-23
2025-11-23 23:30:00,24,51,57,2025-11-23
2025-11-24 05:30:00,105,149,157,2025-11-24
2025-11-24 05:45:00,89,125,132,2025-11-24
2025-11-24 06:00:00,125,180,190,2025-11-24
2025-11-24 06:15:00,105,153,159,2025-11-24
2025-11-24 06:30:00,120,173,180,2025-11-24
2025-11-24 06:45:00,190,266,280,2025-11-24
2025-11-24 07:00:00,190,264,276,2025-11-24
2025-11-24 07:15:00,263,372,389,2025-11-24
2025-11-24 07:30:00,284,413,436,2025-11-24
2025-11-24 07:45:00,258,398,419,2025-11-24
2025-11-24 08:00:00,263,401,423,2025-11-24
2025-11-24 08:15:00,255,385,412,2025-11-24
2025-11-24 08:30:00,235,345,365,2025-11-24
2025-11-24 08:45:00,251,350,370,2025-11-24
2025-11-24 09:00:00,246,343,364,2025-11-24
2025-11-24 09:15:00,250,339,352,2025-11-24
2025-11-24 09:30:00,263,403,421,2025-11-24
2025-11-24 09:45:00,274,465,481,2025-11-24
2025-11-24 10:00:00,269,455,475,2025-11-24
2025-11-24 10:15:00,266,453,475,2025-11-24
2025-11-24 10:30:00,240,382,404,2025-11-24
2025-11-24 10:45:00,204,307,334,2025-11-24
2025-11-24 11:00:00,195,316,339,2025-11-24
2025-11-24 11:15:00,185,322,343,2025-11-24
2025-11-24 11:30:00,190,328,348,2025-11-24
2025-11-24 11:45:00,187,319,333,2025-11-24
2025-11-24 12:00:00,164,287,300,2025-11-24
2025-11-24 12:15:00,150,270,287,2025-11-24
2025-11-24 12:30:00,126,257,272,2025-11-24
2025-11-24 12:45:00,126,265,281,2025-11-24
2025-11-24 13:00:00,122,269,282,2025-11-24
2025-11-24 13:15:00,121,267,277,2025-11-24
2025-11-24 13:30:00,130,273,283,2025-11-24
2025-11-24 13:45:00,134,286,295,2025-11-24
2025-11-24 14:00:00,153,295,306,2025-11-24
2025-11-24 14:15:00,163,308,321,2025-11-24
2025-11-24 14:30:00,165,315,326,2025-11-24
2025-11-24 14:45:00,169,305,322,2025-11-24
2025-11-24 15:00:00,174,384,407,2025-11-24
2025-11-24 15:15:00,189,462,483,2025-11-24
2025-11-24 15:30:00,180,445,473,2025-11-24
2025-11-24 15:45:00,166,434,460,2025-11-24
2025-11-24 16:00:00,158,361,383,2025-11-24
2025-11-24 16:15:00,149,300,324,2025-11-24
2025-11-24 16:30:00,170,331,353,2025-11-24
2025-11-24 16:45:00,194,358,378,2025-11-24
2025-11-24 17:00:00,269,436,456,2025-11-24
2025-11-24 17:15:00,212,333,348,2025-11-24
2025-11-24 17:30:00,245,356,373,2025-11-24
2025-11-24 17:45:00,195,268,281,2025-11-24
2025-11-24 18:00:00,193,257,277,2025-11-24
2025-11-24 18:15:00,193,257,277,2025-11-24
2025-11-24 18:30:00,116,144,156,2025-11-24
2025-11-24 18:45:00,240,298,318,2025-11-24
2025-11-24 19:00:00,124,154,162,2025-11-24
2025-11-24 19:15:00,124,154,162,2025-11-24
2025-11-24 19:30:00,212,271,292,2025-11-24
2025-11-24 19:45:00,88,117,130,2025-11-24
2025-11-24 20:00:00,88,117,130,2025-11-24
2025-11-24 20:15:00,208,252,269,2025-11-24
2025-11-24 20:30:00,120,135,139,2025-11-24
2025-11-24 20:45:00,138,167,174,2025-11-24
2025-11-24 21:00:00,145,208,216,2025-11-24
2025-11-24 21:15:00,34,116,120,2025-11-24
2025-11-24 21:30:00,47,147,152,2025-11-24
2025-11-24 21:45:00,35,138,140,2025-11-24
2025-11-24 22:00:00,37,120,121,2025-11-24
2025-11-24 22:15:00,39,124,128,2025-11-24
2025-11-24 22:30:00,31,130,150,2025-11-24
2025-11-24 22:45:00,29,143,184,2025-11-24
2025-11-24 23:00:00,26,158,219,2025-11-24
2025-11-24 23:15:00,27,125,183,2025-11-24
2025-11-24 23:30:00,22,88,129,2025-11-24
2025-11-25 05:30:00,107,171,176,2025-11-25
2025-11-25 05:45:00,93,153,156,2025-11-25
2025-11-25 06:00:00,115,203,208,2025-11-25
2025-11-25 06:15:00,92,161,165,2025-11-25
2025-11-25 06:30:00,95,175,182,2025-11-25
2025-11-25 06:45:00,163,273,282,2025-11-25
2025-11-25 07:00:00,171,273,286,2025-11-25
2025-11-25 07:15:00,250,393,410,2025-11-25
2025-11-25 07:30:00,295,442,458,2025-11-25
2025-11-25 07:45:00,298,452,471,2025-11-25
2025-11-25 08:00:00,325,488,509,2025-11-25
2025-11-25 08:15:00,329,486,509,2025-11-25
2025-11-25 08:30:00,302,444,468,2025-11-25
2025-11-25 08:45:00,285,423,448,2025-11-25
2025-11-25 09:00:00,263,385,407,2025-11-25
2025-11-25 09:15:00,248,354,374,2025-11-25
2025-11-25 09:30:00,250,350,370,2025-11-25
2025-11-25 09:45:00,239,328,346,2025-11-25
2025-11-25 10:00:00,223,304,323,2025-11-25
2025-11-25 10:15:00,210,307,325,2025-11-25
2025-11-25 10:30:00,189,299,317,2025-11-25
2025-11-25 10:45:00,188,300,318,2025-11-25
2025-11-25 11:00:00,196,313,329,2025-11-25
2025-11-25 11:15:00,182,284,304,2025-11-25
2025-11-25 11:30:00,183,280,299,2025-11-25
2025-11-25 11:45:00,163,270,287,2025-11-25
2025-11-25 12:00:00,138,252,268,2025-11-25
2025-11-25 12:15:00,144,269,280,2025-11-25
2025-11-25 12:30:00,127,256,266,2025-11-25
2025-11-25 12:45:00,146,341,351,2025-11-25
2025-11-25 13:00:00,152,417,424,2025-11-25
2025-11-25 13:15:00,133,403,419,2025-11-25
2025-11-25 13:30:00,149,429,447,2025-11-25
2025-11-25 13:45:00,208,533,552,2025-11-25
2025-11-25 14:00:00,273,681,700,2025-11-25
2025-11-25 14:15:00,326,781,798,2025-11-25
2025-11-25 14:30:00,315,764,783,2025-11-25
2025-11-25 14:45:00,248,603,627,2025-11-25
2025-11-25 15:00:00,172,409,434,2025-11-25
2025-11-25 15:15:00,122,340,360,2025-11-25
2025-11-25 15:30:00,140,372,390,2025-11-25
2025-11-25 15:45:00,199,430,442,2025-11-25
2025-11-25 16:00:00,318,543,559,2025-11-25
2025-11-25 16:15:00,458,670,690,2025-11-25
2025-11-25 16:30:00,529,745,773,2025-11-25
2025-11-25 16:45:00,583,798,839,2025-11-25
2025-11-25 17:00:00,679,868,920,2025-11-25
2025-11-25 17:15:00,508,646,690,2025-11-25
2025-11-25 17:30:00,483,607,655,2025-11-25
2025-11-25 17:45:00,337,412,445,2025-11-25
2025-11-25 18:00:00,214,295,317,2025-11-25
2025-11-25 18:15:00,214,295,317,2025-11-25
2025-11-25 18:30:00,122,162,168,2025-11-25
2025-11-25 18:45:00,263,331,347,2025-11-25
2025-11-25 19:00:00,141,169,179,2025-11-25
2025-11-25 19:15:00,141,169,179,2025-11-25
2025-11-25 19:30:00,239,296,309,2025-11-25
2025-11-25 19:45:00,98,127,130,2025-11-25
2025-11-25 20:00:00,98,127,130,2025-11-25
2025-11-25 20:15:00,198,261,270,2025-11-25
2025-11-25 20:30:00,100,134,140,2025-11-25
2025-11-25 20:45:00,129,187,197,2025-11-25
2025-11-25 21:00:00,146,265,280,2025-11-25
2025-11-25 21:15:00,57,206,216,2025-11-25
2025-11-25 21:30:00,66,265,276,2025-11-25
2025-11-25 21:45:00,44,267,274,2025-11-25
2025-11-25 22:00:00,34,210,213,2025-11-25
2025-11-25 22:15:00,29,156,158,2025-11-25
2025-11-25 22:30:00,30,124,132,2025-11-25
2025-11-25 22:45:00,29,89,120,2025-11-25
2025-11-25 23:00:00,26,86,154,2025-11-25
2025-11-25 23:15:00,27,78,153,2025-11-25
2025-11-25 23:30:00,17,51,119,2025-11-25
2025-11-26 05:30:00,83,136,142,2025-11-26
2025-11-26 05:45:00,72,120,122,2025-11-26
2025-11-26 06:00:00,107,175,178,2025-11-26
2025-11-26 06:15:00,89,144,146,2025-11-26
2025-11-26 06:30:00,119,191,198,2025-11-26
2025-11-26 06:45:00,153,265,278,2025-11-26
2025-11-26 07:00:00,152,269,287,2025-11-26
2025-11-26 07:15:00,211,365,383,2025-11-26
2025-11-26 07:30:00,205,363,382,2025-11-26
2025-11-26 07:45:00,226,405,425,2025-11-26
2025-11-26 08:00:00,244,433,455,2025-11-26
2025-11-26 08:15:00,245,436,467,2025-11-26
2025-11-26 08:30:00,251,429,461,2025-11-26
2025-11-26 08:45:00,248,391,423,2025-11-26
2025-11-26 09:00:00,254,381,409,2025-11-26
2025-11-26 09:15:00,266,376,399,2025-11-26
2025-11-26 09:30:00,268,398,419,2025-11-26
2025-11-26 09:45:00,266,427,447,2025-11-26
2025-11-26 10:00:00,239,396,414,2025-11-26
2025-11-26 10:15:00,220,385,402,2025-11-26
2025-11-26 10:30:00,198,341,358,2025-11-26
2025-11-26 10:45:00,188,299,313,2025-11-26
2025-11-26 11:00:00,181,294,307,2025-11-26
2025-11-26 11:15:00,172,282,298,2025-11-26
2025-11-26 11:30:00,166,268,283,2025-11-26
2025-11-26 11:45:00,156,257,275,2025-11-26
2025-11-26 12:00:00,142,244,268,2025-11-26
2025-11-26 12:15:00,130,239,257,2025-11-26
2025-11-26 12:30:00,126,243,258,2025-11-26
2025-11-26 12:45:00,128,251,263,2025-11-26
2025-11-26 13:00:00,134,274,284,2025-11-26
2025-11-26 13:15:00,127,288,306,2025-11-26
2025-11-26 13:30:00,129,307,330,2025-11-26
2025-11-26 13:45:00,131,318,341,2025-11-26
2025-11-26 14:00:00,122,303,327,2025-11-26
2025-11-26 14:15:00,121,294,311,2025-11-26
2025-11-26 14:30:00,106,282,298,2025-11-26
2025-11-26 14:45:00,98,281,298,2025-11-26
2025-11-26 15:00:00,96,283,296,2025-11-26
2025-11-26 15:15:00,118,293,307,2025-11-26
2025-11-26 15:30:00,172,459,471,2025-11-26
2025-11-26 15:45:00,212,623,634,2025-11-26
2025-11-26 16:00:00,232,637,658,2025-11-26
2025-11-26 16:15:00,236,645,672,2025-11-26
2025-11-26 16:30:00,218,569,596,2025-11-26
2025-11-26 16:45:00,233,506,539,2025-11-26
2025-11-26 17:00:00,282,543,574,2025-11-26
2025-11-26 17:15:00,232,454,477,2025-11-26
2025-11-26 17:30:00,236,387,420,2025-11-26
2025-11-26 17:45:00,155,214,238,2025-11-26
2025-11-26 18:00:00,168,235,256,2025-11-26
2025-11-26 18:15:00,168,235,256,2025-11-26
2025-11-26 18:30:00,110,143,151,2025-11-26
2025-11-26 18:45:00,242,310,328,2025-11-26
2025-11-26 19:00:00,132,167,177,2025-11-26
2025-11-26 19:15:00,132,167,177,2025-11-26
2025-11-26 19:30:00,228,292,314,2025-11-26
2025-11-26 19:45:00,96,125,137,2025-11-26
2025-11-26 20:00:00,96,125,137,2025-11-26
2025-11-26 20:15:00,169,218,237,2025-11-26
2025-11-26 20:30:00,117,154,171,2025-11-26
2025-11-26 20:45:00,117,154,171,2025-11-26
2025-11-26 21:00:00,142,189,211,2025-11-26
2025-11-26 21:15:00,80,117,137,2025-11-26
2025-11-26 21:30:00,50,158,169,2025-11-26
2025-11-26 21:45:00,69,265,276,2025-11-26
2025-11-26 22:00:00,50,249,257,2025-11-26
2025-11-26 22:15:00,41,248,252,2025-11-26
2025-11-26 22:30:00,31,162,183,2025-11-26
2025-11-26 22:45:00,14,59,106,2025-11-26
2025-11-26 23:00:00,18,62,144,2025-11-26
2025-11-26 23:15:00,25,62,161,2025-11-26
2025-11-26 23:30:00,21,46,127,2025-11-26
2025-11-27 05:30:00,85,127,130,2025-11-27
2025-11-27 05:45:00,73,107,110,2025-11-27
2025-11-27 06:00:00,107,161,163,2025-11-27
2025-11-27 06:15:00,87,133,134,2025-11-27
2025-11-27 06:30:00,93,145,148,2025-11-27
2025-11-27 06:45:00,141,225,236,2025-11-27
2025-11-27 07:00:00,124,218,235,2025-11-27
2025-11-27 07:15:00,172,311,334,2025-11-27
2025-11-27 07:30:00,186,351,376,2025-11-27
2025-11-27 07:45:00,183,366,388,2025-11-27
2025-11-27 08:00:00,208,400,421,2025-11-27
2025-11-27 08:15:00,223,401,423,2025-11-27
2025-11-27 08:30:00,257,515,533,2025-11-27
2025-11-27 08:45:00,301,635,650,2025-11-27
2025-11-27 09:00:00,321,631,643,2025-11-27
2025-11-27 09:15:00,332,641,653,2025-11-27
2025-11-27 09:30:00,305,518,533,2025-11-27
2025-11-27 09:45:00,265,388,403,2025-11-27
2025-11-27 10:00:00,243,371,388,2025-11-27
2025-11-27 10:15:00,232,362,377,2025-11-27
2025-11-27 10:30:00,214,349,364,2025-11-27
2025-11-27 10:45:00,206,330,348,2025-11-27
2025-11-27 11:00:00,202,327,346,2025-11-27
2025-11-27 11:15:00,173,301,319,2025-11-27
2025-11-27 11:30:00,170,286,303,2025-11-27
2025-11-27 11:45:00,155,278,290,2025-11-27
2025-11-27 12:00:00,131,262,274,2025-11-27
2025-11-27 12:15:00,131,257,269,2025-11-27
2025-11-27 12:30:00,122,253,266,2025-11-27
2025-11-27 12:45:00,123,257,272,2025-11-27
2025-11-27 13:00:00,129,258,269,2025-11-27
2025-11-27 13:15:00,129,263,276,2025-11-27
2025-11-27 13:30:00,127,269,281,2025-11-27
2025-11-27 13:45:00,142,305,319,2025-11-27
2025-11-27 14:00:00,143,332,348,2025-11-27
2025-11-27 14:15:00,154,352,366,2025-11-27
2025-11-27 14:30:00,146,347,363,2025-11-27
2025-11-27 14:45:00,136,326,341,2025-11-27
2025-11-27 15:00:00,129,302,316,2025-11-27
2025-11-27 15:15:00,131,298,318,2025-11-27
2025-11-27 15:30:00,181,414,430,2025-11-27
2025-11-27 15:45:00,215,520,533,2025-11-27
2025-11-27 16:00:00,224,531,548,2025-11-27
2025-11-27 16:15:00,234,548,561,2025-11-27
2025-11-27 16:30:00,206,474,489,2025-11-27
2025-11-27 16:45:00,206,407,431,2025-11-27
2025-11-27 17:00:00,327,632,654,2025-11-27
2025-11-27 17:15:00,270,530,546,2025-11-27
2025-11-27 17:30:00,229,426,439,2025-11-27
2025-11-27 17:45:00,290,579,605,2025-11-27
2025-11-27 18:00:00,235,406,438,2025-11-27
2025-11-27 18:15:00,235,406,438,2025-11-27
2025-11-27 18:30:00,235,406,438,2025-11-27
2025-11-27 18:45:00,226,288,305,2025-11-27
2025-11-27 19:00:00,118,151,158,2025-11-27
2025-11-27 19:15:00,118,151,158,2025-11-27
2025-11-27 19:30:00,212,281,294,2025-11-27
2025-11-27 19:45:00,94,130,136,2025-11-27
2025-11-27 20:00:00,94,130,136,2025-11-27
2025-11-27 20:15:00,170,238,245,2025-11-27
2025-11-27 20:30:00,124,182,187,2025-11-27
2025-11-27 20:45:00,124,182,187,2025-11-27
2025-11-27 21:00:00,162,249,256,2025-11-27
2025-11-27 21:15:00,100,176,183,2025-11-27
2025-11-27 21:30:00,60,125,130,2025-11-27
2025-11-27 21:45:00,62,146,151,2025-11-27
2025-11-27 22:00:00,29,108,112,2025-11-27
2025-11-27 22:15:00,26,100,103,2025-11-27
2025-11-27 22:30:00,32,99,102,2025-11-27
2025-11-27 22:45:00,46,144,149,2025-11-27
2025-11-27 23:00:00,66,188,195,2025-11-27
2025-11-27 23:15:00,63,172,179,2025-11-27
2025-11-27 23:30:00,49,150,155,2025-11-27
2025-11-28 05:30:00,85,127,129,2025-11-28
2025-11-28 05:45:00,72,111,112,2025-11-28
2025-11-28 06:00:00,97,160,164,2025-11-28
2025-11-28 06:15:00,122,202,209,2025-11-28
2025-11-28 06:30:00,94,151,158,2025-11-28
2025-11-28 06:45:00,162,283,299,2025-11-28
2025-11-28 07:00:00,156,279,294,2025-11-28
2025-11-28 07:15:00,165,302,318,2025-11-28
2025-11-28 07:30:00,219,394,412,2025-11-28
2025-11-28 07:45:00,200,338,354,2025-11-28
2025-11-28 08:00:00,225,366,381,2025-11-28
2025-11-28 08:15:00,231,366,386,2025-11-28
2025-11-28 08:30:00,230,354,380,2025-11-28
2025-11-28 08:45:00,235,346,370,2025-11-28
2025-11-28 09:00:00,235,327,353,2025-11-28
2025-11-28 09:15:00,242,325,345,2025-11-28
2025-11-28 09:30:00,237,326,342,2025-11-28
2025-11-28 09:45:00,224,328,343,2025-11-28
2025-11-28 10:00:00,206,319,334,2025-11-28
2025-11-28 10:15:00,195,311,327,2025-11-28
2025-11-28 10:30:00,183,300,314,2025-11-28
2025-11-28 10:45:00,187,298,310,2025-11-28
2025-11-28 11:00:00,174,277,290,2025-11-28
2025-11-28 11:15:00,162,258,270,2025-11-28
2025-11-28 11:30:00,168,250,264,2025-11-28
2025-11-28 11:45:00,146,229,242,2025-11-28
2025-11-28 12:00:00,134,237,250,2025-11-28
2025-11-28 12:15:00,128,235,252,2025-11-28
2025-11-28 12:30:00,108,222,236,2025-11-28
2025-11-28 12:45:00,110,236,252,2025-11-28
2025-11-28 13:00:00,100,224,238,2025-11-28
2025-11-28 13:15:00,102,254,262,2025-11-28
2025-11-28 13:30:00,109,304,315,2025-11-28
2025-11-28 13:45:00,115,323,337,2025-11-28
2025-11-28 14:00:00,126,347,368,2025-11-28
2025-11-28 14:15:00,119,336,361,2025-11-28
2025-11-28 14:30:00,109,308,330,2025-11-28
2025-11-28 14:45:00,103,316,336,2025-11-28
2025-11-28 15:00:00,107,319,334,2025-11-28
2025-11-28 15:15:00,117,305,322,2025-11-28
2025-11-28 15:30:00,127,298,317,2025-11-28
2025-11-28 15:45:00,124,269,292,2025-11-28
2025-11-28 16:00:00,145,278,301,2025-11-28
2025-11-28 16:15:00,158,305,327,2025-11-28
2025-11-28 16:30:00,172,322,345,2025-11-28
2025-11-28 16:45:00,201,350,372,2025-11-28
2025-11-28 17:00:00,257,424,446,2025-11-28
2025-11-28 17:15:00,205,331,347,2025-11-28
2025-11-28 17:30:00,217,369,395,2025-11-28
2025-11-28 17:45:00,166,282,301,2025-11-28
2025-11-28 18:00:00,175,284,302,2025-11-28
2025-11-28 18:15:00,175,284,302,2025-11-28
2025-11-28 18:30:00,120,165,169,2025-11-28
2025-11-28 18:45:00,226,292,301,2025-11-28
2025-11-28 19:00:00,106,127,132,2025-11-28
2025-11-28 19:15:00,106,127,132,2025-11-28
2025-11-28 19:30:00,201,296,306,2025-11-28
2025-11-28 19:45:00,95,169,174,2025-11-28
2025-11-28 20:00:00,95,169,174,2025-11-28
2025-11-28 20:15:00,212,359,367,2025-11-28
2025-11-28 20:30:00,172,302,311,2025-11-28
2025-11-28 20:45:00,172,302,311,2025-11-28
2025-11-28 21:00:00,210,425,435,2025-11-28
2025-11-28 21:15:00,120,306,315,2025-11-28
2025-11-28 21:30:00,70,215,219,2025-11-28
2025-11-28 21:45:00,73,241,247,2025-11-28
2025-11-28 22:00:00,46,145,151,2025-11-28
2025-11-28 22:15:00,26,95,100,2025-11-28
2025-11-28 22:30:00,37,113,118,2025-11-28
2025-11-28 22:45:00,48,113,117,2025-11-28
2025-11-28 23:00:00,78,149,156,2025-11-28
2025-11-28 23:15:00,100,177,185,2025-11-28
2025-11-28 23:30:00,84,138,145,2025-11-28
2025-11-29 05:30:00,17,48,50,2025-11-29
2025-11-29 05:45:00,17,45,46,2025-11-29
2025-11-29 06:00:00,23,75,77,2025-11-29
2025-11-29 06:15:00,27,105,107,2025-11-29
2025-11-29 06:30:00,28,113,115,2025-11-29
2025-11-29 06:45:00,38,142,146,2025-11-29
2025-11-29 07:00:00,42,132,135,2025-11-29
2025-11-29 07:15:00,49,122,124,2025-11-29
2025-11-29 07:30:00,52,125,128,2025-11-29
2025-11-29 07:45:00,57,127,128,2025-11-29
2025-11-29 08:00:00,85,269,272,2025-11-29
2025-11-29 08:15:00,109,404,409,2025-11-29
2025-11-29 08:30:00,110,419,425,2025-11-29
2025-11-29 08:45:00,113,441,448,2025-11-29
2025-11-29 09:00:00,99,373,378,2025-11-29
2025-11-29 09:15:00,93,318,325,2025-11-29
2025-11-29 09:30:00,91,314,321,2025-11-29
2025-11-29 09:45:00,94,305,312,2025-11-29
2025-11-29 10:00:00,97,303,311,2025-11-29
2025-11-29 10:15:00,99,300,305,2025-11-29
2025-11-29 10:30:00,103,297,307,2025-11-29
2025-11-29 10:45:00,92,280,294,2025-11-29
2025-11-29 11:00:00,76,212,229,2025-11-29
2025-11-29 11:15:00,56,143,161,2025-11-29
2025-11-29 11:30:00,57,154,167,2025-11-29
2025-11-29 11:45:00,64,170,180,2025-11-29
2025-11-29 12:00:00,105,339,349,2025-11-29
2025-11-29 12:15:00,145,510,519,2025-11-29
2025-11-29 12:30:00,144,519,532,2025-11-29
2025-11-29 12:45:00,146,537,553,2025-11-29
2025-11-29 13:00:00,109,397,414,2025-11-29
2025-11-29 13:15:00,76,259,279,2025-11-29
2025-11-29 13:30:00,80,266,282,2025-11-29
2025-11-29 13:45:00,86,272,287,2025-11-29
2025-11-29 14:00:00,99,285,300,2025-11-29
2025-11-29 14:15:00,96,280,293,2025-11-29
2025-11-29 14:30:00,88,268,281,2025-11-29
2025-11-29 14:45:00,80,243,258,2025-11-29
2025-11-29 15:00:00,76,280,291,2025-11-29
2025-11-29 15:15:00,83,332,343,2025-11-29
2025-11-29 15:30:00,84,327,340,2025-11-29
2025-11-29 15:45:00,84,332,341,2025-11-29
2025-11-29 16:00:00,103,364,374,2025-11-29
2025-11-29 16:15:00,128,398,408,2025-11-29
2025-11-29 16:30:00,129,396,405,2025-11-29
2025-11-29 16:45:00,136,404,415,2025-11-29
2025-11-29 17:00:00,135,339,355,2025-11-29
2025-11-29 17:15:00,83,182,196,2025-11-29
2025-11-29 17:30:00,69,136,147,2025-11-29
2025-11-29 17:45:00,83,151,162,2025-11-29
2025-11-29 18:00:00,38,70,74,2025-11-29
2025-11-29 18:15:00,76,145,152,2025-11-29
2025-11-29 18:30:00,76,145,152,2025-11-29
2025-11-29 18:45:00,38,75,78,2025-11-29
2025-11-29 19:00:00,77,148,158,2025-11-29
2025-11-29 19:15:00,39,73,80,2025-11-29
2025-11-29 19:30:00,39,73,80,2025-11-29
2025-11-29 19:45:00,55,112,121,2025-11-29
2025-11-29 20:00:00,16,39,41,2025-11-29
2025-11-29 20:15:00,16,39,41,2025-11-29
2025-11-29 20:30:00,27,67,76,2025-11-29
2025-11-29 20:45:00,11,28,35,2025-11-29
2025-11-29 21:00:00,17,49,57,2025-11-29
2025-11-29 21:15:00,17,49,57,2025-11-29
2025-11-29 21:30:00,13,45,46,2025-11-29
2025-11-29 21:45:00,15,64,66,2025-11-29
2025-11-29 22:00:00,9,59,61,2025-11-29
2025-11-29 22:15:00,11,69,71,2025-11-29
2025-11-29 22:30:00,13,60,62,2025-11-29
2025-11-29 22:45:00,17,61,64,2025-11-29
2025-11-29 23:00:00,36,79,83,2025-11-29
2025-11-29 23:15:00,80,120,126,2025-11-29
2025-11-29 23:30:00,71,105,111,2025-11-29
